,Unnamed: 0,cdr3,antigen.epitope,vdjdb.score,cdr3_truncated,index
0,633,CASSQSPGGTQYF,GLCTLVAML,2,SQSPGGTQ,214
1,21262,CASSPSYNEQFF,RLITGRLQSL,2,SSPSYNEQ,1392
2,21263,CASSLDIPSYNEQFF,NLVPMVATV,2,LDIPSYNE,551
3,21264,CASSSPDRGGTNEKLFF,RLITGRLQSL,2,PDRGGTNE,927
4,21265,CSGEGGDTEAFF,RLITGRLQSL,2,GEGGDTEA,1577
5,21266,CSARDPGLEQNIQYF,RLITGRLQSL,2,DPGLEQNI,92
6,21267,CASSQEGDRVTEAFF,RLITGRLQSL,2,QEGDRVTE,1387
7,21268,CSARSPGELNIQYF,RLITGRLQSL,2,RSPGELNI,568
8,21269,CSASSTHSNQPQHF,KQIYKTPPI,2,SSTHSNQP,103
9,21270,CASSLTGGGYEQYF,LLFNKVTLA,2,SLTGGGYE,474
10,21271,CSARDPGLEQNIQYF,RLITGRLQSL,2,DPGLEQNI,92
11,21272,CASSQEQEPHQETQYF,RLITGRLQSL,2,QEQEPHQE,1452
12,21273,CASSIAGNNEQFF,TLATHGLAAV,2,SIAGNNEQ,1047
13,21274,CASSVGGGGSTDTQYF,FPQSAPHGVVF,2,VGGGGSTD,1895
14,21275,CASSIALSTFQPQHF,MQLFFSYFA,2,IALSTFQP,790
15,21276,CASSLGEPQHF,YPDKVFRSSV,2,SSLGEPQH,1121
16,21277,CASSVGGGGSTDTQYF,YPDKVFRSSV,2,VGGGGSTD,1895
17,21278,CASRTLRGHVSEAFF,ALQIPFAMQM,2,TLRGHVSE,1355
18,21279,CASSFPGYGYTF,KIYSKHTPI,2,SSFPGYGY,1033
19,21280,CASSKKGLSNEQFF,LPPAYTNSF,2,SKKGLSNE,1818
20,21281,CASSLMVNEQYF,FAMQMAYRF,2,SSLMVNEQ,468
21,21282,CATFTGNTEAFF,RARSVASQSI,2,TFTGNTEA,610
22,21283,CASSLDGTGREKLFF,FAMQMAYRF,2,LDGTGREK,1616
23,21284,CASSFGTPSTDTQYF,FAMQMAYRF,2,FGTPSTDT,472
24,21285,CASSQEQEPHQETQYF,RLITGRLQSL,2,QEQEPHQE,1452
25,21286,CASSSLDGRLGYTF,LPPAYTNSF,2,SSLDGRLG,933
26,21287,CASSSAHYGYTF,MLAKALRKV,2,SSSAHYGY,278
27,21288,CSARTGTSEYNEQFF,RLITGRLQSL,2,TGTSEYNE,323
28,21289,CASSPDDRESSYNEQFF,MLAKALRKV,2,DDRESSYN,1862
29,21290,CASSPDDRESSYNEQFF,MLAKALRKV,2,DDRESSYN,1862
30,21291,CASSLWLNEQFF,NLVPMVATV,3,SSLWLNEQ,641
31,21292,CASSPKTGASYGYTF,NLVPMVATV,3,PKTGASYG,837
32,21293,CASSFVSFDEQFF,NLVPMVATV,3,SFVSFDEQ,749
33,21294,CASSSAYYGYTF,NLVPMVATV,3,SSSAYYGY,1847
34,21295,CASSADSYGANVLTF,NLVPMVATV,3,ADSYGANV,541
35,21296,CSVDPGHTGEKLFF,NLVPMVATV,3,DPGHTGEK,459
36,21297,CASSLVGGRHGYTF,NLVPMVATV,3,SLVGGRHG,1591
37,21298,CASSHDPTWGPGNTIYF,NLVPMVATV,3,DPTWGPGN,2016
38,21299,CASSFGQGSSPLHF,NLVPMVATV,3,SFGQGSSP,595
39,21300,CASSLETVNTEAFF,NLVPMVATV,3,SLETVNTE,1117
40,21301,CASSSFYDSNEKLFF,NLVPMVATV,3,SFYDSNEK,1958
41,21302,CASSLASPGHFTGELFF,NLVPMVATV,3,ASPGHFTG,1165
42,21303,CASRRQGTVYEQYF,NLVPMVATV,3,RRQGTVYE,1990
43,21304,CASRIELPGAGELFF,NLVPMVATV,3,IELPGAGE,1278
44,21305,CASSLGFLGPAAGNTIYF,NLVPMVATV,3,GFLGPAAG,147
45,21306,CSARDHGGDYGYTF,NLVPMVATV,3,RDHGGDYG,1191
46,21307,CASSLEVTGLNTEAFF,NLVPMVATV,3,LEVTGLNT,1925
47,21308,CASSDSGEAGELFF,NLVPMVATV,3,SDSGEAGE,492
48,21309,CSGGQDYNEQFF,NLVPMVATV,3,GGQDYNEQ,1865
49,21310,CASSEDSGGYNEQFF,NLVPMVATV,3,EDSGGYNE,434
50,21311,CASSDSTSGGNEQFF,NLVPMVATV,3,DSTSGGNE,764
51,21312,CSARDMASGRNEQYF,NLVPMVATV,3,DMASGRNE,283
52,21313,CASSPGGGMNTEAFF,NLVPMVATV,3,PGGGMNTE,101
53,21314,CASSFDPGSYGYTF,NLVPMVATV,3,SFDPGSYG,389
54,21315,CASSPASGSLFF,NLVPMVATV,3,SSPASGSL,1558
55,21316,CASSEGLGGALYGYTF,NLVPMVATV,3,EGLGGALY,1748
56,21317,CASSPDYDQETQYF,NLVPMVATV,3,SPDYDQET,807
57,21318,CASTHGTSGEDTQYF,NLVPMVATV,3,HGTSGEDT,1871
58,21319,CASLPTGTNTGELFF,NLVPMVATV,3,PTGTNTGE,1626
59,21320,CASSLQGASGYTF,NLVPMVATV,3,SLQGASGY,689
60,21321,CASTGGGALGTEAFF,NLVPMVATV,3,GGGALGTE,1213
61,21322,CASSSAYYGYTF,NLVPMVATV,3,SSSAYYGY,1847
62,21323,CASSIVAGGYNEQFF,NLVPMVATV,3,IVAGGYNE,1773
63,21324,CASSRDRTGRANYGYTF,NLVPMVATV,3,DRTGRANY,679
64,21325,CASSPRTSFETQYF,NLVPMVATV,3,SPRTSFET,341
65,21326,CASSPGTFRYTF,NLVPMVATV,3,SSPGTFRY,82
66,21327,CASSPTDRGNTGELFF,NLVPMVATV,3,PTDRGNTG,994
67,21328,CASSGRGFLNYGYTF,NLVPMVATV,3,GRGFLNYG,2002
68,21329,CASSLVGTGELFF,NLVPMVATV,3,SLVGTGEL,631
69,21330,CASSHGAAAGETEAFF,NLVPMVATV,3,HGAAAGET,1439
70,21331,CASGSGLAGNEQFF,NLVPMVATV,3,GSGLAGNE,1239
71,21332,CASSQVAGGAGGPREYNEQFF,NLVPMVATV,3,GGAGGPRE,1245
72,21333,CASSVGLGFTDTQYF,NLVPMVATV,3,VGLGFTDT,241
73,21334,CASSEARQGLDTEAFF,NLVPMVATV,3,EARQGLDT,966
74,21335,CASSLFAGAETQYF,NLVPMVATV,3,SLFAGAET,1124
75,21336,CASRKLAGPTDTQYF,NLVPMVATV,3,KLAGPTDT,162
76,21337,CATSATGLRNQPQHF,NLVPMVATV,3,ATGLRNQP,518
77,21338,CASSLESWGRAYNEQFF,NLVPMVATV,3,ESWGRAYN,1134
78,21339,CASLAGVRTDTQYF,NLVPMVATV,3,LAGVRTDT,106
79,21340,CASSNFLGQGDEKLFF,NLVPMVATV,3,NFLGQGDE,1563
80,21341,CASSEPIGTGGNQPQHF,NLVPMVATV,3,PIGTGGNQ,1962
81,21342,CASRQENSGNTIYF,NLVPMVATV,3,RQENSGNT,1603
82,21343,CASSSQGWGRVYSEQFF,NLVPMVATV,3,QGWGRVYS,724
83,21344,CSATPSGYGYTF,NLVPMVATV,3,ATPSGYGY,136
84,21345,CASSVEVGTGDNEQFF,NLVPMVATV,3,VEVGTGDN,1992
85,21346,CASSIQKAGYNEQFF,NLVPMVATV,3,IQKAGYNE,1475
86,21347,CAAGTRTDTQYF,NLVPMVATV,3,AGTRTDTQ,1837
87,21348,CASSVDSGSTNEQFF,NLVPMVATV,3,VDSGSTNE,628
88,21349,CASSLGTGELFF,NLVPMVATV,3,SSLGTGEL,1532
89,21350,CASSLSGVPHNNEQFF,NLVPMVATV,3,LSGVPHNN,1330
90,21351,CASSQTRTSGRVDPDTQYF,NLVPMVATV,3,RTSGRVDP,441
91,21352,CASRRPGGDTEAFF,NLVPMVATV,3,RRPGGDTE,775
92,21353,CASSLNSGLYNEQFF,NLVPMVATV,3,LNSGLYNE,117
93,21354,CASSLNGRADTQYF,NLVPMVATV,3,SLNGRADT,374
94,21355,CASSRQESYGYTF,NLVPMVATV,3,SRQESYGY,431
95,21356,CAISEQEDQPQHF,NLVPMVATV,3,SEQEDQPQ,756
96,21357,CASSVEGQGDTEAFF,NLVPMVATV,3,VEGQGDTE,1589
97,21358,CASSPLRGVYYNEQFF,NLVPMVATV,3,PLRGVYYN,1570
98,21359,CASTPYRRGPHLYGYTF,NLVPMVATV,3,YRRGPHLY,1887
99,21360,CASSLVVMGTGFTDTQYF,NLVPMVATV,3,VVMGTGFT,655
100,21361,CASSLAQQGLAEAFF,NLVPMVATV,3,LAQQGLAE,4
101,21362,CASSPSTGTIYGYTF,NLVPMVATV,3,PSTGTIYG,218
102,21363,CAISESRSRVTDTQYF,NLVPMVATV,3,ESRSRVTD,852
103,21364,CASSPSDYGYTF,NLVPMVATV,3,SSPSDYGY,1428
104,21365,CAISEYPPTGRKADTQYF,NLVPMVATV,3,YPPTGRKA,1718
105,21366,CASSQVGTVYGYTF,NLVPMVATV,3,SQVGTVYG,975
106,21367,CSAADRGLGETQYF,NLVPMVATV,3,ADRGLGET,139
107,21368,CASRGTGGGSGQPQHF,NLVPMVATV,3,GTGGGSGQ,1286
108,21369,CASSYDRGPREGYTF,NLVPMVATV,3,YDRGPREG,1978
109,21370,CASSTRSTGELFF,NLVPMVATV,3,STRSTGEL,62
110,21371,CASSLRGQGFYEQFF,NLVPMVATV,3,LRGQGFYE,1955
111,21372,CSGDRSSDTQYF,NLVPMVATV,3,GDRSSDTQ,690
112,21373,CASSPSWGEVNTEAFF,NLVPMVATV,3,PSWGEVNT,1401
113,21374,CASSPGYGSSGNTIYF,NLVPMVATV,3,PGYGSSGN,765
114,21375,CASSPPGLPGYTF,NLVPMVATV,3,SPPGLPGY,1964
115,21376,CASSPGQLQETQYF,NLVPMVATV,3,SPGQLQET,1253
116,21377,CASSSGLAGVETGELFF,NLVPMVATV,3,GLAGVETG,197
117,21378,CASSLQVWNEQFF,NLVPMVATV,3,SLQVWNEQ,292
118,21379,CASSLQGIGAKNIQYF,NLVPMVATV,3,LQGIGAKN,647
119,21380,CASSFQGYTEAFF,NLVPMVATV,3,SFQGYTEA,1840
120,21381,CASSSGGLSEQYF,NLVPMVATV,3,SSGGLSEQ,535
121,21382,CSARGADTQYF,NLVPMVATV,3,ARGADTQY,1250
122,21383,CASSSGGLSEQYF,NLVPMVATV,3,SSGGLSEQ,535
123,21384,CASSLELAAWETQYF,NLVPMVATV,3,LELAAWET,996
124,21385,CSARDLRLLANTGELFF,NLVPMVATV,3,LRLLANTG,249
125,21386,CASSTGSYGYTF,NLVPMVATV,3,SSTGSYGY,489
126,21387,CASSSGIYGYTF,NLVPMVATV,3,SSSGIYGY,79
127,21388,CASSLAGFTGELFF,NLVPMVATV,3,SLAGFTGE,707
128,21389,CASSPTLVTSGNTIYF,NLVPMVATV,3,PTLVTSGN,254
129,21390,CASSEGYIYEQYF,NLVPMVATV,3,SEGYIYEQ,1323
130,21391,CASSYASNQPQHF,NLVPMVATV,3,SYASNQPQ,982
131,21392,CAISVSGTRVYNEQFF,NLVPMVATV,3,VSGTRVYN,444
132,21393,CASSLGQGNSPLHF,NLVPMVATV,3,SLGQGNSP,235
133,21394,CASSLKAGNQPQHF,NLVPMVATV,3,SLKAGNQP,866
134,21395,CASSVGTLYSGANVLTF,NLVPMVATV,3,GTLYSGAN,717
135,21396,CASSLLGGAGTGELFF,NLVPMVATV,3,LLGGAGTG,1421
136,21397,CSVEGDTGELFF,NLVPMVATV,3,VEGDTGEL,1791
137,21398,CASSQGLAGEVYTGELFF,NLVPMVATV,3,GLAGEVYT,597
138,21399,CASSLDRPSGMAAETQYF,NLVPMVATV,3,DRPSGMAA,1965
139,21400,CASSINRDLLNGYTF,NLVPMVATV,3,INRDLLNG,930
140,21401,CASSYWDRTTSGNTIYF,NLVPMVATV,3,WDRTTSGN,1342
141,21402,CASSHTSGNGDTQYF,NLVPMVATV,3,HTSGNGDT,1103
142,21403,CASSDSRANTGELFF,NLVPMVATV,3,DSRANTGE,1933
143,21404,CSARLPRDYSNQPQHF,NLVPMVATV,3,LPRDYSNQ,12
144,21405,CASSLAEKANTGELFF,NLVPMVATV,3,LAEKANTG,1866
145,21406,CSILGSNAGPQETQYF,NLVPMVATV,3,GSNAGPQE,466
146,21407,CAIDRVGTGELFF,NLVPMVATV,3,DRVGTGEL,375
147,21408,CASTGSVSTDTQYF,NLVPMVATV,3,TGSVSTDT,163
148,21409,CASSRGHPLQFF,NLVPMVATV,3,SSRGHPLQ,965
149,21410,CASSISAGVGVGQETQYF,NLVPMVATV,3,SAGVGVGQ,1011
150,21411,CASSLVGGPSVQFF,NLVPMVATV,3,SLVGGPSV,177
151,21412,CATSDSAGYNEQFF,NLVPMVATV,3,SDSAGYNE,1882
152,21413,CASSVTGTEADEQFF,NLVPMVATV,3,VTGTEADE,1849
153,21414,CASSPPGTSGGRNEQFF,NLVPMVATV,3,PGTSGGRN,1515
154,21415,CASSDRLENNEKLFF,NLVPMVATV,3,DRLENNEK,686
155,21416,CASTRESTDTQYF,NLVPMVATV,3,TRESTDTQ,430
156,21417,CASSLGGTGWTEAFF,NLVPMVATV,3,LGGTGWTE,339
157,21418,CASSFKDTNTGELFF,NLVPMVATV,3,FKDTNTGE,348
158,21419,CASSLGAANYNEQFF,NLVPMVATV,3,LGAANYNE,1313
159,21420,CATSEGNEQFF,NLVPMVATV,3,TSEGNEQF,503
160,21421,CASSSRTGDQETQYF,NLVPMVATV,3,SRTGDQET,791
161,21422,CASSLWLNEQFF,NLVPMVATV,3,SSLWLNEQ,641
162,21423,CASSPKTGASYGYTF,NLVPMVATV,3,PKTGASYG,837
163,21424,CASSFVSFDEQFF,NLVPMVATV,3,SFVSFDEQ,749
164,21425,CASSSAYYGYTF,NLVPMVATV,3,SSSAYYGY,1847
165,21426,CASSADSYGANVLTF,NLVPMVATV,3,ADSYGANV,541
166,21427,CSVDPGHTGEKLFF,NLVPMVATV,3,DPGHTGEK,459
167,21428,CASSLVGGRHGYTF,NLVPMVATV,3,SLVGGRHG,1591
168,21429,CASSHDPTWGPGNTIYF,NLVPMVATV,3,DPTWGPGN,2016
169,21430,CASSFGQGSSPLHF,NLVPMVATV,3,SFGQGSSP,595
170,21431,CASSLETVNTEAFF,NLVPMVATV,3,SLETVNTE,1117
171,21432,CASSSFYDSNEKLFF,NLVPMVATV,3,SFYDSNEK,1958
172,21433,CASSLASPGHFTGELFF,NLVPMVATV,3,ASPGHFTG,1165
173,21434,CASRRQGTVYEQYF,NLVPMVATV,3,RRQGTVYE,1990
174,21435,CASRIELPGAGELFF,NLVPMVATV,3,IELPGAGE,1278
175,21436,CASSLGFLGPAAGNTIYF,NLVPMVATV,3,GFLGPAAG,147
176,21437,CSARDHGGDYGYTF,NLVPMVATV,3,RDHGGDYG,1191
177,21438,CASSLEVTGLNTEAFF,NLVPMVATV,3,LEVTGLNT,1925
178,21439,CASSDSGEAGELFF,NLVPMVATV,3,SDSGEAGE,492
179,21440,CSGGQDYNEQFF,NLVPMVATV,3,GGQDYNEQ,1865
180,21441,CASSEDSGGYNEQFF,NLVPMVATV,3,EDSGGYNE,434
181,21442,CASSDSTSGGNEQFF,NLVPMVATV,3,DSTSGGNE,764
182,21443,CSARDMASGRNEQYF,NLVPMVATV,3,DMASGRNE,283
183,21444,CASSPGGGMNTEAFF,NLVPMVATV,3,PGGGMNTE,101
184,21445,CASSFDPGSYGYTF,NLVPMVATV,3,SFDPGSYG,389
185,21446,CASSPASGSLFF,NLVPMVATV,3,SSPASGSL,1558
186,21447,CASSEGLGGALYGYTF,NLVPMVATV,3,EGLGGALY,1748
187,21448,CASSPDYDQETQYF,NLVPMVATV,3,SPDYDQET,807
188,21449,CASTHGTSGEDTQYF,NLVPMVATV,3,HGTSGEDT,1871
189,21450,CASLPTGTNTGELFF,NLVPMVATV,3,PTGTNTGE,1626
190,21451,CASSLQGASGYTF,NLVPMVATV,3,SLQGASGY,689
191,21452,CASTGGGALGTEAFF,NLVPMVATV,3,GGGALGTE,1213
192,21453,CASSSAYYGYTF,NLVPMVATV,3,SSSAYYGY,1847
193,21454,CASSIVAGGYNEQFF,NLVPMVATV,3,IVAGGYNE,1773
194,21455,CASSRDRTGRANYGYTF,NLVPMVATV,3,DRTGRANY,679
195,21456,CASSPRTSFETQYF,NLVPMVATV,3,SPRTSFET,341
196,21457,CASSPGTFRYTF,NLVPMVATV,3,SSPGTFRY,82
197,21458,CASSPTDRGNTGELFF,NLVPMVATV,3,PTDRGNTG,994
198,21459,CASSGRGFLNYGYTF,NLVPMVATV,3,GRGFLNYG,2002
199,21460,CASSLVGTGELFF,NLVPMVATV,3,SLVGTGEL,631
200,21461,CASSHGAAAGETEAFF,NLVPMVATV,3,HGAAAGET,1439
201,21462,CASGSGLAGNEQFF,NLVPMVATV,3,GSGLAGNE,1239
202,21463,CASSQVAGGAGGPREYNEQFF,NLVPMVATV,3,GGAGGPRE,1245
203,21464,CASSVGLGFTDTQYF,NLVPMVATV,3,VGLGFTDT,241
204,21465,CASSEARQGLDTEAFF,NLVPMVATV,3,EARQGLDT,966
205,21466,CASSLFAGAETQYF,NLVPMVATV,3,SLFAGAET,1124
206,21467,CASRKLAGPTDTQYF,NLVPMVATV,3,KLAGPTDT,162
207,21468,CATSATGLRNQPQHF,NLVPMVATV,3,ATGLRNQP,518
208,21469,CASSLESWGRAYNEQFF,NLVPMVATV,3,ESWGRAYN,1134
209,21470,CASLAGVRTDTQYF,NLVPMVATV,3,LAGVRTDT,106
210,21471,CASSNFLGQGDEKLFF,NLVPMVATV,3,NFLGQGDE,1563
211,21472,CASSEPIGTGGNQPQHF,NLVPMVATV,3,PIGTGGNQ,1962
212,21473,CASRQENSGNTIYF,NLVPMVATV,3,RQENSGNT,1603
213,21474,CASSSQGWGRVYSEQFF,NLVPMVATV,3,QGWGRVYS,724
214,21475,CSATPSGYGYTF,NLVPMVATV,3,ATPSGYGY,136
215,21476,CASSVEVGTGDNEQFF,NLVPMVATV,3,VEVGTGDN,1992
216,21477,CASSIQKAGYNEQFF,NLVPMVATV,3,IQKAGYNE,1475
217,21478,CAAGTRTDTQYF,NLVPMVATV,3,AGTRTDTQ,1837
218,21479,CASSVDSGSTNEQFF,NLVPMVATV,3,VDSGSTNE,628
219,21480,CASSLGTGELFF,NLVPMVATV,3,SSLGTGEL,1532
220,21481,CASSLSGVPHNNEQFF,NLVPMVATV,3,LSGVPHNN,1330
221,21482,CASSQTRTSGRVDPDTQYF,NLVPMVATV,3,RTSGRVDP,441
222,21483,CASRRPGGDTEAFF,NLVPMVATV,3,RRPGGDTE,775
223,21484,CASSLNSGLYNEQFF,NLVPMVATV,3,LNSGLYNE,117
224,21485,CASSLNGRADTQYF,NLVPMVATV,3,SLNGRADT,374
225,21486,CASSRQESYGYTF,NLVPMVATV,3,SRQESYGY,431
226,21487,CAISEQEDQPQHF,NLVPMVATV,3,SEQEDQPQ,756
227,21488,CASSVEGQGDTEAFF,NLVPMVATV,3,VEGQGDTE,1589
228,21489,CASSPLRGVYYNEQFF,NLVPMVATV,3,PLRGVYYN,1570
229,21490,CASTPYRRGPHLYGYTF,NLVPMVATV,3,YRRGPHLY,1887
230,21491,CASSLVVMGTGFTDTQYF,NLVPMVATV,3,VVMGTGFT,655
231,21492,CASSLAQQGLAEAFF,NLVPMVATV,3,LAQQGLAE,4
232,21493,CASSPSTGTIYGYTF,NLVPMVATV,3,PSTGTIYG,218
233,21494,CAISESRSRVTDTQYF,NLVPMVATV,3,ESRSRVTD,852
234,21495,CASSPSDYGYTF,NLVPMVATV,3,SSPSDYGY,1428
235,21496,CAISEYPPTGRKADTQYF,NLVPMVATV,3,YPPTGRKA,1718
236,21497,CASSQVGTVYGYTF,NLVPMVATV,3,SQVGTVYG,975
237,21498,CSAADRGLGETQYF,NLVPMVATV,3,ADRGLGET,139
238,21499,CASRGTGGGSGQPQHF,NLVPMVATV,3,GTGGGSGQ,1286
239,21500,CASSYDRGPREGYTF,NLVPMVATV,3,YDRGPREG,1978
240,21501,CASSTRSTGELFF,NLVPMVATV,3,STRSTGEL,62
241,21502,CASSLRGQGFYEQFF,NLVPMVATV,3,LRGQGFYE,1955
242,21503,CSGDRSSDTQYF,NLVPMVATV,3,GDRSSDTQ,690
243,21504,CASSPSWGEVNTEAFF,NLVPMVATV,3,PSWGEVNT,1401
244,21505,CASSPGYGSSGNTIYF,NLVPMVATV,3,PGYGSSGN,765
245,21506,CASSPPGLPGYTF,NLVPMVATV,3,SPPGLPGY,1964
246,21507,CASSPGQLQETQYF,NLVPMVATV,3,SPGQLQET,1253
247,21508,CASSSGLAGVETGELFF,NLVPMVATV,3,GLAGVETG,197
248,21509,CASSLQVWNEQFF,NLVPMVATV,3,SLQVWNEQ,292
249,21510,CASSLQGIGAKNIQYF,NLVPMVATV,3,LQGIGAKN,647
250,21511,CASSFQGYTEAFF,NLVPMVATV,3,SFQGYTEA,1840
251,21512,CASSSGGLSEQYF,NLVPMVATV,3,SSGGLSEQ,535
252,21513,CSARGADTQYF,NLVPMVATV,3,ARGADTQY,1250
253,21514,CASSSGGLSEQYF,NLVPMVATV,3,SSGGLSEQ,535
254,21515,CASSLELAAWETQYF,NLVPMVATV,3,LELAAWET,996
255,21516,CSARDLRLLANTGELFF,NLVPMVATV,3,LRLLANTG,249
256,21517,CASSTGSYGYTF,NLVPMVATV,3,SSTGSYGY,489
257,21518,CASSSGIYGYTF,NLVPMVATV,3,SSSGIYGY,79
258,21519,CASSLAGFTGELFF,NLVPMVATV,3,SLAGFTGE,707
259,21520,CASSPTLVTSGNTIYF,NLVPMVATV,3,PTLVTSGN,254
260,21521,CASSEGYIYEQYF,NLVPMVATV,3,SEGYIYEQ,1323
261,21522,CASSYASNQPQHF,NLVPMVATV,3,SYASNQPQ,982
262,21523,CAISVSGTRVYNEQFF,NLVPMVATV,3,VSGTRVYN,444
263,21524,CASSLGQGNSPLHF,NLVPMVATV,3,SLGQGNSP,235
264,21525,CASSLKAGNQPQHF,NLVPMVATV,3,SLKAGNQP,866
265,21526,CASSVGTLYSGANVLTF,NLVPMVATV,3,GTLYSGAN,717
266,21527,CASSLLGGAGTGELFF,NLVPMVATV,3,LLGGAGTG,1421
267,21528,CSVEGDTGELFF,NLVPMVATV,3,VEGDTGEL,1791
268,21529,CASSQGLAGEVYTGELFF,NLVPMVATV,3,GLAGEVYT,597
269,21530,CASSLDRPSGMAAETQYF,NLVPMVATV,3,DRPSGMAA,1965
270,21531,CASSINRDLLNGYTF,NLVPMVATV,3,INRDLLNG,930
271,21532,CASSYWDRTTSGNTIYF,NLVPMVATV,3,WDRTTSGN,1342
272,21533,CASSHTSGNGDTQYF,NLVPMVATV,3,HTSGNGDT,1103
273,21534,CASSDSRANTGELFF,NLVPMVATV,3,DSRANTGE,1933
274,21535,CSARLPRDYSNQPQHF,NLVPMVATV,3,LPRDYSNQ,12
275,21536,CASSLAEKANTGELFF,NLVPMVATV,3,LAEKANTG,1866
276,21537,CSILGSNAGPQETQYF,NLVPMVATV,3,GSNAGPQE,466
277,21538,CAIDRVGTGELFF,NLVPMVATV,3,DRVGTGEL,375
278,21539,CASTGSVSTDTQYF,NLVPMVATV,3,TGSVSTDT,163
279,21540,CASSRGHPLQFF,NLVPMVATV,3,SSRGHPLQ,965
280,21541,CASSISAGVGVGQETQYF,NLVPMVATV,3,SAGVGVGQ,1011
281,21542,CASSLVGGPSVQFF,NLVPMVATV,3,SLVGGPSV,177
282,21543,CATSDSAGYNEQFF,NLVPMVATV,3,SDSAGYNE,1882
283,21544,CASSVTGTEADEQFF,NLVPMVATV,3,VTGTEADE,1849
284,21545,CASSPPGTSGGRNEQFF,NLVPMVATV,3,PGTSGGRN,1515
285,21546,CASSDRLENNEKLFF,NLVPMVATV,3,DRLENNEK,686
286,21547,CASTRESTDTQYF,NLVPMVATV,3,TRESTDTQ,430
287,21548,CASSLGGTGWTEAFF,NLVPMVATV,3,LGGTGWTE,339
288,21549,CASSFKDTNTGELFF,NLVPMVATV,3,FKDTNTGE,348
289,21550,CASSLGAANYNEQFF,NLVPMVATV,3,LGAANYNE,1313
290,21551,CATSEGNEQFF,NLVPMVATV,3,TSEGNEQF,503
291,21552,CASSSRTGDQETQYF,NLVPMVATV,3,SRTGDQET,791
292,21553,CASSLWLNEQFF,NLVPMVATV,3,SSLWLNEQ,641
293,21554,CASSPKTGASYGYTF,NLVPMVATV,3,PKTGASYG,837
294,21555,CASSFVSFDEQFF,NLVPMVATV,3,SFVSFDEQ,749
295,21556,CASSADSYGANVLTF,NLVPMVATV,3,ADSYGANV,541
296,21557,CASRRQGTVYEQYF,NLVPMVATV,3,RRQGTVYE,1990
297,21558,CASSLVGGRHGYTF,NLVPMVATV,3,SLVGGRHG,1591
298,21559,CASSLETVNTEAFF,NLVPMVATV,3,SLETVNTE,1117
299,21560,CASSSFYDSNEKLFF,NLVPMVATV,3,SFYDSNEK,1958
300,21561,CASSPSTGTIYGYTF,NLVPMVATV,3,PSTGTIYG,218
301,21562,CSVDPGHTGEKLFF,NLVPMVATV,3,DPGHTGEK,459
302,21563,CASSSVNVAFF,NLVPMVATV,3,SSSVNVAF,39
303,21564,CASSDPGVDRNTEAFF,NLVPMVATV,3,DPGVDRNT,1379
304,21565,CASSHGTGYNQPQHF,NLVPMVATV,3,HGTGYNQP,1880
305,21566,CASSLEIQGSGAFF,NLVPMVATV,3,SLEIQGSG,1221
306,21567,CASSDGIGQGASGYTF,NLVPMVATV,3,DGIGQGAS,1692
307,21568,CASSARGGGNNEQFF,NLVPMVATV,3,ARGGGNNE,1619
308,21569,CASSYSGTNQPQHF,NLVPMVATV,3,SYSGTNQP,676
309,21570,CASSYSGTGDYGYTF,NLVPMVATV,3,YSGTGDYG,352
310,21571,CASSPVGGDYGYTF,NLVPMVATV,3,SPVGGDYG,796
311,21572,CASSLDLYGYTF,NLVPMVATV,3,SSLDLYGY,1620
312,21573,CSARDRGGENTGELFF,NLVPMVATV,3,DRGGENTG,1264
313,21574,CASSFQGIRVEAFF,NLVPMVATV,3,SFQGIRVE,561
314,21575,CASSPPGRGNTGELFF,NLVPMVATV,3,PPGRGNTG,559
315,21576,CASSFGQRDRGYWRNTEAFF,NLVPMVATV,3,QRDRGYWR,1175
316,21577,CASGFTGGRNTEAFF,NLVPMVATV,3,FTGGRNTE,394
317,21578,CASSIVAGAGAGELFF,NLVPMVATV,3,IVAGAGAG,1470
318,21579,CATSDLLAGGKTGELFF,NLVPMVATV,3,LLAGGKTG,1133
319,21580,CASSATGSNTGELFF,NLVPMVATV,3,ATGSNTGE,1115
320,21581,CASSMGTVYLNTEAFF,NLVPMVATV,3,MGTVYLNT,1236
321,21582,CASSLLGVSYYNEQFF,NLVPMVATV,3,LLGVSYYN,453
322,21583,CASSTRGGGDAKNIQYF,NLVPMVATV,3,RGGGDAKN,1321
323,21584,CAWVPGTGGRAAFF,NLVPMVATV,3,VPGTGGRA,35
324,21585,CASSVVGYLGYTF,NLVPMVATV,3,SVVGYLGY,546
325,21586,CASSRGQGPGQETQYF,NLVPMVATV,3,RGQGPGQE,1937
326,21587,CASSQAPSMEPNEQFF,NLVPMVATV,3,QAPSMEPN,404
327,21588,CASSLRGQGFYEQFF,NLVPMVATV,3,LRGQGFYE,1955
328,21589,CASSHQTGELFF,NLVPMVATV,3,SSHQTGEL,1135
329,21590,CASSPKTGASYGYTF,NLVPMVATV,3,PKTGASYG,837
330,21591,CASSYNEQFF,NLVPMVATV,3,ASSYNEQF,128
331,21592,CASSIDAGSNYEQYF,NLVPMVATV,3,IDAGSNYE,923
332,21593,CASSYTVQPYNEQFF,NLVPMVATV,3,YTVQPYNE,1412
333,21594,CATSDLRRTDTQYF,NLVPMVATV,3,SDLRRTDT,1829
334,21595,CASSFQGYTEAFF,NLVPMVATV,3,SFQGYTEA,1840
335,21596,CASSRDSNSNQPQHF,NLVPMVATV,3,RDSNSNQP,1622
336,21597,CASSHERDRDTGELFF,NLVPMVATV,3,HERDRDTG,482
337,21598,CASSSAFYGYTF,NLVPMVATV,3,SSSAFYGY,677
338,21599,CASSSAYYGYTF,NLVPMVATV,3,SSSAYYGY,1847
339,21600,CASSLAYILGLGDEQFF,NLVPMVATV,3,AYILGLGD,593
340,21601,CASSDALQETQYF,NLVPMVATV,3,SDALQETQ,2024
341,21602,CASSLASRVGSPLHF,NLVPMVATV,3,LASRVGSP,1301
342,21603,CASSLSAVHGYTF,NLVPMVATV,3,SLSAVHGY,902
343,21604,CASSLKIGEQFF,NLVPMVATV,3,SSLKIGEQ,18
344,21605,CASSLAGDYEQYF,NLVPMVATV,3,SLAGDYEQ,864
345,21606,CASSELAGGGDTQYF,NLVPMVATV,3,ELAGGGDT,1630
346,21607,CASSQQETYEQYF,NLVPMVATV,3,SQQETYEQ,1224
347,21608,CSVVDYGYTF,NLVPMVATV,3,SVVDYGYT,1801
348,21609,CSVAGQGDDHTDTQYF,NLVPMVATV,3,GQGDDHTD,1721
349,21610,CASSYWDRTTSGNTIYF,NLVPMVATV,3,WDRTTSGN,1342
350,21611,CSAPFPGQGDYGYTF,NLVPMVATV,3,FPGQGDYG,1695
351,21612,CASSPSREGYTF,NLVPMVATV,3,SSPSREGY,44
352,21613,CASSFQGYTEAFF,NLVPMVATV,3,SFQGYTEA,1840
353,21614,CASSSGTSGSGSYNEQFF,NLVPMVATV,3,GTSGSGSY,259
354,21615,CASSIVGGMNTEAFF,NLVPMVATV,3,IVGGMNTE,598
355,21616,CASFSPRVYEQYF,NLVPMVATV,3,FSPRVYEQ,1585
356,21617,CSVEEGSRAQYF,NLVPMVATV,3,VEEGSRAQ,193
357,22294,CASSINALVGEQFF,QLQPFPQPELPY,2,SINALVGE,295
358,22295,CASSPAFSTDTQYF,QLQPFPQPELPY,2,SPAFSTDT,279
359,22296,CASSLDGLTNTEAFF,QLQPFPQPELPY,2,LDGLTNTE,113
360,22297,CSATLGGDYGYTF,PQQPFPQPEQPFP,2,TLGGDYGY,253
361,22298,CSAQLAGGGGDTQYF,PQQPFPQPEQPFP,2,LAGGGGDT,563
362,22299,CSAFPGGDTEAFF,PQQPFPQPEQPFP,2,FPGGDTEA,89
363,22300,CASSYVGGDTDTQYF,PQQPFPQPEQPFP,2,YVGGDTDT,1662
364,22301,CASSIRTDTQYF,PQPQLPYPQPQ,2,SSIRTDTQ,11
365,22302,CASSFRHTDTQYF,PQPQLPYPQPQ,2,SFRHTDTQ,673
366,22303,CASSLRTSGSHEQYF,PQPQLPYPQPQ,2,LRTSGSHE,499
367,22304,CASSLRAAGDHEQYF,PQPQLPYPQPQ,2,LRAAGDHE,1916
368,22305,CASSKRTGDVGEQF,PQPQLPYPQPQ,2,SKRTGDVG,381
369,22306,CASSIRAGADEQF,PQPQLPYPQPQ,2,SIRAGADE,1545
370,22307,CASSLSPRADTQYF,PQPQLPYPQPQ,2,SLSPRADT,988
371,22308,CASSPRSSGTEQYF,PQPQLPYPQPQ,2,SPRSSGTE,312
372,22309,CASSPPGLPYEQYF,PQPQLPYPQPQ,2,SPPGLPYE,140
373,22310,CASSLGWQNNEQF,PQPQLPYPQPQ,2,SLGWQNNE,340
374,22311,CASSLAGFPDEQF,PQPQLPYPQPQ,2,SLAGFPDE,1027
375,22312,CASSLRAAGGHEQYF,PQPQLPYPQPQ,2,LRAAGGHE,746
376,22313,CASSIRHTDTQYF,PQPQLPYPQPQ,2,SIRHTDTQ,1028
377,22314,CASLIRFTDTQYF,PQPQLPYPQPQ,2,LIRFTDTQ,841
378,22315,CASSIRTEDTQYF,PQPQLPYPQPQ,2,SIRTEDTQ,1075
379,22316,CASSLVGWETQYF,PQPQLPYPQPQ,2,SLVGWETQ,1380
380,22317,CASSLRRDQYNEQF,PQPQLPYPQPQ,2,SLRRDQYN,1088
381,22318,CASSTRTGDGGTQYF,PQPQLPYPQPQ,2,TRTGDGGT,530
382,22319,CASSIRFTDTQYF,PQPELPYPQPE,2,SIRFTDTQ,1494
383,22320,CASSVRHTDTQYF,PQPELPYPQPE,2,SVRHTDTQ,1905
384,22321,CASSIRTGGDTQYF,PQPELPYPQPE,2,SIRTGGDT,223
385,22322,CASSLGGSTDTQYF,PQPELPYPQPE,2,SLGGSTDT,1614
386,22323,CASSVRTGDSQPQHF,PQPELPYPQPE,2,VRTGDSQP,758
387,22324,CASSLRGLDMGTQYF,PQPELPYPQPE,2,LRGLDMGT,1396
388,22325,CASSLRWGDEGEQYF,PQPELPYPQPE,2,LRWGDEGE,1160
389,22326,CASSLRAGGNHEQYF,PQPELPYPQPE,2,LRAGGNHE,456
390,22327,CASSLRASGSHEQYF,PQPELPYPQPE,2,LRASGSHE,886
391,22328,CASSLATRATYEQYF,PQPELPYPQPE,2,LATRATYE,539
392,22329,CASLLGRSNTGELFF,PQPELPYPQPE,2,LGRSNTGE,1487
393,22330,CASSLRSGGADTQYF,PQPELPYPQPE,2,LRSGGADT,258
394,22331,CASSQVRETQCF,PQPELPYPQPE,2,SSQVRETQ,1931
395,22332,CASSSDRNYGYTF,PQPELPYPQPE,2,SSDRNYGY,557
396,22333,CASSFPGALNYGYTF,PQPELPYPQPE,2,FPGALNYG,1624
397,22334,CASSFSGTSPYEQF,PQPELPYPQPE,2,SFSGTSPY,407
398,22335,CASSFGGGTYEQYF,PQPELPYPQPE,2,SFGGGTYE,910
399,22336,CASSLVERGPYEQYF,PQPELPYPQPE,2,LVERGPYE,995
400,22337,CASSLVSGGMDEQF,PQPELPYPQPE,2,SLVSGGMD,1717
401,22338,CASSLQASSYNEQF,PQPELPYPQPE,2,SLQASSYN,226
402,22339,CASSPRGRNYEQYF,PQPELPYPQPE,2,SPRGRNYE,1581
403,22340,CASSPEGVRVGYGYTF,PQPELPYPQPE,2,PEGVRVGY,435
404,22341,CASSLAGGLHTDTQYF,PQPELPYPQPE,2,LAGGLHTD,1154
405,22342,CASSLAGPLRFNEQF,PQPELPYPQPE,2,LAGPLRFN,1846
406,22343,CASSLMGLSNYGYTF,PQPELPYPQPE,2,LMGLSNYG,1592
407,22344,CASSLSAGPGANVLTF,PQPELPYPQPE,2,LSAGPGAN,565
408,22345,CASSPWTSGSTYNEQF,PQPELPYPQPE,2,PWTSGSTY,267
409,22346,CASSLEGAFSANYGYTF,PQPELPYPQPE,2,EGAFSANY,538
410,22347,CASSLRGTYGSGANVLTF,PQPELPYPQPE,2,RGTYGSGA,716
411,22348,CASSPQLGVPFF,PQPELPYPQPQ,2,SSPQLGVP,675
412,22349,CASSLNQGGGYTF,PQPELPYPQPQ,2,SLNQGGGY,1885
413,22350,CASSTHRAEGELF,PQPELPYPQPQ,2,STHRAEGE,21
414,22351,CASSFRLDRYGYTF,PQPELPYPQPQ,2,SFRLDRYG,1518
415,22352,CASSQGQSSYNEQF,PQPELPYPQPQ,2,SQGQSSYN,38
416,22353,CASSVQGRVNTEAF,PQPELPYPQPQ,2,SVQGRVNT,1991
417,22354,CASSAGTLPTGELF,PQPELPYPQPQ,2,SAGTLPTG,433
418,22355,CASSLARRFYNSPLHF,PQPELPYPQPQ,2,LARRFYNS,578
419,22356,CASSLEGRGYTF,PQPELPYPQPQ,2,SSLEGRGY,1400
420,22357,CASSLVGEKAFF,PQPELPYPQPQ,2,SSLVGEKA,860
421,22358,CASSLSRYEQF,PQPELPYPQPQ,2,SSLSRYEQ,266
422,22359,CASSLAGVQPQHF,PQPELPYPQPQ,2,SLAGVQPQ,583
423,22360,CASSSPVGGEQF,PQPELPYPQPQ,2,SSSPVGGE,1069
424,22361,CASSSGGGYNEQF,PQPELPYPQPQ,2,SSGGGYNE,1883
425,22362,CASSSLGGAETQYF,PQPELPYPQPQ,2,SSLGGAET,1918
426,22363,CASSSSQGNQPQHF,PQPELPYPQPQ,2,SSSQGNQP,242
427,22364,CASSKSRGSYEQYF,PQPELPYPQPQ,2,SKSRGSYE,1632
428,22365,CASSPDGVNSPLHF,PQPELPYPQPQ,2,SPDGVNSP,887
429,22366,CASSPNRSGNTIYF,PQPELPYPQPQ,2,SPNRSGNT,877
430,22367,CASSTRQSAYEQYF,PQPELPYPQPQ,2,STRQSAYE,33
431,22368,CASSLDAGNEKLF,PQPELPYPQPQ,2,SLDAGNEK,1704
432,22369,CASSLALGDTTEAFF,PQPELPYPQPQ,2,LALGDTTE,527
433,22370,CASSLARGVGNIQYF,PQPELPYPQPQ,2,LARGVGNI,1362
434,22371,CASSLEGQGISPLHF,PQPELPYPQPQ,2,LEGQGISP,1102
435,22372,CASSLELSGANVLTF,PQPELPYPQPQ,2,LELSGANV,1826
436,22373,CASSLGIGPYNEQF,PQPELPYPQPQ,2,SLGIGPYN,360
437,22374,CASSVSFGQGYEQYF,PQPELPYPQPQ,2,VSFGQGYE,1324
438,22375,CASSRGGTSGLHTQYF,PQPELPYPQPQ,2,RGGTSGLH,889
439,22376,CASSFQGGDGETQYF,PQPELPYPQPQ,2,FQGGDGET,1645
440,22377,CASSLVGGGESTEAF,PQPELPYPQPQ,2,LVGGGEST,1979
441,22410,CSVSGGPSTDTQYF,PFPQPELPY,2,SGGPSTDT,29
442,22411,CSVGQTDSPLHF,PFPQPELPY,2,VGQTDSPL,755
443,22412,CSAGQGGTGELFF,PFPQPELPY,2,GQGGTGEL,774
444,22413,CSVAALAGFQETQYF,PFPQPELPY,2,ALAGFQET,23
445,22414,CSASRWRSTDTQYF,PFPQPELPY,2,SRWRSTDT,797
446,22415,CSAGVGGQETQYF,PFPQPELPY,2,GVGGQETQ,424
447,22416,CSAYRTWDQETQYF,PFPQPELPY,2,YRTWDQET,281
448,22417,CSAREPDNTGELFF,PFPQPELPY,2,REPDNTGE,222
449,22418,CSARGYGLANPYEQYF,PFPQPELPY,2,GYGLANPY,1813
450,22419,CASSLASAGGTDTQYF,PFPQPELPY,2,LASAGGTD,1231
451,22420,CASSLNWDTEAFF,PFPQPELPY,2,SLNWDTEA,1522
452,22421,CASSFSPAGSEAFF,PFPQPELPY,2,SFSPAGSE,1214
453,22422,CASSLEGQGASEQFF,PFPQPELPY,2,LEGQGASE,439
454,22423,CASSQGLAGVQETQYF,PFPQPELPY,2,QGLAGVQE,1967
455,22424,CASSPTALGTDTQYF,PFPQPELPY,2,PTALGTDT,1490
456,22425,CASSFRFTDTQYF,PQPELPYPQ,2,SFRFTDTQ,1761
457,22426,CASSFRALAADTQYF,PQPELPYPQ,2,FRALAADT,326
458,22427,CASSIRTSGDHEQYF,PQPELPYPQ,2,IRTSGDHE,1294
459,22428,CASSQYQSLVRGNNEQFF,PQPELPYPQ,2,YQSLVRGN,747
460,22429,CASSFPQVTDTQYF,PQPELPYPQ,2,SFPQVTDT,704
461,22430,CASSHVDRGGETQYF,PQPELPYPQ,2,HVDRGGET,1621
462,22431,CASARRTSGEDTQYF,AALALLLLDRLNQLE,2,RRTSGEDT,1094
463,22432,CASSLGRMNTEAFF,AALALLLLDRLNQLE,2,SLGRMNTE,1343
464,22433,CASSPRTLTVPRGTDTQYF,AALALLLLDRLNQLE,2,TLTVPRGT,124
465,22434,CASSLTGGMGYTF,NCTFEYVSQPFLMDL,2,SLTGGMGY,1656
466,22435,CASSPRERVNTGELFF,NCTFEYVSQPFLMDL,2,PRERVNTG,1039
467,22436,CASSIGTSGGPNTGELFF,NCTFEYVSQPFLMDL,2,GTSGGPNT,1785
468,22437,CASSKGTSGGPNTGELFF,NCTFEYVSQPFLMDL,2,GTSGGPNT,1785
469,22438,CASSTRGHNTGELFF,NCTFEYVSQPFLMDL,2,TRGHNTGE,1460
470,22439,CASTRGSSGGPNTGELFF,NCTFEYVSQPFLMDL,2,GSSGGPNT,149
471,22440,CASSPRDRANTGELFF,NCTFEYVSQPFLMDL,2,PRDRANTG,706
472,22441,CASSVRDRPNTGELFF,NCTFEYVSQPFLMDL,2,VRDRPNTG,854
473,22442,CASSVRDRVNTGELFF,NCTFEYVSQPFLMDL,2,VRDRVNTG,615
474,22443,CASSLRGANGYTF,NCTFEYVSQPFLMDL,2,SLRGANGY,1130
475,22444,CASSQGVGYTF,NCTFEYVSQPFLMDL,2,SSQGVGYT,1968
476,22445,CASSPGQGAIYGYTF,NCTFEYVSQPFLMDL,2,PGQGAIYG,1073
477,22446,CASSLARQGWGGNEKLFF,NCTFEYVSQPFLMDL,2,ARQGWGGN,317
478,22447,CASSPRGDGYTF,NCTFEYVSQPFLMDL,2,SSPRGDGY,290
479,22448,CASSIQGSGNTIYF,NCTFEYVSQPFLMDL,2,SIQGSGNT,1853
480,22449,CASSYSQGQPQHF,NCTFEYVSQPFLMDL,2,SYSQGQPQ,55
481,22450,CASSYIHRSNTEAFF,RISNCVADYSVLYNS,2,YIHRSNTE,1086
482,22451,CSATRQVNQPQHF,RISNCVADYSVLYNS,2,TRQVNQPQ,1691
483,22452,CASSLQGGGNQPQHF,RISNCVADYSVLYNS,2,LQGGGNQP,1976
484,22453,CASSRQGGGDQPQHF,RISNCVADYSVLYNS,2,RQGGGDQP,251
485,22454,CASSYVSAGVNEKLFF,RISNCVADYSVLYNS,2,YVSAGVNE,168
486,22455,CASSPHPGAAGNTIYF,RISNCVADYSVLYNS,2,PHPGAAGN,1349
487,22456,CASSPGAETQYF,RISNCVADYSVLYNS,2,SSPGAETQ,651
488,22457,CSASGSGSTYNEQFF,VGGNYNYLYRLFRKS,2,GSGSTYNE,183
489,22458,CASSLQQGAGTDTQYF,VGGNYNYLYRLFRKS,2,LQQGAGTD,1030
490,22459,CASSGLVGAGSSYNSPLHF,VGGNYNYLYRLFRKS,2,VGAGSSYN,741
491,22460,CAWSEGQGVGQPQHF,VGGNYNYLYRLFRKS,2,EGQGVGQP,60
492,22461,CAWRRMNTEAFF,VGGNYNYLYRLFRKS,2,WRRMNTEA,54
493,22462,CAWSGPAGSMSGELFF,VGGNYNYLYRLFRKS,2,GPAGSMSG,1698
494,22463,CAISDPGGRSNEQFF,VGGNYNYLYRLFRKS,2,DPGGRSNE,1686
495,22464,CASSVDSSSGNTIYF,VGGNYNYLYRLFRKS,2,VDSSSGNT,505
496,22465,CASSLVGGNPSTTTYEQYF,VGGNYNYLYRLFRKS,2,GGNPSTTT,1085
497,22466,CASSLSGGNNEQFF,VGGNYNYLYRLFRKS,2,SLSGGNNE,1901
498,22467,CASSPGNVASGRYQETQYF,NNSYECDIPIGAGIC,2,NVASGRYQ,353
499,22468,CASSQDSGGQGFYEQYF,NNSYECDIPIGAGIC,2,DSGGQGFY,1697
500,22469,CASSRRQGGVTEAFF,NNSYECDIPIGAGIC,2,RRQGGVTE,658
501,22470,CASSGLVGAGSSYNSPLHF,NNSYECDIPIGAGIC,2,VGAGSSYN,741
502,22471,CASSVDPNTEAFF,NNSYECDIPIGAGIC,2,SVDPNTEA,710
503,22472,CASRWTSGGADTQYF,NFSQILPDPSKPSKR,2,WTSGGADT,1295
504,22473,CASKDRANYNSPLHF,NFSQILPDPSKPSKR,2,DRANYNSP,1302
505,22474,CASSLGERGSYEQFF,NFSQILPDPSKPSKR,2,LGERGSYE,768
506,22475,CASSLESEGEQYF,NFSQILPDPSKPSKR,2,SLESEGEQ,1025
507,22476,CASSLEGLHSGNTIYF,NFSQILPDPSKPSKR,2,LEGLHSGN,1828
508,22477,CASSLDRQAEAFF,NFSQILPDPSKPSKR,2,SLDRQAEA,1755
509,22478,CAISESTSGGRQETQYF,HWFVTQRNFYEPQII,2,STSGGRQE,1579
510,22479,CAISESRTSGQETQYF,HWFVTQRNFYEPQII,2,ESRTSGQE,1551
511,22480,CATSSYRGKNEKLFF,HWFVTQRNFYEPQII,2,SYRGKNEK,1541
512,22481,CASSSGEGGETQYF,HWFVTQRNFYEPQII,2,SSGEGGET,169
513,22482,CASSLQGGGNQPQHF,HWFVTQRNFYEPQII,2,LQGGGNQP,1976
514,22483,CSARDSEVNTEAFF,HWFVTQRNFYEPQII,2,RDSEVNTE,1685
515,22484,CASSSDLQGGGNTIYF,HWFVTQRNFYEPQII,2,SDLQGGGN,822
516,22485,CSPRDPLNNEQFF,HWFVTQRNFYEPQII,2,RDPLNNEQ,624
517,22486,CASSSVTGPGAQYF,HWFVTQRNFYEPQII,2,SSVTGPGA,415
518,22487,CASSRQGRTDTQYF,HWFVTQRNFYEPQII,2,SRQGRTDT,1769
519,22488,CSARDRVRNEQYF,HWFVTQRNFYEPQII,2,RDRVRNEQ,1506
520,22489,CASRPLQGSHGYTF,HWFVTQRNFYEPQII,2,RPLQGSHG,1013
521,22490,CASSSRAEANEQFF,HWFVTQRNFYEPQII,2,SSRAEANE,1456
522,22491,CASSYPTGRSTNTGELFF,HWFVTQRNFYEPQII,2,PTGRSTNT,446
523,22492,CASSLVSGWDTDTQYF,HWFVTQRNFYEPQII,2,LVSGWDTD,1140
524,22493,CASSRAGGASTDTQYF,HWFVTQRNFYEPQII,2,RAGGASTD,1604
525,22504,CASSEGLWQVGDEQYF,HMTEVVRHC,3,EGLWQVGD,31
526,22505,CAISELVTGDSPLHF,HMTEVVRHC,3,ELVTGDSP,1246
527,22506,CASSIQQGADTQYF,HMTEVVRHC,3,SIQQGADT,766
528,22507,CASSLGEGRVDGYTF,GADGVGKSAL,3,LGEGRVDG,1443
529,22508,CASSDPGTEAFF,GADGVGKSAL,3,SSDPGTEA,1584
530,22509,CASSFGQSSTYGYTF,GADGVGKSAL,3,FGQSSTYG,1812
531,22510,CASSLGRASNQPQHF,GADGVGKSAL,3,LGRASNQP,451
532,22511,CASSLGQTNYGYTF,GADGVGKSAL,3,SLGQTNYG,720
533,22512,CASSSQGGYGYTF,KVDPIGHVY,2,SSQGGYGY,1711
534,22513,CASSFDRGYGYTF,KVDPIGHVY,2,SFDRGYGY,2
535,22514,CASSLSGGLLRTGELFF,FVVPYMIYLL,2,SGGLLRTG,1867
536,22515,CASSGRVTGGFYNEQFF,VQIISCQY,2,RVTGGFYN,335
537,22516,CASSFGGAYEQYF,VQIISCQY,2,SFGGAYEQ,1869
538,22517,CASSLVSPSEQFF,YLSNIIPAL,2,SLVSPSEQ,1021
539,22518,CASSLFTGTNEQFF,QLCDVMFYL,2,SLFTGTNE,211
540,22519,CASSLDQGAQDNEQFF,YLYDRLLRV,2,LDQGAQDN,1418
541,22520,CATSFAPGQGEHGYTF,LYPEFIASI,2,FAPGQGEH,1351
542,22521,CASSTSTGQGWHYGYTF,MLIGIPVYV,2,STGQGWHY,1109
543,22522,CASRPSRGTNYGYTF,KLYGLDWAEL,2,PSRGTNYG,476
544,22523,CASRPSRGTNYGYTF,KLYGLDWAEL,2,PSRGTNYG,476
545,22524,CASRPSRGTNYGYTF,KLYGLDWAEL,2,PSRGTNYG,476
546,22525,CASRPSRGTNYGYTF,KLYGLDWAEL,2,PSRGTNYG,476
547,22526,CASRPSRGTNYGYTF,KLYGLDWAEL,2,PSRGTNYG,476
548,22527,CASSERGMVEAFF,KLYGLDWAEL,2,SERGMVEA,470
549,22528,CASSPRNLGPSGSYEQYF,KLYGLDWAEL,2,RNLGPSGS,66
550,22529,CASSQNYEQYF,ALDPHSGHFV,2,SSQNYEQY,697
551,22530,CASSQNYEQYF,ALDPHSGHFV,2,SSQNYEQY,697
552,22531,CASSYSWGAGYEQYF,ALDPHSGHFV,2,YSWGAGYE,1631
553,22532,CASTPTGAYEQYF,ALDPHSGHFV,2,TPTGAYEQ,726
554,22533,CSAGTGELFF,ALDPHSGHFV,2,SAGTGELF,1212
555,22534,CASTPTGAYEQYF,ALDPHSGHFV,2,TPTGAYEQ,726
556,22535,CSARVGDTGELFF,ALSPVIPHI,2,RVGDTGEL,739
557,22536,CSARVGDTGELFF,ALSPVIPHI,2,RVGDTGEL,739
558,22537,CSARVGDTGELFF,ALSPVIPHI,2,RVGDTGEL,739
559,22538,CSARVGDTGELFF,ALSPVIPHI,2,RVGDTGEL,739
560,22539,CSARVGDTGELFF,ALSPVIPHI,2,RVGDTGEL,739
561,22540,CSARVGDTGELFF,ALSPVIPHI,2,RVGDTGEL,739
562,22541,CASSYDSTTGELFF,ALSPVIPHI,2,SYDSTTGE,646
563,22542,CASSYDSTTGELFF,ALSPVIPHI,2,SYDSTTGE,646
564,22543,CASSYDSTTGELFF,ALSPVIPHI,2,SYDSTTGE,646
565,22544,CASSYDSTTGELFF,ALSPVIPHI,2,SYDSTTGE,646
566,22545,CASTPGGYEQYF,KLFEFLVYGV,2,STPGGYEQ,1608
567,22546,CASTPGGYEQYF,KLFEFLVYGV,2,STPGGYEQ,1608
568,22547,CASSQGYEQYF,KLFEFLVYGV,2,SSQGYEQY,1479
569,22548,CASSQGYEQYF,KLFEFLVYGV,2,SSQGYEQY,1479
570,22549,CASSQGYEQYF,KLFEFLVYGV,2,SSQGYEQY,1479
571,22550,CASSVGGGVTDTQYF,MVNTVAGAMK,2,VGGGVTDT,1325
572,22551,CASSEGLWQVGDEQYF,HMTEVVRHC,3,EGLWQVGD,31
573,22554,CASSIQQGADTQYF,HMTEVVRHC,2,SIQQGADT,766
574,22555,CASRLQGWNSPLHF,VVRHCPHHERCSDSD,2,RLQGWNSP,570
575,22556,CASSYSQAWGQPQHF,RNTFRHSVVVPCE,2,YSQAWGQP,1848
576,22557,CASSISAGGDGYTF,HYNYMCNSSCMGSMN,2,SISAGGDG,410
577,22558,CASSLVNTEAFF,HYNYMCNSSCMGSMN,2,SSLVNTEA,88
578,22559,CASNLGGGSTDTQYF,SSCMGGMNWR,2,LGGGSTDT,1851
579,22560,CASSFGSGSTDTQYF,SSCMGGMNWR,2,FGSGSTDT,244
580,22561,CASSLGTGSTDTQYF,SSCMGGMNWR,2,LGTGSTDT,895
581,22562,CASSSRDYEQYF,SCMGGMNWRPILTII,2,SSSRDYEQ,669
582,22563,CASSLGDRGNEKLFF,NSKEETGHLENGN,2,LGDRGNEK,1919
583,22564,CASSKGPGGNYEQYF,NSKEETGHLENGN,2,KGPGGNYE,1296
584,22565,CASSSPRSSRDTDTQYF,VLLGVKLFGV,2,PRSSRDTD,1017
585,22566,CASSLDRKAFF,TLWCSPIKV,2,SSLDRKAF,1810
586,22567,CASRAVINTDTQYF,APARLERRHSA,2,RAVINTDT,1123
587,22568,CASSPGPNQPQHF,YHSIEWA,2,SPGPNQPQ,95
588,22569,CASSPGPNQPQHF,YHSIEWA,2,SPGPNQPQ,95
589,22570,CASTPTGNTEAFF,YHSIEWA,2,TPTGNTEA,1553
590,22571,CASSLDFSRQETQYF,WLIRETQPITK,2,LDFSRQET,871
591,22572,CASSLYLASNTGELFF,WLIRETQPITK,2,LYLASNTG,508
592,22573,CASSDRNTNYGYTF,GLLDEDFYA,2,SDRNTNYG,1155
593,22574,CASSMRVQSNTGELFF,GLLDEDFYA,2,MRVQSNTG,650
594,22575,CASSPGREQYF,HQNPVTGLLL,2,SSPGREQY,176
595,22576,CASRDGRVHQPQHF,APARLERRHSA,2,RDGRVHQP,543
596,22577,CASSLSWGSSYNEQFF,RVSTLRVSL,2,LSWGSSYN,1444
597,22578,CASRDHRVIYGYTF,SYMIMEIE,2,RDHRVIYG,1892
598,22579,CASSRSTGGSGNTIYF,GEEDGAGGHSL,2,RSTGGSGN,246
599,22580,CASSQAGGTGELFF,GEEDGAGGHSL,2,SQAGGTGE,1110
600,22581,CASSSTGADSHEQFF,RHDLPPYRVYL,2,STGADSHE,1209
601,22582,CASSLLKAANYGYTF,APARLERRHSA,2,LLKAANYG,367
602,22583,CASSASTGRNQPQHF,DPPALASTNAEVT,2,ASTGRNQP,558
603,22584,CASSLARRQYGYTF,DPPALASTNAEVT,2,SLARRQYG,260
604,22585,CASSSQGFYNIQYF,DPPALASTNAEVT,2,SSQGFYNI,109
605,22586,CASSPGSPSSYEQYF,DPPALASTNAEVT,2,PGSPSSYE,134
606,22587,CASSIRNYSNQPQHF,DPPALASTNAEVT,2,IRNYSNQP,1407
607,22588,CASSLRTGQNTEAFF,DPPALASTNAEVT,2,LRTGQNTE,571
608,22589,CASSGGTPYNSPLHF,DPPALASTNAEVT,2,GGTPYNSP,762
609,22590,CASRPWTGANEKLFF,MPYGYVLNEF,2,PWTGANEK,26
610,22591,CASSLDREDEQYF,TYDTVHRHL,2,SLDREDEQ,1385
611,22592,CASTPQVNYGYTF,GYNSYSVSNSEKHIM,2,TPQVNYGY,164
612,22593,CASTLQANYGYTF,GYNSYSVSNSEKHIM,2,TLQANYGY,160
613,22594,CAWSALAGARDTQYF,GAVGVGKSAL,2,ALAGARDT,1243
614,22595,CASSLGLPGTDTQYF,GAVGVGKSAL,2,LGLPGTDT,336
615,22596,CSAPPLAGDETQYF,YVMAYVMAGVGS,2,PPLAGDET,1053
616,22597,CASSDPGTEAFF,GADGVGKSAL,2,SSDPGTEA,1584
617,22598,CASTTGTSGQNTGELFF,KALARALKEGRIR,2,GTSGQNTG,1260
618,22599,CASSANRGPDTEAFF,FGDVGSTLF,2,ANRGPDTE,1612
619,22600,CASSVGNGASTDTQYF,FRNEGIHL,2,VGNGASTD,207
620,22601,CASTAGLLGSSYNEQFF,NHVVDISKSGLITIA,2,GLLGSSYN,1356
621,22602,CASITKDRAYEQYF,ELLVRINRL,2,ITKDRAYE,1360
622,22603,CASSLYRGKETQYF,RILLVAASY,2,SLYRGKET,324
623,22604,CASRTDRFLGAFF,YLSFYTAEQL,2,RTDRFLGA,428
624,22605,CAWSAASGGAQDTQYF,MLFSHGLVK,2,AASGGAQD,1754
625,22606,CASSPGTVKETQYF,EMLFSHGLVK,2,SPGTVKET,1447
626,22607,CASSQEFVGAVLDTQYF,TLREIRRYQK,2,EFVGAVLD,1891
627,22608,CASSPVYGVAYEQYF,RLLQCTQQAV,2,PVYGVAYE,1938
628,22609,CASSQDRGIGYGYTF,LLQCTQQAV,2,QDRGIGYG,894
629,22610,CASSPRPLEGLYGYTF,YLSHLPLTCKF,2,PRPLEGLY,1310
630,22611,CASSDLPGAPTDTQYF,ILCETCLIV,2,DLPGAPTD,1795
631,22612,CASSLAGSKLYEQYF,EHEGSGPEL,2,LAGSKLYE,262
632,22613,CASSVERENTGELFF,WSYDSTLLAY,2,VERENTGE,84
633,22617,CASASWGGYAEQFF,VVVGAVGVGK,2,ASWGGYAE,250
634,22618,CASSRDWGPAEQFF,VVGAVGVGK,2,SRDWGPAE,1749
635,22619,CTCSADRGAETLYF,VVVGAVGVGK,2,SADRGAET,1617
636,22620,CASSLTDPLDSDYTF,VVVGADGVGK,2,LTDPLDSD,1601
637,22621,CASSQGFGANVLTF,AAFKRSCLK,3,SQGFGANV,903
638,22622,CASVSGQGVSPLHF,AAFKRSCLK,3,VSGQGVSP,485
639,22623,CATSRDGAGLVNQPQHF,AAFKRSCLK,3,DGAGLVNQ,621
640,22624,CASSQDPGSSYNEQFF,AAFKRSCLK,3,QDPGSSYN,1142
641,22625,CASSLNPGRSDSPLHF,AAFKRSCLK,3,LNPGRSDS,785
642,22626,CASSPNPQGANMDTQYF,RSGGFSFGK,3,NPQGANMD,1517
643,22627,CASSELPAGGTNEQFF,RLARLALVL,2,ELPAGGTN,1536
644,22628,CASSFFSNTGELFF,RLARLALVL,2,SFFSNTGE,1827
645,22629,CASSFLTDTQYF,RLARLALVL,2,SSFLTDTQ,1688
646,22630,CASSYMGPEAFF,RLARLALVL,2,SSYMGPEA,1393
647,22631,CASMDLAFKQYF,RLARLALVL,2,SMDLAFKQ,1298
648,22632,CASSQVSGYEQYF,RLARLALVL,2,SQVSGYEQ,908
649,22633,CASSPQGDNEQFF,RLARLALVL,2,SPQGDNEQ,1783
650,22634,CASSDQGGDNEQFF,ATGFKQSSKALQRPVAS,2,SDQGGDNE,581
651,22635,CASSQGGDEQFF,ALYGFVPVL,2,SSQGGDEQ,402
652,22636,CASSQDPLLEGYSYNEQFF,NLNCCSVPV,2,PLLEGYSY,1557
653,22637,CASSGELRGAEKLFF,AVGSYVYSV,2,GELRGAEK,1542
654,22638,CASSYGGEQPQHF,NLNCCSVPV,2,SYGGEQPQ,1029
655,22639,CASSNGYGNQPQHF,ALYGFVPVL,2,SNGYGNQP,7
656,22640,CASSVEGVADEQYF,AVGSYVYSV,2,SVEGVADE,354
657,22641,CASSDLQGGGPGEQYF,ALYGFVPVL,2,DLQGGGPG,1430
658,22642,CASSVEGVADTQYF,AVGSYVYSV,2,SVEGVADT,1482
659,22643,CASSSTGALYEQYF,KLSHQLVLL,2,SSTGALYE,1004
660,22644,CASTIALGYEQYF,NLNCCSVPV,2,TIALGYEQ,80
661,22645,CASSSGGGNEQFF,NLNCCSVPV,2,SSGGGNEQ,1811
662,22646,CASSSGGGNEQFF,NLNCCSVPV,2,SSGGGNEQ,1811
663,22647,CASSPSLQVAQHF,ALYGFVPVL,2,SPSLQVAQ,1164
664,22648,CATSDPGTTNTGELFF,ALYGFVPVL,2,DPGTTNTG,1242
665,22649,CASSLGGGAYEQYF,ALYGFVPVL,2,SLGGGAYE,1026
666,22650,CSASPGYNEQFF,VVMSWAPPV,2,ASPGYNEQ,186
667,22651,CASSLAGESSYNEQFF,VVMSWAPPV,2,LAGESSYN,277
668,22652,CASSLGDPNTEAFF,KLFEFLVYGV,2,SLGDPNTE,1872
669,22653,CASSLGGYSPLHF,VVMSWAPPV,2,SLGGYSPL,212
670,22654,CASSTQGQPQHF,VVMSWAPPV,2,SSTQGQPQ,305
671,22655,CASSLGGSYTF,VVMSWAPPV,2,SSLGGSYT,1185
672,22656,CASSPWTPTTDTQYF,VVMSWAPPV,2,PWTPTTDT,252
673,22657,CASNFPNISEGTCSNQPQHF,VVMSWAPPV,2,NISEGTCS,1044
674,22658,CQAGGRLGELFF,VVMSWAPPV,2,AGGRLGEL,1722
675,22659,CASSSGGGNEQFF,ALTPVVVTL,2,SSGGGNEQ,1811
676,22660,CASSAQGFGELFF,ALTPVVVTL,2,SAQGFGEL,834
677,22661,CASSEGRETQYF,ALTPVVVTL,2,SSEGRETQ,1834
678,22662,CASSIGQGPYEQYF,ALTPVVVTL,2,SIGQGPYE,1390
679,22663,CASSLGGRRYEQYF,ALTPVVVTL,2,SLGGRRYE,2018
680,22664,CASSLGQKEQYF,ALTPVVVTL,2,SSLGQKEQ,298
681,22665,CASRGEGYGYTF,PGVLLKEFTVSGNIL,2,SRGEGYGY,779
682,22666,CASGYQNQPQHF,PGVLLKEFTVSGNIL,2,SGYQNQPQ,698
683,22667,CASSTQTELPQHF,PGVLLKEFTVSGNIL,2,STQTELPQ,1629
684,22668,CASSVMGTQYF,PGVLLKEFTVSGNIL,2,SSVMGTQY,395
685,22669,CASSPLRPSYEQYF,PGVLLKEFTVSGNIL,2,SPLRPSYE,217
686,22670,CASSGQGAGTQYF,PGVLLKEFTVSGNIL,2,SGQGAGTQ,1833
687,22671,CASSVMTGLNTEAFF,PGVLLKEFTVSGNIL,2,VMTGLNTE,1660
688,22672,CASSVIYEQYF,PGVLLKEFTVSGNIL,2,SSVIYEQY,17
689,22673,CASSIIYEQYF,PGVLLKEFTVSGNIL,2,SSIIYEQY,1359
690,22674,CASSGLAGVTGELFF,PGVLLKEFTVSGNIL,2,GLAGVTGE,97
691,22675,CASSPGALNTEAFF,ELAGIGILTV,2,SPGALNTE,248
692,22676,CASSPAALSGAYEQYF,ELAGIGILTV,2,PAALSGAY,1547
693,22677,CASSRRSSGELFF,ELAGIGILTV,2,SRRSSGEL,1308
694,22678,CASSFQGLGQPQHF,ELAGIGILTV,2,SFQGLGQP,1458
695,22679,CASSRDSALWISTDTQYF,ELAGIGILTV,2,DSALWIST,1179
696,22680,CASSRRSSGELFF,ELAGIGILTV,2,SRRSSGEL,1308
697,22681,CSASETGVGQPQHF,EAAGIGILTV,2,SETGVGQP,1858
698,22682,CASSQQGLGQPQHF,EAAGIGILTV,2,SQQGLGQP,1873
699,22683,CSVSDLGVGQPQHF,EAAGIGILTV,2,SDLGVGQP,114
700,22684,CASSQGDWGGSQPQHF,EAAGIGILTV,2,QGDWGGSQ,781
701,22685,CASSRDSALWISTDTQYF,EAAGIGILTV,2,DSALWIST,1179
702,22686,CASRLGTGPEAFF,EAAGIGILTV,2,RLGTGPEA,748
703,22687,CASSFGLGTEAFF,EAAGIGILTV,2,SFGLGTEA,1679
704,22688,CASSLSNEGNEQYF,EAAGIGILTV,2,SLSNEGNE,1920
705,22689,CASSPPGLSGNIQYF,ELAGIGILTV,2,PPGLSGNI,462
706,22690,CASSPGTLADTQYF,ELAGIGILTV,2,SPGTLADT,1218
707,22691,CASSAGYGQPQHF,ELAGIGILTV,2,SAGYGQPQ,1485
708,22692,CASSQEIGSEQPQHF,ELAGIGILTV,2,QEIGSEQP,582
709,22693,CASRPTGMGQPQHF,ELAGIGILTV,2,RPTGMGQP,1908
710,22694,CASAWGGMTNEQYF,ELAGIGILTV,2,AWGGMTNE,220
711,22695,CASSETGGTEAFF,EAAGIGILTV,2,SETGGTEA,1936
712,22696,CASSDQGLGTEAFF,EAAGIGILTV,2,SDQGLGTE,1923
713,22697,CASSYLGMGQPQHF,EAAGIGILTV,2,SYLGMGQP,1267
714,22698,CASSLGDVDEYF,EAAGIGILTV,2,SSLGDVDE,331
715,22699,CASRSLGQGAEKLFF,ELAGIGILTV,2,SLGQGAEK,180
716,22700,CASSRGTLHYGYTF,FYGKTILWF,2,SRGTLHYG,264
717,22701,CASSLGQGCSNQPQHF,FYGKTILWF,2,LGQGCSNQ,357
718,22702,CASSLGAAPQETQYF,FYGKTILWF,2,LGAAPQET,1974
719,22703,CASSTRVVAGNNEQFF,FYGKTILWF,2,TRVVAGNN,1988
720,22704,CASSPGVGTEAFF,EFTVSGNIL,2,SPGVGTEA,1737
721,22705,CASSPGASYEQYF,ESITGSLGPLL,2,SPGASYEQ,1423
722,22706,CASSLPLGYEQYF,LAMPFATPM,2,SLPLGYEQ,1488
723,22707,CASSQDSHSTSTDTQYF,KASEKIFYV,2,DSHSTSTD,602
724,22708,CASSALFSGANVLTF,KASEKIFYV,2,ALFSGANV,1641
725,22709,CASSLLPEGTGRVSGYTF,VYFFLPDHL,2,LPEGTGRV,627
726,22710,CATSSFRMTGDNSPLHF,KASEKIFYV,2,FRMTGDNS,830
727,22711,CASSWEYEQYF,KASEKIFYV,2,SSWEYEQY,1635
728,22712,CSANPRTTLYEQYF,MEVDPIGHLY,2,NPRTTLYE,1703
729,22713,CATSSEDSSNQPQHF,HRRGSRSYV,2,SEDSSNQP,1792
730,22714,CASSSSYSNQPQHF,APRGPHGGAASGL,2,SSSYSNQP,1982
731,22715,CASSLASGSNQPQHF,RVRFFFPSL,2,LASGSNQP,47
732,22716,CASSESQGDYYGYTF,VLNGTVHPV,2,ESQGDYYG,1280
733,22717,CASSPHAGGVDEKLFF,EEAAGIGIL,2,PHAGGVDE,302
734,22718,CASSHHSGGIYNEQFF,FQDYIKSYL,2,HHSGGIYN,1566
735,22719,CASSLMGGGNTIYF,RYGSFSVTL,2,SLMGGGNT,1483
736,22720,CASSIEFDRGAPTEQYF,ELAGIGILTV,2,EFDRGAPT,2003
737,22721,CASSYRGQSNQPQHF,ELAGIGILTV,2,YRGQSNQP,1350
738,22722,CASRWGQLTNYGYTF,ELAGIGILTV,2,WGQLTNYG,385
739,22723,CASRYQGLGQPQHF,ELAGIGILTV,2,RYQGLGQP,1514
740,22724,CASSWSQLVHEQFF,ELAGIGILTV,2,SWSQLVHE,722
741,22725,CSAPDTGLGQPQHF,ELAGIGILTV,2,PDTGLGQP,143
742,22726,CASRDGTLSYNEQFF,ELAGIGILTV,2,DGTLSYNE,1740
743,22727,CASSQGQLSSYNEQFF,ELAGIGILTV,2,QGQLSSYN,832
744,22728,CASSIAAVSLANYGYTF,ELAGIGILTV,2,AAVSLANY,947
745,22729,CASSPGQGSPLHF,ELAGIGILTV,2,SPGQGSPL,1552
746,22730,CASSLLGGLEAFF,ELAGIGILTV,2,SLLGGLEA,718
747,22731,CASSFRGQNTEAFF,ELAGIGILTV,2,SFRGQNTE,496
748,22732,CASSQYEVQETQYF,ELAGIGILTV,2,SQYEVQET,1049
749,22733,CASSHQGVGQPQHF,ELAGIGILTV,2,SHQGVGQP,493
750,22734,CASSGQGMGYTF,ELAGIGILTV,2,SSGQGMGY,310
751,22735,CASTLTGLGQPQHF,ELAGIGILTV,2,TLTGLGQP,83
752,22736,CASIWAGLGQPQHF,ELAGIGILTV,2,IWAGLGQP,618
753,22737,CASSLQGMGQPQHF,ELAGIGILTV,2,SLQGMGQP,782
754,22738,CASSKPSGINEQFF,ELAGIGILTV,2,SKPSGINE,1822
755,22739,CSARSRGGGIETQYF,ELAGIGILTV,2,SRGGGIET,58
756,22740,CASSVWADPNEAFF,ELAGIGILTV,2,SVWADPNE,457
757,22741,CASRLATLVGNEQFF,ELAGIGILTV,2,LATLVGNE,1770
758,22742,CASRSGSLNTEAFF,ELAGIGILTV,2,RSGSLNTE,662
759,22743,CASSLTTPPSTDTQYF,ELAGIGILTV,2,LTTPPSTD,604
760,22744,CASRQQGLGSPLHF,ELAGIGILTV,2,RQQGLGSP,178
761,22745,CASQSGFLSNSPLHF,ELAGIGILTV,2,SGFLSNSP,869
762,22746,CASSYGDLYTGELFF,ELAGIGILTV,2,YGDLYTGE,566
763,22747,CASSLAGLADNEQFF,ELAGIGILTV,2,LAGLADNE,553
764,22748,CASSLAWALQDEQYF,ELAGIGILTV,2,LAWALQDE,483
765,22749,CAWSVQGLGYGYTF,ELAGIGILTV,2,SVQGLGYG,980
766,22750,CASSATGADQPQHF,ELAGIGILTV,2,SATGADQP,127
767,22751,CASSDYSNQPQHF,ELAGIGILTV,2,SDYSNQPQ,907
768,22752,CSARAGNQPQHF,ELAGIGILTV,2,ARAGNQPQ,1132
769,22753,CSARAGAETQYF,ELAGIGILTV,2,ARAGAETQ,1730
770,22754,CASTPPGSETQYF,ELAGIGILTV,2,TPPGSETQ,1468
771,22755,CASSENQLMNTEAFF,ELAGIGILTV,2,ENQLMNTE,1768
772,22756,CATSDQGGTEDEQFF,ELAGIGILTV,2,DQGGTEDE,2026
773,22757,CAWSGGGGRVHEQYF,ELAGIGILTV,2,GGGGRVHE,1369
774,22758,CAWSVPGLGQPQHF,ELAGIGILTV,2,SVPGLGQP,13
775,22759,CASSLQGLGTEAFF,ELAGIGILTV,2,SLQGLGTE,1376
776,22760,CASSQQGLGTEAFF,ELAGIGILTV,2,SQQGLGTE,688
777,22761,CASSVQGLGQPQHF,ELAGIGILTV,2,SVQGLGQP,1090
778,22762,CATSDSRQINTGELFF,ELAGIGILTV,2,DSRQINTG,15
779,22763,CASSEGMGQPQHF,ELAGIGILTV,2,SEGMGQPQ,1425
780,22764,CASTYTSLAHNEQFF,ELAGIGILTV,2,YTSLAHNE,1377
781,22765,CASSPGVLANEQYF,ELAGIGILTV,2,SPGVLANE,572
782,22766,CATAPREDRVGNEAFF,ELAGIGILTV,2,PREDRVGN,1275
783,22768,CASSQRQEGDTQYF,APRGPHGGAASGL,3,SQRQEGDT,1241
784,22770,CASSGGHTGSNEQFF,APRGPHGGAASGL,3,GGHTGSNE,432
785,22771,CASSYGGGPEAFF,ELAGIGILTV,2,SYGGGPEA,2025
786,22772,CASSFAANYEQYF,ELAGIGILTV,2,SFAANYEQ,971
787,22773,CASSFTGLGQPQHF,ELAGIGILTV,2,SFTGLGQP,1338
788,22774,CASSLLPSGETQYF,ELAGIGILTV,2,SLLPSGET,1500
789,22775,CASSLGPSVYEQYF,ELAGIGILTV,2,SLGPSVYE,1107
790,22776,CASSQGVLAGEQFF,ELAGIGILTV,2,SQGVLAGE,960
791,22777,CASSYGHFGSYGYTF,EAAGIGILTV,2,YGHFGSYG,1825
792,22778,CASSLSTGFQETQYF,EAAGIGILTV,2,LSTGFQET,511
793,22779,CASSITPLGGDGYTF,EAAGIGILTV,2,ITPLGGDG,1207
794,22780,CASSYGAQGSYGYTF,EAAGIGILTV,2,YGAQGSYG,202
795,22781,CASSDDRGFDTGELFF,EAAGIGILTV,2,DDRGFDTG,1161
796,22782,CASSSFLMTGLNEQFF,EAAGIGILTV,2,SFLMTGLN,1886
797,22783,CASSGLGSGQPYEQYF,EAAGIGILTV,2,GLGSGQPY,1839
798,22784,CASSQDELAASTDTQYF,EAAGIGILTV,2,DELAASTD,1070
799,22785,CASSVGQSQPQHF,ELAGIGILTV,2,SVGQSQPQ,1208
800,22786,CASSSTGVGQPQHF,ELAGIGILTV,2,SSTGVGQP,721
801,22787,CASSMTGLGQPQHF,ELAGIGILTV,2,SMTGLGQP,1266
802,22788,CSASVPGLGQPQHF,ELAGIGILTV,2,SVPGLGQP,13
803,22789,CASSFQGLGQPQHF,ELAGIGILTV,2,SFQGLGQP,1458
804,22790,CASSQQGLGQPQHF,ELAGIGILTV,2,SQQGLGQP,1873
805,22791,CASSLQGLGQPQHF,EAAGIGILTV,2,SLQGLGQP,167
806,22792,CASSIQGALGQPQHF,EAAGIGILTV,2,IQGALGQP,1353
807,22793,CASSFTGTFSYEQYF,EAAGIGILTV,2,FTGTFSYE,1092
808,22794,CASSLDAASVHYEQFF,EAAGIGILTV,2,LDAASVHY,1738
809,22795,CASSFGEGLVYNEQFF,ELAGIGILTV,2,FGEGLVYN,1924
810,22796,CASRDPGGGGYEKLFF,ELAGIGILTV,2,DPGGGGYE,1076
811,22797,CASSQEALGGRVDTQYF,ELAGIGILTV,2,EALGGRVD,1562
812,22798,CASPATGSNQPQHF,ELAGIGILTV,2,PATGSNQP,350
813,22799,CASSDSTASSEQFF,ELAGIGILTV,2,SDSTASSE,380
814,22800,CASSPSQGGNTEAFF,ELAGIGILTV,2,PSQGGNTE,1863
815,22801,CASSFSSGSPHEQFF,ELAGIGILTV,2,FSSGSPHE,1845
816,22802,CASSSSGTSGVYEQYF,ELAGIGILTV,2,SSGTSGVY,256
817,22803,CASSSTSGAQGDTQYF,ELAGIGILTV,2,STSGAQGD,853
818,22804,CASSFGGLGTEAFF,ELAGIGILTV,2,SFGGLGTE,862
819,22805,CASSLSSLIVDTQYF,ELAGIGILTV,2,LSSLIVDT,301
820,22806,CASSPGTLSDTQYF,ELAGIGILTV,2,SPGTLSDT,74
821,22807,CASSQDRGGAETQYF,ELAGIGILTV,2,QDRGGAET,549
822,22808,CRPGPLAGYGYTF,ELAGIGILTV,2,GPLAGYGY,1493
823,22809,CSARDGLGELFF,ELAGIGILTV,2,ARDGLGEL,1568
824,22810,CSARAGVGGDTQYF,ELAGIGILTV,2,RAGVGGDT,1879
825,22811,CSARDGLGELFF,ELAGIGILTV,2,ARDGLGEL,1568
826,22812,CSAPRAGVGQPQHF,ELAGIGILTV,2,PRAGVGQP,1534
827,22813,CASSGQGVGNEQFF,ELAGIGILTV,2,SGQGVGNE,1644
828,22814,CASSRSPDTQYF,ELAGIGILTV,2,SSRSPDTQ,200
829,22815,CASRMIGYEQYF,ELAGIGILTV,2,SRMIGYEQ,1366
830,22816,CASSDPTSPNEQFF,ELAGIGILTV,2,SDPTSPNE,786
831,22817,CASALPGPITGSEAFF,ELAGIGILTV,2,LPGPITGS,1910
832,22818,CASSTRDRGYEQYF,ELAGIGILTV,2,STRDRGYE,818
833,22819,CASSQEGGAFVDTQYF,ELAGIGILTV,2,QEGGAFVD,872
834,22820,CASSLGAGIVETQYF,ELAGIGILTV,2,LGAGIVET,883
835,22821,CASSLLGGSTDTQYF,ELAGIGILTV,2,LLGGSTDT,1340
836,22822,CASASAQLGNTIYF,ELAGIGILTV,2,ASAQLGNT,1727
837,22823,CASSLLGPGQPQHF,ELAGIGILTV,2,SLLGPGQP,821
838,22824,CASSRSPDTQYF,ELAGIGILTV,2,SSRSPDTQ,200
839,22825,CASSPLSSVRLF,ELAGIGILTV,2,SSPLSSVR,1391
840,22826,CASSERAGELFF,ELAGIGILTV,2,SSERAGEL,870
841,22827,CSARDREDEKLFF,ELAGIGILTV,2,RDREDEKL,588
842,22828,CASSFGGSQPQHF,ELAGIGILTV,2,SFGGSQPQ,1345
843,22829,CASTLGQGQPQHF,ELAGIGILTV,2,TLGQGQPQ,1797
844,22830,CASSYSTGDGVHF,ELAGIGILTV,2,SYSTGDGV,1433
845,22831,CATSVSANTGELFF,ELAGIGILTV,2,SVSANTGE,1414
846,22832,CASSQEAGGETQYF,ELAGIGILTV,2,SQEAGGET,1193
847,22833,CASSLMASFETQYF,ELAGIGILTV,2,SLMASFET,1650
848,22834,CASRGLAGAGEQYF,ELAGIGILTV,2,RGLAGAGE,210
849,22835,CASSYLGSGNEQFF,ELAGIGILTV,2,SYLGSGNE,819
850,22836,CASSPGLAYYEQYF,ELAGIGILTV,2,SPGLAYYE,955
851,22837,CASTPGPRDSPLHF,ELAGIGILTV,2,TPGPRDSP,532
852,22838,CASSLLQGSDTQYF,ELAGIGILTV,2,SLLQGSDT,1276
853,22839,CASSRGQGIDTQYF,ELAGIGILTV,2,SRGQGIDT,1954
854,22840,CASSPEQGGQPQHF,ELAGIGILTV,2,SPEQGGQP,1399
855,22841,CASSYDTLGTEAFF,ELAGIGILTV,2,SYDTLGTE,1505
856,22842,CSASSGGAGVDTQYF,ELAGIGILTV,2,SGGAGVDT,275
857,22843,CASSVGGGNTGELFF,ELAGIGILTV,2,VGGGNTGE,1595
858,22844,CASRLPGLSLNEQYF,ELAGIGILTV,2,LPGLSLNE,1256
859,22845,CASSQESLAGNEQFF,ELAGIGILTV,2,QESLAGNE,1549
860,22846,CASSQVGMTTGELFF,ELAGIGILTV,2,QVGMTTGE,696
861,22847,CASSLMTAVYNSPLHF,ELAGIGILTV,2,LMTAVYNS,1284
862,22848,CSARDQLGLNTGELFF,ELAGIGILTV,2,DQLGLNTG,640
863,22849,CASSQIQGAVAGELFF,ELAGIGILTV,2,QIQGAVAG,1157
864,22850,CAISESQVGVANTEAFF,ELAGIGILTV,2,SQVGVANT,1805
865,22851,CASSSAGGPHLRDEQFF,ELAGIGILTV,2,AGGPHLRD,356
866,22852,CASSPQRTSGRADEQFF,ELAGIGILTV,2,QRTSGRAD,299
867,22853,CASSLSGVTGVASYGYTF,ELAGIGILTV,2,SGVTGVAS,1252
868,22854,CATSRAPGLAVTDTQTF,ELAGIGILTV,2,APGLAVTD,625
869,22855,CASSFAALPGETEAFF,ELAGIGILTV,2,FAALPGET,400
870,22856,CASSQAHGLFSYEQYF,ELAGIGILTV,2,QAHGLFSY,1519
871,22857,CASSLGRYNEQFF,YLEPGPVTA,2,SLGRYNEQ,1760
872,22858,CASSLGSSYEQYF,YLEPGPVTA,2,SLGSSYEQ,1162
873,22859,CASSFIGGTDTQYF,YLEPGPVTA,3,SFIGGTDT,274
874,22860,CASSIGGPYEQYF,YLEPGPVTA,2,SIGGPYEQ,401
875,22861,CASSLRGNEQFF,YLAMPFATPMEAELARRSLA,2,SSLRGNEQ,1943
876,22862,CASSLVGTNIQYF,YLAMPFATPMEAELARRSLA,2,SLVGTNIQ,42
877,22863,CASSYVGNTGELFF,SLLMWITQC,2,SYVGNTGE,1561
878,22864,CASSLSFGTEAFF,AAGIGILTV,2,SLSFGTEA,442
879,22865,CAISEVGVGQPQHF,AAGIGILTV,2,SEVGVGQP,1725
880,22866,CASRPGLAGGRPEQYF,LLFGYPVYV,2,PGLAGGRP,43
881,22867,CASSYPGGGFYEQYF,LLFGYPVYV,2,YPGGGFYE,1471
882,22868,CASSYVGNTGELFF,SLLMWITQC,2,SYVGNTGE,1561
883,22869,CASSLSFGTEAFF,AAGIGILTV,2,SLSFGTEA,442
884,22870,CASSFNMATGQYF,EVDPIGHLY,2,SFNMATGQ,891
885,23035,CASSSQGGYGYTF,KVDPIGHVY,2,SSQGGYGY,1711
886,23036,CASSFDRGYGYTF,KVDPIGHVY,2,SFDRGYGY,2
887,23037,CASSLSGGLLRTGELFF,FVVPYMIYLL,2,SGGLLRTG,1867
888,23038,CASSGRVTGGFYNEQFF,VQIISCQY,2,RVTGGFYN,335
889,23039,CASSFGGAYEQYF,VQIISCQY,2,SFGGAYEQ,1869
890,23044,CASSPTLYNEQFF,VYALIAGATL,2,SPTLYNEQ,1129
891,23045,CASSLSYLNEQFF,VYALIAGATL,2,SLSYLNEQ,284
892,23046,CASHPVGSLTDTQYF,VYALIAGATL,2,PVGSLTDT,978
893,23047,CASSEWVFWSSYNSPLHF,VYALIAGATL,2,WVFWSSYN,510
894,23048,CASSLGPVYEQYF,TLWCSPIKV,2,SLGPVYEQ,1002
895,23049,CASSEGHFSGNTIYF,TLWCSPIKV,2,EGHFSGNT,806
896,23050,CASGGAIDTDTQYF,TLWCSPIKV,2,GGAIDTDT,1116
897,23051,CASSSGLAGEQFF,TLWCSPIKV,2,SSGLAGEQ,1203
898,23052,CASSFFGSNQPQHF,TLWCSPIKV,2,SFFGSNQP,1796
899,23053,CASSFSNDYEQYF,TLWCSPIKV,2,SFSNDYEQ,1127
900,23054,CASGSSGQGEYGELFF,TLWCSPIKV,2,SSGQGEYG,725
901,23055,CASSEDLLRDTHQPQHF,TLWCSPIKV,2,DLLRDTHQ,1652
902,23056,CASSLIQVGYEQYF,TLWCSPIKV,2,SLIQVGYE,437
903,23057,CASSESRSGNQPQHF,FMPDFDLHL,2,ESRSGNQP,396
904,23058,CASSLYRGTGELFF,FMPDFDLHL,2,SLYRGTGE,77
905,23059,CASSHQAGALYNEQFF,EVLPFFLFF,2,HQAGALYN,349
906,23060,CASSLNSGHTQYF,QTNPVTLQY,2,SLNSGHTQ,1158
907,23061,CATGTGGNDYEQYF,TLYSLTLLY,2,GTGGNDYE,1249
908,23062,CASSNRGYDEQYF,TEDEHFEFY,2,SNRGYDEQ,463
909,23063,CSVEDRRGPFYGYTF,TEDEHFEFY,2,DRRGPFYG,520
910,23064,CASSQYAVRVGDTEAFF,FLIYLDVSV,2,YAVRVGDT,1676
911,23065,CASSPPGRYYEQYF,FLIYLDVSV,2,SPPGRYYE,963
912,23066,CATSEGPGQGISGANVLTF,FLIYLDVSV,2,PGQGISGA,443
913,23067,CASSFGGGLQETQYF,CISSCNPNL,2,FGGGLQET,19
914,23068,CASSSTRGWADTQYF,KLTESLHKV,2,STRGWADT,1061
915,23069,CASSGQGSSYNSPLHF,EEAAGIGILTVI,2,GQGSSYNS,517
916,23070,CASSLGNPSTDTQYF,EEAAGIGILTVI,2,LGNPSTDT,1554
917,23071,CASPILRQPQHF,EEAAGIGILTVI,2,SPILRQPQ,334
918,23072,CASSQSGTLYGYTF,EEAAGIGILTVI,2,SQSGTLYG,1220
919,23073,CASPILRQPQHF,EEAAGIGILTVI,2,SPILRQPQ,334
920,23074,CASSPGQGNPEAFF,LLEFYLAMPFATP,2,SPGQGNPE,386
921,23075,CASSPGGGAYEQYF,LLEFYLAMPFATP,2,SPGGGAYE,506
922,23076,CASSVVPTGNTEAFF,LLEFYLAMPFATP,2,VVPTGNTE,187
923,23085,CASSLGTGGTGELFF,DFHFEVFNFVPCSI,2,LGTGGTGE,1080
924,23086,CSVQGGLDSNYGYTF,DFHFEVFNFVPCSI,2,GGLDSNYG,185
925,23087,CASSLGTGGTGELFF,DFHFEVFNFVPCSI,2,LGTGGTGE,1080
926,23088,CASSLNTGAGYGYTF,DFHFEVFNFVPCSI,2,LNTGAGYG,1480
927,23089,CASSLGTGGTGELFF,DFHFEVFNFVPCSI,2,LGTGGTGE,1080
928,23090,CASSLPSGGAPGTGELFF,DFHFEVFNFVPCSI,2,PSGGAPGT,1181
929,23091,CSVQGGLDSNYGYTF,DFHFEVFNFVPCSI,2,GGLDSNYG,185
930,23092,CASSIATTNTGELFF,FNNFTVSFWLRVPKVSASHLE,2,IATTNTGE,1006
931,23093,CASSLETGTNYEQYF,FNNFTVSFWLRVPKVSASHLE,2,LETGTNYE,815
932,23094,CASSLDIGNNEQFF,FNNFTVSFWLRVPKVSASHLE,2,SLDIGNNE,1146
933,23095,CASSIATTNTGELFF,FNNFTVSFWLRVPKVSASHLE,2,IATTNTGE,1006
934,23096,CASSVAGGGQETQYF,VVVGAVGVGK,2,VAGGGQET,946
935,23097,CASSLSFRQGLREQYF,VVVGAVGVGK,2,LSFRQGLR,1195
936,23098,CASKVYGYTF,GARGVGKSAL,2,ASKVYGYT,812
937,23099,CSVESGQDYGYTF,MTEYKLVVVGAVGVGKSALTIQLI,2,ESGQDYGY,1007
938,23100,CSASRGATGQPQHF,MTEYKLVVVGAVGVGKSALTIQLI,2,SRGATGQP,1745
939,23101,CASSLAAGGYFNEQFF,VVVGADGVGK,2,LAAGGYFN,800
940,23102,CASSQDVTSEWVDTIYF,AVGVGKSAL,2,DVTSEWVD,438
941,23103,CASSQEDNEQFF,AVGVGKSAL,2,SSQEDNEQ,1462
942,23104,CASRLGNTGELFF,MTEYKLVVVGAGDVGKSALTIQLI,2,RLGNTGEL,1420
943,23105,CASRQGNTGELFF,MTEYKLVVVGAGDVGKSALTIQLI,2,RQGNTGEL,892
944,23106,CASSLTSGGFDEQFF,VVGAVGVGK,2,LTSGGFDE,1786
945,23107,CSAREGAGGMGTQYF,MTEYKLVVVGAVGVGKSALTIQLI,2,EGAGGMGT,1411
946,23108,CSASNRLAVNEQFF,MTEYKLVVVGARGVGKSALTIQLI,2,SNRLAVNE,1762
947,23109,CASSNQLVTGGYGYTF,MTEYKLVVVGARGVGKSALTIQLI,2,NQLVTGGY,332
948,23110,CASSPTLYNEQFF,GVYALIAGA,2,SPTLYNEQ,1129
949,23111,CASSLSYLNEQFF,GVYALIAGA,2,SLSYLNEQ,284
950,23112,CASHPVGSLTDTQYF,GVYALIAGA,2,PVGSLTDT,978
951,23113,CASHPVGSLTDTQYF,GVYALIAGA,2,PVGSLTDT,978
952,23114,CASSEWVFWSSYNSPLHF,GVYALIAGA,2,WVFWSSYN,510
953,23129,CASSEEPHEKYFF,FIASNGVKLV,2,SEEPHEKY,691
954,23130,CSSFGTDQPQYF,FIASNGVKLV,2,SFGTDQPQ,1602
955,23131,CASSALGDEQYF,FIASNGVKLV,2,SSALGDEQ,972
956,23132,CASSQVEKGRETQYF,FLDEFMEGV,2,QVEKGRET,617
957,23133,CASSLAGGGEQFF,FLDEFMEGV,2,SLAGGGEQ,1907
958,23134,CASSTRPGTEAFF,LLEFYLAMPFATP,2,STRPGTEA,368
959,23135,CSARDRIAVYNEQFF,LLEFYLAMPFATP,2,DRIAVYNE,928
960,23136,CASTLALGGGANEQFF,LLEFYLAMPFATP,2,LALGGGAN,1989
961,23137,CAISRDTRRGQPQHF,LLEFYLAMPFATP,2,RDTRRGQP,270
962,23138,CASSPARDGGGNEQFF,LLEFYLAMPFATP,2,PARDGGGN,1166
963,23139,CASSVGPDGSNQPQHF,LLEFYLAMPFATP,2,VGPDGSNQ,9
964,23140,CASSTTGKRGEQYF,LLEFYLAMPFATP,2,STTGKRGE,314
965,23141,CASSLSSGNYYGYTF,LLEFYLAMPFATP,2,LSSGNYYG,328
966,23142,CAWGPRGPNYSGNTIYF,LLEFYLAMPFATP,2,RGPNYSGN,1434
967,23143,CASSQSTVRYGYTF,LLEFYLAMPFATP,2,SQSTVRYG,833
968,23144,CASSVGPSGGASELFF,LLEFYLAMPFATP,2,VGPSGGAS,556
969,23145,CASSVGPNGSNQPQHF,LLEFYLAMPFATP,2,VGPNGSNQ,1702
970,23146,CASSLGRRGGPYNEQFF,LLEFYLAMPFATP,2,GRRGGPYN,767
971,23147,CASSVAPSGVGTQYF,LLEFYLAMPFATP,2,VAPSGVGT,637
972,23148,CASSPNRVYGYTF,LLEFYLAMPFATP,2,SPNRVYGY,1183
973,23149,CASRLRWGAAAGELFF,LLEFYLAMPFATP,2,LRWGAAAG,659
974,23185,CSVEKGNNYGYTF,RLPGVLPRA,2,EKGNNYGY,1971
975,23186,CASSLSQGIYYEQYF,RLPGVLPRA,2,LSQGIYYE,639
976,23187,CASEGVHEQFF,LLIRWQHFL,2,SEGVHEQF,1
977,23188,CASSPVGWGNTIYF,AALPILFQV,2,SPVGWGNT,1402
978,23189,CASSTMGDYYEQYF,ALLLQLFTL,2,STMGDYYE,1913
979,23190,CASSLWAGNTIYF,ALLPGLPAA,2,SLWAGNTI,115
980,23191,CAINSGFGSPLHF,ALLPGLPAA,2,NSGFGSPL,1598
981,23192,CSASQIYEQYF,ALLPGLPAA,2,ASQIYEQY,1228
982,23193,CASSFSLQYEQYF,ALLPGLPAA,2,SFSLQYEQ,1799
983,23194,CASSLFGLAGVEETQYF,RLPGVLPRA,2,FGLAGVEE,1969
984,23195,CASSQAISDREVWDQETQYF,RLPGVLPRA,2,ISDREVWD,1525
985,23196,CASSLTPPGSYNEQFF,RLPGVLPRA,2,LTPPGSYN,2013
986,23197,CASSFGGDGYNEQFF,RLPGVLPRA,2,FGGDGYNE,606
987,23198,CASSLRDRGNQPQHF,RLPGVLPRA,2,LRDRGNQP,1606
988,23199,CSVEDLGAGVSNEQFF,RLPGVLPRA,2,DLGAGVSN,521
989,23200,CASSYEDHEQYF,RLPGVLPRA,2,SSYEDHEQ,1758
990,23201,CASSYSPGYEQYF,RLPGVLPRA,2,SYSPGYEQ,1977
991,23202,CASSLEVGLAPNEQFF,RLPGVLPRA,2,LEVGLAPN,291
992,23203,CASSLAGGSYEQYF,RLPGVLPRA,2,SLAGGSYE,555
993,23204,CASSLITGDTEAFF,RLPGVLPRA,2,SLITGDTE,507
994,23205,CASSPRDEQFF,RLGEVRHPV,2,SSPRDEQF,999
995,23211,CASSVAGGGQETQYF,VVVGAVGVGK,2,VAGGGQET,946
996,23212,CASSLSFRQGLREQYF,VVVGAVGVGK,2,LSFRQGLR,1195
997,23213,CASKVYGYTF,GARGVGKSAL,2,ASKVYGYT,812
998,23214,CASSPQTGTGTYGYTF,NLVPMVATV,2,PQTGTGTY,491
999,23215,CASSAQTGAAYGYTF,NLVPMVATV,2,AQTGAAYG,863
1000,23216,CASSAQTGAAYGYTF,NLVPMVATV,2,AQTGAAYG,863
1001,23217,CASSAQTGAAYGYTF,NLVPMVATV,2,AQTGAAYG,863
1002,23218,CASSPQTGTGTYGYTF,NLVPMVATV,2,PQTGTGTY,491
1003,23219,CASSPQTGTGTYGYTF,NLVPMVATV,2,PQTGTGTY,491
1004,23220,CASSSVNEQYF,NLVPMVATV,2,SSSVNEQY,1426
1005,23221,CASSLEVTGELFF,NLVPMVATV,2,SLEVTGEL,239
1006,23222,CASSLGGGGVTEAFF,NLVPMVATV,2,LGGGGVTE,1131
1007,23223,CATTYGRMNTEAFF,NLVPMVATV,2,TYGRMNTE,1672
1008,23224,CASSLGGGGVTEAFF,NLVPMVATV,2,LGGGGVTE,1131
1009,23225,CATTYGRMNTEAFF,NLVPMVATV,2,TYGRMNTE,1672
1010,23226,CASSLLATGGNGYTF,NLVPMVATV,2,LLATGGNG,1303
1011,23227,CASSPQTGTGTYGYTF,NLVPMVATV,2,PQTGTGTY,491
1012,23228,CASSRQTGSIYGYTF,NLVPMVATV,2,RQTGSIYG,170
1013,23229,CASSSVTEAFF,NLVPMVATV,2,SSSVTEAF,577
1014,23230,CASSSVTEAFF,NLVPMVATV,2,SSSVTEAF,577
1015,23231,CASSLVSGATYNEQFF,NLVPMVATV,2,LVSGATYN,1108
1016,23232,CASSLVGGRYGYTF,NLVPMVATV,2,SLVGGRYG,1593
1017,23233,CASSLMFTGVPQDTQYF,NLVPMVATV,2,MFTGVPQD,1723
1018,23234,CASSPTTGTAYGYTF,NLVPMVATV,2,PTTGTAYG,742
1019,23235,CSVGHGGTNEKLFF,GLCTLVAML,2,GHGGTNEK,1531
1020,23236,CASSQSPGGTQFF,GLCTLVAML,2,SQSPGGTQ,214
1021,23237,CASSQSPGGTQFF,GLCTLVAML,2,SQSPGGTQ,214
1022,23238,CSVGQGGTNEKLFF,GLCTLVAML,2,GQGGTNEK,1429
1023,23239,CSARDGTGNGYTF,GLCTLVAML,2,RDGTGNGY,855
1024,23240,CSARDGTGNGYTF,GLCTLVAML,2,RDGTGNGY,855
1025,23241,CASSQSPGGTQYF,GLCTLVAML,2,SQSPGGTQ,214
1026,23242,CSARDGTGNGYTF,GLCTLVAML,2,RDGTGNGY,855
1027,23243,CAISEDITVAPEQYF,GLCTLVAML,2,EDITVAPE,1719
1028,23244,CASGPYEGNQPQHF,GLCTLVAML,2,GPYEGNQP,1972
1029,23245,CASSLTGTFRGYTF,GLCTLVAML,2,SLTGTFRG,1087
1030,23246,CASSLGEGFSNQPQHF,TIHDIILECV,2,LGEGFSNQ,943
1031,23247,CASSEGTDYGYTF,MHQKRTAMFQDPQER,2,SEGTDYGY,358
1032,23248,CASSWERAGKAFF,VVVGAVGVGKSALTIQLIQN,2,SWERAGKA,40
1033,23249,CASSQVGRGRGAFF,SVCAGILSYGV,2,SQVGRGRG,1274
1034,23250,CASSVVDADTQYF,SVCAGILSYGV,2,SVVDADTQ,1728
1035,23251,CASSVVDADTQYF,SVCAGILSYGV,2,SVVDADTQ,1728
1036,23305,CSVGTGGTNEKLFF,GLCTLVAML,2,GTGGTNEK,1311
1037,23306,CSARDRVGNTIYF,GLCTLVAML,2,RDRVGNTI,1491
1038,23307,CSARDGTGNGYTF,GLCTLVAML,2,RDGTGNGY,855
1039,23308,CSARDRTGNGYTF,GLCTLVAML,2,RDRTGNGY,918
1040,23310,CASSQSPGGTQYF,GLCTLVAML,2,SQSPGGTQ,214
1041,23313,CSVGSGGTNEKLFF,GLCTLVAML,2,GSGGTNEK,1041
1042,28256,CASSFEETQYF,TAAQAAVVRFQEAAN,2,SSFEETQY,1455
1043,28257,CASSPEETQYF,TAAQAAVVRFQEAAN,3,SSPEETQY,868
1044,28258,CASSLEETQYF,TAAQAAVVRFQEAAN,2,SSLEETQY,306
1045,28259,CASSVALAGAEYF,MHVSFVMAYPEMLAA,2,SVALAGAE,1375
1046,28260,CASSVALASGANVLTF,MHVSFVMAYPEMLAA,2,VALASGAN,579
1047,28261,CASSVALQGVHTQYF,MHVSFVMAYPEMLAA,2,VALQGVHT,215
1048,28262,CASSVALATGEQYF,MHVSFVMAYPEMLAA,2,SVALATGE,455
1049,28263,CASSLIEGGTEAFF,PSPSMGRDIKVQFQS,2,SLIEGGTE,1537
1050,28264,CASSLIEGLEQYF,PSPSMGRDIKVQFQS,2,SLIEGLEQ,1365
1051,28265,CASSLIENTEAFF,PSPSMGRDIKVQFQS,2,SLIENTEA,445
1052,28266,CASSLIEQQPQHF,PSPSMGRDIKVQFQS,2,SLIEQQPQ,1481
1053,28267,CASSLGQGHYNEQFF,MSQIMYNYPAMLGHA,2,LGQGHYNE,912
1054,28268,CASSPGQGHYNEQFF,MSQIMYNYPAMLGHA,2,PGQGHYNE,533
1055,28269,CSARAGGGEAKNIQYF,AAVVRFQEAANKQKQ,2,AGGGEAKN,173
1056,28270,CSARASGGEAKNIQYF,AAVVRFQEAANKQKQ,2,ASGGEAKN,30
1057,28271,CSARKQGNEQFF,PPQIAANRSQLISLV,2,ARKQGNEQ,808
1058,28272,CSARGQGNEQYF,PPQIAANRSQLISLV,2,ARGQGNEQ,1875
1059,28273,CASSPGTESNQPQHF,STRQALRPRADGPVG,2,PGTESNQP,76
1060,28274,CASSFGTESNQPQHF,STRQALRPRADGPVG,2,FGTESNQP,1594
1061,28275,CASSLGTESNQPQHF,STRQALRPRADGPVG,2,LGTESNQP,1240
1062,28276,CAISFVTESNQPQHF,STRQALRPRADGPVG,2,FVTESNQP,1637
1063,28277,CASSFVTESNQPQHF,STRQALRPRADGPVG,2,FVTESNQP,1637
1064,28278,CASSPGTESNSPLHF,STRQALRPRADGPVG,2,PGTESNSP,1364
1065,28279,CASSRGTESNTEAFF,STRQALRPRADGPVG,2,RGTESNTE,905
1066,28280,CASSSGTESNQPQHF,STRQALRPRADGPVG,2,SGTESNQP,964
1067,28281,CASSTGTESNQPQHF,STRQALRPRADGPVG,2,TGTESNQP,1690
1068,28282,CASTGGTESNQPQHF,STRQALRPRADGPVG,2,GGTESNQP,940
1069,28283,CASSLRSRGYEQYF,LTDEQRAAALEKAAA,2,SLRSRGYE,825
1070,28284,CASSLRSRSYEQYF,LTDEQRAAALEKAAA,2,SLRSRSYE,376
1071,28285,CASSLRSRAYEQYF,LTDEQRAAALEKAAA,2,SLRSRAYE,8
1072,29408,CASSPHPGTSGGASYNEQFF,HPNGYKSLSTL,3,PGTSGGAS,1137
1073,29409,CASSPHPGTSGGASYNEQFF,HPNGYKSLSTL,3,PGTSGGAS,1137
1074,29410,CASSLMTNQPQHF,HPNGYKSLSTL,3,SLMTNQPQ,1190
1075,29411,CASSPHPGTSGGASYNEQFF,HPNGYKSLSTL,3,PGTSGGAS,1137
1076,29412,CASSLYGSVQNEQFF,HPNGYKSLSTL,3,LYGSVQNE,2014
1077,29413,CASSVATSGGSQQFF,HPNGYKSLSTL,3,VATSGGSQ,1054
1078,29414,CASSLYGADTQYF,HPNGYKSLSTL,3,SLYGADTQ,475
1079,29415,CASSLWKGAGYTF,RPIIRPATL,3,SLWKGAGY,938
1080,29416,CASSYRGLSGELFF,HPNGYKSLSTL,3,SYRGLSGE,171
1081,29417,CASSQEVETQYF,HPNGYKSLSTL,3,SSQEVETQ,1498
1082,29418,CASSYRGLSGELFF,HPNGYKSLSTL,3,SYRGLSGE,171
1083,29419,CASSIVRGQRETKNIQYF,HPNGYKSLSTL,3,VRGQRETK,684
1084,29420,CASSPHPGTSGGASYNEQFF,HPNGYKSLSTL,3,PGTSGGAS,1137
1085,29421,CASSLYGSVQNEQFF,HPNGYKSLSTL,3,LYGSVQNE,2014
1086,29422,CASSFDRGTGNTIYF,RPIIRPATL,3,FDRGTGNT,293
1087,29423,CASSVATSGGSQQFF,HPNGYKSLSTL,3,VATSGGSQ,1054
1088,29424,CASSQEVETQYF,HPNGYKSLSTL,3,SSQEVETQ,1498
1089,29425,CASSHRTGGETQYF,HPNGYKSLSTL,3,SHRTGGET,823
1090,29426,CASSPHPGTSGGASYNEQFF,HPNGYKSLSTL,3,PGTSGGAS,1137
1091,29427,CASSTILGPGANVLTF,HPNGYKSLSTL,3,TILGPGAN,484
1092,29428,CASSEETGNQPQHF,RPIIRPATL,3,SEETGNQP,1499
1093,29429,CASSLAGTGGRFSYEQYF,RPIIRPATL,3,AGTGGRFS,1495
1094,29430,CASSFDRGTGNTIYF,RPIIRPATL,3,FDRGTGNT,293
1095,29431,CASRIWDGGASTDTQYF,RPIIRPATL,3,WDGGASTD,1653
1096,29432,CASSFDRGTGNTIYF,RPIIRPATL,3,FDRGTGNT,293
1097,29433,CASSFDRGTGNTIYF,RPIIRPATL,3,FDRGTGNT,293
1098,29434,CASSFDRGTGNTIYF,RPIIRPATL,3,FDRGTGNT,293
1099,29435,CASSEETGNQPQHF,RPIIRPATL,3,SEETGNQP,1499
1100,29436,CASSYYRLAGELFF,RPIIRPATL,3,SYYRLAGE,269
1101,29437,CASSFDRGTGNTIYF,RPIIRPATL,3,FDRGTGNT,293
1102,29438,CASSEETGNQPQHF,RPIIRPATL,3,SEETGNQP,1499
1103,29439,CASNGQGDTEAFF,HPNGYKSLSTL,3,NGQGDTEA,924
1104,29440,CASSLGVEELFF,HPNGYKSLSTL,3,SSLGVEEL,1005
1105,29441,CASSVEAGPNEQYF,RPIIRPATL,3,SVEAGPNE,649
1106,29442,CASSSLPGGGVDTQYF,RPIIRPATL,3,SLPGGGVD,1335
1107,29443,CASSLWQGGQPQHF,RPIIRPATL,3,SLWQGGQP,1708
1108,29444,CASSQERGDNTKNTQYF,HPNGYKSLSTL,3,ERGDNTKN,479
1109,29445,CASSLGVEELFF,HPNGYKSLSTL,3,SSLGVEEL,1005
1110,29446,CASSPGSTEAFF,HPNGYKSLSTL,3,SSPGSTEA,509
1111,29447,CASSVFGVQRGFGTDTQYF,RPIIRPATL,3,GVQRGFGT,1486
1112,29448,CASNGQGDTEAFF,HPNGYKSLSTL,3,NGQGDTEA,924
1113,29449,CASSLIGEETQYF,RPIIRPATL,3,SLIGEETQ,1756
1114,29450,CASSLPGTAYEQYF,HPNGYKSLSTL,3,SLPGTAYE,959
1115,29451,CASSSRGSGGASSYEQYF,RPIIRPATL,3,RGSGGASS,422
1116,29452,CARAFESGANVLTF,RPIIRPATL,3,AFESGANV,1596
1117,29453,CASSPYGGPGNTIYF,RPIIRPATL,3,PYGGPGNT,1642
1118,29454,CASSPYGGPGNTIYF,RPIIRPATL,3,PYGGPGNT,1642
1119,29455,CASSESAGHKAFF,HPNGYKSLSTL,3,SESAGHKA,1211
1120,29456,CAISGQGASYEQYF,HPNGYKSLSTL,3,SGQGASYE,1743
1121,29457,CASSVEAGPNEQYF,RPIIRPATL,3,SVEAGPNE,649
1122,29458,CASNGQGDTEAFF,HPNGYKSLSTL,3,NGQGDTEA,924
1123,29459,CASSPYGGPGNTIYF,RPIIRPATL,3,PYGGPGNT,1642
1124,29460,CASSPYGGPGNTIYF,RPIIRPATL,3,PYGGPGNT,1642
1125,29461,CASSPYGGPGNTIYF,RPIIRPATL,3,PYGGPGNT,1642
1126,29462,CASSPYGGPGNTIYF,RPIIRPATL,3,PYGGPGNT,1642
1127,29463,CASSPGSTEAFF,HPNGYKSLSTL,3,SSPGSTEA,509
1128,29464,CASSQDRDRGPDEKLFF,HPNGYKSLSTL,3,DRDRGPDE,683
1129,29465,CASRGGRVAGADTEAFF,HPNGYKSLSTL,3,GRVAGADT,87
1130,29466,CASSQSSGGGRSEAFF,RPIIRPATL,3,QSSGGGRS,1016
1131,29467,CASSQSSGGGRSEAFF,RPIIRPATL,3,QSSGGGRS,1016
1132,29468,CASSTWSQNTGELFF,RPIIRPATL,3,TWSQNTGE,1555
1133,29469,CASSQSSGGGRSEAFF,RPIIRPATL,3,QSSGGGRS,1016
1134,29470,CASSLGREETQYF,RPIIRPATL,3,SLGREETQ,1258
1135,29471,CASSRDLNEQFF,HPNGYKSLSTL,3,SSRDLNEQ,929
1136,29472,CASSTGQGEGLYSNQPQHF,RPIIRPATL,3,QGEGLYSN,1216
1137,29473,CASSPREGGETQYF,HPNGYKSLSTL,3,SPREGGET,763
1138,29474,CASSQPSQGGRLEQYF,RPIIRPATL,3,QPSQGGRL,1450
1139,29475,CASSPREGGETQYF,HPNGYKSLSTL,3,SPREGGET,763
1140,29476,CASSQPSQGGRLEQYF,RPIIRPATL,3,QPSQGGRL,1450
1141,29477,CASSQSSGGGRSEAFF,RPIIRPATL,3,QSSGGGRS,1016
1142,29478,CASSVAGLGGNTIYF,HPNGYKSLSTL,3,VAGLGGNT,1802
1143,29479,CASSQSSGGGRSEAFF,RPIIRPATL,3,QSSGGGRS,1016
1144,29480,CASSQERDRRAVEKLFF,HPNGYKSLSTL,3,ERDRRAVE,993
1145,29481,CASSDGGSPQFF,HPNGYKSLSTL,3,SSDGGSPQ,151
1146,29482,CASSPREGGETQYF,HPNGYKSLSTL,3,SPREGGET,763
1147,29483,CASSPREGGETQYF,HPNGYKSLSTL,3,SPREGGET,763
1148,29484,CSAKRNRAYHYGYTF,HPNGYKSLSTL,3,RNRAYHYG,645
1149,29485,CASSPREGGETQYF,HPNGYKSLSTL,3,SPREGGET,763
1150,29486,CSAKRNRAYHYGYTF,HPNGYKSLSTL,3,RNRAYHYG,645
1151,29487,CASSFGTGEAFF,HPNGYKSLSTL,3,SSFGTGEA,824
1152,29488,CASSPAGQGGYEQYF,HPNGYKSLSTL,3,PAGQGGYE,1199
1153,29489,CSAKRNRAYHYGYTF,HPNGYKSLSTL,3,RNRAYHYG,645
1154,29490,CASSPREGGETQYF,HPNGYKSLSTL,3,SPREGGET,763
1155,29491,CASSQDRGLAGGTYNEQFF,HPNGYKSLSTL,3,RGLAGGTY,1077
1156,29492,CASSPREGGETQYF,HPNGYKSLSTL,3,SPREGGET,763
1157,29493,CASSFGTGEAFF,HPNGYKSLSTL,3,SSFGTGEA,824
1158,29494,CASSTLQGADQPQHF,HPNGYKSLSTL,3,TLQGADQP,1384
1159,29495,CASSPREGGETQYF,HPNGYKSLSTL,3,SPREGGET,763
1160,29496,CASSDRDVTGELFF,RPIIRPATL,3,SDRDVTGE,255
1161,29497,CASSLDSSSGNTIYF,HPNGYKSLSTL,3,LDSSSGNT,678
1162,29498,CASSLYRGSNQPQHF,HPNGYKSLSTL,3,LYRGSNQP,34
1163,29499,CASSLMGNTEAFF,HPNGYKSLSTL,3,SLMGNTEA,1944
1164,29500,CASRGLQGRIDYNEQFF,HPNGYKSLSTL,3,LQGRIDYN,1020
1165,29501,CASSLYPGANTEAFF,HPNGYKSLSTL,3,LYPGANTE,1182
1166,29502,CASSLYGAGNSPLHF,HPNGYKSLSTL,3,LYGAGNSP,460
1167,29503,CASRIYAGSPYEQYF,HPNGYKSLSTL,3,IYAGSPYE,495
1168,29504,CASSPREAGGISGYTF,RPIIRPATL,3,PREAGGIS,78
1169,29505,CASNPAGGAGLGYGYTF,HPNGYKSLSTL,3,AGGAGLGY,801
1170,29506,CASSLDSSGGNEQYF,HPNGYKSLSTL,3,LDSSGGNE,734
1171,29507,CASRARVLDEQFF,HPNGYKSLSTL,3,RARVLDEQ,99
1172,29508,CASRGLQGRIDYNEQFF,HPNGYKSLSTL,3,LQGRIDYN,1020
1173,29509,CASSESGAGELFF,HPNGYKSLSTL,3,SESGAGEL,2017
1174,29510,CASSLGALGETQYF,HPNGYKSLSTL,3,SLGALGET,1328
1175,29511,CASSLAGAGNEQFF,HPNGYKSLSTL,3,SLAGAGNE,206
1176,29512,CASRGLQGRIDYNEQFF,HPNGYKSLSTL,3,LQGRIDYN,1020
1177,29513,CASSVGGAQPQHF,HPNGYKSLSTL,3,SVGGAQPQ,41
1178,29514,CSARDSGLSHGEQFF,HPNGYKSLSTL,3,DSGLSHGE,1046
1179,29515,CASRIYAGSPYEQYF,HPNGYKSLSTL,3,IYAGSPYE,495
1180,29516,CASRLMPGSTYEQYF,HPNGYKSLSTL,3,LMPGSTYE,144
1181,29517,CASRIYAGSPYEQYF,HPNGYKSLSTL,3,IYAGSPYE,495
1182,29518,CASRGLQGRIDYNEQFF,HPNGYKSLSTL,3,LQGRIDYN,1020
1183,29519,CASSSPPSGGGYEQFF,RPIIRPATL,3,SPPSGGGY,567
1184,29520,CASSDRDVTGELFF,RPIIRPATL,3,SDRDVTGE,255
1185,29521,CASRQEGRPMNTEAFF,RPIIRPATL,3,QEGRPMNT,32
1186,29522,CASRQEGRPMNTEAFF,RPIIRPATL,3,QEGRPMNT,32
1187,29523,CASRENRASNTEAFF,RPIIRPATL,3,ENRASNTE,1746
1188,29524,CASSARSTGGFGANVLTF,RPIIRPATL,3,RSTGGFGA,1956
1189,29525,CASSDRDRGGNQPQHF,RPIIRPATL,3,DRDRGGNQ,1764
1190,29526,CASSGRDRDLVEQYF,RPIIRPATL,3,GRDRDLVE,692
1191,29527,CASSPRGRGGREDTQYF,RPIIRPATL,3,RGRGGRED,1734
1192,29528,CASSTPSSYNEQFF,RPIIRPATL,3,STPSSYNE,740
1193,29529,CASVQGGSGGRGSYEQYF,RPIIRPATL,3,GGSGGRGS,1513
1194,29530,CASSDREGGPHEQYF,RPIIRPATL,3,DREGGPHE,1416
1195,29531,CASSDREGGPHEQYF,RPIIRPATL,3,DREGGPHE,1416
1196,29532,CASSDREGGPHEQYF,RPIIRPATL,3,DREGGPHE,1416
1197,29533,CASSSPPSGGGYEQFF,RPIIRPATL,3,SPPSGGGY,567
1198,29534,CASSSPPSGGGYEQFF,RPIIRPATL,3,SPPSGGGY,567
1199,29535,CASGAPGTPYNEQFF,HPNGYKSLSTL,3,APGTPYNE,102
1200,29536,CASSQVVAFGDTQYF,RPIIRPATL,3,QVVAFGDT,1415
1201,29537,CASSPGLPEYF,HPNGYKSLSTL,3,SSPGLPEY,1546
1202,29538,CASMARTSGDNEQFF,HPNGYKSLSTL,3,ARTSGDNE,1291
1203,29539,CASSLMANQPQHF,HPNGYKSLSTL,3,SLMANQPQ,1093
1204,29540,CSAPGGGGTSYEQYF,HPNGYKSLSTL,3,GGGGTSYE,232
1205,29541,CSANPRDESYNEQFF,HPNGYKSLSTL,3,PRDESYNE,1263
1206,29542,CASATSGTYYEQYF,HPNGYKSLSTL,3,ATSGTYYE,634
1207,29543,CASSLPAGQETQYF,HPNGYKSLSTL,3,SLPAGQET,86
1208,29544,CASSQIRETGSPLHF,HPNGYKSLSTL,3,QIRETGSP,1744
1209,29545,CASSDRGMNTEAFF,HPNGYKSLSTL,3,SDRGMNTE,469
1210,29546,CASSLRQALRNEQFF,RPIIRPATL,3,LRQALRNE,1739
1211,29547,CASSQEGGGETQYF,HPNGYKSLSTL,3,SQEGGGET,751
1212,29548,CASSLYSNQPQHF,HPNGYKSLSTL,3,SLYSNQPQ,611
1213,29549,CASSFFGNQPQHF,HPNGYKSLSTL,3,SFFGNQPQ,1332
1214,29550,CASATSGTYYEQYF,HPNGYKSLSTL,3,ATSGTYYE,634
1215,29551,CASGQGALADTQYF,HPNGYKSLSTL,3,GQGALADT,1726
1216,29552,CASSIYPGQLYNSPLHF,RPIIRPATL,3,YPGQLYNS,122
1217,29553,CASSGRGSYNEQFF,HPNGYKSLSTL,3,SGRGSYNE,787
1218,29554,CASSVDSGLGYGYTF,HPNGYKSLSTL,3,VDSGLGYG,654
1219,29555,CASSQDRHTEAFF,HPNGYKSLSTL,3,SQDRHTEA,921
1220,29556,CASSLGHGRSSYEQYF,HPNGYKSLSTL,3,LGHGRSSY,576
1221,29557,CASSLDRVSVNTEAFF,HPNGYKSLSTL,3,LDRVSVNT,1960
1222,29558,CASLEGYAAGELFF,HPNGYKSLSTL,3,LEGYAAGE,282
1223,29559,CASSQWGGQPQHF,RPIIRPATL,3,SQWGGQPQ,1934
1224,29560,CASSDNRVWTEAFF,RPIIRPATL,3,SDNRVWTE,1143
1225,29561,CASSPGEGMLVSEAFF,RPIIRPATL,3,PGEGMLVS,1233
1226,29562,CASSGVGSGRPNSYNEQFF,RPIIRPATL,3,GSGRPNSY,1285
1227,29563,CASSLAGTSGYTYEQYF,RPIIRPATL,3,AGTSGYTY,663
1228,29564,CASSIYPGQLYNSPLHF,RPIIRPATL,3,YPGQLYNS,122
1229,29565,CASSIYPGQLYNSPLHF,RPIIRPATL,3,YPGQLYNS,122
1230,29566,CASILGTSGREPYEQYF,RPIIRPATL,3,GTSGREPY,609
1231,29567,CASSLMGNTEAFF,HPNGYKSLSTL,3,SLMGNTEA,1944
1232,29568,CAISESGTGFEQYF,HPNGYKSLSTL,3,SESGTGFE,209
1233,29569,CASSQYSNQPQHF,HPNGYKSLSTL,3,SQYSNQPQ,1156
1234,29570,CASSQYSNQPQHF,HPNGYKSLSTL,3,SQYSNQPQ,1156
1235,29571,CASSQYSNQPQHF,HPNGYKSLSTL,3,SQYSNQPQ,1156
1236,29572,CASSQYSNQPQHF,HPNGYKSLSTL,3,SQYSNQPQ,1156
1237,29573,CASSLSRGWTEAFF,HPNGYKSLSTL,3,SLSRGWTE,1184
1238,29574,CASSQYSNQPQHF,HPNGYKSLSTL,3,SQYSNQPQ,1156
1239,29575,CASSLMGNTEAFF,HPNGYKSLSTL,3,SLMGNTEA,1944
1240,29576,CASSQERKAGGPTEAFF,HPNGYKSLSTL,3,ERKAGGPT,1071
1241,29577,CASSLYGGQPQHF,HPNGYKSLSTL,3,SLYGGQPQ,648
1242,29578,CASSLYRGIGLFF,RPIIRPATL,3,SLYRGIGL,1677
1243,29579,CAGRGRPNEKLFF,RPIIRPATL,3,RGRPNEKL,1615
1244,29580,CASSQYSNQPQHF,HPNGYKSLSTL,3,SQYSNQPQ,1156
1245,29581,CASSQYSNQPQHF,HPNGYKSLSTL,3,SQYSNQPQ,1156
1246,29582,CASSQYSNQPQHF,HPNGYKSLSTL,3,SQYSNQPQ,1156
1247,29583,CASSQYSNQPQHF,HPNGYKSLSTL,3,SQYSNQPQ,1156
1248,29584,CASSQDFGRTQYF,HPNGYKSLSTL,3,SQDFGRTQ,1229
1249,29585,CASSLMGNTEAFF,HPNGYKSLSTL,3,SLMGNTEA,1944
1250,29586,CASSLLTDTQYF,HPNGYKSLSTL,3,SSLLTDTQ,1467
1251,29587,CASSQYSNQPQHF,HPNGYKSLSTL,3,SQYSNQPQ,1156
1252,29588,CASSVEGGGAQETQYF,RPIIRPATL,3,VEGGGAQE,1821
1253,29589,CASSLSRGWTEAFF,HPNGYKSLSTL,3,SLSRGWTE,1184
1254,29590,CASSLYGPGGVGQPQHF,HPNGYKSLSTL,3,YGPGGVGQ,1398
1255,29591,CASILGTSGREPYEQYF,RPIIRPATL,3,GTSGREPY,609
1256,29592,CASSLYGSSYNEQFF,HPNGYKSLSTL,3,LYGSSYNE,1186
1257,29593,CASSQYSNQPQHF,HPNGYKSLSTL,3,SQYSNQPQ,1156
1258,29594,CASSSQGAAGELFF,HPNGYKSLSTL,3,SSQGAAGE,2011
1259,29595,CASSQYSNQPQHF,HPNGYKSLSTL,3,SQYSNQPQ,1156
1260,29596,CASSQLEQGGETQYF,HPNGYKSLSTL,3,QLEQGGET,427
1261,29597,CASSPGSSGRLGEQFF,HPNGYKSLSTL,3,PGSSGRLG,913
1262,29598,CAGRGRPNEKLFF,RPIIRPATL,3,RGRPNEKL,1615
1263,29599,CASSLREMGGKAEAFF,RPIIRPATL,3,LREMGGKA,537
1264,29600,CASSLYGNQPQHF,HPNGYKSLSTL,3,SLYGNQPQ,569
1265,29601,CASTPRGRGLVYGYTF,HPNGYKSLSTL,3,PRGRGLVY,71
1266,29602,CASSQYSNQPQHF,HPNGYKSLSTL,3,SQYSNQPQ,1156
1267,29603,CASSLYGNQPQHF,HPNGYKSLSTL,3,SLYGNQPQ,569
1268,29604,CSAVGLAGVRSYEQYF,RPIIRPATL,3,GLAGVRSY,219
1269,29605,CASSMIPDMNTEAFF,RPIIRPATL,3,MIPDMNTE,1466
1270,29606,CASSMIPDMNTEAFF,RPIIRPATL,3,MIPDMNTE,1466
1271,29607,CASSLAREYSPLHF,RPIIRPATL,3,SLAREYSP,1816
1272,29608,CASTAQGFSNQPQHF,RPIIRPATL,3,AQGFSNQP,1803
1273,29609,CASSLGDRGRGYGYTF,QMMVKAGL,3,LGDRGRGY,874
1274,29610,CASRGLSNTGELFF,RPIIRPATL,3,RGLSNTGE,554
1275,29611,CASSPSQTSGGRTDTQYF,QMMVKAGL,3,SQTSGGRT,1959
1276,29612,CASSPHQEVTEAFF,RPIIRPATL,3,SPHQEVTE,53
1277,29613,CASSTIGPYGELFF,RPIIRPATL,3,STIGPYGE,1223
1278,29614,CASSNYPGGARTDTQYF,QMMVKAGL,3,YPGGARTD,359
1279,29615,CSAGTGSANTEAFF,RPIIRPATL,3,GTGSANTE,1876
1280,29616,CASSPPARDRDHEQYF,QMMVKAGL,3,PPARDRDH,1794
1281,29617,CASSPSQTSGGRTDTQYF,QMMVKAGL,3,SQTSGGRT,1959
1282,29618,CASSPPRNMEPSYEQYF,QMMVKAGL,3,PRNMEPSY,1896
1283,29619,CASSPPRNMEPSYEQYF,QMMVKAGL,3,PRNMEPSY,1896
1284,29620,CASSSSGSSYNEQFF,RPIIRPATL,3,SSGSSYNE,1658
1285,29621,CASSMIPDMNTEAFF,RPIIRPATL,3,MIPDMNTE,1466
1286,29622,CAIANRGTEAFF,RPIIRPATL,3,IANRGTEA,238
1287,29623,CASSMIPDMNTEAFF,RPIIRPATL,3,MIPDMNTE,1466
1288,29624,CSARRSDRVNTEAFF,RPIIRPATL,3,RSDRVNTE,1520
1289,29625,CASSIIPDMNTEAFF,RPIIRPATL,3,IIPDMNTE,1906
1290,29626,CASSSRDRGLGTEAFF,QMMVKAGL,3,SRDRGLGT,840
1291,29627,CASSMIPDMNTEAFF,RPIIRPATL,3,MIPDMNTE,1466
1292,29628,CASSPPARDRDHEQYF,QMMVKAGL,3,PPARDRDH,1794
1293,29629,CASSMIPDMNTEAFF,RPIIRPATL,3,MIPDMNTE,1466
1294,29630,CASSHLDRGKKDYEQYF,QMMVKAGL,3,LDRGKKDY,1072
1295,29631,CASSPPRNMEPSYEQYF,QMMVKAGL,3,PRNMEPSY,1896
1296,29632,CASSMIPDMNTEAFF,RPIIRPATL,3,MIPDMNTE,1466
1297,29633,CASSNYPGGARTDTQYF,QMMVKAGL,3,YPGGARTD,359
1298,29634,CASSPSGTGANEQFF,RPIIRPATL,3,PSGTGANE,816
1299,29635,CASSLNFVGLNQPQHF,RPIIRPATL,3,LNFVGLNQ,1204
1300,29636,CASSHRDRGISGANVLTF,QMMVKAGL,3,RDRGISGA,1489
1301,29637,CASSMIPDMNTEAFF,RPIIRPATL,3,MIPDMNTE,1466
1302,29638,CASSNYPGGARTDTQYF,QMMVKAGL,3,YPGGARTD,359
1303,29639,CASSMIPDMNTEAFF,RPIIRPATL,3,MIPDMNTE,1466
1304,29640,CASSHRDRGISGANVLTF,QMMVKAGL,3,RDRGISGA,1489
1305,29641,CASSMVPDMNTEAFF,RPIIRPATL,3,MVPDMNTE,1638
1306,29642,CSAEGLAGGKNTGELFF,RPIIRPATL,3,LAGGKNTG,1706
1307,29643,CASSGRTGNTEAFF,RPIIRPATL,3,SGRTGNTE,708
1308,29644,CASSSSYEQYF,RPIIRPATL,3,SSSSYEQY,1255
1309,29645,CASSVSRDRNGELFF,RPIIRPATL,3,VSRDRNGE,599
1310,29646,CASSQNSVGSYNEQFF,RPIIRPATL,3,QNSVGSYN,454
1311,29647,CASSFARTRWEQYF,RPIIRPATL,3,SFARTRWE,827
1312,29648,CASTEPRGTEAFF,QMMVKAGL,3,TEPRGTEA,1623
1313,29649,CASRMTGGKTNEKLFF,QMMVKAGL,3,MTGGKTNE,1251
1314,29650,CASSVEIAGRYNEQFF,QMMVKAGL,3,VEIAGRYN,204
1315,29651,CASRMTGGKTNEKLFF,QMMVKAGL,3,MTGGKTNE,1251
1316,29652,CASSQDPPGRLGKLFF,QMMVKAGL,3,QDPPGRLG,745
1317,29653,CASSPGDRGKTNEQFF,QMMVKAGL,3,PGDRGKTN,644
1318,29654,CASRMTGGKTNEKLFF,QMMVKAGL,3,MTGGKTNE,1251
1319,29655,CASRMTGGKTNEKLFF,QMMVKAGL,3,MTGGKTNE,1251
1320,29656,CASSQGQGIADTQYF,RPIIRPATL,3,QGQGIADT,661
1321,29657,CASSLGQGKSSYEQYF,QMMVKAGL,3,LGQGKSSY,1261
1322,29658,CASSPRDRARGDEQYF,QMMVKAGL,3,PRDRARGD,1678
1323,29659,CASRMTGGKTNEKLFF,QMMVKAGL,3,MTGGKTNE,1251
1324,29660,CSARPRRSAGELFF,RPIIRPATL,3,RPRRSAGE,814
1325,29661,CASRMTGGKTNEKLFF,QMMVKAGL,3,MTGGKTNE,1251
1326,29662,CSVWVGREQETQYF,QMMVKAGL,3,WVGREQET,1899
1327,29663,CASSSSPRGDTQYF,QMMVKAGL,3,SSSPRGDT,922
1328,29664,CASSLGTLQPQHF,RPIIRPATL,3,SLGTLQPQ,1729
1329,29665,CASNPSAGTLYNEQFF,RPIIRPATL,3,PSAGTLYN,976
1330,29666,CASSLEGRREGETQYF,QMMVKAGL,3,LEGRREGE,1497
1331,29667,CASSQDSGRGELFF,QMMVKAGL,3,SQDSGRGE,1625
1332,29668,CASSFLFRDGTYEQYF,QMMVKAGL,3,FLFRDGTY,1757
1333,29669,CASTSRAGFNEQFF,QMMVKAGL,3,TSRAGFNE,14
1334,29670,CASSYSKMTAYNSPLHF,RPIIRPATL,3,SKMTAYNS,776
1335,29671,CSANPEGPYEQYF,QMMVKAGL,3,NPEGPYEQ,1472
1336,29672,CASRMTGGKTNEKLFF,QMMVKAGL,3,MTGGKTNE,1251
1337,29673,CASSVGGISPLHF,RPIIRPATL,3,SVGGISPL,81
1338,29674,CASRMTGGKTNEKLFF,QMMVKAGL,3,MTGGKTNE,1251
1339,29675,CASSPPRSEAFF,QMMVKAGL,3,SSPPRSEA,2020
1340,29676,CASSPGQGVYEQYF,RPIIRPATL,3,SPGQGVYE,974
1341,29677,CASRMTGGKTNEKLFF,QMMVKAGL,3,MTGGKTNE,1251
1342,29678,CASSPSRVLYEQYF,QMMVKAGL,3,SPSRVLYE,753
1343,29679,CASRMTGGKTNEKLFF,QMMVKAGL,3,MTGGKTNE,1251
1344,29680,CASSPTSGSVYEQFF,RPIIRPATL,3,PTSGSVYE,986
1345,29681,CASSFRQGEAFF,QMMVKAGL,3,SSFRQGEA,2022
1346,29682,CSARDPAPEETQYF,RPIIRPATL,3,RDPAPEET,156
1347,29683,CASSQARDPQGILHF,RPIIRPATL,3,QARDPQGI,1277
1348,29684,CASKRNTGELFF,RPIIRPATL,3,SKRNTGEL,1817
1349,29685,CASSFFGAQQVDGYTF,RPIIRPATL,3,FFGAQQVD,835
1350,29686,CASSRSLTDTQYF,RPIIRPATL,3,SRSLTDTQ,920
1351,29687,CASTVNRGSEGYTF,QMMVKAGL,3,TVNRGSEG,949
1352,29688,CASGLLTSGSINEQFF,QMMVKAGL,3,LLTSGSIN,1395
1353,29689,CASSTRRNTEAFF,QMMVKAGL,3,STRRNTEA,1173
1354,29690,CASSYRSSYEQYF,QMMVKAGL,3,SYRSSYEQ,1299
1355,29691,CASSPGGVYGYTF,RPIIRPATL,3,SPGGVYGY,826
1356,29692,CASSASAEFSSYEQYF,RPIIRPATL,3,ASAEFSSY,1371
1357,29693,CSVEGLGRAVTQYF,QMMVKAGL,3,EGLGRAVT,1788
1358,29694,CASSPSELAGGRLDTQYF,QMMVKAGL,3,SELAGGRL,288
1359,29695,CASSIIPDMNTEAFF,RPIIRPATL,3,IIPDMNTE,1906
1360,29696,CASAPRRDRGTDTQYF,QMMVKAGL,3,PRRDRGTD,931
1361,29697,CASSPSELAGGRLDTQYF,QMMVKAGL,3,SELAGGRL,288
1362,29698,CSVVQGAECTF,RPIIRPATL,3,VVQGAECT,96
1363,29699,CASAPRRDRGTDTQYF,QMMVKAGL,3,PRRDRGTD,931
1364,29700,CASSQARDRGNGYTF,RPIIRPATL,3,QARDRGNG,1304
1365,29701,CSVVQGAECTF,RPIIRPATL,3,VVQGAECT,96
1366,29702,CASSQWGRPQETQYF,QMMVKAGL,3,QWGRPQET,1122
1367,29703,CASSSIPDFNTEAFF,RPIIRPATL,3,SIPDFNTE,2021
1368,29704,CASSNIPDMNTEAFF,RPIIRPATL,3,NIPDMNTE,732
1369,29705,CASSIGQGKSSYEQYF,QMMVKAGL,3,IGQGKSSY,962
1370,29706,CSVVQGAECTF,RPIIRPATL,3,VVQGAECT,96
1371,29707,CASSVDPTGGGRQETQYF,QMMVKAGL,3,DPTGGGRQ,377
1372,29708,CSVVQGAECTF,RPIIRPATL,3,VVQGAECT,96
1373,29709,CSVVQGAECTF,RPIIRPATL,3,VVQGAECT,96
1374,29710,CASSLVGGEQYF,RPIIRPATL,3,SSLVGGEQ,1083
1375,29711,CSVVQGAECTF,RPIIRPATL,3,VVQGAECT,96
1376,29712,CASSSPRVAGRPDTQYF,QMMVKAGL,3,PRVAGRPD,261
1377,29713,CASSLVGGEQYF,RPIIRPATL,3,SSLVGGEQ,1083
1378,29714,CASSQWGRPQETQYF,QMMVKAGL,3,QWGRPQET,1122
1379,29715,CASSLVGGEQYF,RPIIRPATL,3,SSLVGGEQ,1083
1380,29716,CSVVQGAECTF,RPIIRPATL,3,VVQGAECT,96
1381,29717,CASSSIPDFNTEAFF,RPIIRPATL,3,SIPDFNTE,2021
1382,29718,CSVVQGAECTF,RPIIRPATL,3,VVQGAECT,96
1383,29719,CASSLVGGEQYF,RPIIRPATL,3,SSLVGGEQ,1083
1384,29720,CSVVQGAECTF,RPIIRPATL,3,VVQGAECT,96
1385,29721,CSVVQGAECTF,RPIIRPATL,3,VVQGAECT,96
1386,29722,CASSPSELAGGRLDTQYF,QMMVKAGL,3,SELAGGRL,288
1387,29723,CASSIIPDMNTEAFF,RPIIRPATL,3,IIPDMNTE,1906
1388,29724,CASSQWGRPQETQYF,QMMVKAGL,3,QWGRPQET,1122
1389,29725,CSVVQGAECTF,RPIIRPATL,3,VVQGAECT,96
1390,29726,CASAPRRDRGTDTQYF,QMMVKAGL,3,PRRDRGTD,931
1391,29727,CASSLVGGEQYF,RPIIRPATL,3,SSLVGGEQ,1083
1392,29728,CASSLVGGEQYF,RPIIRPATL,3,SSLVGGEQ,1083
1393,29729,CASSVRYEQYF,QMMVKAGL,3,SSVRYEQY,626
1394,29730,CASSLSRLAGDYTGELFF,QMMVKAGL,3,SRLAGDYT,52
1395,29731,CASSMIPDMNTEAFF,RPIIRPATL,3,MIPDMNTE,1466
1396,29732,CASAPRRDRGTDTQYF,QMMVKAGL,3,PRRDRGTD,931
1397,29733,CASSIGQGKSSYEQYF,QMMVKAGL,3,IGQGKSSY,962
1398,29734,CASSQWGRPQETQYF,QMMVKAGL,3,QWGRPQET,1122
1399,29735,CASSSIAGRGEKLFF,QMMVKAGL,3,SIAGRGEK,899
1400,29736,CASSNVPDMNTEAFF,RPIIRPATL,3,NVPDMNTE,844
1401,29737,CASAPRRDRGTDTQYF,QMMVKAGL,3,PRRDRGTD,931
1402,29738,CASSPSELAGGRLDTQYF,QMMVKAGL,3,SELAGGRL,288
1403,29739,CASSQWGRPQETQYF,QMMVKAGL,3,QWGRPQET,1122
1404,29740,CASSMVPDMNTEAFF,RPIIRPATL,3,MVPDMNTE,1638
1405,29741,CASSLIGNEQFF,RPIIRPATL,3,SSLIGNEQ,1830
1406,29742,CSARDRYNEQFF,QMMVKAGL,3,ARDRYNEQ,1222
1407,29743,CASSLVGATAFF,RPIIRPATL,3,SSLVGATA,2009
1408,29744,CASSLVGGEQYF,RPIIRPATL,3,SSLVGGEQ,1083
1409,29745,CATSTVPDYNSPLHF,RPIIRPATL,3,TVPDYNSP,1870
1410,29746,CASSMIPDMNTEAFF,RPIIRPATL,3,MIPDMNTE,1466
1411,29747,CASSMIPDMNTEAFF,QMMVKAGL,3,MIPDMNTE,1466
1412,29748,CASSMIPDMNTEAFF,RPIIRPATL,3,MIPDMNTE,1466
1413,29749,CASSMVPDMNTEAFF,RPIIRPATL,3,MVPDMNTE,1638
1414,29750,CASGRIAGELFF,RPIIRPATL,3,SGRIAGEL,1929
1415,29751,CASSMVPDMNTEAFF,RPIIRPATL,3,MVPDMNTE,1638
1416,29752,CASSVIPDMNTEAFF,RPIIRPATL,3,VIPDMNTE,1043
1417,29753,CASGRIAGELFF,RPIIRPATL,3,SGRIAGEL,1929
1418,29754,CASSLIRTWDEQYF,QMMVKAGL,3,SLIRTWDE,992
1419,29755,CASSLIRTWDEQYF,QMMVKAGL,3,SLIRTWDE,992
1420,29756,CASSLIRTWDEQYF,QMMVKAGL,3,SLIRTWDE,992
1421,29757,CASSMIPDMNTEAFF,RPIIRPATL,3,MIPDMNTE,1466
1422,29758,CASSMIPDMNTEAFF,RPIIRPATL,3,MIPDMNTE,1466
1423,29759,CASSMVPDMNTEAFF,RPIIRPATL,3,MVPDMNTE,1638
1424,29760,CASSMIPDMNTEAFF,RPIIRPATL,3,MIPDMNTE,1466
1425,29761,CASTSVRDRLEKLFF,QMMVKAGL,3,SVRDRLEK,1406
1426,29762,CASSPDRGYEQFF,QMMVKAGL,3,SPDRGYEQ,1707
1427,29763,CASGRIAGELFF,RPIIRPATL,3,SGRIAGEL,1929
1428,29764,CASSMIPDMNTEAFF,RPIIRPATL,3,MIPDMNTE,1466
1429,29765,CASSWGQGKSSYEQYF,QMMVKAGL,3,WGQGKSSY,1145
1430,29766,CASSQARTAYEQYF,QMMVKAGL,3,SQARTAYE,580
1431,29767,CASGRIAGELFF,RPIIRPATL,3,SGRIAGEL,1929
1432,29768,CASGRIAGELFF,RPIIRPATL,3,SGRIAGEL,1929
1433,29769,CASSGSSGGRTDTQYF,QMMVKAGL,3,GSSGGRTD,1544
1434,29770,CASSLIRTWDEQYF,QMMVKAGL,3,SLIRTWDE,992
1435,29771,CASSLVGGEQYF,RPIIRPATL,3,SSLVGGEQ,1083
1436,29772,CASSLIRTWDEQYF,QMMVKAGL,3,SLIRTWDE,992
1437,29773,CASSLPPRNTEAFF,QMMVKAGL,3,SLPPRNTE,125
1438,29774,CASSWRTGNSGELFF,QMMVKAGL,3,WRTGNSGE,1432
1439,29775,CASSLASGHRPTDTQYF,QMMVKAGL,3,ASGHRPTD,307
1440,29776,CASSPRREQGDTQYF,QMMVKAGL,3,PRREQGDT,780
1441,29777,CASRAWGREGEKLFF,QMMVKAGL,3,AWGREGEK,736
1442,29778,CASSWRTGNSGELFF,QMMVKAGL,3,WRTGNSGE,1432
1443,29779,CSAREGVNTEAFF,QMMVKAGL,3,REGVNTEA,154
1444,29780,CASSWRTGNSGELFF,QMMVKAGL,3,WRTGNSGE,1432
1445,29781,CASSVERGRNTGELFF,QMMVKAGL,3,VERGRNTG,157
1446,29782,CASSWRTGNSGELFF,QMMVKAGL,3,WRTGNSGE,1432
1447,29783,CASSPRREQGDTQYF,QMMVKAGL,3,PRREQGDT,780
1448,29784,CASSWRTGNSGELFF,QMMVKAGL,3,WRTGNSGE,1432
1449,29785,CASSWRTGNSGELFF,QMMVKAGL,3,WRTGNSGE,1432
1450,29786,CASSWRTGNSGELFF,QMMVKAGL,3,WRTGNSGE,1432
1451,29787,CASSQAGQAGELFF,QMMVKAGL,3,SQAGQAGE,1935
1452,29788,CASSLRLVAGRSYNEQFF,QMMVKAGL,3,RLVAGRSY,1435
1453,30156,CASRPGLAGGRPEQYF,LLFGYPVYV,3,PGLAGGRP,43
1454,30157,CASSYPGGGFYEQYF,LLFGYPVYV,3,YPGGGFYE,1471
1455,30158,CASGGQGRAEQFF,GNSHRGAIEWEGIESG,3,GGQGRAEQ,1705
1456,30159,CTCSADRVGNTLYF,INFDFNTI,3,SADRVGNT,761
1457,30160,CASSSTGLPYGYTF,PKYVKQNTLKLAT,3,SSTGLPYG,1448
1458,30161,CASGGGGTLYF,SIYRYYGL,3,SGGGGTLY,990
1459,30162,CASSSTGLPYGYTF,PKYVKQNTLKLAT,3,SSTGLPYG,1448
1460,30163,CTCSAAPDWGASAETLYF,KVITFIDL,3,APDWGASA,935
1461,30164,CASSLGQAYEQYF,FLRGRAYGL,3,SLGQAYEQ,1980
1462,30165,CASGGGGTLYF,EQYKFYSV,3,SGGGGTLY,990
1463,30166,CTCSADRVGNTLYF,RGYVYQGL,3,SADRVGNT,761
1464,30167,CASSSRSSYEQYF,GILGFVFTL,3,SSRSSYEQ,342
1465,30168,CASRPGLAGGRPEQYF,LLFGYAVYV,3,PGLAGGRP,43
1466,30169,CASRPGLAGGRPEQYF,LLFGYPRYV,3,PGLAGGRP,43
1467,30170,CASRPGLAGGRPEQYF,LLFGYPVAV,3,PGLAGGRP,43
1468,30171,CASGDAGGGYEQYF,SRGGASQYRPSQ,3,GDAGGGYE,1838
1469,30172,CASSLADRVNTEAFF,VHFFKNIVTPRTPG,3,LADRVNTE,1289
1470,30173,CASPGLAGEYEQYF,LPEPLPQGQLTAY,3,PGLAGEYE,1111
1471,30174,CASSYVGNTGELFF,SLLMWITQV,3,SYVGNTGE,1561
1472,30175,CASSYVGNTGELFF,SLLMWITQC,3,SYVGNTGE,1561
1473,30176,CASGGGGTLYF,EQYKFYSV,3,SGGGGTLY,990
1474,30177,CASSQDRDTQYF,VMAPRTLIL,3,SSQDRDTQ,794
1475,30178,CASSYVGNTGELFF,SLLMWITQC,3,SYVGNTGE,1561
1476,30179,CASSYVGNTGELFF,SLLMWITQC,3,SYVGNTGE,1561
1477,30180,CASRPGLAGGRPEQYF,LLFGKPVYV,3,PGLAGGRP,43
1478,30181,CASTYHGTGYF,GELIGILNAAKVPAD,3,STYHGTGY,1104
1479,30182,CASTYHGTGYF,GELIGTLNAAKVPAD,3,STYHGTGY,1104
1480,30183,CATGTGDSNQPQHF,EPLPQGQLTAY,3,GTGDSNQP,1159
1481,30184,CTCSADRVGNTLYF,SQYYYNSL,3,SADRVGNT,761
1482,30185,CASSYLGNTGELFF,SLLMWITQC,3,SYLGNTGE,616
1483,30186,CASSYLGNTGELFF,SLLMWITQC,3,SYLGNTGE,616
1484,30187,CASGDASGAETLYF,RGGASQYRPSQ,3,GDASGAET,1932
1485,30188,CASSYLGNTGELFF,SLLMWITQC,3,SYLGNTGE,616
1486,30189,CASSSRSSYEQYF,GILGFVFTL,3,SSRSSYEQ,342
1487,30190,CASSSRSSYEQYF,GILGFVFTL,3,SSRSSYEQ,342
1488,30191,CASSSRASYEQYF,GILGFVFTL,3,SSRASYEQ,1855
1489,30192,CASSSRSSYEQYF,PKYVKQNTLKLAT,3,SSRSSYEQ,342
1490,30193,CASTGSYGYTF,KAFSPEVIPMF,3,STGSYGYT,37
1491,30194,CASGDASGGNTLYF,RGGASQYRPSQ,3,GDASGGNT,1189
1492,30195,CASRPGLAGGRPEQYF,LLFGPVYV,3,PGLAGGRP,43
1493,30196,CASRPGLAGGRPEQYF,LLFGPVYV,3,PGLAGGRP,43
1494,30197,CASRYRDDSYNEQFF,EENLLDFVRF,3,YRDDSYNE,1835
1495,30198,CASSFTWTSGGATDTQYF,FLRGRAYGL,3,TWTSGGAT,2000
1496,30199,CASSPVTGGIYGYTF,NLVPMVATV,3,PVTGGIYG,1627
1497,30200,CASRPGLAGGRPEQYF,MLWGYLQYV,3,PGLAGGRP,43
1498,30201,CAWSETGLGTGELFF,ELAGIGILTV,3,ETGLGTGE,513
1499,30202,CASSLGQAYEQYF,EEYLKAWTF,3,SLGQAYEQ,1980
1500,30203,CASSLGQAYEQYF,EEYLQAFTY,3,SLGQAYEQ,1980
1501,30204,CASPGLAGEYEQYF,LPEPLPQGQLTAY,3,PGLAGEYE,1111
1502,30205,CASSWDRAGNTLYF,GAMKRHGLDNYRGYSLG,3,SWDRAGNT,584
1503,30206,CASSARSGELFF,HPVGEADYFEY,3,SSARSGEL,514
1504,30207,CASSARSGELFF,HPVGEADYFEY,3,SSARSGEL,514
1505,30208,CASSARSGELFF,HPVGEADYFEY,3,SSARSGEL,514
1506,30209,CSARDGTGNGYTF,GLCTLVAML,3,RDGTGNGY,855
1507,30210,CASSFGREQYF,SSLENFRAYV,3,SSFGREQY,362
1508,30211,CASRPGLAGGRPEQYF,LGYGFVNYI,3,PGLAGGRP,43
1509,30212,CASSLSFGTEAFF,ELAGIGILTV,3,SLSFGTEA,442
1510,30213,CASSLSFGTEAFF,AAGIGILTV,3,SLSFGTEA,442
1511,30214,CAISEVGVGQPQHF,ELAGIGILTV,3,SEVGVGQP,1725
1512,30215,CAISEVGVGQPQHF,AAGIGILTV,3,SEVGVGQP,1725
1513,30216,CASRPGLAGGRPEQYF,LLFGFPVYV,3,PGLAGGRP,43
1514,30217,CASSLNNANSDYTF,ADLIAYLKQATKG,3,SLNNANSD,1125
1515,30218,CASGDFWGDTLYF,WIYVYRPMGCGGS,3,GDFWGDTL,1700
1516,30219,CASGQGNFDIQYF,FLRGRAYGL,3,GQGNFDIQ,897
1517,30220,CASSLWEKLAKNIQYF,ALWGPDPAAA,3,LWEKLAKN,1259
1518,30221,CASSLWEKLAKNIQYF,ALWGPDPAAA,3,LWEKLAKN,1259
1519,30222,CASSPTSGIYEQYF,RFPLTFGWCF,3,SPTSGIYE,715
1520,30223,CASSSWDTGELFF,RYPLTFGWCF,3,SSWDTGEL,638
1521,30224,CASSSWDTGELFF,RYPLTLGWCF,3,SSWDTGEL,638
1522,30225,CASSSRSSYEQYF,PKYVKQNTLKLAT,3,SSRSSYEQ,342
1523,30226,CASSQIRETQYF,GELIGILNAAKVPAD,3,SSQIRETQ,784
1524,30227,CASSFLGTGVEQYF,ALGIGILTV,3,SFLGTGVE,1900
1525,30228,CASRPGLMSAQPEQYF,LLFGYPVYV,3,PGLMSAQP,1607
1526,30229,CASREGLGGTEAFF,KRWIILGLNK,3,REGLGGTE,805
1527,30230,CASREGLGGTEAFF,KRWIIMGLNK,3,REGLGGTE,805
1528,30231,CASSVAVSAGTYEQYF,SGEGSFQPSQENP,3,VAVSAGTY,1987
1529,30232,CAWSETGLGMGGWQF,ELAAIGILTV,3,ETGLGMGG,1037
1530,30233,CAWSETGLGMGGWQF,ELAGIGALTV,3,ETGLGMGG,1037
1531,30234,CAWSETGLGMGGWQF,ELAGIGILTV,3,ETGLGMGG,1037
1532,30235,CASPGETEAFF,LPEPLPQGQLTAY,3,SPGETEAF,1381
1533,30236,CASSRTGSTYEQYF,LPEPLPQGQLTAY,3,SRTGSTYE,1576
1534,30237,CASSWSFGTEAFF,ELAGIGILTV,3,SWSFGTEA,205
1535,30238,CASSLTGGGELFF,TAFTIPSI,3,SLTGGGEL,1648
1536,30239,CASSYQGTEAFF,ILAKFLHWL,3,SSYQGTEA,880
1537,30240,CASSFRALAADTQYF,APQPELPYPQPGS,3,FRALAADT,326
1538,30241,CASSFRFTDTQYF,APQPELPYPQPGS,3,SFRFTDTQ,1761
1539,30242,CASSVRSTDTQYF,APQPELPYPQPG,3,SVRSTDTQ,1476
1540,30243,CSAGVGGQETQYF,QPFPQPELPYP,3,GVGGQETQ,424
1541,30244,CASSLNWSQDTQYF,PADPLAFFSSAIKGGGGSLV,3,SLNWSQDT,858
1542,30245,CASSLNNANSDYTF,ADGLAYFRSSFKGG,3,SLNNANSD,1125
1543,30246,CASSLNNANSDYTF,ANGVAFFLTPFKA,3,SLNNANSD,1125
1544,30247,CASSARSGELFF,HPVGDADYFEY,3,SSARSGEL,514
1545,30248,CASSARSGELFF,HPVGEADYFEY,3,SSARSGEL,514
1546,30249,CASSARSGELFF,HPVGQADYFEY,3,SSARSGEL,514
1547,30250,CAWSETGLGTGELFF,EAAGIGILTV,3,ETGLGTGE,513
1548,30251,CASSLRGRGDQPQHF,HSKKKCDEL,3,LRGRGDQP,1464
1549,30252,CASRPRRDNEQFF,QPLALEGSLQKRG,3,RPRRDNEQ,603
1550,30253,CASRPRDPVTQYF,LQPLALEGSLQKRG,3,RPRDPVTQ,1012
1551,30254,CASSTTPGTGTETQYF,PSGEGSFQPSQENPQ,3,TTPGTGTE,1357
1552,30255,CASSAGTSGEYEQYF,SGEGSFQPSQENP,3,AGTSGEYE,519
1553,30256,CASSEARRYNEQFF,PSGEGSFQPSQENPQ,3,SEARRYNE,1326
1554,30257,CASSQTQLWETQYF,NLVPMVATV,3,SQTQLWET,1454
1555,30258,CASSLAPGTTNEKLFF,NLVPMVATV,3,LAPGTTNE,1681
1556,30259,CASGGGGTLYF,EQYKFYSV,3,SGGGGTLY,990
1557,30260,CASSDWVSYEQYF,ALWGFFPVL,3,SDWVSYEQ,276
1558,30261,CSARDLTSGANNEQFF,ENPVVHFFKNIVTP,3,DLTSGANN,934
1559,30262,CASGGGGTLYF,QLSPFPFDL,3,SGGGGTLY,990
1560,30263,CASSDWVSYEQYF,ALWGFFPVL,3,SDWVSYEQ,276
1561,30264,CASSDWVSYEQYF,ALWGFFPVL,3,SDWVSYEQ,276
1562,30265,CASGGGGTLYF,QLSPFPFDL,3,SGGGGTLY,990
1563,30266,CASSDWVSYEQYF,ALWGFFPVL,3,SDWVSYEQ,276
1564,30267,CSARDLTSGANNEQFF,MDFARVHFISALHGSG,3,DLTSGANN,934
1565,30268,CASIDSSGNTLYF,FEAQKAKANKAVDG,3,IDSSGNTL,1477
1566,30269,CASGDFWGDTLYF,FEAQKAKANKAVD,3,GDFWGDTL,1700
1567,30270,CASGDAWGYEQYF,FEAQKAKANKAV,3,GDAWGYEQ,1948
1568,30271,CASRPGLAGGRPEQYF,LLFGPVYV,3,PGLAGGRP,43
1569,30272,CASGGGGTLYF,QLSPFPFDL,3,SGGGGTLY,990
1570,30273,CASGGGGTLYF,QLSPFPFDL,3,SGGGGTLY,990
1571,30274,CWSFAGSYYVF,SLLMWITQV,3,SFAGSYYV,1859
1572,30275,CWSFAGSYYVF,SLLMWITQV,3,SFAGSYYV,1859
1573,30276,CAWSVSVGAGVPTIYF,RYPLTFGWCF,3,VSVGAGVP,1469
1574,30277,CSARGGSYNSPLHF,FSWGAEGQRPGF,3,RGGSYNSP,620
1575,30278,CATSALGDTQYF,NPVVHFFKNIVTPR,3,TSALGDTQ,719
1576,30279,CASSLNWSQDTQYF,ADLIAYLKQATKG,3,SLNWSQDT,858
1577,30280,CASSLNNANSDYTF,ADLIAYLEQATKG,3,SLNNANSD,1125
1578,30281,CASGDFWGDTLYF,FEAQKAKANKAVD,3,GDFWGDTL,1700
1579,30282,CSARGGSYNSPLHF,FSWGAEGQRPGFGSGG,3,RGGSYNSP,620
1580,30283,CASSDAPGQLYF,QLSDVPMDL,3,SSDAPGQL,783
1581,30284,CASSDAPGQLYF,SPLDSLWWI,3,SSDAPGQL,783
1582,30285,CASSDAPGQLYF,FLSPFWFDI,3,SSDAPGQL,783
1583,30286,CASSFLGTGVEQYF,EAAGIGILTV,3,SFLGTGVE,1900
1584,30287,CATSALGDTQYF,RLLMLFAKDVVSRN,3,TSALGDTQ,719
1585,30288,CASSLRDGYTGELFF,QHIRCNIPKRISA,3,LRDGYTGE,1227
1586,30289,CATSALGDTQYF,QLVHFVRDFAQL,3,TSALGDTQ,719
1587,30290,CASSDAPGQLYF,SPAEAGFFL,3,SSDAPGQL,783
1588,30291,CASSDAPGQLYF,QPAEGGFQL,3,SSDAPGQL,783
1589,30292,CASSDAPGQLYF,SPAPRPLDL,3,SSDAPGQL,783
1590,30293,CASSDAPGQLYF,MPAGRPWDL,3,SSDAPGQL,783
1591,30294,CASSDAPGQLYF,VPYMAEFGM,3,SSDAPGQL,783
1592,30295,CASGDFWGDTLYF,FEAQKAKANKAVD,3,GDFWGDTL,1700
1593,30296,CASSLAQGGETQYF,QAFWIDLFETIG,3,SLAQGGET,150
1594,30297,CASGDFWGDTLYF,FEAQKAKANKAVD,3,GDFWGDTL,1700
1595,30298,CASSLEGGYYNEQFF,IPSINVHHY,3,LEGGYYNE,842
1596,30299,CAAWDDSLNGWVF,RMFPNAPYL,3,WDDSLNGW,915
1597,30300,CASRRGPYEQYF,KLVALVINAV,3,SRRGPYEQ,280
1598,30301,CASSFNMATGQYF,EVDPIGHLY,3,SFNMATGQ,891
1599,30302,CASSFNMATGQYF,ESDPIVAQY,3,SFNMATGQ,891
1600,30303,CASSLWEKLAKNIQYF,YQFGPDFPIA,3,LWEKLAKN,1259
1601,30304,CASSLWEKLAKNIQYF,RQWGPDPAAV,3,LWEKLAKN,1259
1602,30305,CASSLWEKLAKNIQYF,YLGGPDFPTI,3,LWEKLAKN,1259
1603,30306,CASSLWEKLAKNIQYF,MVWGPDPLYV,3,LWEKLAKN,1259
1604,30307,CASSLWEKLAKNIQYF,RQFGPDFPTI,3,LWEKLAKN,1259
1605,30308,CASSLWEKLAKNIQYF,RQFGPDWIVA,3,LWEKLAKN,1259
1606,30309,CASSLIYPGELFF,GILGFVFTL,3,SLIYPGEL,656
1607,30310,CASRPGWMAGGVELYF,ELAGIGILTV,3,PGWMAGGV,1539
1608,30311,CASSFIGGTDTQYF,YLEPGPVTV,3,SFIGGTDT,274
1609,30312,CASSIRSSYEQYF,GILGFVFTL,3,SIRSSYEQ,213
1610,30313,CASSSRSSYEQYF,GILGLVFTL,3,SSRSSYEQ,342
1611,30314,CASSIRSSYEQYF,GILEFVFTL,3,SIRSSYEQ,213
1612,30315,CASSLWEKLAKNIQYF,AQWGPDPAAA,3,LWEKLAKN,1259
1613,30316,CASSIFGQREQYF,GILGFVFTL,3,SIFGQREQ,338
1614,30317,CASSLGHTEVFF,RGPGRAFVTI,3,SSLGHTEV,1724
1615,30318,CASSIGVYGYTF,GILGFVFTL,3,SSIGVYGY,1036
1616,30319,CASRRGPYEQYF,KLVALGINAV,3,SRRGPYEQ,280
1617,30320,CASSVAPGSDTQYF,APSGEGSFQPSQENPQ,3,SVAPGSDT,1084
1618,30321,CASSVAGTPSYEQYF,QPQQSFPEQEA,3,VAGTPSYE,1823
1619,30322,CASSNRGLGTDTQYF,GPQQSFPEQEA,3,NRGLGTDT,271
1620,30323,CASSDAGGRNTLYF,KAVANFATM,3,SDAGGRNT,1897
1621,30324,CASSDAGGRNTLYF,KAPANFATM,3,SDAGGRNT,1897
1622,30325,CASSDAGGRNTLYF,KAPFNFATM,3,SDAGGRNT,1897
1623,30326,CASSYQGTEAFF,ILAKFLHWL,3,SSYQGTEA,880
1624,30327,CASSQGLAGAGELFF,ELAGIGILTV,3,QGLAGAGE,984
1625,30328,CASSDTVSYEQYF,SLYNTVATL,3,SDTVSYEQ,502
1626,30329,CASSDTVSYEQYF,SLYNTIATL,3,SDTVSYEQ,502
1627,30330,CASSDTVSYEQYF,SLFNTIAVL,3,SDTVSYEQ,502
1628,30331,CASSQGLAGAGELFF,ELAGIGILTV,3,QGLAGAGE,984
1629,30332,CASSAGLDAEQYF,ASNENMETM,3,SAGLDAEQ,181
1630,30333,CASSRDLGRDTQYF,ASNENMETM,3,SRDLGRDT,1314
1631,30334,CASSLLGGWSEAFF,GILGFVFTL,3,SLLGGWSE,72
1632,30335,CASSDAGGRNTLYF,KAPYNFATM,3,SDAGGRNT,1897
1633,30336,CASSDAGGRNTLYF,KAVYNFATM,3,SDAGGRNT,1897
1634,30337,CASSANPGDSSNEKLFF,VMAPRTLIL,3,NPGDSSNE,1279
1635,30338,CASSANPGDSSNEKLFF,VMAPRTLVL,3,NPGDSSNE,1279
1636,30339,CASSLGQGLLYGYTF,GTSGSPIVNR,3,LGQGLLYG,951
1637,30340,CASSLGQGLLYGYTF,GTSGSPIINR,3,LGQGLLYG,951
1638,30341,CASSDWGDTGQLYF,SQLLNAKYL,3,SDWGDTGQ,1057
1639,30342,CASRTRGGTLIEQYF,IPLTEEAEL,3,TRGGTLIE,713
1640,30343,CAWSVSVGAGVPTIYF,RYPLTFGWCF,3,VSVGAGVP,1469
1641,30344,CASRRGPYEQYF,KLVALGINAV,3,SRRGPYEQ,280
1642,30345,CASRRGSAELYF,KLVALGINAV,3,SRRGSAEL,540
1643,30346,CASSLSFGTEAFF,SMLGIGIVPV,3,SLSFGTEA,442
1644,30347,CASSLSFGTEAFF,MMWDRGLGMM,3,SLSFGTEA,442
1645,30348,CASSQRQEGDTQYF,APRGPHGGAASGL,3,SQRQEGDT,1241
1646,30349,CASSGGHTGSNEQFF,APRGPHGGAASGL,3,GGHTGSNE,432
1647,30350,CASSLNWSQDTQYF,ADSLSFFSSSIKRGGGSLVP,3,SLNWSQDT,858
1648,30351,CASSFRGGKTQYF,IPLTEEAEL,3,SFRGGKTQ,560
1649,30352,CASRTRGGTLIEQYF,IPLTEEAEL,3,TRGGTLIE,713
1650,30353,CASRTRGGTLIEQYF,VPLTEDAEL,3,TRGGTLIE,713
1651,30354,CASSRLAGGMDEQFF,RFYKTLRAEQASQ,3,RLAGGMDE,680
1652,30355,CASSGLAGGMDEQFF,RFYKTLRAEQASQ,3,GLAGGMDE,1272
1653,30356,CASSRLAGGMDEQFF,RFYKTLRAEQASQ,3,RLAGGMDE,680
1654,30357,CASSRLAGGMDEQFF,RFYKTLRAEQASQ,3,RLAGGMDE,680
1655,30358,CASSWSFGTEAFF,AAGIGILTV,3,SWSFGTEA,205
1656,30359,CTCSAGLGYEQYF,LVERLYLVCGEEGA,3,SAGLGYEQ,1771
1657,30360,CASGGLGGDEQYF,LVERLYLVCGGEG,3,GGLGGDEQ,27
1658,30361,CASSAGNTIYF,VEELYLVAGEEGCGGGGSL,3,SSAGNTIY,1312
1659,30362,CASSWSFGTEAFF,ELAGIGILTV,3,SWSFGTEA,205
1660,30363,CASSAGNTIYF,VEELYLVAGEEGCGGGGSL,3,SSAGNTIY,1312
1661,30364,CAWSETGLGTGELFF,AAGIGILTV,3,ETGLGTGE,513
1662,30365,CAWSETGLGMGGWQF,AAGIGILTV,3,ETGLGMGG,1037
1663,30366,CASSDAGGRNTLYF,KAPYDYAPI,3,SDAGGRNT,1897
1664,30367,CASSDGDYEQYF,SPSYAYHQF,3,SSDGDYEQ,303
1665,30368,CASGDFWGDTLYF,RVSYYGPKTSPVQ,3,GDFWGDTL,1700
1666,30369,CASGDFWGDTLYF,RVSYYGPKTSPVQ,3,GDFWGDTL,1700
1667,30370,CASGDFWGDTLYF,VSYYGPKTSPVQ,3,GDFWGDTL,1700
1668,30371,CASGDFWGDTLYF,RVSYYGPKTSPVQ,3,GDFWGDTL,1700
1669,30372,CASGDFWGDTLYF,RVSYYGPKTSPVQ,3,GDFWGDTL,1700
1670,30373,CASGDFWGDTLYF,RVSYYGPKTSPVQ,3,GDFWGDTL,1700
1671,30374,CASSMSAMGTEAFF,FEDLRVLSF,3,SMSAMGTE,1569
1672,30375,CASSRTSPTDTQYF,KQWLVWLFL,3,SRTSPTDT,165
1673,30376,CASSHGASTDTQYF,APFSEQEQPVLG,3,SHGASTDT,1441
1674,30377,CASSSGGWGGGTEAFF,APFSEQEQPVLG,3,SGGWGGGT,1902
1675,30378,CASSYVGNTGELFF,SLLMWITQV,3,SYVGNTGE,1561
1676,30379,CASSPLDVSISSYNEQFF,SLSKILDTV,3,LDVSISSY,477
1677,30380,CASSSPGGVSTEAFF,SLLMWITQV,3,SPGGVSTE,2015
1678,30381,CSVGGSGGADTQYF,SLLMWITQV,3,GGSGGADT,525
1679,30382,CASSYLNRDSALDF,SLLMWITQV,3,SYLNRDSA,1437
1680,30383,CASSLGFGRDVMRF,RMFPNAPYL,3,SLGFGRDV,967
1681,30384,CAWSETGLGMGGWQF,EAAGIGILTV,3,ETGLGMGG,1037
1682,30385,CASSFLMTSGDPYEQYF,GVYDGREHTV,3,LMTSGDPY,337
1683,30386,CASSLEGQGASEQFF,APMPMPELPYP,3,LEGQGASE,439
1684,30387,CASSFRALAADTQYF,AVVQSELPYPEGS,3,FRALAADT,326
1685,30388,CASSDPGTEAFF,GADGVGKSAL,3,SSDPGTEA,1584
1686,30389,CASSITLSSYNEQFF,ITDQVPFSV,3,ITLSSYNE,1148
1687,30390,CASSITLSSYNEQFF,IMDQVPFSV,3,ITLSSYNE,1148
1688,30391,CASSMGGTYEQYF,ITDQVPFSV,3,SMGGTYEQ,1065
1689,30392,CASSMGGTYEQYF,ILDQVPFSV,3,SMGGTYEQ,1065
1690,30393,CASSQDLFTGGYTF,RPPIFIRRL,3,SQDLFTGG,632
1691,30394,CASSIQQGADTQYF,HMTEVVRHC,3,SIQQGADT,766
1692,30395,CASSEGLWQVGDEQYF,HMTEVVRHC,3,EGLWQVGD,31
1693,30396,CAISELVTGDSPLHF,HMTEVVRHC,3,ELVTGDSP,1246
1694,30397,CASSRGTIHSNTEVFF,ASNENMETM,3,RGTIHSNT,738
1695,30398,CASSLGGAGGADTQYF,RLQSLQTYV,3,LGGAGGAD,1605
1696,30399,CASSPDIEQYF,YLQPRTFLL,3,SSPDIEQY,856
1697,30400,CAGQVTNTGELFF,YLQPRTFLL,3,QVTNTGEL,1344
1698,30401,CASSLSASGGATDTQYF,GQVELGGGNAVEVCKGS,3,SASGGATD,1986
1699,30402,CASSLERDGYTF,GQVELGGGNAVEVCK,3,SSLERDGY,660
1700,30403,CASSLERETQYF,GQVELGGGNAVEVCKGS,3,SSLERETQ,1945
1701,30404,CASSYSIRGSRGEQFF,RLPAKAPLL,3,YSIRGSRG,94
1702,30405,CASSYSIRGSRGEQFF,RLPAKAPLLGCG,3,YSIRGSRG,94
1703,30406,CASSYSIRGSRGEQFF,RLPAKAPL,3,YSIRGSRG,94
1704,30407,CASSYSIRGSRGEQFF,RLPAKAPL,3,YSIRGSRG,94
1705,30408,CASSLGIDAIYF,TPQDLNTML,3,SSLGIDAI,1654
1706,30409,CASSLGIDAIYF,TPQDLNTML,3,SSLGIDAI,1654
1707,30410,CASSLGREYGYTF,RMYSPVSIL,3,SLGREYGY,304
1708,30411,CASSLGREYGYTF,RMYSPVSI,3,SLGREYGY,304
1709,30412,CASSLDPGDTGELFF,HMTEVVRHC,3,LDPGDTGE,3
1710,30413,CASSPDIEQYF,YLQPRTFLL,3,SSPDIEQY,856
1711,30414,CASSGLAGGPVSGANVLTF,ALHGGWTTK,3,AGGPVSGA,1580
1712,30415,CASSQGQDTEAFF,QPFPQPEQPFP,3,SQGQDTEA,63
1713,30416,CSVALGSDTGELFF,LQPFPQPELPYGSGGS,3,ALGSDTGE,69
1714,30417,CSVALGSDTGELFF,LQPFPQPELPYGSGGS,3,ALGSDTGE,69
1715,30418,CASSLVAETYEQYF,ALHGGWTTK,3,SLVAETYE,1374
1716,30431,CSARDRIGNGYTF,GLCTLVAML,2,RDRIGNGY,153
1717,30432,CSARDGTGNGYTF,GLCTLVAML,2,RDGTGNGY,855
1718,30433,CSARDRTGNGYTF,GLCTLVAML,2,RDRTGNGY,918
1719,30434,CSARSGVGNTIYF,GLCTLVAML,2,RSGVGNTI,1235
1720,30435,CSVGSTGGTNEKLFF,GLCTLVAML,2,STGGTNEK,882
1721,30436,CSVGSAGTNEKLFF,GLCTLVAML,2,GSAGTNEK,2019
1722,30437,CSVREDSTNEKLFF,GLCTLVAML,2,REDSTNEK,778
1723,30438,CASSQSPGGIQYF,GLCTLVAML,2,SQSPGGIQ,1779
1724,30439,CASSTGQVSPGELFF,GLCTLVAML,2,TGQVSPGE,141
1725,30440,CASSEGRVSPGELFF,GLCTLVAML,2,EGRVSPGE,501
1726,30441,CASSEGRISPGELFF,GLCTLVAML,2,EGRISPGE,487
1727,30442,CASSEGNVAPGELFF,GLCTLVAML,2,EGNVAPGE,1118
1728,30443,CSARSGTGGDYTF,GLCTLVAML,2,RSGTGGDY,512
1729,30444,CSARDSTGNGYTF,GLCTLVAML,2,RDSTGNGY,1997
1730,30445,CSARDRTGNGYTF,GLCTLVAML,2,RDRTGNGY,918
1731,30446,CSARDGTGNGYTF,GLCTLVAML,2,RDGTGNGY,855
1732,30447,CASSSGLVAPGELFF,GLCTLVAML,2,SGLVAPGE,1317
1733,30448,CSVGTATNEKLFF,GLCTLVAML,2,GTATNEKL,1074
1734,30449,CASSQSPGGTQYF,GLCTLVAML,2,SQSPGGTQ,214
1735,30450,CASSQSPGGTQYF,GLCTLVAML,2,SQSPGGTQ,214
1736,30451,CSARDGTGNGYTF,GLCTLVAML,2,RDGTGNGY,855
1737,30452,CSARDRTGNGYTF,GLCTLVAML,2,RDRTGNGY,918
1738,30453,CSARDWTGNGYTF,GLCTLVAML,2,RDWTGNGY,1170
1739,30454,CASSQSPGGFQYF,GLCTLVAML,2,SQSPGGFQ,1309
1740,30455,CASSDGAILPGELFF,GLCTLVAML,2,DGAILPGE,1917
1741,30456,CSARDATGNGYTF,GLCTLVAML,2,RDATGNGY,1463
1742,30457,CSARDQTGNGYTF,GLCTLVAML,2,RDQTGNGY,605
1743,30458,CSARDEVGNTIYF,GLCTLVAML,2,RDEVGNTI,1733
1744,30459,CSVGTGGTNEKLFF,GLCTLVAML,2,GTGGTNEK,1311
1745,30460,CSVGSGGTNEKLFF,GLCTLVAML,2,GSGGTNEK,1041
1746,30461,CASTSGQLAPGELFF,GLCTLVAML,2,SGQLAPGE,1388
1747,30462,CSARDRVGNTIYF,GLCTLVAML,2,RDRVGNTI,1491
1748,30463,CSARLGVGNTIYF,GLCTLVAML,2,RLGVGNTI,1171
1749,30464,CSVGTGGTNEKLFF,GLCTLVAML,2,GTGGTNEK,1311
1750,30465,CSVGTGGTNEKLFF,GLCTLVAML,2,GTGGTNEK,1311
1751,30466,CSARLGVGNTIYF,GLCTLVAML,2,RLGVGNTI,1171
1752,30467,CSAPGQEISTEAFF,GLCTLVAML,2,PGQEISTE,1947
1753,30468,CSVGSSGTNEKLFF,GLCTLVAML,2,GSSGTNEK,1574
1754,30469,CASSQSPGGTQYF,GLCTLVAML,2,SQSPGGTQ,214
1755,30470,CSARIGVGNTIYF,GLCTLVAML,2,RIGVGNTI,810
1756,30471,CSVGMDGVTNEKLFF,GLCTLVAML,2,MDGVTNEK,979
1757,30472,CASTSGQTFPGELFF,GLCTLVAML,2,SGQTFPGE,1807
1758,30473,CASSQSPGGTQYF,GLCTLVAML,2,SQSPGGTQ,214
1759,30474,CASSQSPGGTQYF,GLCTLVAML,2,SQSPGGTQ,214
1760,30475,CSARAGVGNTIYF,GLCTLVAML,2,RAGVGNTI,1315
1761,30476,CSVGSGGTNEKLFF,GLCTLVAML,2,GSGGTNEK,1041
1762,30566,CASSVVPEWEGELFF,PKYVKQNTLKLAT,2,VVPEWEGE,1461
1763,30567,CASSPLTGGQTDTQYF,PKYVKQNTLKLAT,2,PLTGGQTD,873
1764,30568,CASSSPSLADNNEQFF,PKYVKQNTLKLAT,2,SPSLADNN,1981
1765,30569,CASRTGTHTDTQYF,PKYVKQNTLKLAT,2,RTGTHTDT,452
1766,30570,CASSLSPELETQYF,PKYVKQNTLKLAT,2,SLSPELET,552
1767,30571,CASSVGQGKAFF,PKYVKQNTLKLAT,3,SSVGQGKA,1567
1768,30572,CASSLGQGEQFF,PKYVKQNTLKLAT,2,SSLGQGEQ,867
1769,30573,CASSLSQGDQPQHF,PKYVKQNTLKLAT,3,SLSQGDQP,64
1770,30629,CASSVAPGSEGEAFF,PKYVKQNTLKLAT,3,VAPGSEGE,118
1771,30630,CSAGGWDRVNQPQHF,PKYVKQNTLKLAT,3,GWDRVNQP,743
1772,30631,CASSESQTGDYEQYF,PKYVKQNTLKLAT,3,ESQTGDYE,1056
1773,30632,CATSDSTSGGTDTQYF,PKYVKQNTLKLAT,3,DSTSGGTD,480
1774,30657,CSARDRTGNGYTF,GLCTLVAML,2,RDRTGNGY,918
1775,30659,CSVGTGGTNEKLFF,GLCTLVAML,3,GTGGTNEK,1311
1776,30660,CSVGSGGTNEKLFF,GLCTLVAML,3,GSGGTNEK,1041
1777,30669,CSARDRGLGNTIYF,GLCTLVAML,2,RDRGLGNT,413
1778,30670,CASSQSPGGIAFF,GLCTLVAML,2,SQSPGGIA,737
1779,30683,CASSPGLTYPGELFF,GLCTLVAML,3,PGLTYPGE,1436
1780,30684,CASSEGQVSPGELFF,GLCTLVAML,3,EGQVSPGE,1292
1781,30685,CASSKGSVAPGELFF,GLCTLVAML,3,KGSVAPGE,411
1782,30690,CSARDRVGNTIYF,GLCTLVAML,3,RDRVGNTI,1491
1783,30692,CSVGTGGTNEKLFF,GLCTLVAML,3,GTGGTNEK,1311
1784,32326,CASSYLPGQGDHYSNQPQHF,FLKEKGGL,2,PGQGDHYS,1831
1785,32327,CASSFEAGQGFFSNQPQHF,FLKEKGGL,2,AGQGFFSN,917
1786,32328,CASSFEPGQGFYSNQPQHF,FLKEKGGL,2,PGQGFYSN,1927
1787,32329,CASSYEPGQVSHYSNQPQHF,FLKEKGGL,2,PGQVSHYS,1778
1788,32330,CASSALASLNEQFF,FLKEKGGL,2,SALASLNE,948
1789,32331,CASSYLPGQGDHYSNQPQHF,FLKEQGGL,2,PGQGDHYS,1831
1790,32332,CASSFEAGQGFFSNQPQHF,FLKEQGGL,2,AGQGFFSN,917
1791,32333,CASSFEPGQGFYSNQPQHF,FLKEQGGL,2,PGQGFYSN,1927
1792,32334,CASSYEPGQVSHYSNQPQHF,FLKEQGGL,2,PGQVSHYS,1778
1793,32335,CASSYLPGQGDHYSNQPQHF,FLKETGGL,2,PGQGDHYS,1831
1794,32336,CASSFEAGQGFFSNQPQHF,FLKETGGL,2,AGQGFFSN,917
1795,32337,CASSFEPGQGFYSNQPQHF,FLKETGGL,2,PGQGFYSN,1927
1796,32338,CASSYEPGQVSHYSNQPQHF,FLKETGGL,2,PGQVSHYS,1778
1797,32339,CASSYLPGQGDHYSNQPQHF,FLKEMGGL,2,PGQGDHYS,1831
1798,32340,CASSFEAGQGFFSNQPQHF,FLKEMGGL,2,AGQGFFSN,917
1799,32341,CASSFEPGQGFYSNQPQHF,FLKEMGGL,2,PGQGFYSN,1927
1800,32342,CASSYEPGQVSHYSNQPQHF,FLKEMGGL,2,PGQVSHYS,1778
1801,32385,CASSIGTGGSQPQHF,LPEPLPQGQLTAY,2,IGTGGSQP,529
1802,32386,CASSKLGTSEETQYF,LPEPLPQGQLTAY,2,KLGTSEET,1836
1803,32387,CASPGLAGEYEQYF,LPEPLPQGQLTAY,3,PGLAGEYE,1111
1804,32388,CASPGETEAFF,LPEPLPQGQLTAY,3,SPGETEAF,1381
1805,32389,CASPGETEAFF,LPEPLPQGQLTAY,3,SPGETEAF,1381
1806,32390,CASSRTGSTYEQYF,LPEPLPQGQLTAY,2,SRTGSTYE,1576
1807,32391,CASPGLAGEYEQYF,GPEPLPQGQLTAY,3,PGLAGEYE,1111
1808,32392,CASPGLAGEYEQYF,LPEGLPQGQLTAY,3,PGLAGEYE,1111
1809,32393,CASPGLAGEYEQYF,LPEPLGQGQLTAY,3,PGLAGEYE,1111
1810,32394,CASPGLAGEYEQYF,LPEPLPQAQLTAY,3,PGLAGEYE,1111
1811,32395,CASPGLAGEYEQYF,LPEPLPQGGLTAY,3,PGLAGEYE,1111
1812,32396,CASPGLAGEYEQYF,LPEPLPQGQGTAY,3,PGLAGEYE,1111
1813,32397,CASPGLAGEYEQYF,LPEPLPQGQLGAY,3,PGLAGEYE,1111
1814,32398,CASPGLAGEYEQYF,LPEPLPQGQLTGY,3,PGLAGEYE,1111
1815,32399,CASGTGDSNQPQHF,EPLPQGQLTAY,3,GTGDSNQP,1159
1816,32400,CATGTGDSNQPQHF,EPLPQGQLTAY,3,GTGDSNQP,1159
1817,32401,CAISTGDSNQPQHF,EPLPQGQLTAY,3,STGDSNQP,1790
1818,32402,CASSTGDSNQPQHF,EPLPQGQLTAY,3,STGDSNQP,1790
1819,32403,CASSLIGRDEQFF,EPLPQGQLTAY,3,SLIGRDEQ,216
1820,32404,CASAQIGPYEQYF,EPLPQGQLTAY,3,AQIGPYEQ,364
1821,32405,CANSQPGGIEQFF,EPLPQGQLTAY,3,SQPGGIEQ,1188
1822,32406,CASSLVVAGGPMSEQFF,EPLPQGQLTAY,2,VVAGGPMS,1983
1823,32407,CASSFYDWNTEAFF,EPLPQGQLTAY,2,SFYDWNTE,1099
1824,32441,CASSYVTGTGSYGYTGF,NLVPMVATV,2,VTGTGSYG,788
1825,32461,CASSFQTGASYGYTF,NLVPMVATV,3,FQTGASYG,1422
1826,32463,CASSPQTGTIYGYTGF,NLVPMVATV,2,PQTGTIYG,1368
1827,32464,CASSLEGYTEAFF,NLVPMVATV,2,SLEGYTEA,752
1828,32465,CASSPVTGGIYGYTGF,NLVPMVATV,3,PVTGGIYG,1627
1829,32466,CASSETGATNYGYTGF,NLVPMVATV,2,ETGATNYG,969
1830,32471,CASSPVAGGAYNEQFF,NLVPMVATV,2,PVAGGAYN,1657
1831,32473,CASSFQGYTEAFF,NLVPMVATV,2,SFQGYTEA,1840
1832,32476,CASSPVTGGIYGYTGF,NLVPMVATV,3,PVTGGIYG,1627
1833,32477,CASSPVTGGIYGYTGF,NLVPMVATV,3,PVTGGIYG,1627
1834,32478,CASSETGATNYGYTGF,NLVPMVATV,2,ETGATNYG,969
1835,32479,CASSETGATNYGYTGF,NLVPMVATV,2,ETGATNYG,969
1836,32481,CASSPQTGTIYGYTGF,NLVPMVATV,2,PQTGTIYG,1368
1837,32482,CASSLEGYTEAFF,NLVPMVATV,2,SLEGYTEA,752
1838,32483,CASSLEGYTEAFF,NLVPMVATV,2,SLEGYTEA,752
1839,32520,CASSSAYYGYTF,NLVPMVATV,3,SSSAYYGY,1847
1840,32557,CSARDRTGNGYTF,GLCTLVAML,2,RDRTGNGY,918
1841,32562,CSVGTGGTNEKLFF,GLCTLVAML,3,GTGGTNEK,1311
1842,33023,CASSSRDRGPHGQYF,TPRVTGGGAM,2,SRDRGPHG,1244
1843,33024,CASSSRDLGEYEQYF,TPRVTGGGAM,2,SRDLGEYE,1922
1844,33025,CASSHDYRGRRSPLHF,TPRVTGGGAM,2,HDYRGRRS,2023
1845,33026,CASSLIGEGTGWHQYF,TPRVTGGGAM,2,LIGEGTGW,754
1846,33027,CASSLVGVGLLLNEQYF,TPRVTGGGAM,2,VGVGLLLN,240
1847,33029,CASSFQGYTEAFF,NLVPMVATV,2,SFQGYTEA,1840
1848,33030,CASSPVTGTGHYGYTF,NLVPMVATV,2,PVTGTGHY,973
1849,33031,CAWVPTGTGGTEAFF,NLVPMVATV,2,PTGTGGTE,1668
1850,33036,CASSSHDYRGRRSPLHF,TPRVTGGGAM,2,HDYRGRRS,2023
1851,33038,CASSNRDRGDYEQYF,TPRVTGGGAM,2,NRDRGDYE,1095
1852,33039,CASSSRDRGPHGQYF,TPRVTGGGAM,2,SRDRGPHG,1244
1853,33040,CASSSRDLGEYEQYF,TPRVTGGGAM,2,SRDLGEYE,1922
1854,33046,CASSPVTGTGHYGYTF,NLVPMVATV,2,PVTGTGHY,973
1855,33245,CASSSANYGYTF,NLVPMVATV,2,SSSANYGY,847
1856,33246,CAPRVHTGELFF,NLVPMVATV,2,PRVHTGEL,110
1857,33247,CASSLVGTGGSYEQYF,NLVPMVATV,2,LVGTGGSY,191
1858,33248,CASSHSRDSYNEQFF,NLVPMVATV,2,HSRDSYNE,777
1859,33249,CASSPYGQFYEQYF,NLVPMVATV,2,SPYGQFYE,592
1860,33250,CASSSATYGYTF,NLVPMVATV,2,SSSATYGY,420
1861,33251,CASSSVNEQYF,NLVPMVATV,2,SSSVNEQY,1426
1862,33252,CASSPGNILYGYTF,NLVPMVATV,2,SPGNILYG,1509
1863,33253,CASSSANYGYTF,NLVPMVATV,2,SSSANYGY,847
1864,33254,CASSLTGQETQYF,NLVPMVATV,2,SLTGQETQ,1804
1865,33255,CASSVGGPYTGELFF,NLVPMVATV,2,VGGPYTGE,174
1866,33256,CASSSVNEQYF,NLVPMVATV,2,SSSVNEQY,1426
1867,33257,CASSSASYGYTF,NLVPMVATV,2,SSSASYGY,629
1868,33258,CASSQWSNEKLFF,NLVPMVATV,2,SQWSNEKL,1939
1869,33259,CASSSANYGYTF,NLVPMVATV,2,SSSANYGY,847
1870,33260,CASSSANYGYTF,NLVPMVATV,2,SSSANYGY,847
1871,33261,CASSSANYGYTF,NLVPMVATV,2,SSSANYGY,847
1872,33262,CASSLIGGRNGYTF,NLVPMVATV,2,SLIGGRNG,1942
1873,33263,CASSSANYGYTF,NLVPMVATV,2,SSSANYGY,847
1874,33264,CASSSASYGYTF,NLVPMVATV,2,SSSASYGY,629
1875,33265,CASSSANYGYTF,NLVPMVATV,2,SSSANYGY,847
1876,33266,CASSSAFYGYTF,NLVPMVATV,2,SSSAFYGY,677
1877,33267,CASSSVNGAFF,NLVPMVATV,2,SSSVNGAF,416
1878,33268,CASSSASYGYTF,NLVPMVATV,2,SSSASYGY,629
1879,33269,CASSPGNILYGYTF,NLVPMVATV,2,SPGNILYG,1509
1880,33270,CASSANLAGDYNEQFF,NLVPMVATV,2,ANLAGDYN,75
1881,33271,CASSLDVDSYNEQFF,NLVPMVATV,2,LDVDSYNE,1361
1882,33272,CASSSLTGTGYNEQFF,NLVPMVATV,2,SLTGTGYN,1610
1883,33273,CASSSANYGYTF,NLVPMVATV,2,SSSANYGY,847
1884,33274,CASSSANYGYTF,NLVPMVATV,2,SSSANYGY,847
1885,33275,CASSSTTGYTF,NLVPMVATV,2,SSSTTGYT,670
1886,33276,CASSVVGGRYGYTF,NLVPMVATV,2,SVVGGRYG,1611
1887,33277,CASSSANYGYTF,NLVPMVATV,2,SSSANYGY,847
1888,33278,CASSSVNEAFF,NLVPMVATV,2,SSSVNEAF,1052
1889,33279,CASSSVDEAFF,NLVPMVATV,2,SSSVDEAF,614
1890,33280,CASSSANYGYTF,NLVPMVATV,2,SSSANYGY,847
1891,33281,CASSSASYGYTF,NLVPMVATV,2,SSSASYGY,629
1892,33282,CASSSAFYGYTF,NLVPMVATV,2,SSSAFYGY,677
1893,33283,CASSIVNEQFF,NLVPMVATV,2,SSIVNEQF,1663
1894,33284,CASSSVNEAFF,NLVPMVATV,2,SSSVNEAF,1052
1895,33285,CASSLSTAEAFF,NLVPMVATV,2,SSLSTAEA,1417
1896,33286,CASSSANYGYTF,NLVPMVATV,2,SSSANYGY,847
1897,33287,CASSFANYGYTF,NLVPMVATV,2,SSFANYGY,1492
1898,33288,CASSSVNEAFF,NLVPMVATV,2,SSSVNEAF,1052
1899,33330,CASSSAYYGYTF,NLVPMVATV,3,SSSAYYGY,1847
1900,33347,CASSYQTGAAYGYTF,NLVPMVATV,3,YQTGAAYG,952
1901,33491,CSARDRTGNGYTF,GLCTLVAML,2,RDRTGNGY,918
1902,33498,CSARDRVGNTIYF,GLCTLVAML,3,RDRVGNTI,1491
1903,33513,CSVGTGGTNEKLFF,GLCTLVAML,3,GTGGTNEK,1311
1904,34031,CASSSANYGYTF,NLVPMVATV,2,SSSANYGY,847
1905,34032,CASSPTGGSPSPLHF,NLVPMVATV,2,PTGGSPSP,1898
1906,34033,CASSVVGDEQYF,YSEHPTFTSQY,2,SSVVGDEQ,1639
1907,34034,CASSADSNGELFF,IPSINVHHY,2,SADSNGEL,1970
1908,34037,CATSEAASSWTGELFF,RPRGEVRFL,2,EAASSWTG,1926
1909,34038,CATSEAASSWTGELFF,RPRGEVRFL,2,EAASSWTG,1926
1910,34039,CASRPQGREETQYF,RPRGEVRFL,2,RPQGREET,701
1911,34040,CASRIWGGADTQYF,RPRGEVRFL,2,RIWGGADT,1535
1912,34041,CASRIWGGADTQYF,RPRGEVRFL,2,RIWGGADT,1535
1913,34042,CASSEWTVDGYTF,RPRGEVRFL,2,SEWTVDGY,369
1914,34043,CATSEAASSWTGELFF,RPRGEVRFL,2,EAASSWTG,1926
1915,34044,CATSEAASSWTGELFF,RPRGEVRFL,2,EAASSWTG,1926
1916,34045,CSALRDNYNSPLHF,RPRGEVRFL,2,LRDNYNSP,799
1917,34046,CSALRDNYNSPLHF,RPRGEVRFL,2,LRDNYNSP,799
1918,34047,CATSEAASSWTGELFF,RPRGEVRFL,2,EAASSWTG,1926
1919,34048,CASRIWGGADTQYF,RPRGEVRFL,2,RIWGGADT,1535
1920,34049,CATSEAASSWTGELFF,RPRGEVRFL,2,EAASSWTG,1926
1921,34050,CATSEAASSWTGELFF,RPRGEVRFL,2,EAASSWTG,1926
1922,34051,CATSEAASSWTGELFF,RPRGEVRFL,2,EAASSWTG,1926
1923,34052,CATSEAASSWTGELFF,RPRGEVRFL,2,EAASSWTG,1926
1924,34053,CASRLTGEKQETQYF,RPRGEVRFL,2,LTGEKQET,93
1925,34054,CATRIGWGTDTQYF,RPRGEVRFL,2,RIGWGTDT,486
1926,34055,CASSVWGTDTQYF,RPRGEVRFL,2,SVWGTDTQ,562
1927,34056,CASRLIGGGTEAFF,RPRGEVRFL,2,RLIGGGTE,623
1928,34057,CASSSTPLSTDTQYF,RPRGEVRFL,2,STPLSTDT,1714
1929,34058,CATRIGWGTDTQYF,RPRGEVRFL,2,RIGWGTDT,486
1930,34059,CATRIGWGTDTQYF,RPRGEVRFL,2,RIGWGTDT,486
1931,34060,CATRIGWGTDTQYF,RPRGEVRFL,2,RIGWGTDT,486
1932,34061,CATRIGWGTDTQYF,RPRGEVRFL,2,RIGWGTDT,486
1933,34062,CASRMQGRDNEQFF,RPRGEVRFL,2,RMQGRDNE,1050
1934,34063,CATRIGWGTDTQYF,RPRGEVRFL,2,RIGWGTDT,486
1935,34064,CATRIGWGTDTQYF,RPRGEVRFL,2,RIGWGTDT,486
1936,34065,CATRIGWGTDTQYF,RPRGEVRFL,2,RIGWGTDT,486
1937,34066,CAISDPGDTQYF,RPRGEVRFL,2,ISDPGDTQ,1042
1938,34067,CATRIGWGTDTQYF,RPRGEVRFL,2,RIGWGTDT,486
1939,34068,CATRIGWGTDTQYF,RPRGEVRFL,2,RIGWGTDT,486
1940,34069,CATRIGWGTDTQYF,RPRGEVRFL,2,RIGWGTDT,486
1941,34070,CASRMQGRDNEQFF,RPRGEVRFL,2,RMQGRDNE,1050
1942,34071,CATRIGWGTDTQYF,RPRGEVRFL,2,RIGWGTDT,486
1943,34072,CASRPQGRDQPQHF,RPRGEVRFL,2,RPQGRDQP,1953
1944,34074,CASSPYQTGLDGYTF,RPRGEVRFL,2,PYQTGLDG,73
1945,34075,CASRLQGINEKLFF,RPRGEVRFL,2,RLQGINEK,61
1946,34076,CASRLQGINEKLFF,RPRGEVRFL,2,RLQGINEK,61
1947,34077,CASSVWGTDTQYF,RPRGEVRFL,2,SVWGTDTQ,562
1948,34078,CASSLGGLGDTQYF,RPRGEVRFL,2,SLGGLGDT,803
1949,34079,CASSVWGTDTQYF,RPRGEVRFL,2,SVWGTDTQ,562
1950,34080,CASSPYQTGLDGYTF,RPRGEVRFL,2,PYQTGLDG,73
1951,34081,CASSVWGTDTQYF,RPRGEVRFL,2,SVWGTDTQ,562
1952,34082,CASSVIGATYEQYF,RPRGEVRFL,2,SVIGATYE,1089
1953,34083,CASRLQGINEKLFF,RPRGEVRFL,2,RLQGINEK,61
1954,34084,CASSVQALLAGDWADTQYF,RPRGEVRFL,2,ALLAGDWA,613
1955,34085,CAISDPSGSSYNEQFF,RPRGEVRFL,2,DPSGSSYN,1322
1956,34086,CAWTETGLSGNTIYF,RPRGEVRFL,2,ETGLSGNT,1781
1957,34087,CASSVWGTDTQYF,RPRGEVRFL,2,SVWGTDTQ,562
1958,34088,CATRIGWGTDTQYF,RPRGEVRFL,2,RIGWGTDT,486
1959,34089,CASSVWGTDTQYF,RPRGEVRFL,2,SVWGTDTQ,562
1960,34090,CASSVWGTDTQYF,RPRGEVRFL,2,SVWGTDTQ,562
1961,34091,CASRLQGINEKLFF,RPRGEVRFL,2,RLQGINEK,61
1962,34092,CASSLASWGNEKLFF,RPRGEVRFL,2,LASWGNEK,635
1963,34093,CASSVWGTDTQYF,RPRGEVRFL,2,SVWGTDTQ,562
1964,34094,CAWTETGLSGNTIYF,RPRGEVRFL,2,ETGLSGNT,1781
1965,34095,CASRRQGRDNEQFF,RPRGEVRFL,2,RRQGRDNE,1254
1966,34096,CASRPQGANEKLFF,RPRGEVRFL,2,RPQGANEK,1281
1967,34097,CASRRQGRDNEQFF,RPRGEVRFL,2,RRQGRDNE,1254
1968,34098,CASSVWGTDTQYF,RPRGEVRFL,2,SVWGTDTQ,562
1969,34103,CASRKTGGGEAFF,RPRGEVRFL,2,RKTGGGEA,981
1970,34104,CASRKTGGGEAFF,RPRGEVRFL,2,RKTGGGEA,981
1971,34105,CASSTDSVDEQFF,RPRGEVRFL,2,STDSVDEQ,1777
1972,34106,CASSTDSVDEQFF,RPRGEVRFL,2,STDSVDEQ,1777
1973,34107,CASRRQGRDNEQFF,RPRGEVRFL,2,RRQGRDNE,1254
1974,34108,CASRPQGRDNEQFF,RPRGEVRFL,2,RPQGRDNE,879
1975,34109,CASRPQGRDNEQFF,RPRGEVRFL,2,RPQGRDNE,879
1976,34284,CASSYQTGAAYGYTF,NLVPMVATV,3,YQTGAAYG,952
1977,34288,CASSYQTGAAYGYTF,NLVPMVATV,3,YQTGAAYG,952
1978,34291,CASSYQTGAAYGYTF,NLVPMVATV,3,YQTGAAYG,952
1979,35310,CASSYSSGELFF,TPRVTGGGAM,2,SSYSSGEL,1693
1980,35319,CASSYSSGELFF,TPRVTGGGAM,2,SSYSSGEL,1693
1981,35330,CASSYSSGELFF,TPRVTGGGAM,2,SSYSSGEL,1693
1982,35345,CASSLRGESSYNEQFF,TPRVTGGGAM,2,LRGESSYN,702
1983,35507,CASSPHRNTEAFF,RPHERNGFTVL,2,SPHRNTEA,1957
1984,35508,CASSPNRNTEAFF,RPHERNGFTVL,2,SPNRNTEA,695
1985,35509,CASSPSRNTEAFF,RPHERNGFTVL,2,SPSRNTEA,1820
1986,35510,CASSPARNTEAFF,RPHERNGFTVL,2,SPARNTEA,1878
1987,35511,CASSPSRNTEAFF,RPHERNGFTVL,2,SPSRNTEA,1820
1988,35512,CASSPHRNTEAFF,RPHERNGFTVL,2,SPHRNTEA,1957
1989,35513,CASSPQRNTEAFF,RPHERNGFTVL,2,SPQRNTEA,1081
1990,35514,CASSPSRNTEAFF,RPHERNGFTVL,2,SPSRNTEA,1820
1991,35516,CASSPHRNTEAFF,RPHERNGFTVL,2,SPHRNTEA,1957
1992,35517,CASSPARNTEAFF,RPHERNGFTVL,2,SPARNTEA,1878
1993,35518,CASSPQRNTEAFF,RPHERNGFTVL,2,SPQRNTEA,1081
1994,35519,CASSPTRNTEAFF,RPHERNGFTVL,2,SPTRNTEA,700
1995,35520,CASSPSRNTEAFF,RPHERNGFTVL,2,SPSRNTEA,1820
1996,35521,CASSPSRNTEAFF,RPHERNGFTVL,2,SPSRNTEA,1820
1997,35522,CASSPQRNTEAFF,RPHERNGFTVL,2,SPQRNTEA,1081
1998,35523,CASSPQRNTEAFF,RPHERNGFTVL,2,SPQRNTEA,1081
1999,35524,CASSPSRNTEAFF,RPHERNGFTVL,2,SPSRNTEA,1820
2000,35525,CASSPQRNTEAFF,RPHERNGFTVL,2,SPQRNTEA,1081
2001,35526,CASSPARNTEAFF,RPHERNGFTVL,2,SPARNTEA,1878
2002,35527,CASSPTRNTEAFF,RPHERNGFTVL,2,SPTRNTEA,700
2003,35528,CASSPSRNTEAFF,RPHERNGFTVL,2,SPSRNTEA,1820
2004,35600,CASKGQGARDGYTF,IPSINVHHY,3,KGQGARDG,1442
2005,35601,CASRVGTGNLYEQYF,TPRVTGGGAM,3,VGTGNLYE,333
2006,35604,CASSHWDRETSGNTIYF,NLVPMVATV,3,WDRETSGN,977
2007,35605,CASSLALGVAKNIQYF,TPRVTGGGAM,3,LALGVAKN,1168
2008,35606,CASSLDPAGQGYEQYF,IPSINVHHY,2,LDPAGQGY,515
2009,35607,CASSLDSQSSGNTIYF,VLEETSVML,3,LDSQSSGN,735
2010,35610,CASSLQRGRTDTQYF,VLEETSVML,3,LQRGRTDT,1363
2011,35617,CASSYQTGAAYGYTF,NLVPMVATV,3,YQTGAAYG,952
2012,35618,CASSYSGNTEAFF,TPRVTGGGAM,2,SYSGNTEA,850
2013,35619,CASSYSTGTHLEQYF,NLVPMVATV,3,YSTGTHLE,699
2014,35622,CSVEEGVLYEQYF,IPSINVHHY,3,EEGVLYEQ,372
2015,35624,CASGWGSQPQHF,AVFDRKSDAK,3,SGWGSQPQ,192
2016,35626,CASREGDINTGELFF,IVTDFSVIK,3,EGDINTGE,263
2017,35627,CASRTLAGPNTGELFF,RPPIFIRRL,3,TLAGPNTG,1268
2018,35632,CASSDLNSPLHF,RAKFKQLL,3,SSDLNSPL,829
2019,35635,CASSFSGSLTTEAFF,RAKFKQLL,3,FSGSLTTE,591
2020,35636,CASSFSPTAQGLEQYF,YPLHEQHGM,3,FSPTAQGL,1048
2021,35638,CASSLAVLSSYNEQFF,RAKFKQLL,3,LAVLSSYN,1586
2022,35648,CASSLVSSGANVLTF,RAKFKQLL,3,LVSSGANV,1857
2023,35653,CASSQDRLTGGYTF,RPPIFIRRL,3,SQDRLTGG,287
2024,35655,CASSQETGSYEQFF,RPPIFIRRL,3,SQETGSYE,467
2025,35656,CASSQETGSYEQYF,RPPIFIRRL,3,SQETGSYE,467
2026,35659,CASSQGVGENTEAFF,RAKFKQLL,3,QGVGENTE,1319
2027,35661,CASSQVRGRGEQYF,RAKFKQLL,3,SQVRGRGE,265
2028,35662,CASSRTSATGELFF,AVFDRKSDAK,3,SRTSATGE,390
2029,35663,CASSSGQAYEQYF,FLRGRAYGL,3,SSGQAYEQ,56
2030,35664,CASSSLRGSNQPQHF,YVLDHLIVV,3,SLRGSNQP,450
2031,35665,CASSSLTGSGQPQHF,YVLDHLIVV,3,SLTGSGQP,1136
2032,35668,CASSVLAGDTQYF,RAKFKQLL,3,SVLAGDTQ,705
2033,35670,CASSWGQGSNYGYTF,IVTDFSVIK,3,WGQGSNYG,1341
2034,35674,CASYWGLAVNEQFF,RPPIFIRRL,3,YWGLAVNE,1023
2035,35678,CSARGEAITEKLFF,GLCTLVAML,3,RGEAITEK,111
2036,35683,CSVGSGGTNEKLFF,GLCTLVAML,3,GSGGTNEK,1041
2037,35684,CSVGTGGTNEKLFF,GLCTLVAML,3,GTGGTNEK,1311
2038,35687,CASSLIGVSSYNEQFF,TPRVTGGGAM,2,LIGVSSYN,228
2039,35688,CASSLGQAYEQYF,FLRGRAYGL,2,SLGQAYEQ,1980
2040,35692,CASILERGSSYNEQFF,IPSINVHHY,2,LERGSSYN,382
2041,35695,CASRVGAGNTEAFF,TPRVTGGGAM,3,RVGAGNTE,1018
2042,35696,CASSCQTGAACGYTF,NLVPMVATV,2,CQTGAACG,1358
2043,35703,CASSLLPYNALVSGTDTQYF,TPRVTGGGAM,2,PYNALVSG,1038
2044,35707,CASSLVTGTGKYGYTF,NLVPMVATV,3,LVTGTGKY,132
2045,35710,CASSPVGGSMAKNIQYF,VLEETSVML,2,VGGSMAKN,759
2046,35713,CASSQHDRGFSTEAFF,TPRVTGGGAM,3,QHDRGFST,325
2047,35714,CASSRENSNQPQHF,IPSINVHHY,2,SRENSNQP,1128
2048,35717,CASSSHDRDGGYSPLHF,TPRVTGGGAM,3,HDRDGGYS,1270
2049,35718,CASSSHDRQGQNSPLHF,TPRVTGGGAM,2,HDRQGQNS,1457
2050,35719,CASSSHERQGQNSPLHF,TPRVTGGGAM,3,HERQGQNS,585
2051,35728,CAGGTGETSPGELFF,GLCTLVAML,2,TGETSPGE,234
2052,35730,CAGRPRLAGGNNEQFF,RAKFKQLL,2,PRLAGGNN,630
2053,35732,CASKMRGDVYEQYF,RAKFKQLL,3,KMRGDVYE,1655
2054,35734,CASLFTGTSPTDTQYF,RAKFKQLL,2,FTGTSPTD,985
2055,35735,CASLRGLGTDTQYF,RAKFKQLL,2,LRGLGTDT,1449
2056,35737,CASMGGASYNEQFF,YVLDHLIVV,2,MGGASYNE,848
2057,35742,CASRGLLGGITEAFF,YVLDHLIVV,2,GLLGGITE,1003
2058,35745,CASSAASGTDTQYF,FLRGRAYGL,2,SAASGTDT,1169
2059,35752,CASSEILGMNTEAFF,RPPIFIRRL,3,EILGMNTE,843
2060,35761,CASSFQGSNEKLFF,RAKFKQLL,3,SFQGSNEK,231
2061,35763,CASSFRLAVKNEQFF,RPPIFIRRL,2,FRLAVKNE,547
2062,35765,CASSGTHNEQFF,RPPIFIRRL,3,SSGTHNEQ,890
2063,35768,CASSIDGTAYEQYF,GLCTLVAML,3,SIDGTAYE,564
2064,35770,CASSIVGAHTEAFF,IVTDFSVIK,2,SIVGAHTE,142
2065,35772,CASSKQGRGTDTQYF,RAKFKQLL,2,KQGRGTDT,322
2066,35773,CASSLAPSYEQYF,RAKFKQLL,2,SLAPSYEQ,944
2067,35774,CASSLASSGYTGELFF,YPLHEQHGM,2,LASSGYTG,1613
2068,35775,CASSLEAGVSYEQYF,RPPIFIRRL,2,LEAGVSYE,184
2069,35776,CASSLEGSYEQYF,RAKFKQLL,2,SLEGSYEQ,804
2070,35778,CASSLGASTDTQYF,RPPIFIRRL,2,SLGASTDT,1582
2071,35780,CASSLGLENEQFF,GLCTLVAML,3,SLGLENEQ,1329
2072,35781,CASSLGLGVNNEQFF,RAKFKQLL,2,LGLGVNNE,958
2073,35783,CASSLGTGHNEQFF,RAKFKQLL,2,SLGTGHNE,1015
2074,35784,CASSLGTSFRTDTQYF,YVLDHLIVV,3,LGTSFRTD,1543
2075,35785,CASSLIASGGYNEQFF,RAKFKQLL,2,LIASGGYN,1138
2076,35787,CASSLLGEKAYEQYF,RAKFKQLL,2,LLGEKAYE,421
2077,35788,CASSLLGHPSGELFF,RAKFKQLL,2,LLGHPSGE,817
2078,35789,CASSLLIGANNEQFF,RAKFKQLL,2,LLIGANNE,481
2079,35791,CASSLPGTSGISQDTQYF,RAKFKQLL,2,PGTSGISQ,1861
2080,35792,CASSLPRGRDNEQFF,RAKFKQLL,2,LPRGRDNE,861
2081,35794,CASSLSQGIQNIQYF,RPPIFIRRL,3,LSQGIQNI,859
2082,35796,CASSLSSPGNQPQHF,RAKFKQLL,2,LSSPGNQP,361
2083,35797,CASSLTAPGIQPQHF,RAKFKQLL,2,LTAPGIQP,504
2084,35798,CASSLTEAGNQPHHF,RAKFKQLL,2,LTEAGNQP,542
2085,35799,CASSLTGAGDQPQHF,RAKFKQLL,2,LTGAGDQP,1889
2086,35800,CASSLTGGTYEQYF,RPPIFIRRL,2,SLTGGTYE,1446
2087,35801,CASSLTGPGDQPQHF,RAKFKQLL,3,LTGPGDQP,575
2088,35802,CASSLTLLGNNEQYF,RAKFKQLL,2,LTLLGNNE,898
2089,35803,CASSLTSATGELFF,AVFDRKSDAK,2,SLTSATGE,1378
2090,35807,CASSLYSDTQYF,YVLDHLIVV,2,SSLYSDTQ,884
2091,35808,CASSMLLGGGQPQHF,YVLDHLIVV,2,MLLGGGQP,145
2092,35812,CASSPGQVTPLHF,RAKFKQLL,2,SPGQVTPL,723
2093,35815,CASSPGTSGGGDEETQYF,RAKFKQLL,2,GTSGGGDE,379
2094,35817,CASSPITRIVGDTQYF,RAKFKQLL,2,PITRIVGD,1271
2095,35818,CASSPLIGTSGTEAFF,RAKFKQLL,2,PLIGTSGT,1753
2096,35820,CASSPPGPTGRGWYDTF,RAKFKQLL,3,PGPTGRGW,681
2097,35821,CASSPSKPGDNEQFF,RAKFKQLL,2,PSKPGDNE,119
2098,35822,CASSPSKPGDNEQFF,RAKFKQLL,2,PSKPGDNE,119
2099,35823,CASSPSLVGSADTQYF,YVLDHLIVV,2,PSLVGSAD,247
2100,35826,CASSPTNPAGDTETQYF,RPPIFIRRL,3,TNPAGDTE,412
2101,35830,CASSQAGQGNSPLHF,RAKFKQLL,3,QAGQGNSP,643
2102,35831,CASSQAQGMGNSPLHF,RAKFKQLL,3,QAQGMGNS,1572
2103,35837,CASSQEGTGSYEQYF,AVFDRKSDAK,3,QEGTGSYE,838
2104,35839,CASSQGALTGQPQHF,YPLHEQHGM,2,QGALTGQP,900
2105,35844,CASSQIVTSAAQYF,RAKFKQLL,2,SQIVTSAA,1237
2106,35845,CASSQTLAGGGETQYF,YVLDHLIVV,2,QTLAGGGE,802
2107,35846,CASSQTTSVNTEAFF,RAKFKQLL,3,QTTSVNTE,1149
2108,35847,CASSQVQGTSGGEQYF,RAKFKQLL,2,QVQGTSGG,1187
2109,35848,CASSQVRGGYEQFF,RAKFKQLL,2,SQVRGGYE,1961
2110,35851,CASSRGTGEGYEQYF,RAKFKQLL,3,RGTGEGYE,393
2111,35853,CASSRTDDTEAFF,RAKFKQLL,2,SRTDDTEA,792
2112,35857,CASSSMVAGEYEQFF,RAKFKQLL,2,SMVAGEYE,461
2113,35858,CASSSNRDRNTIYF,RAKFKQLL,2,SSNRDRNT,1559
2114,35859,CASSSPGDYTYEQYF,YVLDHLIVV,2,SPGDYTYE,1689
2115,35861,CASSSTGPGNSPLHF,RAKFKQLL,2,STGPGNSP,1410
2116,35865,CASSVASGTDTQYF,FLRGRAYGL,3,SVASGTDT,1058
2117,35869,CASSYLGDSTNSPLHF,RAKFKQLL,2,YLGDSTNS,1180
2118,35877,CASTREGLNTGELFF,GLCTLVAML,3,REGLNTGE,198
2119,35879,CATATGTGSNTEAFF,RPPIFIRRL,2,TGTGSNTE,1844
2120,35880,CATLAGEGEQFF,RPPIFIRRL,2,TLAGEGEQ,1854
2121,35887,CATSWTGTYEQYF,YVLDHLIVV,2,SWTGTYEQ,45
2122,35888,CATTQYGTDTQYF,RAKFKQLL,2,TQYGTDTQ,652
2123,35891,CSAPIPPYNEQFF,YVLDHLIVV,2,PIPPYNEQ,1588
2124,35894,CSARDRVGNGYTF,GLCTLVAML,2,RDRVGNGY,1510
2125,35896,CSARGAGFSGANVLTF,YVLDHLIVV,2,GAGFSGAN,1257
2126,35897,CSASNQESYGYTF,YVLDHLIVV,2,SNQESYGY,828
2127,35901,CSTGTGEGGTQYF,RAKFKQLL,2,GTGEGGTQ,1198
2128,35905,CSVGGAYEQYF,RPPIFIRRL,3,VGGAYEQY,953
2129,35907,CSVSAGEEDTQYF,RAKFKQLL,2,SAGEEDTQ,1451
2130,35908,CSVGTGGTNEKLFF,GLCTLVAML,3,GTGGTNEK,1311
2131,35910,CSVGAGDYEQYF,RAKFKQLL,2,VGAGDYEQ,1177
2132,35911,CSARDRTGNGYTF,GLCTLVAML,2,RDRTGNGY,918
2133,35912,CASSSAYYGYTF,NLVPMVATV,3,SSSAYYGY,1847
2134,35913,CASSSLNTEAFF,RAKFKQLL,3,SSSLNTEA,1609
2135,35914,CSGGQGEGEQYF,RAKFKQLL,2,GGQGEGEQ,2027
2136,35916,CSARDRVGNTIYF,GLCTLVAML,3,RDRVGNTI,1491
2137,35917,CSVGTGGTNEKLFF,GLCTLVAML,3,GTGGTNEK,1311
2138,35918,CASSQDRLTGGYTF,RPPIFIRRL,3,SQDRLTGG,287
2139,35923,CASSLTGPGDQPQHF,RAKFKQLL,3,LTGPGDQP,575
2140,35924,CASSLGQAYEQYF,FLRGRAYGL,2,SLGQAYEQ,1980
2141,35925,CASSPLTDTQYF,RAKFKQLL,2,SSPLTDTQ,1850
2142,35926,CSVGSGGTNEKLFF,GLCTLVAML,3,GSGGTNEK,1041
2143,35927,CASSYSGNTEAFF,TPRVTGGGAM,2,SYSGNTEA,850
2144,35930,CSVGAGDYEQYF,RAKFKQLL,2,VGAGDYEQ,1177
2145,36090,CASSGEGAKTTNTEAFF,QIKVRVDMV,2,EGAKTTNT,146
2146,36094,CASSYSGQGSAAGETQYF,ELRRKMMYM,2,SGQGSAAG,208
2147,36106,CASSWWDTGELFF,RMFPNAPYL,3,SWWDTGEL,319
2148,36107,CAWGTLATEQYF,RMFPNAPYL,3,WGTLATEQ,760
2149,36108,CASSLEIFGGIADTDTQYF,KIFGSLAFL,2,IFGGIADT,296
2150,36134,CASSEALLGRANYGYTF,NLVPMVATV,2,ALLGRANY,1178
2151,36135,CASSLAPGTTNEKLFF,NLVPMVATV,2,LAPGTTNE,1681
2152,36136,CASSPLTGTGVYGYTF,NLVPMVATV,3,PLTGTGVY,1966
2153,36137,CASSSSFPGGGNEQFF,NLVPMVATV,2,SSFPGGGN,1397
2154,36138,CASSYATGASYGYTF,NLVPMVATV,2,YATGASYG,857
2155,36139,CASSYQTGAAYGYTF,NLVPMVATV,2,YQTGAAYG,952
2156,36140,CASSYQTGASYGYTF,NLVPMVATV,3,YQTGASYG,135
2157,36141,CASTLLGGAGYNEQFF,NLVPMVATV,2,LLGGAGYN,112
2158,36142,CQQLLFSGGGNEQFF,NLVPMVATV,2,LFSGGGNE,1712
2159,36143,CSARGEAITEKLFF,GLCTLVAML,3,RGEAITEK,111
2160,36144,CASSIDGTAYEQYF,GLCTLVAML,3,SIDGTAYE,564
2161,36145,CASTREGLNTGELFF,GLCTLVAML,3,REGLNTGE,198
2162,36146,CASSLGLENEQFF,GLCTLVAML,3,SLGLENEQ,1329
2163,36147,CAGGTGETSPGELFF,GLCTLVAML,2,TGETSPGE,234
2164,36148,CSVGGTFYGYTF,GLCTLVAML,2,VGGTFYGY,773
2165,36149,CASSAGRVSPGELFF,GLCTLVAML,2,AGRVSPGE,770
2166,36150,CASSPGTLSAGELFF,GLCTLVAML,2,PGTLSAGE,1984
2167,36151,CASSVAGGDEQFF,GLCTLVAML,2,SVAGGDEQ,1370
2168,36152,CSARSRVGNTIYF,GLCTLVAML,2,RSRVGNTI,1484
2169,36153,CASTAGQTTNFNEQFF,GLCTLVAML,2,AGQTTNFN,1659
2170,36154,CSVGTGGTNEKLFF,GLCTLVAML,3,GTGGTNEK,1311
2171,36155,CSARDRTGNGYTF,GLCTLVAML,2,RDRTGNGY,918
2172,36156,CSARDEVGNTIYF,GLCTLVAML,2,RDEVGNTI,1733
2173,36157,CASSELGRFIIQPQHF,GLCTLVAML,2,ELGRFIIQ,1167
2174,36158,CASSKWTGGNQWFF,GLCTLVAML,2,SKWTGGNQ,1144
2175,36159,CASSEGRVLSGELFF,GLCTLVAML,2,EGRVLSGE,586
2176,36160,CSVGSGGTNEKLFF,GLCTLVAML,3,GSGGTNEK,1041
2177,36161,CSVGTGGTNEKLFF,GLCTLVAML,3,GTGGTNEK,1311
2178,36162,CSVGTGGTNEKLFF,GLCTLVAML,3,GTGGTNEK,1311
2179,36163,CSVGSGGTNEKLFF,GLCTLVAML,3,GSGGTNEK,1041
2180,36164,CSVGTGGTNEKLFF,GLCTLVAML,3,GTGGTNEK,1311
2181,36165,CSVGSGGTNEKLFF,GLCTLVAML,3,GSGGTNEK,1041
2182,36166,CSGGTDGTNEKLFF,GLCTLVAML,2,GTDGTNEK,607
2183,36167,CASSTGRVAPGELFF,GLCTLVAML,2,TGRVAPGE,272
2184,36168,CSARDRVGNGYTF,GLCTLVAML,2,RDRVGNGY,1510
2185,36169,CASSSLTGSGQPQHF,YVLDHLIVV,3,SLTGSGQP,1136
2186,36170,CASSSLRGSNQPQHF,YVLDHLIVV,3,SLRGSNQP,450
2187,36171,CASSLGTSFRTDTQYF,YVLDHLIVV,3,LGTSFRTD,1543
2188,36172,CSASNQESYGYTF,YVLDHLIVV,2,SNQESYGY,828
2189,36173,CSAPIPPYNEQFF,YVLDHLIVV,2,PIPPYNEQ,1588
2190,36174,CASSYMGVEQFF,YVLDHLIVV,2,SSYMGVEQ,1408
2191,36175,CASMGGASYNEQFF,YVLDHLIVV,2,MGGASYNE,848
2192,36176,CASSSPGDYTYEQYF,YVLDHLIVV,2,SPGDYTYE,1689
2193,36177,CASSMLLGGGQPQHF,YVLDHLIVV,2,MLLGGGQP,145
2194,36178,CASRGLLGGITEAFF,YVLDHLIVV,2,GLLGGITE,1003
2195,36179,CASSPSLVGSADTQYF,YVLDHLIVV,2,PSLVGSAD,247
2196,36180,CATSWTGTYEQYF,YVLDHLIVV,2,SWTGTYEQ,45
2197,36181,CSARGAGFSGANVLTF,YVLDHLIVV,2,GAGFSGAN,1257
2198,36182,CASSQTLAGGGETQYF,YVLDHLIVV,2,QTLAGGGE,802
2199,36183,CASSLYSDTQYF,YVLDHLIVV,2,SSLYSDTQ,884
2200,36184,CASRTTSGGASEQFF,YVLDHLIVV,2,TTSGGASE,1226
2201,36185,CASSDLANEQFF,YVLDHLIVV,2,SSDLANEQ,22
2202,36186,CATSDWAGEMETQYF,YVLDHLIVV,2,DWAGEMET,1210
2203,36187,CASTTEGGLIHEKLFF,YVLDHLIVV,2,TEGGLIHE,1909
2204,36188,CSQTNREYNEQFF,YVLDHLIVV,2,TNREYNEQ,403
2205,36189,CASRATMGGGTEAFF,YVLDHLIVV,2,ATMGGGTE,589
2206,36190,CASSRGQGSADTQYF,YVLDHLIVV,2,RGQGSADT,1914
2207,36191,CASSPGAGLYNEQFF,YVLDHLIVV,2,PGAGLYNE,308
2208,36192,CASSLHFEVEKLFF,YVLDHLIVV,2,SLHFEVEK,409
2209,36193,CSANDRSYNEQFF,YVLDHLIVV,2,NDRSYNEQ,408
2210,36194,CSAIPSYLSIGEQFF,YVLDHLIVV,2,PSYLSIGE,285
2211,36195,CASSLAVEGVSRMNTEAFF,YVLDHLIVV,2,VEGVSRMN,1352
2212,36196,CASSLTTGIQYF,YVLDHLIVV,2,SSLTTGIQ,1528
2213,36197,CASSFRLGQGHYGYTF,YVLDHLIVV,2,FRLGQGHY,1059
2214,36198,CSARPTSNYEQFF,YVLDHLIVV,2,RPTSNYEQ,1504
2215,36199,CASSSLQGNGQPQHF,YVLDHLIVV,2,SLQGNGQP,1736
2216,36200,CASSLDLSSGANVLTF,YVLDHLIVV,2,LDLSSGAN,733
2217,36201,CASSPPLGLHTGELFF,YVLDHLIVV,2,PPLGLHTG,1999
2218,36202,CASSFSLGAAGELFF,YVLDHLIVV,2,FSLGAAGE,1201
2219,36203,CASSLSVSTSLDTQYF,YVLDHLIVV,2,LSVSTSLD,1550
2220,36204,CASMGGASYNEQFF,YVLDHLIVV,2,MGGASYNE,848
2221,36205,CASSSPGGRGNTEAFF,YVLDHLIVV,2,SPGGRGNT,1842
2222,36206,CAWSGLSGSYNEQFF,YVLDHLIVV,2,GLSGSYNE,1894
2223,36207,CASGWGSQPQHF,AVFDRKSDAK,3,SGWGSQPQ,192
2224,36208,CVSGWGSQPQHF,AVFDRKSDAK,2,SGWGSQPQ,192
2225,36209,CASSRTSATGELFF,AVFDRKSDAK,3,SRTSATGE,390
2226,36210,CASSQEGTGSYEQYF,AVFDRKSDAK,3,QEGTGSYE,838
2227,36211,CASSLTSATGELFF,AVFDRKSDAK,2,SLTSATGE,1378
2228,36212,CASSRTSATGELFF,AVFDRKSDAK,3,SRTSATGE,390
2229,36213,CASSLTSATGELFF,AVFDRKSDAK,2,SLTSATGE,1378
2230,36214,CASKGQGARDGYTF,IPSINVHHY,3,KGQGARDG,1442
2231,36215,CSVEEGVLYEQYF,IPSINVHHY,3,EEGVLYEQ,372
2232,36216,CASSRENSNQPQHF,IPSINVHHY,2,SRENSNQP,1128
2233,36217,CASILERGSSYNEQFF,IPSINVHHY,2,LERGSSYN,382
2234,36218,CASSYPFGGAWDEQFF,IPSINVHHY,2,YPFGGAWD,896
2235,36219,CASSLFTDNRDGYTF,IPSINVHHY,2,LFTDNRDG,1673
2236,36220,CASSYATAYEQYF,IPSINVHHY,2,SYATAYEQ,522
2237,36221,CSAQPGQENIQYF,IPSINVHHY,2,QPGQENIQ,1114
2238,36222,CASSLFTDRRDGYTF,IPSINVHHY,2,LFTDRRDG,1993
2239,36223,CASNGQGARDGYTF,IPSINVHHY,2,NGQGARDG,159
2240,36224,CASSLDPAGQGYEQYF,IPSINVHHY,2,LDPAGQGY,515
2241,36225,CASSVEAEGFGAPISPPEAFF,IPSINVHHY,2,EGFGAPIS,664
2242,36226,CASGRTGSEAFF,IPSINVHHY,2,SGRTGSEA,1856
2243,36227,CASSQGLAEWDEQFF,IPSINVHHY,2,QGLAEWDE,1540
2244,36228,CASSLALDEAFF,IPSINVHHY,2,SSLALDEA,1599
2245,36229,CASRVGTGNLYEQYF,TPRVTGGGAM,3,VGTGNLYE,333
2246,36230,CASSLALGVAKNIQYF,TPRVTGGGAM,3,LALGVAKN,1168
2247,36231,CASSSHDRDGGYSPLHF,TPRVTGGGAM,3,HDRDGGYS,1270
2248,36232,CASSSHERQGQNSPLHF,TPRVTGGGAM,3,HERQGQNS,585
2249,36233,CASRVGAGNTEAFF,TPRVTGGGAM,3,RVGAGNTE,1018
2250,36234,CASSQHDRGFSTEAFF,TPRVTGGGAM,3,QHDRGFST,325
2251,36235,CASSSHDRQGQNSPLHF,TPRVTGGGAM,2,HDRQGQNS,1457
2252,36236,CASSLLPYNALVSGTDTQYF,TPRVTGGGAM,2,PYNALVSG,1038
2253,36237,CASSLSWGGFYNEQFF,TPRVTGGGAM,2,LSWGGFYN,1262
2254,36238,CASSSHERQGQNSPLHF,TPRVTGGGAM,3,HERQGQNS,585
2255,36239,CASSLARGFSDHTQYF,TPRVTGGGAM,2,LARGFSDH,1633
2256,36240,CASSLIGVGLTDTQYF,TPRVTGGGAM,2,LIGVGLTD,347
2257,36241,CASRVGTGNLYEQYF,TPRVTGGGAM,3,VGTGNLYE,333
2258,36242,CASSSSWGYGYTF,TPRVTGGGAM,2,SSSWGYGY,1732
2259,36243,CASRPNLGGTTEAFF,TPRVTGGGAM,2,PNLGGTTE,769
2260,36244,CASSIHSETGVGSPLHF,TPRVTGGGAM,2,HSETGVGS,1174
2261,36245,CASSLSASTARYGYTF,TPRVTGGGAM,2,LSASTARY,126
2262,36246,CASKQEWGNTEAFF,TPRVTGGGAM,2,KQEWGNTE,1373
2263,36247,CASSLIGAGGPDEQFF,TPRVTGGGAM,2,LIGAGGPD,1669
2264,36248,CASSYSTGTHLEQYF,NLVPMVATV,3,YSTGTHLE,699
2265,36249,CASSSAYYGYTF,NLVPMVATV,3,SSSAYYGY,1847
2266,36250,CASSLVTGTGKYGYTF,NLVPMVATV,3,LVTGTGKY,132
2267,36251,CASSSLPGGTEAFF,NLVPMVATV,2,SSLPGGTE,320
2268,36252,CASSYQTGAAYGYTF,NLVPMVATV,3,YQTGAAYG,952
2269,36253,CASSHWDRETSGNTIYF,NLVPMVATV,3,WDRETSGN,977
2270,36254,CASSCQTGAACGYTF,NLVPMVATV,2,CQTGAACG,1358
2271,36255,CASSSLPGGTEAFF,NLVPMVATV,2,SSLPGGTE,320
2272,36256,CASSPTTGTGHYGYTF,NLVPMVATV,2,PTTGTGHY,820
2273,36257,CASNPMGQGILFF,NLVPMVATV,2,NPMGQGIL,987
2274,36258,CASSSVNEQFF,NLVPMVATV,2,SSSVNEQF,831
2275,36259,CASSLQRGRTDTQYF,VLEETSVML,3,LQRGRTDT,1363
2276,36260,CASSLDSIASGNTIYF,VLEETSVML,2,LDSIASGN,1995
2277,36261,CASSPDSQSSGNTIYTF,VLEETSVML,2,DSQSSGNT,172
2278,36262,CASSLDSQSSGNTIYF,VLEETSVML,3,LDSQSSGN,735
2279,36263,CASSPVGGSMAKNIQYF,VLEETSVML,2,VGGSMAKN,759
2280,36264,CASSLVSGGWTEAFF,VLEETSVML,2,LVSGGWTE,1915
2281,36265,CASSQETDLRSQPQHF,VLEETSVML,2,QETDLRSQ,795
2282,36266,CASKWGRDLWQPQHF,VLEETSVML,2,WGRDLWQP,1147
2283,36267,CASSWGQGSNYGYTF,IVTDFSVIK,3,WGQGSNYG,1341
2284,36268,CASREGDINTGELFF,IVTDFSVIK,3,EGDINTGE,263
2285,36269,CASSIVGAHTEAFF,IVTDFSVIK,2,SIVGAHTE,142
2286,36270,CASSEASGGFYNEQFF,IVTDFSVIK,2,EASGGFYN,612
2287,36271,CASSLAGGSYNSPLHF,IVTDFSVIK,2,LAGGSYNS,1105
2288,36272,CASSAWDINTGELFF,IVTDFSVIK,2,AWDINTGE,1230
2289,36273,CASSRTSGGFYNEQFF,IVTDFSVIK,2,RTSGGFYN,666
2290,36274,CASSGSSGGYYNEQFF,IVTDFSVIK,2,GSSGGYYN,1098
2291,36275,CASSLGSGNYGYTF,IVTDFSVIK,2,SLGSGNYG,1775
2292,36276,CASSVGDWAQGNTIYF,IVTDFSVIK,2,VGDWAQGN,1419
2293,36277,CASSEASGGFYNEQFF,IVTDFSVIK,2,EASGGFYN,612
2294,36278,CASYWGLAVNEQFF,RPPIFIRRL,3,YWGLAVNE,1023
2295,36279,CASSQDRLTGGYTF,RPPIFIRRL,3,SQDRLTGG,287
2296,36280,CASRTLAGPNTGELFF,RPPIFIRRL,3,TLAGPNTG,1268
2297,36281,CASSEILGMNTEAFF,RPPIFIRRL,3,EILGMNTE,843
2298,36282,CASSQETGSASQHF,RPPIFIRRL,3,SQETGSAS,1556
2299,36283,CASSPTNPAGDTETQYF,RPPIFIRRL,3,TNPAGDTE,412
2300,36284,CSVGGAYEQYF,RPPIFIRRL,3,VGGAYEQY,953
2301,36285,CASSGTHNEQFF,RPPIFIRRL,3,SSGTHNEQ,890
2302,36286,CASSLSQGIQNIQYF,RPPIFIRRL,3,LSQGIQNI,859
2303,36287,CASSFRLAVKNEQFF,RPPIFIRRL,2,FRLAVKNE,547
2304,36288,CATLAGEGEQFF,RPPIFIRRL,2,TLAGEGEQ,1854
2305,36289,CASSLEAGVSYEQYF,RPPIFIRRL,2,LEAGVSYE,184
2306,36290,CASSLGASTDTQYF,RPPIFIRRL,2,SLGASTDT,1582
2307,36291,CASSQDRYTGGYTF,RPPIFIRRL,2,SQDRYTGG,28
2308,36292,CASSQETGSYEQYF,RPPIFIRRL,3,SQETGSYE,467
2309,36293,CASSQDRLTGGYTF,RPPIFIRRL,3,SQDRLTGG,287
2310,36294,CAGSQDRLTGGYTF,RPPIFIRRL,2,SQDRLTGG,287
2311,36295,CASSQETGSYEQFF,RPPIFIRRL,3,SQETGSYE,467
2312,36296,CASSLTGGTYEQYF,RPPIFIRRL,2,SLTGGTYE,1446
2313,36297,CATATGTGSNTEAFF,RPPIFIRRL,2,TGTGSNTE,1844
2314,36298,CASSISSGITYEQFF,RPPIFIRRL,2,ISSGITYE,98
2315,36299,CASSSGQAYEQYF,FLRGRAYGL,3,SSGQAYEQ,56
2316,36300,CASSVASGTDTQYF,FLRGRAYGL,3,SVASGTDT,1058
2317,36301,CASSAASGTDTQYF,FLRGRAYGL,2,SAASGTDT,1169
2318,36302,CASSLGQAYEQYF,FLRGRAYGL,2,SLGQAYEQ,1980
2319,36303,CASSFSPTAQGLEQYF,YPLHEQHGM,3,FSPTAQGL,1048
2320,36304,CASSQGALTGQPQHF,YPLHEQHGM,2,QGALTGQP,900
2321,36305,CASSLASSGYTGELFF,YPLHEQHGM,2,LASSGYTG,1613
2322,36306,CASSLVLSSPTYEQYF,RAKFKQLL,3,LVLSSPTY,1516
2323,36307,CASSQTTSVNTEAFF,RAKFKQLL,3,QTTSVNTE,1149
2324,36308,CASSSLNTEAFF,RAKFKQLL,3,SSSLNTEA,1609
2325,36309,CASSSHVINQFF,RAKFKQLL,2,SSSHVINQ,188
2326,36310,CASSLPRGRDNEQFF,RAKFKQLL,2,LPRGRDNE,861
2327,36311,CASSLGTGHNEQFF,RAKFKQLL,2,SLGTGHNE,1015
2328,36312,CASSSNRDRNTIYF,RAKFKQLL,2,SSNRDRNT,1559
2329,36313,CASSLGLGVNNEQFF,RAKFKQLL,2,LGLGVNNE,958
2330,36314,CASSSTGPGNSPLHF,RAKFKQLL,2,STGPGNSP,1410
2331,36315,CSVSAGEEDTQYF,RAKFKQLL,2,SAGEEDTQ,1451
2332,36316,CASSQVQGTSGGEQYF,RAKFKQLL,2,QVQGTSGG,1187
2333,36317,CASSSMVAGEYEQFF,RAKFKQLL,2,SMVAGEYE,461
2334,36318,CASSLWIQETQYF,RAKFKQLL,2,SLWIQETQ,1640
2335,36319,CASSPSKPGDNEQFF,RAKFKQLL,2,PSKPGDNE,119
2336,36320,CASSPSKPGDNEQFF,RAKFKQLL,2,PSKPGDNE,119
2337,36321,CASSPTGAGNQPQHF,RAKFKQLL,2,PTGAGNQP,321
2338,36322,CASSGSAGGVWDNEQFF,RAKFKQLL,2,SAGGVWDN,1176
2339,36323,CASTSAGTPDNEQFF,RAKFKQLL,2,SAGTPDNE,107
2340,36324,CASSLTVAGDTEAFF,RAKFKQLL,2,LTVAGDTE,1305
2341,36325,CASSQGPNLQETQYF,RAKFKQLL,2,QGPNLQET,544
2342,36326,CASSTTRAGDQPQHF,RAKFKQLL,2,TTRAGDQP,524
2343,36327,CASSQSIGGELFF,RAKFKQLL,2,SQSIGGEL,365
2344,36328,CASSPLTDTQYF,RAKFKQLL,2,SSPLTDTQ,1850
2345,36329,CASSSHVINQFF,RAKFKQLL,2,SSSHVINQ,188
2346,36330,CASSLVTGEGLGEQFF,RAKFKQLL,2,LVTGEGLG,1200
2347,36331,CASSQGVGENTEAFF,RAKFKQLL,3,QGVGENTE,1319
2348,36332,CASSLAVLSSYNEQFF,RAKFKQLL,3,LAVLSSYN,1586
2349,36333,CASSRGTGEGYEQYF,RAKFKQLL,3,RGTGEGYE,393
2350,36334,CASSPPGPTGRGWYDTF,RAKFKQLL,3,PGPTGRGW,681
2351,36335,CASSQAQGMGNSPLHF,RAKFKQLL,3,QAQGMGNS,1572
2352,36336,CASSLTGPGDQPQHF,RAKFKQLL,3,LTGPGDQP,575
2353,36337,CASSLTGAGDQPQHF,RAKFKQLL,2,LTGAGDQP,1889
2354,36338,CASSLTAPGIQPQHF,RAKFKQLL,2,LTAPGIQP,504
2355,36339,CASSPLTDTQYF,RAKFKQLL,2,SSPLTDTQ,1850
2356,36340,CASSSVGPGDQPPAF,RAKFKQLL,2,SVGPGDQP,1034
2357,36341,CASSKQGRGTDTQYF,RAKFKQLL,2,KQGRGTDT,322
2358,36342,CASSLTLLGNNEQYF,RAKFKQLL,2,LTLLGNNE,898
2359,36343,CASSLLIGANNEQFF,RAKFKQLL,2,LLIGANNE,481
2360,36344,CASSLEGSYEQYF,RAKFKQLL,2,SLEGSYEQ,804
2361,36345,CASSPITRIVGDTQYF,RAKFKQLL,2,PITRIVGD,1271
2362,36346,CASSLIASGGYNEQFF,RAKFKQLL,2,LIASGGYN,1138
2363,36347,CASSLAVLSSYNEQFF,RAKFKQLL,2,LAVLSSYN,1586
2364,36348,CSVGAGDYEQYF,RAKFKQLL,2,VGAGDYEQ,1177
2365,36349,CASSQVRGGYEQFF,RAKFKQLL,2,SQVRGGYE,1961
2366,36350,CASSFMQGDSPLHF,RAKFKQLL,2,SFMQGDSP,1578
2367,36351,CASSQGTGGGYGYTF,RAKFKQLL,2,QGTGGGYG,195
2368,36352,CASSLMGNSPLHF,RAKFKQLL,2,SLMGNSPL,1904
2369,36353,CASSPTGAGNQPQHF,RAKFKQLL,2,PTGAGNQP,321
2370,36354,CASSLMASGGYNEQFF,RAKFKQLL,2,LMASGGYN,121
2371,36355,CASSLWAGGLYEQFF,RAKFKQLL,2,LWAGGLYE,1440
2372,36356,CASSFVGEGYEQYF,RAKFKQLL,2,SFVGEGYE,24
2373,36357,CASSLVSSGANVLTF,RAKFKQLL,3,LVSSGANV,1857
2374,36358,CASSFSGSLTTEAFF,RAKFKQLL,3,FSGSLTTE,591
2375,36359,CASKMRGDVYEQYF,RAKFKQLL,3,KMRGDVYE,1655
2376,36360,CASSQAGQGNSPLHF,RAKFKQLL,3,QAGQGNSP,643
2377,36361,CASSFQGSNEKLFF,RAKFKQLL,3,SFQGSNEK,231
2378,36362,CATTQYGTDTQYF,RAKFKQLL,2,TQYGTDTQ,652
2379,36363,CASSLLGHPSGELFF,RAKFKQLL,2,LLGHPSGE,817
2380,36364,CASLFTGTSPTDTQYF,RAKFKQLL,2,FTGTSPTD,985
2381,36365,CASSLAPSYEQYF,RAKFKQLL,2,SLAPSYEQ,944
2382,36366,CASSYLGDSTNSPLHF,RAKFKQLL,2,YLGDSTNS,1180
2383,36367,CASSRTDDTEAFF,RAKFKQLL,2,SRTDDTEA,792
2384,36368,CASSLPGTSGISQDTQYF,RAKFKQLL,2,PGTSGISQ,1861
2385,36369,CASSPGTSGGGDEETQYF,RAKFKQLL,2,GTSGGGDE,379
2386,36370,CASSLLGEKAYEQYF,RAKFKQLL,2,LLGEKAYE,421
2387,36371,CATSSFPRLEWDEQFF,RAKFKQLL,2,SFPRLEWD,983
2388,36372,CASSPGTGSYEQYF,RAKFKQLL,2,SPGTGSYE,48
2389,36373,CASRYTGQETYEQYF,RAKFKQLL,2,YTGQETYE,373
2390,36374,CASSFSGQGAATNEKLFF,RAKFKQLL,2,SGQGAATN,1893
2391,36375,CASSLLGTENTEAFF,RAKFKQLL,2,LLGTENTE,1101
2392,36376,CASGTGESGYTF,RAKFKQLL,2,SGTGESGY,1337
2393,36377,CASSTPTSGVNTGELFF,RAKFKQLL,2,PTSGVNTG,714
2394,36378,CASSLLGQYNSPLHF,RAKFKQLL,2,LLGQYNSP,1512
2395,36379,CASSLMGVRDTEAFF,RAKFKQLL,2,LMGVRDTE,1710
2396,36380,CASSQETGSYEQFF,RAKFKQLL,2,SQETGSYE,467
2397,36381,CASSPWASGTQETQYF,RAKFKQLL,2,PWASGTQE,201
2398,36382,CASSRLDRDSYEQYF,RAKFKQLL,2,RLDRDSYE,1963
2399,36383,CATKRTGTDTQYF,RAKFKQLL,2,KRTGTDTQ,925
2400,36384,CASSSTGRDTDTQYF,RAKFKQLL,2,STGRDTDT,1413
2401,36385,CASNILGQAIDTQYF,RAKFKQLL,2,ILGQAIDT,846
2402,36386,CASSFRGEGSYEQYF,RAKFKQLL,2,FRGEGSYE,273
2403,36387,CASSLGRDGVYF,RAKFKQLL,2,SSLGRDGV,901
2404,36388,CASSQLGQSETQYF,RAKFKQLL,2,SQLGQSET,1682
2405,36389,CASSDLNSPLHF,RAKFKQLL,3,SSDLNSPL,829
2406,36390,CASSQVRGRGEQYF,RAKFKQLL,3,SQVRGRGE,265
2407,36391,CASSVLAGDTQYF,RAKFKQLL,3,SVLAGDTQ,705
2408,36392,CASSLTGPGDQPQHF,RAKFKQLL,3,LTGPGDQP,575
2409,36393,CASSLTEAGNQPHHF,RAKFKQLL,2,LTEAGNQP,542
2410,36394,CASLRGLGTDTQYF,RAKFKQLL,2,LRGLGTDT,1449
2411,36395,CASSPLIGTSGTEAFF,RAKFKQLL,2,PLIGTSGT,1753
2412,36396,CASSPGQVTPLHF,RAKFKQLL,2,SPGQVTPL,723
2413,36397,CSGGQGEGEQYF,RAKFKQLL,2,GGQGEGEQ,2027
2414,36398,CAGRPRLAGGNNEQFF,RAKFKQLL,2,PRLAGGNN,630
2415,36399,CASSLSSPGNQPQHF,RAKFKQLL,2,LSSPGNQP,361
2416,36400,CASSQIVTSAAQYF,RAKFKQLL,2,SQIVTSAA,1237
2417,36401,CSTGTGEGGTQYF,RAKFKQLL,2,GTGEGGTQ,1198
2418,36402,CASSATGLSVTDTQYF,RAKFKQLL,2,ATGLSVTD,464
2419,36403,CASSLTEAGNQPHQF,RAKFKQLL,2,LTEAGNQP,542
2420,36404,CASSDLNSPLHF,RAKFKQLL,3,SSDLNSPL,829
2421,36405,CASSLLGQDNSPLHF,RAKFKQLL,2,LLGQDNSP,1000
2422,36406,CASSPGQGVTPLHF,RAKFKQLL,2,SPGQGVTP,1587
2423,36407,CASSSDPSGSIAYEQYF,RAKFKQLL,2,DPSGSIAY,1431
2424,36408,CASSPTSGEYNEQFF,RAKFKQLL,2,PTSGEYNE,429
2425,36409,CASSLDSQSSGNTIYF,RAKFKQLL,2,LDSQSSGN,735
2426,36410,CASSPYGIDEQYF,RAKFKQLL,2,SPYGIDEQ,1019
2427,36411,CASSGLNSPLHF,RAKFKQLL,2,SSGLNSPL,1684
2428,36412,CASRDPGLAGEGHGELFF,RAKFKQLL,2,PGLAGEGH,961
2429,37046,CSARSRVGNTIYF,GLCTLVAML,2,RSRVGNTI,1484
2430,37457,CASSYQTGAAYGYTF,NLVPMVATV,3,YQTGAAYG,952
2431,37461,CASSYQTGAAYGYTF,NLVPMVATV,3,YQTGAAYG,952
2432,37462,CASSCQTGAACGYTF,NLVPMVATV,2,CQTGAACG,1358
2433,38191,CASSRLAGGMDEQFF,FRDYVDRFYKTLRAEQASQE,2,RLAGGMDE,680
2434,38197,CATTPGASGISEQFF,FRDYVDRFYKTLRAEQASQE,2,PGASGISE,2006
2435,38200,CASSRRTSGGTDTQYF,FRDYVDRFYKTLRAEQASQE,3,RRTSGGTD,653
2436,38213,CASSGLAGGMDEQFF,FRDYVDRFYKTLRAEQASQE,2,GLAGGMDE,1272
2437,38215,CASSPGTSGVGEQFF,FRDYVDRFYKTLRAEQASQE,2,PGTSGVGE,916
2438,38273,CASSRRTSGGTDTQYF,FRDYVDRFYKTLRAEQASQE,2,RRTSGGTD,653
2439,38311,CASSPGTSGVGEQFF,FRDYVDRFYKTLRAEQASQE,2,PGTSGVGE,916
2440,38320,CASSRRTSGGTDTQYF,FRDYVDRFYKTLRAEQASQE,2,RRTSGGTD,653
2441,38350,CASSRRTSGGTDTQYF,FRDYVDRFYKTLRAEQASQE,3,RRTSGGTD,653
2442,38366,CASRPLHSVYEQYF,FRDYVDRFYKTLRAEQASQE,2,RPLHSVYE,473
2443,38398,CASSEFRTRGYTF,FRDYVDRFYKTLRAEQASQE,3,SEFRTRGY,1022
2444,38455,CATTPGASGISEQFF,FRDYVDRFYKTLRAEQASQE,3,PGASGISE,2006
2445,38457,CASSRRTSGGTDTQYF,FRDYVDRFYKTLRAEQASQE,3,RRTSGGTD,653
2446,38464,CASSPGTSGVGEQFF,FRDYVDRFYKTLRAEQASQE,3,PGTSGVGE,916
2447,38492,CASSRRTSGGTDTQYF,FRDYVDRFYKTLRAEQASQE,3,RRTSGGTD,653
2448,38526,CASSPGTSGVGEQFF,FRDYVDRFYKTLRAEQASQE,3,PGTSGVGE,916
2449,38530,CASSRLAGGMDEQFF,FRDYVDRFYKTLRAEQASQE,3,RLAGGMDE,680
2450,38531,CASSRRTSGGTDTQYF,FRDYVDRFYKTLRAEQASQE,2,RRTSGGTD,653
2451,38532,CASSPAPSASSYEQYF,KLVALGINAV,3,PAPSASSY,1888
2452,38533,CASSWSASYEQYF,KLVALGINAV,3,SWSASYEQ,1526
2453,38534,CASSSSWADTQYF,KLVALGINAV,3,SSSWADTQ,300
2454,38535,CASGQGQETQYF,KLVALGINAV,3,SGQGQETQ,46
2455,38536,CASSMGANEQFF,KLVALGINAV,3,SSMGANEQ,257
2456,38537,CASSLAQGQPQHF,KLVALGINAV,3,SLAQGQPQ,1533
2457,38538,CASSYWQGELFF,KLVALGINAV,3,SSYWQGEL,1068
2458,38539,CASTNRQEGQETQYF,KLVALGINAV,3,NRQEGQET,1014
2459,38540,CASSPGGELFF,KLVALGINAV,3,SSPGGELF,596
2460,38541,CAISGQAVSTDTQYF,KLVALGINAV,3,GQAVSTDT,534
2461,38542,CASSPYPRGGTGELFF,KLVALGINAV,3,PYPRGGTG,932
2462,38543,CASSPADPFSNTQYF,KLVALGINAV,3,PADPFSNT,1994
2463,38544,CSANSRTGLGYTF,KLVALGINAV,3,NSRTGLGY,1763
2464,38545,CASSYGSYEQYF,KLVALGINAV,3,SSYGSYEQ,366
2465,38546,CASSWGGGEQYF,KLVALGINAV,3,SSWGGGEQ,573
2466,38547,CASSLEGSYEQYF,KLVALGINAV,3,SLEGSYEQ,804
2467,38548,CSAIDFPMGNEQFF,KLVALGINAV,3,IDFPMGNE,727
2468,38549,CASSSRHEGEDTEAFF,KLVALGINAV,3,SRHEGEDT,104
2469,38550,CASREDGASGSPDTQYF,KLVALGINAV,3,DGASGSPD,233
2470,38551,CASKMGAEAFF,KLVALGINAV,3,SKMGAEAF,68
2471,38552,CASSLGGDIQYF,KLVALGINAV,3,SSLGGDIQ,668
2472,38553,CASTGGLGYTF,KLVALGINAV,3,STGGLGYT,329
2473,38554,CASSYQSGNTEAFF,KLVALGINAV,3,SYQSGNTE,1172
2474,38555,CASNRGDGYTF,KLVALGINAV,3,SNRGDGYT,1465
2475,38556,CASSIALSDNYGYTF,KLVALGINAV,3,IALSDNYG,633
2476,38557,CAWSINSAEAFF,KLVALGINAV,3,WSINSAEA,772
2477,38558,CASSDSYGYTF,KLVALGINAV,3,SSDSYGYT,798
2478,38559,CASSLEREGRGEQFF,KLVALGINAV,3,LEREGRGE,67
2479,38560,CASSQGSYEQYF,KLVALGINAV,3,SSQGSYEQ,1521
2480,38561,CQAGDTEAFF,KLVALGINAV,3,QAGDTEAF,311
2481,38562,CASTQSPLAGNEQYF,KLVALGINAV,3,QSPLAGNE,1590
2482,38563,CASSGYTGELFF,KLVALGINAV,3,SSGYTGEL,229
2483,38564,CASTNSGNTIYF,KLVALGINAV,3,STNSGNTI,1975
2484,38565,CASSSGATEAFF,KLVALGINAV,3,SSSGATEA,636
2485,38566,CASSQVGQNLYEQYF,KLVALGINAV,3,QVGQNLYE,268
2486,38567,CASSVEGGGAKETQYF,KLVALGINAV,3,VEGGGAKE,1066
2487,38568,CASSIGHNTGELFF,KLVALGINAV,3,SIGHNTGE,1731
2488,38569,CASTQGSTDTQYF,KLVALGINAV,3,TQGSTDTQ,1427
2489,38570,CASSVAIWRGSYNEQFF,KLVALGINAV,3,AIWRGSYN,1206
2490,38571,CASSSPGASTYEQYF,KLVALGINAV,3,SPGASTYE,789
2491,38572,CASSYNIAGELFF,KLVALGINAV,3,SYNIAGEL,1597
2492,38573,CASSIAGSAYEQYF,KLVALGINAV,3,SIAGSAYE,968
2493,38574,CASSIRRIDPYNEQFF,KLVALGINAV,3,IRRIDPYN,1548
2494,38575,CASSVELAGTYEQYF,KLVALGINAV,3,VELAGTYE,608
2495,38576,CASSYTGELFF,KLVALGINAV,3,SSYTGELF,1163
2496,38577,CASSFGADTQYF,KLVALGINAV,3,SSFGADTQ,230
2497,38578,CASSAETQYF,KLVALGINAV,3,ASSAETQY,1841
2498,38579,CASSSPHRDSYSPLHF,KLVALGINAV,3,SPHRDSYS,20
2499,38580,CASSQETQYF,KLVALGINAV,3,ASSQETQY,116
2500,38581,CASSIGQYEQYF,KLVALGINAV,3,SSIGQYEQ,1126
2501,38582,CASSYRGSGNTIYF,KLVALGINAV,3,SYRGSGNT,351
2502,38583,CASSYAQGNEQFF,KLVALGINAV,3,SYAQGNEQ,1921
2503,38584,CASSLGRGQFF,KLVALGINAV,3,SSLGRGQF,1403
2504,38585,CASSRGDTEAFF,KLVALGINAV,3,SSRGDTEA,405
2505,38586,CASSLWSAGVHNEQFF,KLVALGINAV,3,LWSAGVHN,1079
2506,38587,CASSEGDTEAFF,KLVALGINAV,3,SSEGDTEA,516
2507,38588,CASSVEGIDEKLFF,KLVALGINAV,3,SVEGIDEK,120
2508,38589,CATSSGDLSSGANVLTF,KLVALGINAV,3,GDLSSGAN,1409
2509,38590,CATSIDRGREKLFF,KLVALGINAV,3,SIDRGREK,10
2510,38591,CASSMGGNPEQYF,KLVALGINAV,3,SMGGNPEQ,657
2511,38592,CASSDDRGPYEQYF,KLVALGINAV,3,SDDRGPYE,1767
2512,38593,CASSQVRLNTEAFF,KLVALGINAV,3,SQVRLNTE,1348
2513,38594,CASSRSLNVNSNQPQHF,KLVALGINAV,3,SLNVNSNQ,849
2514,38595,CASSLGEKLFF,KLVALGINAV,3,SSLGEKLF,991
2515,38596,CASDSNTEAFF,KLVALGINAV,3,SDSNTEAF,417
2516,38597,CASSMGGEQYF,KLVALGINAV,3,SSMGGEQY,1881
2517,38646,CSARDGTGNGYTF,GLCTLVAML,2,RDGTGNGY,855
2518,45463,CASSIRSSYEQYF,GILGFVFTL,3,SIRSSYEQ,213
2519,45468,CASSIRSSYEQYF,GILGFVFTL,3,SIRSSYEQ,213
2520,45479,CASSIRSSYEQYF,GILGFVFTL,3,SIRSSYEQ,213
2521,45482,CASSIRSSYEQYF,GILGFVFTL,3,SIRSSYEQ,213
2522,45487,CASSQTQLWETQYF,NLVPMVATV,3,SQTQLWET,1454
2523,45490,CASSPQTGVGNYGYTF,NLVPMVATV,3,PQTGVGNY,1949
2524,45491,CASSLAPGTTNEKLFF,NLVPMVATV,3,LAPGTTNE,1681
2525,45493,CASSLAPGTTNEKLFF,NLVPMVATV,3,LAPGTTNE,1681
2526,45495,CASSSVNEQFF,NLVPMVATV,3,SSSVNEQF,831
2527,45496,CASSIRSSYEQYF,GILGFVFTL,3,SIRSSYEQ,213
2528,45498,CASSLLGGWSEAFF,GILGFVFTL,3,SLLGGWSE,72
2529,45499,CASSLIYPGELFF,GILGFVFTL,3,SLIYPGEL,656
2530,45500,CASSSETELLYYGYTF,NLVPMVATV,3,SETELLYY,189
2531,45501,CASSQQTGTIGGYTF,NLVPMVATV,3,QQTGTIGG,85
2532,45502,CASSFQGFTEAFF,NLVPMVATV,3,SFQGFTEA,1716
2533,45503,CASSFTLGTGGVEQYF,NLVPMVATV,3,FTLGTGGV,471
2534,45504,CSARGQDIYEQYF,NLVPMVATV,3,RGQDIYEQ,1647
2535,45505,CASGLTGFMDEQYF,NLVPMVATV,3,GLTGFMDE,885
2536,45506,CASSVDVAGGYNEQFF,NLVPMVATV,2,VDVAGGYN,91
2537,45507,CASSQALPYEQYF,NLVPMVATV,3,SQALPYEQ,363
2538,45508,CASSITLGTGGVEQYF,NLVPMVATV,3,ITLGTGGV,182
2539,45509,CASSIVGGNEQFF,GILGFVFTL,3,SIVGGNEQ,108
2540,45510,CASSMRSTGELFF,GILGFVFTL,3,SMRSTGEL,1367
2541,45511,CASSIRSAWAQYF,GILGFVFTL,2,SIRSAWAQ,2010
2542,45512,CASSQRSTGELFF,GILGFVFTL,2,SQRSTGEL,199
2543,45513,CASSIRSSYEQYF,GILGFVFTL,3,SIRSSYEQ,213
2544,45514,CASSFDGVYEQYF,GILGFVFTL,2,SFDGVYEQ,370
2545,45515,CASSIRSSYEQYF,GILGFVFTL,3,SIRSSYEQ,213
2546,45516,CASSSHAGGNTEAFF,GILGFVFTL,2,SHAGGNTE,865
2547,45517,CASSIRSSYEQYF,GILGFVFTL,3,SIRSSYEQ,213
2548,45518,CASSIRSSYEQYF,GILGFVFTL,3,SIRSSYEQ,213
2549,45519,CASSIVGGNEQFF,GLCTLVAML,3,SIVGGNEQ,108
2550,45520,CASSMRSTGELFF,GLCTLVAML,2,SMRSTGEL,1367
2551,45521,CASSIRSAWAQYF,GLCTLVAML,2,SIRSAWAQ,2010
2552,45522,CASSSHAGGNTEAFF,GLCTLVAML,2,SHAGGNTE,865
2553,45523,CASSQRSTGELFF,GLCTLVAML,2,SQRSTGEL,199
2554,45524,CASSLRSTGELFF,GLCTLVAML,2,SLRSTGEL,1045
2555,45525,CASSIRSSYEQYF,GLCTLVAML,2,SIRSSYEQ,213
2556,45526,CASSWLSNQPQHF,GLCTLVAML,2,SWLSNQPQ,1651
2557,45527,CASSIRSTGELFF,GLCTLVAML,2,SIRSTGEL,1194
2558,45528,CASSFDGVYEQYF,GLCTLVAML,2,SFDGVYEQ,370
2559,45529,CASSIVGGNEQFF,YVLDHLIVV,3,SIVGGNEQ,108
2560,45530,CASSIRSAWAQYF,YVLDHLIVV,3,SIRSAWAQ,2010
2561,45531,CASSQRSTGELFF,YVLDHLIVV,2,SQRSTGEL,199
2562,45532,CASSMRSTGELFF,YVLDHLIVV,2,SMRSTGEL,1367
2563,45533,CASSSHAGGNTEAFF,YVLDHLIVV,2,SHAGGNTE,865
2564,45534,CASSNRAGNEQFF,YVLDHLIVV,2,SNRAGNEQ,1787
2565,45535,CASSIRSTGELFF,YVLDHLIVV,2,SIRSTGEL,1194
2566,45536,CASSIRSAYEQYF,YVLDHLIVV,2,SIRSAYEQ,937
2567,45537,CASSFDGVYEQYF,YVLDHLIVV,2,SFDGVYEQ,370
2568,45538,CASSTRSSYEQYF,YVLDHLIVV,2,STRSSYEQ,1269
2569,45539,CASSMRSADTQYF,GILGFVFTL,3,SMRSADTQ,587
2570,45540,CASSVRASDEQYF,GILGFVFTL,3,SVRASDEQ,1864
2571,45541,CASSPSSVADTQYF,GILGFVFTL,3,SPSSVADT,1354
2572,45542,CASSSRAAYEQYF,GILGFVFTL,3,SSRAAYEQ,419
2573,45543,CASSIRASNEQFF,GILGFVFTL,2,SIRASNEQ,1661
2574,45544,CASSGRSADTQYF,GILGFVFTL,2,SGRSADTQ,1946
2575,45545,CASSTRATGELFF,GILGFVFTL,2,STRATGEL,1832
2576,45546,CASSIRGSETQYF,GILGFVFTL,2,SIRGSETQ,16
2577,45547,CASSGRSTDTQYF,GILGFVFTL,2,SGRSTDTQ,131
2578,45548,CASSPRSNQPQHF,GILGFVFTL,2,SPRSNQPQ,876
2579,45549,CAITGGGEQFF,GILGFVFTL,2,ITGGGEQF,1327
2580,45550,CASSTHSGGNNEQFF,GILGFVFTL,2,THSGGNNE,1759
2581,45551,CASSIRSSYEQYF,GILGFVFTL,2,SIRSSYEQ,213
2582,45552,CASSRRSGGDEQFF,GILGFVFTL,2,SRRSGGDE,1643
2583,45553,CASSARSSYEQYF,GILGFVFTL,2,SARSSYEQ,1300
2584,45554,CASSDRGGGDEQFF,GILGFVFTL,2,SDRGGGDE,970
2585,45555,CASSVRASYEQYF,GILGFVFTL,2,SVRASYEQ,1139
2586,45556,CASSPSGPWPQYF,GILGFVFTL,2,SPSGPWPQ,1782
2587,45557,CASSIRSTGELFF,GILGFVFTL,2,SIRSTGEL,1194
2588,45558,CASSIRSSYEQYF,GILGFVFTL,2,SIRSSYEQ,213
2589,45559,CASSTVSLDTQYF,GILGFVFTL,2,STVSLDTQ,888
2590,45560,CASSLRSSYEQYF,GILGFVFTL,2,SLRSSYEQ,1307
2591,45561,CASSARSADTQYF,GILGFVFTL,2,SARSADTQ,1063
2592,45562,CASSIVSQETQYF,GILGFVFTL,2,SIVSQETQ,449
2593,45563,CASSIRSGGEQYF,GILGFVFTL,2,SIRSGGEQ,1459
2594,45564,CASSIRSAYEQYF,GILGFVFTL,2,SIRSAYEQ,937
2595,45565,CASSATSIYEQFF,GILGFVFTL,2,SATSIYEQ,1852
2596,45566,CASSTRSSYEQYF,GILGFVFTL,2,STRSSYEQ,1269
2597,45567,CASATGTYGYTF,GILGFVFTL,2,SATGTYGY,286
2598,45568,CASSIRSSHEQYF,GILGFVFTL,2,SIRSSHEQ,1067
2599,45569,CASSIRSSYEQYF,GILGFVFTL,3,SIRSSYEQ,213
2600,45570,CASSPTGVGEQFF,GILGFVFTL,3,SPTGVGEQ,1649
2601,45571,CASSIRASYEQYF,GILGFVFTL,3,SIRASYEQ,1445
2602,45572,CASSIRSSYEQYF,GILGFVFTL,3,SIRSSYEQ,213
2603,45573,CASSIRSSYEQYF,GILGFVFTL,3,SIRSSYEQ,213
2604,45574,CASSIYSGPYNEQFF,GILGFVFTL,2,IYSGPYNE,1527
2605,45575,CASSIRSAYEQYF,GILGFVFTL,2,SIRSAYEQ,937
2606,45576,CASSIFHTDTQYF,GILGFVFTL,2,SIFHTDTQ,1747
2607,45577,CASSIRSSYEQYF,GILGFVFTL,3,SIRSSYEQ,213
2608,45578,CASSIRSSYEQYF,GILGFVFTL,3,SIRSSYEQ,213
2609,45579,CASSIRSSYEQYF,GILGFVFTL,3,SIRSSYEQ,213
2610,45580,CASSIRSSYEQYF,GILGFVFTL,3,SIRSSYEQ,213
2611,45581,CASSIRSSYEQYF,GILGFVFTL,3,SIRSSYEQ,213
2612,45582,CASSIRSGETQYF,GILGFVFTL,2,SIRSGETQ,1687
2613,45583,CASSVRSAYEQYF,GILGFVFTL,2,SVRSAYEQ,1320
2614,45584,CASSIHSGGAVEQFF,GILGFVFTL,2,IHSGGAVE,1141
2615,45585,CASSIRSSYEQYF,GILGFVFTL,3,SIRSSYEQ,213
2616,45586,CASSGRSADTQYF,GILGFVFTL,2,SGRSADTQ,1946
2617,45587,CASSRPGTSAFPYEQYF,GILGFVFTL,2,PGTSAFPY,2004
2618,45588,CASSIRSSYEQYF,GILGFVFTL,3,SIRSSYEQ,213
2619,45589,CASSVRSTGELFF,GILGFVFTL,3,SVRSTGEL,343
2620,45590,CASSIRSTGELFF,GILGFVFTL,3,SIRSTGEL,1194
2621,45591,CASSIRSEDTQYF,GILGFVFTL,3,SIRSEDTQ,346
2622,45592,CASSIRSTDTQYF,GILGFVFTL,3,SIRSTDTQ,1247
2623,45593,CASSPVGIDEQYF,GILGFVFTL,2,SPVGIDEQ,1815
2624,45594,CASSQRSTDTQYF,GILGFVFTL,2,SQRSTDTQ,494
2625,45595,CASSMFGGNEQFF,GILGFVFTL,2,SMFGGNEQ,989
2626,45596,CASSKRSTGELFF,GILGFVFTL,2,SKRSTGEL,378
2627,45597,CASSIRSTDTQYF,GILGFVFTL,3,SIRSTDTQ,1247
2628,45598,CASSIGIYGYTF,GILGFVFTL,2,SSIGIYGY,878
2629,45599,CASSYRSTLEQFF,GILGFVFTL,2,SYRSTLEQ,757
2630,45600,CASSTRSTGELFF,GILGFVFTL,2,STRSTGEL,62
2631,45601,CASSIRSSYEQYF,GILGFVFTL,3,SIRSSYEQ,213
2632,45602,CASSIRSAYEQYF,GILGFVFTL,2,SIRSAYEQ,937
2633,45603,CAWSGLGPSYNEQFF,GILGFVFTL,2,GLGPSYNE,1055
2634,45604,CASSIRSTGELFF,GILGFVFTL,3,SIRSTGEL,1194
2635,45605,CASSVRSAYEQYF,GILGFVFTL,2,SVRSAYEQ,1320
2636,45606,CASSIRSGVEQFF,GILGFVFTL,2,SIRSGVEQ,1911
2637,45607,CASSIRSTGELFF,GILGFVFTL,3,SIRSTGEL,1194
2638,45608,CASSTSAANQPQHF,GILGFVFTL,2,STSAANQP,1860
2639,45609,CASTLAGVGYEQFF,GILGFVFTL,3,TLAGVGYE,1819
2640,45610,CASSTGNYGYTF,GILGFVFTL,3,SSTGNYGY,1809
2641,45611,CASSTGFYGYTF,GILGFVFTL,3,SSTGFYGY,1634
2642,45612,CASSIRSAHEQFF,GILGFVFTL,3,SIRSAHEQ,383
2643,45613,CASAAGTYGYTF,GILGFVFTL,2,SAAGTYGY,672
2644,45614,CASSQEDLTSGTNEQFF,GILGFVFTL,2,EDLTSGTN,851
2645,45615,CASSGRSTDTQYF,GILGFVFTL,2,SGRSTDTQ,131
2646,45616,CASSIRSSYEQYF,GILGFVFTL,3,SIRSSYEQ,213
2647,45617,CASSIRSSNEQFF,GILGFVFTL,2,SIRSSNEQ,703
2648,45618,CASSIRSTGELFF,GILGFVFTL,3,SIRSTGEL,1194
2649,45619,CASSQFPLTGGNTEAFF,GILGFVFTL,2,FPLTGGNT,1884
2650,45620,CASSTGIYGYTF,GILGFVFTL,2,SSTGIYGY,919
2651,45621,CASSMGSYGYTF,GILGFVFTL,2,SSMGSYGY,289
2652,45622,CASTTAVYGYTF,GILGFVFTL,2,STTAVYGY,6
2653,45623,CASSQRSTDTQYF,GILGFVFTL,2,SQRSTDTQ,494
2654,45624,CASSKANGGSNQPQHF,GILGFVFTL,2,KANGGSNQ,1265
2655,45625,CASSTRSSYEQYF,GILGFVFTL,2,STRSSYEQ,1269
2656,45626,CASSIYSIEEQFF,GILGFVFTL,2,SIYSIEEQ,179
2657,45627,CASSIRSSYEQYF,GILGFVFTL,3,SIRSSYEQ,213
2658,45628,CASSIRSAYEQYF,GILGFVFTL,2,SIRSAYEQ,937
2659,46341,CASSVAGGDEQFF,GLCTLVAML,2,SVAGGDEQ,1370
2660,46367,CSARDRVGNTIYF,GLCTLVAML,3,RDRVGNTI,1491
2661,46382,CSVGTGGTNEKLFF,GLCTLVAML,3,GTGGTNEK,1311
2662,46571,CSARDRVGNTIYF,GLCTLVAML,3,RDRVGNTI,1491
2663,46614,CASSIDGTAYEQYF,GLCTLVAML,3,SIDGTAYE,564
2664,46709,CSARDRVGNGYTF,GLCTLVAML,2,RDRVGNGY,1510
2665,46710,CSARDRVGNTIYF,GLCTLVAML,3,RDRVGNTI,1491
2666,46741,CSVGSGGTNEKLFF,GLCTLVAML,3,GSGGTNEK,1041
2667,46754,CASSLIGVSSYNEQFF,TPRVTGGGAM,2,LIGVSSYN,228
2668,50549,CASTTGGGGYEQYF,GTSGSPIVNR,2,TTGGGGYE,950
2669,50550,CASTTGGGGYEQYF,GTSGSPIINR,2,TTGGGGYE,950
2670,50551,CASSLGQGSYEQYF,GTSGSPIVNR,2,SLGQGSYE,414
2671,50552,CASSLGQGSYEQYF,GTSGSPIINR,2,SLGQGSYE,414
2672,50553,CASSLGQGLLYGYTF,GTSGSPIVNR,3,LGQGLLYG,951
2673,50554,CASSLGQGLLYGYTF,GTSGSPIINR,3,LGQGLLYG,951
2674,50587,CASSRRTSGGSDTQYF,FRDYVDRFYKTLRAEQASQE,2,RRTSGGSD,590
2675,50599,CASSRTGLPGNEQFF,FRDYVDRFYKTLRAEQASQE,2,RTGLPGNE,1571
2676,50603,CASRRLAGASYNEQFF,FRDYVDRFYKTLRAEQASQE,2,RLAGASYN,939
2677,50606,CASSRRTSGGTDTQYF,FRDYVDRFYKTLRAEQASQE,2,RRTSGGTD,653
2678,50608,CASTKLALAYEQYF,FRDYVDRFYKTLRAEQASQE,2,TKLALAYE,881
2679,50615,CASSRRTSGGTDTQYF,FRDYVDRFYKTLRAEQASQE,2,RRTSGGTD,653
2680,50616,CASTKLALAYEQYF,FRDYVDRFYKTLRAEQASQE,2,TKLALAYE,881
2681,50622,CASSELASGTDTQYF,FRDYVDRFYKTLRAEQASQE,2,ELASGTDT,297
2682,50631,CASSRRTSGGADTQYF,FRDYVDRFYKTLRAEQASQE,2,RRTSGGAD,384
2683,50633,CASSELASGTDTQYF,FRDYVDRFYKTLRAEQASQE,2,ELASGTDT,297
2684,50641,CASSRRTSGGADTQYF,FRDYVDRFYKTLRAEQASQE,2,RRTSGGAD,384
2685,50642,CASSRRTSGGTDTQYF,FRDYVDRFYKTLRAEQASQE,2,RRTSGGTD,653
2686,50646,CASSALAARTDTQYF,FRDYVDRFYKTLRAEQASQE,2,ALAARTDT,129
2687,50650,CASTRGSTDTQYF,FRDYVDRFYKTLRAEQASQE,2,TRGSTDTQ,1288
2688,50654,CASSALAARTDTQYF,FRDYVDRFYKTLRAEQASQE,2,ALAARTDT,129
2689,50668,CASSALAARTDTQYF,FRDYVDRFYKTLRAEQASQE,2,ALAARTDT,129
2690,50673,CASTRGSTDTQYF,FRDYVDRFYKTLRAEQASQE,2,TRGSTDTQ,1288
2691,50676,CASSALAARTDTQYF,FRDYVDRFYKTLRAEQASQE,2,ALAARTDT,129
2692,50682,CASTGRGSTDTQYF,FRDYVDRFYKTLRAEQASQE,2,TGRGSTDT,1776
2693,50862,CASSLVNGLGYTF,SMGVTYEM,2,SLVNGLGY,387
2694,50863,CASSLVNGLGYTF,YMGVSYEM,2,SLVNGLGY,387
2695,50864,CASSLVNGLGYTF,YMGVVYEM,2,SLVNGLGY,387
2696,50865,CASSLVNGLGYTF,KMGVTYEM,2,SLVNGLGY,387
2697,50866,CASSLVNGLGYTF,FMGVTYEM,2,SLVNGLGY,387
2698,50867,CASSRDTVNTEAFF,LMDMHNGQL,2,SRDTVNTE,355
2699,50868,CASSRDTVNTEAFF,RLDAMNGQL,2,SRDTVNTE,355
2700,50869,CASSRDTVNTEAFF,RMDYNNMQM,2,SRDTVNTE,355
2701,50870,CASSRDTVNTEAFF,GMDYHNGHL,2,SRDTVNTE,355
2702,50871,CASSRDTVNTEAFF,KMDYFSGQL,2,SRDTVNTE,355
2703,50872,CASSRDTVNTEAFF,SMDWFQGQM,2,SRDTVNTE,355
2704,50873,CASSRDTVNTEAFF,LMDYWQGQL,2,SRDTVNTE,355
2705,50874,CASSRDTVNTEAFF,NMMWFQGQL,2,SRDTVNTE,355
2706,50875,CASSRDTVNTEAFF,VLDLFQGQL,2,SRDTVNTE,355
2707,50876,CASSRDTVNTEAFF,MMDFFNAQM,2,SRDTVNTE,355
2708,50877,CASSRDFVSNEQYF,TMDFYQGQL,2,SRDFVSNE,225
2709,50878,CASSRDFVSNEQYF,KMDYFSGQL,2,SRDFVSNE,225
2710,50879,CASSRDFVSNEQYF,SMDWFQGQM,2,SRDFVSNE,225
2711,50880,CASSRDFVSNEQYF,LMDYWQGQL,2,SRDFVSNE,225
2712,50881,CASSRDFVSNEQYF,NMMWFQGQL,2,SRDFVSNE,225
2713,50882,CASSRDFVSNEQYF,MMDFFNAQM,2,SRDFVSNE,225
2714,50883,CASSPSGLAGSNLGNEQFF,RMEQVDWTV,2,GLAGSNLG,954
2715,50884,CASSPSGLAGSNLGNEQFF,KLEFMDWRL,2,GLAGSNLG,954
2716,50885,CASSPSGLAGSNLGNEQFF,WLDNFELCL,2,GLAGSNLG,954
2717,50886,CASSPSGLAGSNLGNEQFF,TLEYMDWLV,2,GLAGSNLG,954
2718,50887,CASSPSGLAGSNLGNEQFF,EMMLFDWKV,2,GLAGSNLG,954
2719,50888,CASSPSGLAGSNLGNEQFF,KLEQLDWTV,2,GLAGSNLG,954
2720,50889,CASSPSGLAGSNLGNEQFF,TMETIDWKV,2,GLAGSNLG,954
2721,50890,CASSPSGLAGSNLGNEQFF,TLEELDWCL,2,GLAGSNLG,954
2722,50891,CASSPSGLAGSNLGNEQFF,LLEDLDWDV,2,GLAGSNLG,954
2723,50892,CASSPSGLAGSNLGNEQFF,VLEEVDWLI,2,GLAGSNLG,954
2724,50893,CASSPSGLAGSNLGNEQFF,NMEYMTWDV,2,GLAGSNLG,954
2725,50894,CASSPSGLAGSNLGNEQFF,NVEYYDIKL,2,GLAGSNLG,954
2726,50895,CASSIEGPTGELFF,VAANIVLTV,2,SIEGPTGE,594
2727,50896,CASGGSSYEQYF,VAANIVLTV,2,SGGSSYEQ,426
2728,50897,CASSSVGVDTQYF,VAANIVLTV,2,SSVGVDTQ,166
2729,50898,CASSIFPNPGNTIYF,VAANIVLTV,2,IFPNPGNT,406
2730,50899,CASSPFLTGSNTEAFF,VAANIVLTV,2,PFLTGSNT,1113
2731,50900,CASTLTGFAEAFF,VAANIVLTV,2,TLTGFAEA,1998
2732,50901,CASSPSWLSGVTQYF,VAANIVLTV,2,PSWLSGVT,1202
2733,50902,CASSDQETQYF,VAANIVLTV,2,SSDQETQY,1078
2734,50903,CASSIVSSSYNEQFF,VAANIVLTV,2,IVSSSYNE,227
2735,50904,CASRAGSFSTDTQYF,VAANIVLTV,2,AGSFSTDT,536
2736,50905,CASSQEGTAYEQYF,VAANIVLTV,2,SQEGTAYE,1496
2737,50906,CASSPWTGIPYNSPLHF,VAANIVLTV,2,WTGIPYNS,811
2738,50907,CASSEVGQGFNGYTF,VAANIVLTV,2,EVGQGFNG,1806
2739,50908,CASQSYRVGSEQYF,VAANIVLTV,2,QSYRVGSE,59
2740,50909,CASQSYRVGSEQYF,VAANIVLTV,2,QSYRVGSE,59
2741,50910,CSVGTGGTNEKLFF,GLCTLVAML,2,GTGGTNEK,1311
2742,50912,CSVGTGGTNEKLFF,GLCTLVAML,2,GTGGTNEK,1311
2743,51376,CASSRANYEQYF,SIINFEKL,3,SSRANYEQ,1232
2744,51377,CASSRANYEQYF,SIINFEKL,3,SSRANYEQ,1232
2745,51378,CASSRANYEQYF,SIINFEKL,3,SSRANYEQ,1232
2746,51379,CASSRANYEQYF,SIINFEKL,2,SSRANYEQ,1232
2747,51380,CASSRANYEQYF,SIINFEKL,2,SSRANYEQ,1232
2748,51381,CASSRANYEQYF,SIINFEKL,2,SSRANYEQ,1232
2749,51590,CASSPGDEQFF,CRVLCCYVL,2,SSPGDEQF,1750
2750,51591,CASTPGDEQFF,CRVLCCYVL,2,STPGDEQF,1507
2751,51592,CASSAGDEQYF,CRVLCCYVL,2,SSAGDEQY,309
2752,51593,CASSPGDEQYF,CRVLCCYVL,2,SSPGDEQY,478
2753,51594,CASSPGDTQYF,CRVLCCYVL,2,SSPGDTQY,728
2754,51595,CASTHGDEQFF,CRVLCCYVL,2,STHGDEQF,196
2755,51596,CASTPGDEQYF,CRVLCCYVL,2,STPGDEQY,750
2756,51597,CASTQGDEQFF,CRVLCCYVL,2,STQGDEQF,423
2757,51598,CASTSGDEQFF,CRVLCCYVL,2,STSGDEQF,957
2758,51599,CASTTGDEQFF,CRVLCCYVL,2,STTGDEQF,1814
2759,51600,CATSPGDEQYF,CRVLCCYVL,2,TSPGDEQY,327
2760,51601,CASTLGDEQYF,CRVLCCYVL,2,STLGDEQY,1306
2761,51602,CAVTAGDEQFF,CRVLCCYVL,2,VTAGDEQF,344
2762,51603,CASSPISNEQFF,CRVLCCYVL,2,SSPISNEQ,158
2763,51604,CASSPVSNEQFF,CRVLCCYVL,2,SSPVSNEQ,687
2764,51605,CASSPISNEQYF,CRVLCCYVL,2,SSPISNEQ,158
2765,51606,CASSPGTPRDEQFF,CRVLCCYVL,2,SPGTPRDE,1523
2766,51607,CASSQGTPRDEQYF,CRVLCCYVL,2,SQGTPRDE,685
2767,51608,CASSSGQKNTEAFF,CRVLCCYVL,2,SSGQKNTE,1877
2768,51609,CASSTGQKNTEAFF,CRVLCCYVL,2,STGQKNTE,1715
2769,51610,CASTPGQKNTEAFF,CRVLCCYVL,2,TPGQKNTE,130
2770,51611,CASTTGQKNTEAFF,CRVLCCYVL,2,TTGQKNTE,642
2771,51612,CATTSGQKNTEAFF,CRVLCCYVL,2,TSGQKNTE,155
2772,51613,CASQPGQKNTEAFF,CRVLCCYVL,2,QPGQKNTE,682
2773,51614,CASSSGLTNTEAFF,CRVLCCYVL,2,SSGLTNTE,1001
2774,51615,CSAPDWNNEQFF,CRVLCCYVL,2,APDWNNEQ,315
2775,51616,CSAPDWGNEQFF,CRVLCCYVL,2,APDWGNEQ,1808
2776,51617,CSAPNWFNEQFF,CRVLCCYVL,2,APNWFNEQ,793
2777,51618,CSAPTWDNEQFF,CRVLCCYVL,2,APTWDNEQ,1334
2778,51619,CASSFPDTQYF,CRVLCCYVL,2,SSFPDTQY,1772
2779,51620,CASTPWGAEAFF,CRVLCCYVL,2,STPWGAEA,447
2780,51621,CATSRTGGETQYF,FRCPRRFCF,2,SRTGGETQ,1573
2781,51622,CATSREGGETQYF,FRCPRRFCF,2,SREGGETQ,318
2782,51623,CATSAEGGETQYF,FRCPRRFCF,2,SAEGGETQ,1940
2783,51624,CATSGTAGETQYF,FRCPRRFCF,2,SGTAGETQ,1952
2784,51625,CATSRDAGETQYF,FRCPRRFCF,2,SRDAGETQ,1843
2785,51626,CATSRDGGETQYF,FRCPRRFCF,2,SRDGGETQ,1336
2786,51627,CATSRVAGETQYF,FRCPRRFCF,2,SRVAGETQ,1501
2787,51628,CATSVTGGETQYF,FRCPRRFCF,2,SVTGGETQ,1973
2788,51629,CASSGGLEAFF,FRCPRRFCF,2,SSGGLEAF,1438
2789,51630,CASSLGLEAFF,FRCPRRFCF,2,SSLGLEAF,1051
2790,51631,CASSPQRNTEAFF,RPHERNGFTVL,2,SPQRNTEA,1081
2791,51632,CASSPARNTEAFF,RPHERNGFTVL,2,SPARNTEA,1878
2792,51633,CASSPSRNTEAFF,RPHERNGFTVL,2,SPSRNTEA,1820
2793,51634,CASSPHRNTEAFF,RPHERNGFTVL,2,SPHRNTEA,1957
2794,51635,CASSPNRNTEAFF,RPHERNGFTVL,2,SPNRNTEA,695
2795,51636,CASSPGRNTEAFF,RPHERNGFTVL,2,SPGRNTEA,70
2796,51637,CASSPTRNTEAFF,RPHERNGFTVL,2,SPTRNTEA,700
2797,51638,CASSFRTVSSYEQYF,TPRVTGGGAM,2,FRTVSSYE,1035
2798,51639,CASSFRTVNSYEQYF,TPRVTGGGAM,2,FRTVNSYE,194
2799,51640,CASSLRTVSSYEQYF,TPRVTGGGAM,2,LRTVSSYE,49
2800,51641,CASSLIGVSSYNEQFF,TPRVTGGGAM,2,LIGVSSYN,228
2801,51642,CASSLKGVSSYNEQFF,TPRVTGGGAM,2,LKGVSSYN,1941
2802,51643,CASSLRGESSYNEQFF,TPRVTGGGAM,2,LRGESSYN,702
2803,51644,CASSFRQGVNTGELFF,TPRVTGGGAM,2,FRQGVNTG,161
2804,51645,CASSFRQGSNTGELFF,TPRVTGGGAM,2,FRQGSNTG,398
2805,51646,CASSFRSGINTGELFF,TPRVTGGGAM,2,FRSGINTG,330
2806,51647,CASSFRQGTPTGELFF,TPRVTGGGAM,2,FRQGTPTG,448
2807,51648,CASSYSSGELFF,TPRVTGGGAM,2,SSYSSGEL,1693
2808,51649,CASSYSGNTEAFF,TPRVTGGGAM,2,SYSGNTEA,850
2809,51650,CASSSRGTVNTEAFF,TPRVTGGGAM,2,SRGTVNTE,425
2810,51651,CASSLHTQGARTEAFF,TPRVTGGGAM,2,LHTQGART,1742
2811,51652,CASSLHSRGARTEAFF,TPRVTGGGAM,2,LHSRGART,1120
2812,51653,CASSIRATDTQYF,QLQPFPQPELPY,2,SIRATDTQ,1950
2813,51654,CSASRTSGRAGDEQFF,QLQPFPQPELPY,2,RTSGRAGD,1331
2814,51655,CASSQGQDTEAFF,QLQPFPQPELPY,2,SQGQDTEA,63
2815,51656,CASSLTVTDTQYF,QLQPFPQPELPY,2,SLTVTDTQ,1225
2816,51657,CSASRQVADTQYF,QLQPFPQPELPY,2,SRQVADTQ,152
2817,51658,CASSLLAGGDTQYF,QLQPFPQPELPY,2,SLLAGGDT,1473
2818,51659,CASSPAGWDTEAFF,QLQPFPQPELPY,2,SPAGWDTE,523
2819,51660,CASSRTSENTGELFF,QLQPFPQPELPY,2,RTSENTGE,418
2820,51661,CASSLAQGGDTQYF,QLQPFPQPELPY,2,SLAQGGDT,1219
2821,51662,CASSLRYTDTQYF,QLQPFPQPELPY,2,SLRYTDTQ,744
2822,51663,CASSQRQGGNTIYF,PQPELPYPQPQL,2,SQRQGGNT,1287
2823,51664,CASSFDGETQYF,QLQPFPQPELPY,2,SSFDGETQ,1696
2824,51665,CASSSLTSGILGEQFF,FPQPEQPFPWQP,2,SLTSGILG,1560
2825,51666,CSVGAGGSGELFF,QLQPFPQPELPY,2,GAGGSGEL,1502
2826,51667,CASSIRSTDTQYF,PQPELPYPQPQL,2,SIRSTDTQ,1247
2827,51668,CASSFRSTDTQYF,PQPELPYPQPQL,2,SFRSTDTQ,731
2828,51669,CASSLRATDTQYF,PQPELPYPQPQL,2,SLRATDTQ,2012
2829,51670,CATSRAGGGGEKLFF,FPQPEQPFPWQP,2,RAGGGGEK,730
2830,51671,CASSQGSGGNEQFF,FPQPEQPFPWQP,2,SQGSGGNE,1389
2831,51673,CASSIVGSGGYNEQFF,QLQPFPQPELPY,2,IVGSGGYN,531
2832,51712,CASSLGAGGQETQYF,PQQPFPQPEQPFP,2,LGAGGQET,148
2833,51841,CASSSVTEAFF,NLVPMVATV,2,SSSVTEAF,577
2834,51880,CASSFRTVSSYEQYF,TPRVTGGGAM,2,FRTVSSYE,1035
2835,51883,CASSPARNTEAFF,RPHERNGFTVL,2,SPARNTEA,1878
2836,51884,CASSPNRNTEAFF,RPHERNGFTVL,2,SPNRNTEA,695
2837,51906,CASSPTRNTEAFF,RPHERNGFTVL,2,SPTRNTEA,700
2838,52013,CSARDGTGNGYTF,GLCTLVAML,2,RDGTGNGY,855
2839,54304,CASSPIKDTRQEYTGELFF,FTSDYYQLY,2,KDTRQEYT,601
2840,54305,CASSLGTASTDTQYF,PTDNYITTY,2,LGTASTDT,1297
2841,54306,CASSFSSNSYEQYF,PTDNYITTY,2,SFSSNSYE,1152
2842,54307,CASSAQEGRIEMNTEAFF,ALWEIQQVV,2,QEGRIEMN,1529
2843,54308,CASSSSALEDPEQYF,FLLNKEMYL,2,SSALEDPE,1511
2844,54309,CASSLEGDVFFF,GLMWLSYFV,2,SSLEGDVF,1524
2845,54310,CASSDGQGGYGYTF,KLWAQCVQL,2,SDGQGGYG,1824
2846,54311,CASSVVDRNNEQFF,LLYDANYFL,2,SVVDRNNE,224
2847,54312,CATQNLNTGELFF,YLQPRTFLL,2,QNLNTGEL,1928
2848,54313,CASSIVPGSPSRGYTF,NYMPYFFTL,2,IVPGSPSR,1405
2849,54314,CASSPAGGAVLQAFF,QYIKWPWYI,2,PAGGAVLQ,1062
2850,54315,CASSPAQGDEQYF,VYAWNRKRI,2,SPAQGDEQ,1060
2851,54316,CASSQDRSGGATDTQYF,VYFLQSINF,2,DRSGGATD,1784
2852,54317,CASSVAGGLYEQFF,VYIGDPAQL,2,SVAGGLYE,100
2853,54318,CASSADAGTSSEQFF,YYTSNPTTF,2,ADAGTSSE,105
2854,54319,CASAGTANSPLHF,KPRQKRTAT,2,AGTANSPL,1316
2855,54320,CASSTGSNTGELFF,RIRGGDGKM,2,STGSNTGE,771
2856,54321,CASSSMTSGIRYEQYF,SPRWYFYYL,2,SMTSGIRY,243
2857,54322,CASSDLAQYLNTGELFF,SPRWYFYYL,2,LAQYLNTG,1701
2858,54323,CASSLAGAQQAFF,SPRWYFYYL,2,SLAGAQQA,1100
2859,54324,CASSLIAGGPEAKNIQYF,SPRWYFYYL,2,IAGGPEAK,1453
2860,54325,CATSDLVEDTQYF,SPRWYFYYL,2,SDLVEDTQ,665
2861,54326,CASSPLTGQGLGGAYEQYF,SPRWYFYYL,2,TGQGLGGA,2028
2862,54327,CASSYLPTGGTDTQYF,SPRWYFYYL,2,YLPTGGTD,936
2863,54328,CASSLNPNTEAFF,SPRWYFYYL,2,SLNPNTEA,1234
2864,54329,CASSLSGSYEQYF,SPRWYFYYL,2,SLSGSYEQ,1333
2865,54330,CASSLRGGQSYEQYF,MLYQHLLPL,2,LRGGQSYE,548
2866,54331,CASSQWDNQPQHF,WMRLLPLL,2,SQWDNQPQ,836
2867,54332,CAISEGAPNTEAFF,FGDHPGHSY,2,SEGAPNTE,25
2868,54333,CSVGTGGTNEKLFF,GLCTLVAML,2,GTGGTNEK,1311
2869,54334,CASSGGAVAPSEQFF,GLCTLVAML,2,GGAVAPSE,674
2870,54754,CASGTEAFF,HPVGEADYFEY,3,ASGTEAFF,1024
2871,54755,CASGLGGSNEQFF,HPVGEADYFEY,3,GLGGSNEQ,2005
2872,54756,CASTGAGEGPFF,HPVGEADYFEY,3,STGAGEGP,1766
2873,54757,CASSARTGELFF,HPVGEADYFEY,3,SSARTGEL,2008
2874,54758,CAISDPRDSYEQYF,YPLHEQHGM,3,SDPRDSYE,875
2875,54759,CAISTGDSNQPQHF,EPLPQGQLTAY,3,STGDSNQP,1790
2876,54760,CAISEWDSPTLNSPLHF,EPLPQGQLTAY,3,WDSPTLNS,488
2877,54761,CATGTGDSNQPQHF,EPLPQGQLTAY,3,GTGDSNQP,1159
2878,54762,CASSRDFYAYNEQFF,EPLPQGQLTAY,3,RDFYAYNE,1564
2879,54763,CASKRTATYEQYF,EPLPQGQLTAY,3,KRTATYEQ,1735
2880,54764,CSVGTGGTNEKLFF,GLCTLVAML,3,GTGGTNEK,1311
2881,54765,CSVGTGGTNEKLFF,GLCTLVAML,2,GTGGTNEK,1311
2882,54766,CASSEDGMNTEAFF,CLGGLLTMV,3,SEDGMNTE,1530
2883,54767,CASSYQGGNYGYTF,FLYALALLL,3,SYQGGNYG,237
2884,54768,CASSKQGGNIQYF,FLYALALLL,3,SKQGGNIQ,1664
2885,54769,CAWSVPLGRREKLFF,YVLDHLIVV,3,VPLGRREK,1985
2886,54770,CSARRGVAGYNEQFF,PSDKHIKEYLNKIQN,2,RGVAGYNE,1032
2887,54771,CSARRGVAGYNEQFF,HIKEYLNKIQNSLST,2,RGVAGYNE,1032
2888,54772,CSARRGVAGYNEQFF,YLNKIQNSLSTEWSP,2,RGVAGYNE,1032
2889,54773,CSARRGVAGYNEQFF,PSDKHIEQYLKKIQNSLSTEWSP,2,RGVAGYNE,1032
2890,54774,CASSLVEGPETQYF,PSDKHIKEYLNKIQN,2,SLVEGPET,528
2891,54775,CASSLVEGPETQYF,HIKEYLNKIQNSLST,2,SLVEGPET,528
2892,54776,CASSLVEGPETQYF,YLNKIQNSLSTEWSP,2,SLVEGPET,528
2893,54777,CASSLVEGPETQYF,PSDKHIEQYLKKIQNSLSTEWSP,2,SLVEGPET,528
2894,54778,CASSHIQGPETQYF,PSDKHIKEYLNKIQN,2,SHIQGPET,845
2895,54779,CASSHIQGPETQYF,HIKEYLNKIQNSLST,2,SHIQGPET,845
2896,54780,CASSHIQGPETQYF,YLNKIQNSLSTEWSP,2,SHIQGPET,845
2897,54781,CASSHIQGPETQYF,PSDKHIEQYLKKIQNSLSTEWSP,2,SHIQGPET,845
2898,54782,CASSLKGLAGDSYEQYF,PSDKHIKEYLNKIQN,2,KGLAGDSY,1583
2899,54783,CASSLKGLAGDSYEQYF,PSDKHIKEYLNKIQN,2,KGLAGDSY,1583
2900,54784,CASSLKGLAGDSYEQYF,HIKEYLNKIQNSLST,2,KGLAGDSY,1583
2901,54785,CASSLKGLAGDSYEQYF,HIKEYLNKIQNSLST,2,KGLAGDSY,1583
2902,54786,CASSLKGLAGDSYEQYF,YLNKIQNSLSTEWSP,2,KGLAGDSY,1583
2903,54787,CASSLKGLAGDSYEQYF,YLNKIQNSLSTEWSP,2,KGLAGDSY,1583
2904,54788,CASSQVRGGWTGELFF,PSDKHIKEYLNKIQN,2,QVRGGWTG,911
2905,54789,CASSQVRGGWTGELFF,HIKEYLNKIQNSLST,2,QVRGGWTG,911
2906,54790,CASSQVRGGWTGELFF,YLNKIQNSLSTEWSP,2,QVRGGWTG,911
2907,54791,CSARDGGRSSYEQYF,PSDKHIKEYLNKIQN,2,DGGRSSYE,813
2908,54792,CSARDGGRSSYEQYF,HIKEYLNKIQNSLST,2,DGGRSSYE,813
2909,54793,CSARDGGRSSYEQYF,YLNKIQNSLSTEWSP,2,DGGRSSYE,813
2910,54794,CSARDGGRSSYEQYF,PSDKHIKEYLNKIQN,2,DGGRSSYE,813
2911,54795,CSARDGGRSSYEQYF,HIKEYLNKIQNSLST,2,DGGRSSYE,813
2912,54796,CSARDGGRSSYEQYF,YLNKIQNSLSTEWSP,2,DGGRSSYE,813
2913,54797,CSAPTGRVNSPLHF,PSDKHIKEYLNKIQN,2,PTGRVNSP,1683
2914,54798,CSAPTGRVNSPLHF,HIKEYLNKIQNSLST,2,PTGRVNSP,1683
2915,54799,CSAPTGRVNSPLHF,YLNKIQNSLSTEWSP,2,PTGRVNSP,1683
2916,54800,CSATGRRANYGYTF,PSDKHIKEYLNKIQN,2,TGRRANYG,1150
2917,54801,CSATGRRANYGYTF,HIKEYLNKIQNSLST,2,TGRRANYG,1150
2918,54802,CSATGRRANYGYTF,YLNKIQNSLSTEWSP,2,TGRRANYG,1150
2919,54803,CSATPHRANYGYTF,PSDKHIKEYLNKIQN,2,TPHRANYG,1386
2920,54804,CSATPHRANYGYTF,HIKEYLNKIQNSLST,2,TPHRANYG,1386
2921,54805,CSATPHRANYGYTF,YLNKIQNSLSTEWSP,2,TPHRANYG,1386
2922,54806,CSAPRGRMNTEAFF,PSDKHIKEYLNKIQN,2,PRGRMNTE,1404
2923,54807,CSAPRGRMNTEAFF,HIKEYLNKIQNSLST,2,PRGRMNTE,1404
2924,54808,CSAPRGRMNTEAFF,YLNKIQNSLSTEWSP,2,PRGRMNTE,1404
2925,54809,CSAPRRRANYGYTF,PSDKHIKEYLNKIQN,2,PRRRANYG,914
2926,54810,CSAPRRRANYGYTF,HIKEYLNKIQNSLST,2,PRRRANYG,914
2927,54811,CSAPRRRANYGYTF,YLNKIQNSLSTEWSP,2,PRRRANYG,914
2928,54812,CSAPRRRANYGYTF,PSDKHIEQYLKKIQNSLSTEWSP,2,PRRRANYG,914
2929,54813,CSATPRRVNYGYTF,PSDKHIKEYLNKIQN,2,TPRRVNYG,600
2930,54814,CSATPRRVNYGYTF,HIKEYLNKIQNSLST,2,TPRRVNYG,600
2931,54815,CSATPRRVNYGYTF,YLNKIQNSLSTEWSP,2,TPRRVNYG,600
2932,54816,CSAPGQRGNSPLHF,PSDKHIKEYLNKIQN,2,PGQRGNSP,839
2933,54817,CSAPGQRGNSPLHF,HIKEYLNKIQNSLST,2,PGQRGNSP,839
2934,54818,CSAPGQRGNSPLHF,YLNKIQNSLSTEWSP,2,PGQRGNSP,839
2935,54819,CSASPPRSNQPQHF,PSDKHIKEYLNKIQN,2,SPPRSNQP,90
2936,54820,CSASPPRSNQPQHF,HIKEYLNKIQNSLST,2,SPPRSNQP,90
2937,54821,CSASPPRSNQPQHF,YLNKIQNSLSTEWSP,2,SPPRSNQP,90
2938,54822,CASSPTTGTTGNTIYF,PSDKHIKEYLNKIQN,2,PTTGTTGN,1339
2939,54823,CASSPTTGTTGNTIYF,HIKEYLNKIQNSLST,2,PTTGTTGN,1339
2940,54824,CASSPTTGTTGNTIYF,YLNKIQNSLSTEWSP,2,PTTGTTGN,1339
2941,54825,CASSPTTGTTGNTIYF,PSDKHIEQYLKKIQNSLSTEWSP,2,PTTGTTGN,1339
2942,54826,CASSQAGTYNSPLHF,PSDKHIKEYLNKIQN,2,QAGTYNSP,941
2943,54827,CASSQAGTYNSPLHF,HIKEYLNKIQNSLST,2,QAGTYNSP,941
2944,54828,CASSQAGTYNSPLHF,YLNKIQNSLSTEWSP,2,QAGTYNSP,941
2945,54829,CASSPDGGTYGYTF,PSDKHIKEYLNKIQN,2,SPDGGTYG,236
2946,54830,CASSPDGGTYGYTF,HIKEYLNKIQNSLST,2,SPDGGTYG,236
2947,54831,CASSPDGGTYGYTF,YLNKIQNSLSTEWSP,2,SPDGGTYG,236
2948,54832,CASTLGQTYKNIQYF,PSDKHIKEYLNKIQN,2,LGQTYKNI,1096
2949,54833,CASTLGQTYKNIQYF,HIKEYLNKIQNSLST,2,LGQTYKNI,1096
2950,54834,CASTLGQTYKNIQYF,YLNKIQNSLSTEWSP,2,LGQTYKNI,1096
2951,54835,CASRRGTKQETQYF,PSDKHIKEYLNKIQN,2,RRGTKQET,1665
2952,54836,CASRRGTKQETQYF,HIKEYLNKIQNSLST,2,RRGTKQET,1665
2953,54837,CASRRGTKQETQYF,YLNKIQNSLSTEWSP,2,RRGTKQET,1665
2954,54838,CASRRGTKQETQYF,PSDKHIEQYLKKIQNSLSTEWSP,2,RRGTKQET,1665
2955,54839,CASSVDRSGANVLTF,PSDKHIKEYLNKIQN,2,VDRSGANV,391
2956,54840,CASSVDRSGANVLTF,HIKEYLNKIQNSLST,2,VDRSGANV,391
2957,54841,CASSVDRSGANVLTF,YLNKIQNSLSTEWSP,2,VDRSGANV,391
2958,54842,CASSPGGGRGTDTQYF,PSDKHIKEYLNKIQN,2,PGGGRGTD,1646
2959,54843,CASSPGGGRGTDTQYF,PSDKHIKEYLNKIQN,2,PGGGRGTD,1646
2960,54844,CASSPGGGRGTDTQYF,HIKEYLNKIQNSLST,2,PGGGRGTD,1646
2961,54845,CASSPGGGRGTDTQYF,HIKEYLNKIQNSLST,2,PGGGRGTD,1646
2962,54846,CASSPGGGRGTDTQYF,YLNKIQNSLSTEWSP,2,PGGGRGTD,1646
2963,54847,CASSPGGGRGTDTQYF,YLNKIQNSLSTEWSP,2,PGGGRGTD,1646
2964,54848,CASSPGGRSDTQYF,PSDKHIKEYLNKIQN,2,SPGGRSDT,490
2965,54849,CASSPGGRSDTQYF,PSDKHIKEYLNKIQN,2,SPGGRSDT,490
2966,54850,CASSPGGRSDTQYF,HIKEYLNKIQNSLST,2,SPGGRSDT,490
2967,54851,CASSPGGRSDTQYF,HIKEYLNKIQNSLST,2,SPGGRSDT,490
2968,54852,CASSPGGRSDTQYF,YLNKIQNSLSTEWSP,2,SPGGRSDT,490
2969,54853,CASSPGGRSDTQYF,YLNKIQNSLSTEWSP,2,SPGGRSDT,490
2970,54854,CASTPGGRAEEQYF,PSDKHIKEYLNKIQN,2,TPGGRAEE,1793
2971,54855,CASTPGGRAEEQYF,PSDKHIKEYLNKIQN,2,TPGGRAEE,1793
2972,54856,CASTPGGRAEEQYF,HIKEYLNKIQNSLST,2,TPGGRAEE,1793
2973,54857,CASTPGGRAEEQYF,HIKEYLNKIQNSLST,2,TPGGRAEE,1793
2974,54858,CASTPGGRAEEQYF,YLNKIQNSLSTEWSP,2,TPGGRAEE,1793
2975,54859,CASTPGGRAEEQYF,YLNKIQNSLSTEWSP,2,TPGGRAEE,1793
2976,54860,CASSPHRAGDSPLHF,PSDKHIKEYLNKIQN,2,PHRAGDSP,1394
2977,54861,CASSPHRAGDSPLHF,PSDKHIKEYLNKIQN,2,PHRAGDSP,1394
2978,54862,CASSPHRAGDSPLHF,HIKEYLNKIQNSLST,2,PHRAGDSP,1394
2979,54863,CASSPHRAGDSPLHF,HIKEYLNKIQNSLST,2,PHRAGDSP,1394
2980,54864,CASSPHRAGDSPLHF,YLNKIQNSLSTEWSP,2,PHRAGDSP,1394
2981,54865,CASSPHRAGDSPLHF,YLNKIQNSLSTEWSP,2,PHRAGDSP,1394
2982,54866,CASSRERAGDSPLHF,PSDKHIKEYLNKIQN,2,RERAGDSP,1741
2983,54867,CASSRERAGDSPLHF,PSDKHIKEYLNKIQN,2,RERAGDSP,1741
2984,54868,CASSRERAGDSPLHF,HIKEYLNKIQNSLST,2,RERAGDSP,1741
2985,54869,CASSRERAGDSPLHF,HIKEYLNKIQNSLST,2,RERAGDSP,1741
2986,54870,CASSRERAGDSPLHF,YLNKIQNSLSTEWSP,2,RERAGDSP,1741
2987,54871,CASSRERAGDSPLHF,YLNKIQNSLSTEWSP,2,RERAGDSP,1741
2988,54872,CASSPGGRADTQYF,PSDKHIKEYLNKIQN,2,SPGGRADT,1951
2989,54873,CASSPGGRADTQYF,PSDKHIKEYLNKIQN,2,SPGGRADT,1951
2990,54874,CASSPGGRADTQYF,HIKEYLNKIQNSLST,2,SPGGRADT,1951
2991,54875,CASSPGGRADTQYF,HIKEYLNKIQNSLST,2,SPGGRADT,1951
2992,54876,CASSPGGRADTQYF,YLNKIQNSLSTEWSP,2,SPGGRADT,1951
2993,54877,CASSPGGRADTQYF,YLNKIQNSLSTEWSP,2,SPGGRADT,1951
2994,54878,CASSLDRGLNYGYTF,PSDKHIKEYLNKIQN,2,LDRGLNYG,893
2995,54879,CASSLDRGLNYGYTF,PSDKHIKEYLNKIQN,2,LDRGLNYG,893
2996,54880,CASSLDRGLNYGYTF,HIKEYLNKIQNSLST,2,LDRGLNYG,893
2997,54881,CASSLDRGLNYGYTF,HIKEYLNKIQNSLST,2,LDRGLNYG,893
2998,54882,CASSLDRGLNYGYTF,YLNKIQNSLSTEWSP,2,LDRGLNYG,893
2999,54883,CASSLDRGLNYGYTF,YLNKIQNSLSTEWSP,2,LDRGLNYG,893
3000,54884,CASSVAGATYEQYF,PSDKHIKEYLNKIQN,2,SVAGATYE,550
3001,54885,CASSVAGATYEQYF,PSDKHIKEYLNKIQN,2,SVAGATYE,550
3002,54886,CASSVAGATYEQYF,HIKEYLNKIQNSLST,2,SVAGATYE,550
3003,54887,CASSVAGATYEQYF,HIKEYLNKIQNSLST,2,SVAGATYE,550
3004,54888,CASSVAGATYEQYF,YLNKIQNSLSTEWSP,2,SVAGATYE,550
3005,54889,CASSVAGATYEQYF,YLNKIQNSLSTEWSP,2,SVAGATYE,550
3006,54890,CASSVAGEDYGYTF,PSDKHIKEYLNKIQN,2,SVAGEDYG,1119
3007,54891,CASSVAGEDYGYTF,PSDKHIKEYLNKIQN,2,SVAGEDYG,1119
3008,54892,CASSVAGEDYGYTF,HIKEYLNKIQNSLST,2,SVAGEDYG,1119
3009,54893,CASSVAGEDYGYTF,HIKEYLNKIQNSLST,2,SVAGEDYG,1119
3010,54894,CASSVAGEDYGYTF,YLNKIQNSLSTEWSP,2,SVAGEDYG,1119
3011,54895,CASSVAGEDYGYTF,YLNKIQNSLSTEWSP,2,SVAGEDYG,1119
3012,54896,CASSVAGEDYEQYF,PSDKHIKEYLNKIQN,2,SVAGEDYE,1868
3013,54897,CASSVAGEDYEQYF,PSDKHIKEYLNKIQN,2,SVAGEDYE,1868
3014,54898,CASSVAGEDYEQYF,HIKEYLNKIQNSLST,2,SVAGEDYE,1868
3015,54899,CASSVAGEDYEQYF,HIKEYLNKIQNSLST,2,SVAGEDYE,1868
3016,54900,CASSVAGEDYEQYF,YLNKIQNSLSTEWSP,2,SVAGEDYE,1868
3017,54901,CASSVAGEDYEQYF,YLNKIQNSLSTEWSP,2,SVAGEDYE,1868
3018,54902,CASSGGGGRGTDTQYF,PSDKHIKEYLNKIQN,2,GGGGRGTD,1282
3019,54903,CASSGGGGRGTDTQYF,PSDKHIKEYLNKIQN,2,GGGGRGTD,1282
3020,54904,CASSGGGGRGTDTQYF,HIKEYLNKIQNSLST,2,GGGGRGTD,1282
3021,54905,CASSGGGGRGTDTQYF,HIKEYLNKIQNSLST,2,GGGGRGTD,1282
3022,54906,CASSGGGGRGTDTQYF,YLNKIQNSLSTEWSP,2,GGGGRGTD,1282
3023,54907,CASSGGGGRGTDTQYF,YLNKIQNSLSTEWSP,2,GGGGRGTD,1282
3024,54908,CSASTGQAINEQFF,PSDKHIKEYLNKIQN,2,STGQAINE,1680
3025,54909,CSASTGQAINEQFF,PSDKHIKEYLNKIQN,2,STGQAINE,1680
3026,54910,CSASTGQAINEQFF,HIKEYLNKIQNSLST,2,STGQAINE,1680
3027,54911,CSASTGQAINEQFF,HIKEYLNKIQNSLST,2,STGQAINE,1680
3028,54912,CSASTGQAINEQFF,YLNKIQNSLSTEWSP,2,STGQAINE,1680
3029,54913,CSASTGQAINEQFF,YLNKIQNSLSTEWSP,2,STGQAINE,1680
3030,54914,CSARPDRISPLHF,PSDKHIKEYLNKIQN,2,RPDRISPL,203
3031,54915,CSARPDRISPLHF,PSDKHIKEYLNKIQN,2,RPDRISPL,203
3032,54916,CSARPDRISPLHF,HIKEYLNKIQNSLST,2,RPDRISPL,203
3033,54917,CSARPDRISPLHF,HIKEYLNKIQNSLST,2,RPDRISPL,203
3034,54918,CSARPDRISPLHF,YLNKIQNSLSTEWSP,2,RPDRISPL,203
3035,54919,CSARPDRISPLHF,YLNKIQNSLSTEWSP,2,RPDRISPL,203
3036,54920,CASSSGGRSDTQYF,PSDKHIKEYLNKIQN,2,SSGGRSDT,1699
3037,54921,CASSSGGRSDTQYF,PSDKHIKEYLNKIQN,2,SSGGRSDT,1699
3038,54922,CASSSGGRSDTQYF,HIKEYLNKIQNSLST,2,SSGGRSDT,1699
3039,54923,CASSSGGRSDTQYF,HIKEYLNKIQNSLST,2,SSGGRSDT,1699
3040,54924,CASSSGGRSDTQYF,YLNKIQNSLSTEWSP,2,SSGGRSDT,1699
3041,54925,CASSSGGRSDTQYF,YLNKIQNSLSTEWSP,2,SSGGRSDT,1699
3042,54926,CASSWPDRFLSGYTF,PSDKHIKEYLNKIQN,2,WPDRFLSG,1008
3043,54927,CASSWPDRFLSGYTF,PSDKHIKEYLNKIQN,2,WPDRFLSG,1008
3044,54928,CASSWPDRFLSGYTF,HIKEYLNKIQNSLST,2,WPDRFLSG,1008
3045,54929,CASSWPDRFLSGYTF,HIKEYLNKIQNSLST,2,WPDRFLSG,1008
3046,54930,CASSWPDRFLSGYTF,YLNKIQNSLSTEWSP,2,WPDRFLSG,1008
3047,54931,CASSWPDRFLSGYTF,YLNKIQNSLSTEWSP,2,WPDRFLSG,1008
3048,54932,CASSPGGRKETQYF,PSDKHIKEYLNKIQN,2,SPGGRKET,1628
3049,54933,CASSPGGRKETQYF,PSDKHIKEYLNKIQN,2,SPGGRKET,1628
3050,54934,CASSPGGRKETQYF,HIKEYLNKIQNSLST,2,SPGGRKET,1628
3051,54935,CASSPGGRKETQYF,HIKEYLNKIQNSLST,2,SPGGRKET,1628
3052,54936,CASSPGGRKETQYF,YLNKIQNSLSTEWSP,2,SPGGRKET,1628
3053,54937,CASSPGGRKETQYF,YLNKIQNSLSTEWSP,2,SPGGRKET,1628
3054,54938,CASSVAGEDYGYTF,PSDKHIKEYLNKIQN,2,SVAGEDYG,1119
3055,54939,CASSVAGEDYGYTF,PSDKHIKEYLNKIQN,2,SVAGEDYG,1119
3056,54940,CASSVAGEDYGYTF,HIKEYLNKIQNSLST,2,SVAGEDYG,1119
3057,54941,CASSVAGEDYGYTF,HIKEYLNKIQNSLST,2,SVAGEDYG,1119
3058,54942,CASSVAGEDYGYTF,YLNKIQNSLSTEWSP,2,SVAGEDYG,1119
3059,54943,CASSVAGEDYGYTF,YLNKIQNSLSTEWSP,2,SVAGEDYG,1119
3060,54944,CASSVAGGSYEQFF,PSDKHIKEYLNKIQN,2,SVAGGSYE,371
3061,54945,CASSVAGGSYEQFF,PSDKHIKEYLNKIQN,2,SVAGGSYE,371
3062,54946,CASSVAGGSYEQFF,HIKEYLNKIQNSLST,2,SVAGGSYE,371
3063,54947,CASSVAGGSYEQFF,HIKEYLNKIQNSLST,2,SVAGGSYE,371
3064,54948,CASSVAGGSYEQFF,YLNKIQNSLSTEWSP,2,SVAGGSYE,371
3065,54949,CASSVAGGSYEQFF,YLNKIQNSLSTEWSP,2,SVAGGSYE,371
3066,54950,CASSELGTSGRPDTQYF,PSDKHIKEYLNKIQN,2,LGTSGRPD,0
3067,54951,CASSELGTSGRPDTQYF,HIKEYLNKIQNSLST,2,LGTSGRPD,0
3068,54952,CASSELGTSGRPDTQYF,YLNKIQNSLSTEWSP,2,LGTSGRPD,0
3069,54953,CSAKTSGRSVNEQFF,PSDKHIKEYLNKIQN,2,TSGRSVNE,1774
3070,54954,CSAKTSGRSVNEQFF,HIKEYLNKIQNSLST,2,TSGRSVNE,1774
3071,54955,CSAKTSGRSVNEQFF,YLNKIQNSLSTEWSP,2,TSGRSVNE,1774
3072,54956,CSARDSGRSSYEQYF,PSDKHIKEYLNKIQN,2,DSGRSSYE,1318
3073,54957,CSARDSGRSSYEQYF,HIKEYLNKIQNSLST,2,DSGRSSYE,1318
3074,54958,CSARDSGRSSYEQYF,YLNKIQNSLSTEWSP,2,DSGRSSYE,1318
3075,54959,CSARDGGRSSYEQYF,PSDKHIKEYLNKIQN,2,DGGRSSYE,813
3076,54960,CSARDGGRSSYEQYF,HIKEYLNKIQNSLST,2,DGGRSSYE,813
3077,54961,CSARDGGRSSYEQYF,YLNKIQNSLSTEWSP,2,DGGRSSYE,813
3078,54962,CASSRGGTGGNEQFF,PSDKHIKEYLNKIQN,2,RGGTGGNE,1197
3079,54963,CASSRGGTGGNEQFF,HIKEYLNKIQNSLST,2,RGGTGGNE,1197
3080,54964,CASSRGGTGGNEQFF,YLNKIQNSLSTEWSP,2,RGGTGGNE,1197
3081,54965,CASSRGGTGGNEQFF,PSDKHIEQYLKKIQNSLSTEWSP,2,RGGTGGNE,1197
3082,54966,CASTLGSPGANVLTF,PNANPNVDPNANPNV,2,LGSPGANV,1474
3083,54967,CASTLGSPGANVLTF,PNANPNVDPNANPNV,2,LGSPGANV,1474
3084,54968,CALLEGTSPWGDEQFF,PNANPNVDPNANPNV,2,EGTSPWGD,809
3085,54969,CALLEGTSPWGDEQFF,PNANPNVDPNANPNV,2,EGTSPWGD,809
3086,54970,CAWGRGEGTGELFF,PNANPNVDPNANPNV,2,GRGEGTGE,294
3087,54971,CAWGRGEGTGELFF,PNANPNVDPNANPNV,2,GRGEGTGE,294
3088,54972,CAWTQANYGYTF,PNANPNVDPNANPNV,2,WTQANYGY,1675
3089,54973,CAWTQANYGYTF,PNANPNVDPNANPNV,2,WTQANYGY,1675
3090,54974,CAWSVAGYAGELFF,PNANPNVDPNANPNV,2,SVAGYAGE,942
3091,54975,CAWSVAGYAGELFF,PNANPNVDPNANPNV,2,SVAGYAGE,942
3092,54976,CAWSSWTGGDEKLFF,PNANPNVDPNANPNV,2,SWTGGDEK,1478
3093,54977,CAWSSWTGGDEKLFF,PNANPNVDPNANPNV,2,SWTGGDEK,1478
3094,54978,CAWALHRDSPLHF,PNANPNVDPNANPNV,2,ALHRDSPL,997
3095,54979,CAWALHRDSPLHF,PNANPNVDPNANPNV,2,ALHRDSPL,997
3096,54980,CAGDQGSNYGYTF,PNANPNVDPNANPNV,2,DQGSNYGY,1709
3097,54981,CAGDQGSNYGYTF,PNANPNVDPNANPNV,2,DQGSNYGY,1709
3098,54982,CASSRDTHQPQHF,PNANPNVDPNANPNV,2,SRDTHQPQ,392
3099,54983,CASSRDTHQPQHF,PNANPNVDPNANPNV,2,SRDTHQPQ,392
3100,54984,CASSLAGFWSTDTQYF,PNANPNVDPNANPNV,2,LAGFWSTD,1040
3101,54985,CASSLAGFWSTDTQYF,PNANPNVDPNANPNV,2,LAGFWSTD,1040
3102,54986,CSAPQGQKYGYTF,RNVDENANANSAVKN,2,PQGQKYGY,694
3103,54987,CSAPQGQKYGYTF,RNVDENANANSAVKN,2,PQGQKYGY,694
3104,54988,CSAPPATLYGYTF,RNVDENANANSAVKN,2,PPATLYGY,1798
3105,54989,CSAPPATLYGYTF,RNVDENANANSAVKN,2,PPATLYGY,1798
3106,54990,CASRWTGQTYEQYF,RNVDENANANSAVKN,2,RWTGQTYE,190
3107,54991,CASRWTGQTYEQYF,RNVDENANANSAVKN,2,RWTGQTYE,190
3108,56795,CASSIDLTSGVYNEQFF,YERMCNIL,3,DLTSGVYN,926
3109,56796,CASSIDYPSGVQETQYF,YERMCNIL,3,DYPSGVQE,545
3110,56797,CASSTDLATGAYEQYF,YERMCNIL,3,TDLATGAY,956
3111,56798,CASSIDLASGTTYEQYF,YERMCNIL,3,DLASGTTY,1106
3112,56799,CASSEGSLGGGLETQYF,YERMCNIL,3,GSLGGGLE,1196
3113,56800,CASMGRDINQPQHF,YERMCNIL,3,MGRDINQP,245
3114,56801,CASSQDPGGTEAFF,YERMCNIL,3,SQDPGGTE,1097
3115,56802,CASSQDFAGGSYEQYF,YERMCNIL,3,QDFAGGSY,1912
3116,56803,CASSLEAVSIHGYTF,YERMCNIL,3,LEAVSIHG,1538
3117,56804,CASSQDKTTGELFF,YERMCNIL,3,SQDKTTGE,137
3118,56805,CASSWGLEVNTEAFF,YERMCNIL,3,WGLEVNTE,1192
3119,56806,CASSYGLEANTEAFF,YERMCNIL,3,YGLEANTE,1670
3120,56807,CASSQDRGTGAYGYTF,YERMCNIL,3,QDRGTGAY,1290
3121,56808,CASSQDRASGEYEQYF,YERMCNIL,3,QDRASGEY,1996
3122,56809,CASSPSMRSGLAEAFF,YERMCNIL,3,PSMRSGLA,693
3123,56810,CASSWDRGTGEQYF,YERMCNIL,3,SWDRGTGE,904
3124,56811,CASSQDLASGTYNEQFF,YERMCNIL,3,DLASGTYN,2001
3125,56812,CASSPSMRSGLAEAFF,YERMCNIL,3,PSMRSGLA,693
3126,56813,CASSIDLAGGSYEQYF,YERMCNIL,3,IDLAGGSY,498
3127,56814,CAISEEGQGRDEQFF,EEIEITTHF,3,EEGQGRDE,175
3128,56815,CASSLGTGGGYTF,EEIEITTHF,3,SLGTGGGY,1346
3129,56816,CASSQVLVGETQYF,EEIEITTHF,3,SQVLVGET,1293
3130,56817,CASSSSGGGAGDTQYF,EEIEITTHF,3,SSGGGAGD,1283
3131,56818,CSASPERGTSVGTDTQYF,EEIEITTHF,3,ERGTSVGT,1424
3132,56819,CASSIVERAEAFF,EEIEITTHF,3,SIVERAEA,1273
3133,56820,CASSLLTGGTDTQYF,EEIEITTHF,3,LLTGGTDT,1789
3134,56821,CASSWVPPGQGRTGELFF,EEIEITTHF,3,VPPGQGRT,138
3135,56822,CASSWVPPGQGRTGELFF,EEIEITTHF,3,VPPGQGRT,138
3136,56823,CASSDSDGSGELFF,QEIRTFSF,3,SDSDGSGE,465
3137,56824,CSARDRQASSYNEQFF,QEIRTFSF,3,DRQASSYN,1347
3138,56825,CASSFLQGEKLFF,QEIRTFSF,3,SFLQGEKL,36
3139,56826,CASSLRPDPPYNEQFF,QEIRTFSF,3,LRPDPPYN,123
3140,56827,CASSPPGREDTEAFF,QEIRTFSF,3,PPGREDTE,619
3141,56828,CASSPSEGLNTEAFF,QEIRTFSF,3,PSEGLNTE,1780
3142,56829,CSARDGQGSSPLHF,QEIRTFSF,3,RDGQGSSP,1752
3143,56830,CSANDRTSGSNYNEQFF,QEIRTFSF,3,RTSGSNYN,5
3144,56831,CATSRDRGWSNQPQHF,QEIRTFSF,3,RDRGWSNQ,2029
3145,56832,CASSQAGSLENSPLPLL,QEIRTFSF,3,AGSLENSP,1064
3146,56833,CASSTGRYYEQYF,QEIRTFSF,3,STGRYYEQ,1383
3147,56834,CASSKGLAVDYTQYF,QEIRTFSF,3,KGLAVDYT,1800
3148,56835,CASRLVSGTDTQYF,QEIRTFSF,3,RLVSGTDT,945
3149,56836,CASSFLATNEKLFF,QEIRTFSF,3,SFLATNEK,1151
3150,56837,CSASLERMNTGELFF,QEIRTFSF,3,LERMNTGE,1153
3151,56838,CASRRTGVVEKLFF,TEVETYVL,3,RRTGVVEK,711
3152,56839,CASRRTGVVEKLFF,TEVETYVL,3,RRTGVVEK,711
3153,56840,CAISAPRGERDEQYF,TEVETYVL,3,APRGERDE,1765
3154,56841,CASSQGPQVRGADTQYF,TEVETYVL,3,GPQVRGAD,729
3155,56842,CASSLSWGPGNTIYF,TEVETYVL,3,LSWGPGNT,221
3156,56843,CASSPTPGDPHYGYTF,TEVETYVL,3,PTPGDPHY,345
3157,56844,CASRSAGHQETQYF,TEVETYVL,3,RSAGHQET,1372
3158,56845,CASRSAGHQETQYF,TEVETYVL,3,RSAGHQET,1372
3159,57053,CASSFGVSYEQYF,RGYVYQGL,3,SFGVSYEQ,1382
3160,57054,CASSFHISYEQYF,RGYVYQGL,3,SFHISYEQ,1903
3161,57055,CASSFGVNSDYTF,RGYVYQGL,3,SFGVNSDY,998
3162,57056,CASSLGVDAEQFF,RGYVYQGL,2,SLGVDAEQ,1248
3163,57057,CASSLGVGDTQYF,RGYVYQGL,2,SLGVGDTQ,1930
3164,57058,CASSFGVNSDYTF,RGYVYQGL,3,SFGVNSDY,998
3165,57059,CASSFGTGGRVFF,RGYVYQGL,2,SFGTGGRV,906
3166,57060,CASSHGTGAPQYF,RGYVYQGL,2,SHGTGAPQ,440
3167,57061,CASSFGVSYEQYF,RGYVYQGL,3,SFGVSYEQ,1382
3168,57062,CASSLGVGDTQYF,RGYVYQGL,2,SLGVGDTQ,1930
3169,57063,CASSWGTGNTQYF,RGYVYQGL,2,SWGTGNTQ,1674
3170,57064,CASSLGTGGKQFF,RGYVYQGL,2,SLGTGGKQ,2007
3171,57065,CASSQGIGAEQFF,RGYVYQGL,2,SQGIGAEQ,1238
3172,57066,CASSFGVSYEQYF,RGYVYQGL,3,SFGVSYEQ,1382
3173,57067,CASSFGVNSDYTF,RGYVYQGL,3,SFGVNSDY,998
3174,57068,CASSPGVGTEVFF,RGYVYQGL,2,SPGVGTEV,1720
3175,57069,CASSLGVGDTQYF,RGYVYQGL,2,SLGVGDTQ,1930
3176,57070,CASSFGTGGRVFF,RGYVYQGL,2,SFGTGGRV,906
3177,57071,CASSPGTGVEQYF,RGYVYQGL,3,SPGTGVEQ,497
3178,57072,CASSFGVSYEQYF,RGYVYQGL,3,SFGVSYEQ,1382
3179,57073,CASSPGTGQAPLF,RGYVYQGL,2,SPGTGQAP,1091
3180,57074,CASSFGVNSDYTF,RGYVYQGL,3,SFGVNSDY,998
3181,57075,CASSFHISYEQYF,RGYVYQGL,3,SFHISYEQ,1903
3182,57076,CASSFRDSGNTLYF,RGYVYKGL,3,SFRDSGNT,1009
3183,57077,CASSFRDGTNTEVFF,RGYVYKGL,2,FRDGTNTE,667
3184,57078,CASSFRDSGNTLYF,RGYVYKGL,3,SFRDSGNT,1009
3185,57079,CASSLRDGSNQAPLF,RGYVYKGL,3,LRDGSNQA,622
3186,57080,CASSLFRASAETLYF,RGYVYEGL,2,LFRASAET,1010
3187,57081,CASSPHRASQNTLYF,RGYVYEGL,2,PHRASQNT,909
3188,57082,CASSLFRANTGQLYF,RGYVYEGL,2,LFRANTGQ,133
3189,57083,CASSPYRGGNQAPLF,RGYVYEGL,2,PYRGGNQA,313
3190,57084,CASSLSRASQNTLYF,RGYVYEGL,2,LSRASQNT,316
3191,57085,CASSPFRGSQNTLYF,RGYVYEGL,2,PFRGSQNT,1031
3192,57086,CASSLSKVSQNTLYF,RGYVYEGL,2,LSKVSQNT,1503
3193,57087,CASSLFRAVQNTLYF,RGYVYEGL,2,LFRAVQNT,1205
3194,57088,CASSLYRANTGQLYF,RGYVYEGL,2,LYRANTGQ,65
3195,57089,CASSLSRTLNSDYTF,RGYVYEGL,2,LSRTLNSD,1751
3196,57090,CASSLFRTNNSPLYF,RGYVYEGL,2,LFRTNNSP,1636
3197,57091,CASSLYRNNQAPLF,RGYVYEGL,2,SLYRNNQA,500
3198,57092,CASSLYRTGRNSDYTF,RGYVYEGL,2,LYRTGRNS,1713
3199,57093,CASSLTRTGGQNTLYF,RGYVYEGL,2,LTRTGGQN,436
3200,57094,CASSLSRASGNTLYF,RGYVYDGL,3,LSRASGNT,1667
3201,57095,CASSPRRVSQNTLYF,RGYVYDGL,2,PRRVSQNT,1082
3202,57096,CASSLSRALNNQAPLF,RGYVYDGL,3,LSRALNNQ,57
3203,57097,CASSSGVGTEVFF,IGYVYQGL,3,SSGVGTEV,51
3204,57098,CASSFGTGNTLYF,IGYVYQGL,2,SFGTGNTL,1575
3205,57099,CASSFGTGVEQYF,IGYVYQGL,2,SFGTGVEQ,1112
3206,57100,CASSLGAGSDYTF,IGYVYQGL,2,SLGAGSDY,458
3207,57101,CASSSGVGTEVFF,IGYVYQGL,3,SSGVGTEV,51
3208,57102,CASSFGVNSDYTF,IGYVYQGL,2,SFGVNSDY,998
3209,57103,CASSLGTNTEVFF,IGYVYQGL,2,SLGTNTEV,1600
3210,57104,CASSSGVGTEVFF,KGYVYQGL,3,SSGVGTEV,51
3211,57105,CASSLGTGTEVFF,KGYVYQGL,2,SLGTGTEV,1618
3212,57106,CASSPGTGVEQYF,KGYVYQGL,2,SPGTGVEQ,497
3213,57107,CASSFMTGGEQYF,KGYVYQGL,2,SFMTGGEQ,1694
3214,57108,CASSFRVATEVFF,KGYVYQGL,2,SFRVATEV,397
3215,57109,CASSFRVGNTLYF,KGYVYQGL,2,SFRVGNTL,1508
3216,57110,CASSFHINSDYTF,KGYVYQGL,2,SFHINSDY,1890
3217,57111,CASSFGVNTGQLYF,KGYVYQGL,2,SFGVNTGQ,526
3218,57112,CASSSGVGTEVFF,KGYVYQGL,3,SSGVGTEV,51
3219,57113,CASSFGVNSDYTF,KGYVYQGL,3,SFGVNSDY,998
3220,57114,CASSPGTGVEQYF,KGYVYQGL,2,SPGTGVEQ,497
3221,57115,CASSFRVATEVFF,KGYVYQGL,2,SFRVATEV,397
3222,57116,CASSFRVGNTLYF,KGYVYQGL,2,SFRVGNTL,1508
3223,57117,CASSLGQAYEQYF,FLRGRAYGL,3,SLGQAYEQ,1980
3224,57118,CASSSGQAYEQYF,FLRGRAYGL,2,SSGQAYEQ,56
3225,57119,CASSLGQAYEQYF,FLRGRAYGL,3,SLGQAYEQ,1980
3226,57120,CASSLGQAYEQYF,FLRGRAYGL,3,SLGQAYEQ,1980
3227,57121,CASSSGQAYEQYF,FLRGRAYGL,2,SSGQAYEQ,56
3228,57122,CASKVGAGGLYEQYF,TPRVTGGGAM,3,VGAGGLYE,1217
3229,57123,CASMGNSAGANVLTF,NLVPMVATV,3,GNSAGANV,1671
3230,57124,CASRGQGFSYEQYF,NLVPMVATV,3,RGQGFSYE,574
3231,57125,CASSFLGLNEQFF,NLVPMVATV,3,SFLGLNEQ,1874
3232,57126,CASSFRDYGNYEQYF,TPRVTGGGAM,3,FRDYGNYE,1666
3233,57127,CASSIGPALNTEAFF,TPRVTGGGAM,3,IGPALNTE,1565
3234,57128,CASSLDIPSYNEQFF,NLVPMVATV,3,LDIPSYNE,551
3235,57129,CASSLGGNLYEQYF,EFFWDANDIY,3,SLGGNLYE,399
3236,57130,CASSLHDRGSRTEAFF,TPRVTGGGAM,3,LHDRGSRT,388
3237,57131,CASSLIGVSSYNEQFF,TPRVTGGGAM,3,LIGVSSYN,228
3238,57132,CASSPARNTEAFF,RPHERNGFTV,3,SPARNTEA,1878
3239,57133,CASSPHRNTEAFF,RPHERNGFTV,3,SPHRNTEA,1957
3240,57134,CASSPSRNTEAFF,RPHERNGFTV,3,SPSRNTEA,1820
3241,57135,CASSQAALAGFGYEQYF,RPHERNGFTV,3,AALAGFGY,2030
3242,57136,CASSSANYGYTF,NLVPMVATV,3,SSSANYGY,847
3243,57137,CASSSHDRQGASSPLHF,TPRVTGGGAM,3,HDRQGASS,709
3244,57138,CASSSHDTGGYNSPLHF,TPRVTGGGAM,3,HDTGGYNS,671
3245,57139,CASSSVNEQFF,NLVPMVATV,3,SSSVNEQF,831
3246,57140,CASSSVSEAFF,NLVPMVATV,3,SSSVSEAF,712
3247,57141,CASSYQTGTGNYGYTF,NLVPMVATV,3,YQTGTGNY,1215
3248,57142,CASSYSGHVYEQYF,NLVPMVATV,3,SYSGHVYE,50
3249,57223,CSVGTGGTNEKLFF,GLCTLVAML,2,GTGGTNEK,1311
3250,57229,CSARDRVGNTIYF,GLCTLVAML,2,RDRVGNTI,1491
3251,57238,CSVGTGGTNEKLFF,GLCTLVAML,2,GTGGTNEK,1311
3252,57247,CASSQSPGGTQYF,GLCTLVAML,2,SQSPGGTQ,214
3253,57253,CSARDRTGNGYTF,GLCTLVAML,2,RDRTGNGY,918
