,Unnamed: 0,cdr3,antigen.epitope,vdjdb.score,cdr3_truncated,index
0,151,CASSIGVYGYTF,GILGFVFTL,1,SSIGVYGY,741
1,383,CASSTRSSYEQYF,GILGFVFTL,1,STRSSYEQ,5131
2,517,CSARDRTGNGYTF,GLCTLVAML,1,RDRTGNGY,666
3,633,CASSQSPGGTQYF,GLCTLVAML,2,SQSPGGTQ,163
4,765,CSVGTGGTNEKLFF,GLCTLVAML,1,GTGGTNEK,3711
5,773,CASSIRSSYEQYF,GILGFVFTL,1,SIRSSYEQ,2985
6,804,CASSIRSSYEQYF,GILGFVFTL,1,SIRSSYEQ,2985
7,820,CASSIGSYGYTF,GILGFVFTL,1,SSIGSYGY,94
8,825,CASSFSGNTGELFF,RAKFKQLL,1,SFSGNTGE,5660
9,974,CASSWGGGSHYGYTF,IVTDFSVIK,1,WGGGSHYG,5275
10,1147,CASSLRDGSEAFF,RAKFKQLL,1,SLRDGSEA,1159
11,1333,CASSISSTGELFF,GILGFVFTL,1,SISSTGEL,3082
12,1532,CASSIRSSYEQYF,GILGFVFTL,1,SIRSSYEQ,2985
13,2372,CASSTRSSYEQYF,GILGFVFTL,1,STRSSYEQ,5131
14,3103,CASSIRSAYEQYF,GILGFVFTL,1,SIRSAYEQ,2115
15,3240,CASSIRSSYEQYF,GILGFVFTL,1,SIRSSYEQ,2985
16,3742,CASSIRSSYEQYF,GILGFVFTL,1,SIRSSYEQ,2985
17,3773,CASSWGGGSHYGYTF,IVTDFSVIK,1,WGGGSHYG,5275
18,3777,CASSTRSSYEQYF,GILGFVFTL,1,STRSSYEQ,5131
19,3862,CASSLRDGSEAFF,RAKFKQLL,1,SLRDGSEA,1159
20,3930,CASSFSGNTGELFF,RAKFKQLL,1,SFSGNTGE,5660
21,4068,CASSIRSSETQYF,GILGFVFTL,1,SIRSSETQ,1252
22,4096,CASSIRSSYEQYF,GILGFVFTL,1,SIRSSYEQ,2985
23,4120,CSARDRTGNGYTF,GLCTLVAML,1,RDRTGNGY,666
24,4135,CASSIRSSYEQYF,GILGFVFTL,1,SIRSSYEQ,2985
25,4238,CASSIGSYGYTF,GILGFVFTL,1,SSIGSYGY,94
26,4250,CASSIRSAYEQYF,GILGFVFTL,1,SIRSAYEQ,2115
27,4502,CASSVRSSYEQYF,GILGFVFTL,1,SVRSSYEQ,4744
28,4850,CASSISSTGELFF,GILGFVFTL,1,SISSTGEL,3082
29,5290,CASSIGSYGYTF,GILGFVFTL,1,SSIGSYGY,94
30,6496,CASSIGSYGYTF,GILGFVFTL,1,SSIGSYGY,94
31,6551,CASSTRSSYEQYF,GILGFVFTL,1,STRSSYEQ,5131
32,6939,CASSIRSSYEQYF,GILGFVFTL,1,SIRSSYEQ,2985
33,13576,CSVDLEANYGYTF,KLGGALQAK,1,DLEANYGY,3606
34,19903,CASRTGLASTDTQYF,IVTDFSVIK,1,TGLASTDT,97
35,20358,CASSIFGELFF,NEGVKAAW,1,SSIFGELF,331
36,20359,CASSIFGEQFF,NEGVKAAW,1,SSIFGEQF,1679
37,20361,CASSIFGEQFF,NEGVKAAW,1,SSIFGEQF,1679
38,20363,CASSIFGELFF,NEGVKAAW,1,SSIFGELF,331
39,20364,CASSYYSGGTETQYF,NEGVKAAW,1,YYSGGTET,805
40,20365,CASSPTDSPYGQFF,NEGVKAAW,1,SPTDSPYG,3230
41,20367,CASSLAGPGGEQFF,NEGVKAAW,1,SLAGPGGE,3658
42,20376,CATRGQGGHTEAFF,NEGVKAAW,1,RGQGGHTE,1881
43,20377,CASSIFGEQYF,NEGVKAAW,1,SSIFGEQY,5500
44,20379,CASSIFGELFF,NEGVKAAW,1,SSIFGELF,331
45,20381,CASSIFGEQYF,NEGVKAAW,1,SSIFGEQY,5500
46,20382,CATRGQGGHTEAFF,NEGVKAAW,1,RGQGGHTE,1881
47,20383,CASGPTAGGTDTQYF,NEGVKAAW,1,PTAGGTDT,2710
48,20384,CASSIFGELFF,NEGVKAAW,1,SSIFGELF,331
49,20385,CSVAPGQGKNHSNQPQHF,NEGVKAAW,1,GQGKNHSN,5186
50,20386,CASSVVRGVYEQYF,NEGVKAAW,1,SVVRGVYE,1104
51,20387,CASSSGRSNQPQHF,NEGVKAAW,1,SSGRSNQP,1541
52,20388,CASSIVQGPYNEQFF,NEGVKAAW,1,IVQGPYNE,1947
53,20389,CASSVVRGVYEQYF,NEGVKAAW,1,SVVRGVYE,1104
54,20390,CASSIFGEQFF,NEGVKAAW,1,SSIFGEQF,1679
55,20391,CASSIFGEQFF,NEGVKAAW,1,SSIFGEQF,1679
56,20392,CATRGQGGHTEAFF,NEGVKAAW,1,RGQGGHTE,1881
57,20393,CASSIFGEQYF,NEGVKAAW,1,SSIFGEQY,5500
58,20394,CASSIVQGPYNEQFF,NEGVKAAW,1,IVQGPYNE,1947
59,20395,CASSIFGELFF,NEGVKAAW,1,SSIFGELF,331
60,20396,CASGPTAGGTDTQYF,NEGVKAAW,1,PTAGGTDT,2710
61,20397,CASSIFGEQFF,NEGVKAAW,1,SSIFGEQF,1679
62,20402,CASSIFGEQFF,NEGVKAAW,1,SSIFGEQF,1679
63,20403,CASSIFGEQFF,NEGVKAAW,1,SSIFGEQF,1679
64,20404,CASSIFGEQFF,NEGVKAAW,1,SSIFGEQF,1679
65,20405,CASSVVRGVYEQYF,NEGVKAAW,1,SVVRGVYE,1104
66,20406,CATRGQGGHTEAFF,NEGVKAAW,1,RGQGGHTE,1881
67,20407,CASSIFGELFF,NEGVKAAW,1,SSIFGELF,331
68,20408,CASSIVQGPYNEQFF,NEGVKAAW,1,IVQGPYNE,1947
69,20409,CASHQTGTGSNQPQHF,NEGVKAAW,1,QTGTGSNQ,5239
70,20410,CASSIFGEQYF,NEGVKAAW,1,SSIFGEQY,5500
71,20411,CASSIFGEQFF,NEGVKAAW,1,SSIFGEQF,1679
72,20414,CASSVVRGVYEQYF,NEGVKAAW,1,SVVRGVYE,1104
73,20415,CASSIFGELFF,NEGVKAAW,1,SSIFGELF,331
74,20416,CATRGQGGHTEAFF,NEGVKAAW,1,RGQGGHTE,1881
75,20417,CASSIVQGPYNEQFF,NEGVKAAW,1,IVQGPYNE,1947
76,20419,CASSIFGEQYF,NEGVKAAW,1,SSIFGEQY,5500
77,20420,CASHQTGTGSNQPQHF,NEGVKAAW,1,QTGTGSNQ,5239
78,20422,CASSIFGELFF,NEGVKAAW,1,SSIFGELF,331
79,20423,CASSIFGELFF,NEGVKAAW,1,SSIFGELF,331
80,20424,CASSYYSGGTETQYF,NEGVKAAW,1,YYSGGTET,805
81,20425,CASSPTDSPYGQFF,NEGVKAAW,1,SPTDSPYG,3230
82,20427,CASSLAGPGGEQFF,NEGVKAAW,1,SLAGPGGE,3658
83,20428,CASSIFGEQFF,NEGVKAAW,1,SSIFGEQF,1679
84,20429,CASSIFGELFF,NEGVKAAW,1,SSIFGELF,331
85,20430,CASSLAGPGGEQFF,NEGVKAAW,1,SLAGPGGE,3658
86,20431,CASSPTDSPYGQFF,NEGVKAAW,1,SPTDSPYG,3230
87,20432,CASSYYSGGTETQYF,NEGVKAAW,1,YYSGGTET,805
88,20434,CASSIFGELFF,NEGVKAAW,1,SSIFGELF,331
89,20435,CASSLAGPGGEQFF,NEGVKAAW,1,SLAGPGGE,3658
90,20436,CATRGQGGHTEAFF,NEGVKAAW,1,RGQGGHTE,1881
91,20437,CASSIFGELFF,NEGVKAAW,1,SSIFGELF,331
92,20438,CATRGQGGHTEAFF,NEGVKAAW,1,RGQGGHTE,1881
93,20439,CASSLGQLEQYF,NEGVKAAW,1,SSLGQLEQ,4564
94,20441,CASSIFGELFF,NEGVKAAW,1,SSIFGELF,331
95,20442,CASSIFGEQFF,NEGVKAAW,1,SSIFGEQF,1679
96,20445,CASSIFGEQFF,NEGVKAAW,1,SSIFGEQF,1679
97,20446,CASSIFGEQFF,NEGVKAAW,1,SSIFGEQF,1679
98,20447,CASSSDRSWTDEAFF,NEGVKAAW,1,SDRSWTDE,5372
99,20449,CASSIFGEQFF,NEGVKAAW,1,SSIFGEQF,1679
100,20450,CASSLGQIEQYF,NEGVKAAW,1,SSLGQIEQ,1244
101,20451,CASSLGQLEQYF,NEGVKAAW,1,SSLGQLEQ,4564
102,20452,CASSLGQLEAFF,NEGVKAAW,1,SSLGQLEA,4726
103,20453,CASSSDRSWTDEAFF,NEGVKAAW,1,SDRSWTDE,5372
104,20455,CASSLGQIEQYF,NEGVKAAW,1,SSLGQIEQ,1244
105,20458,CASSLGQLEAFF,NEGVKAAW,1,SSLGQLEA,4726
106,20460,CASSLGQLEQYF,NEGVKAAW,1,SSLGQLEQ,4564
107,20461,CASSLGQIEQYF,NEGVKAAW,1,SSLGQIEQ,1244
108,20464,CASTERGVLTDTQYF,NEGVKAAW,1,ERGVLTDT,4080
109,20465,CASSVQLPLGVPYEQYF,NEGVKAAW,1,QLPLGVPY,3009
110,20466,CANSRGGSDNEQFF,NEGVKAAW,1,SRGGSDNE,3480
111,20468,CASSIVAGSYNEQFF,NEGVKAAW,1,IVAGSYNE,2734
112,20470,CASSIVTGPYNEQFF,NEGVKAAW,1,IVTGPYNE,1807
113,20472,CASSSDRSWTDEAFF,NEGVKAAW,1,SDRSWTDE,5372
114,20473,CASSIVAGSYNEQFF,NEGVKAAW,1,IVAGSYNE,2734
115,20474,CASTERGVLTDTQYF,NEGVKAAW,1,ERGVLTDT,4080
116,20475,CASSVQLPLGVPYEQYF,NEGVKAAW,1,QLPLGVPY,3009
117,20476,CANSRGGSDNEQFF,NEGVKAAW,1,SRGGSDNE,3480
118,20477,CASSIVAGSYNEQFF,NEGVKAAW,1,IVAGSYNE,2734
119,20478,CASSIVTGPYNEQFF,NEGVKAAW,1,IVTGPYNE,1807
120,20480,CASSIVAGSYNEQFF,NEGVKAAW,1,IVAGSYNE,2734
121,20481,CASSIFGEQFF,NEGVKAAW,1,SSIFGEQF,1679
122,20483,CASSISGLNTDTQYF,NEGVKAAW,1,ISGLNTDT,2363
123,20487,CASTERGVLTDTQYF,NEGVKAAW,1,ERGVLTDT,4080
124,20488,CASSIVAGSYNEQFF,NEGVKAAW,1,IVAGSYNE,2734
125,20489,CASSIVTGPYNEQFF,NEGVKAAW,1,IVTGPYNE,1807
126,20490,CANSRGGSDNEQFF,NEGVKAAW,1,SRGGSDNE,3480
127,20491,CASSVQLPLGVPYEQYF,NEGVKAAW,1,QLPLGVPY,3009
128,20493,CASSIVAGSYNEQFF,NEGVKAAW,1,IVAGSYNE,2734
129,20494,CANSRGGSDNEQFF,NEGVKAAW,1,SRGGSDNE,3480
130,20495,CASTERGVLTDTQYF,NEGVKAAW,1,ERGVLTDT,4080
131,20496,CASSSDRSWTDEAFF,NEGVKAAW,1,SDRSWTDE,5372
132,20499,CASSLGQLEQYF,NEGVKAAW,1,SSLGQLEQ,4564
133,20501,CASSLGQLEQYF,NEGVKAAW,1,SSLGQLEQ,4564
134,20503,CASSLGQLEAFF,NEGVKAAW,1,SSLGQLEA,4726
135,20504,CASSLGQIEQYF,NEGVKAAW,1,SSLGQIEQ,1244
136,20505,CASSLGQLEAFF,NEGVKAAW,1,SSLGQLEA,4726
137,20506,CASSLGQIEQYF,NEGVKAAW,1,SSLGQIEQ,1244
138,20507,CASSLGQLEQYF,NEGVKAAW,1,SSLGQLEQ,4564
139,20508,CASSIFGEQFF,NEGVKAAW,1,SSIFGEQF,1679
140,20509,CASSLGQIEQYF,NEGVKAAW,1,SSLGQIEQ,1244
141,20510,CASSLGQLEAFF,NEGVKAAW,1,SSLGQLEA,4726
142,20511,CASSIFGEQFF,NEGVKAAW,1,SSIFGEQF,1679
143,20512,CASSIFGEQFF,NEGVKAAW,1,SSIFGEQF,1679
144,20513,CASSIFGEQFF,NEGVKAAW,1,SSIFGEQF,1679
145,20514,CASSFWTGHADTQYF,NEGVKAAW,1,FWTGHADT,308
146,20515,CASSISGLNTDTQYF,NEGVKAAW,1,ISGLNTDT,2363
147,20516,CASSIFGEQFF,NEGVKAAW,1,SSIFGEQF,1679
148,20517,CASSIFGEQFF,NEGVKAAW,1,SSIFGEQF,1679
149,20519,CASSIFGEQFF,NEGVKAAW,1,SSIFGEQF,1679
150,20520,CASSIFGEQFF,NEGVKAAW,1,SSIFGEQF,1679
151,20522,CASSISGLNTDTQYF,NEGVKAAW,1,ISGLNTDT,2363
152,20523,CASSIFGELFF,NEGVKAAW,1,SSIFGELF,331
153,20524,CASSPTDSPYGQFF,NEGVKAAW,1,SPTDSPYG,3230
154,20525,CASSYYSGGTETQYF,NEGVKAAW,1,YYSGGTET,805
155,20527,CASSLRGVWTDTQYF,NEGVKAAW,1,LRGVWTDT,2797
156,20528,CASSIFGEQFF,NEGVKAAW,1,SSIFGEQF,1679
157,20529,CASSIFGEQFF,NEGVKAAW,1,SSIFGEQF,1679
158,20530,CASSIVGEQFF,NEGVKAAW,1,SSIVGEQF,3333
159,20531,CASSLLAGAADTQYF,NEGVKAAW,1,LLAGAADT,5243
160,20534,CASSISGLNTDTQYF,NEGVKAAW,1,ISGLNTDT,2363
161,20537,CASSFWTGHADTQYF,NEGVKAAW,1,FWTGHADT,308
162,20540,CASSLRGVWTDTQYF,NEGVKAAW,1,LRGVWTDT,2797
163,20541,CASSIFGEQFF,NEGVKAAW,1,SSIFGEQF,1679
164,20542,CASRLQGGNTEAFF,NEGVKAAW,1,RLQGGNTE,4041
165,20543,CASSLAPGPYSGANVLTF,NEGVKAAW,1,APGPYSGA,2586
166,20544,CSARGGRDVGELFF,NEGVKAAW,1,RGGRDVGE,4667
167,20546,CASSLRGVWTDTQYF,NEGVKAAW,1,LRGVWTDT,2797
168,20547,CASRLQGGNTEAFF,NEGVKAAW,1,RLQGGNTE,4041
169,20548,CASSLAPGPYSGANVLTF,NEGVKAAW,1,APGPYSGA,2586
170,20549,CSARGGRDVGELFF,NEGVKAAW,1,RGGRDVGE,4667
171,20550,CASSIFGEQFF,NEGVKAAW,1,SSIFGEQF,1679
172,20552,CASSIFGEQFF,NEGVKAAW,1,SSIFGEQF,1679
173,20553,CASSISGLNTDTQYF,NEGVKAAW,1,ISGLNTDT,2363
174,20554,CASSLLAGAADTQYF,NEGVKAAW,1,LLAGAADT,5243
175,20555,CASSFWTGHADTQYF,NEGVKAAW,1,FWTGHADT,308
176,20558,CASSIFGEQFF,NEGVKAAW,1,SSIFGEQF,1679
177,20560,CASSIFGEQFF,NEGVKAAW,1,SSIFGEQF,1679
178,20561,CASSIFGEQFF,NEGVKAAW,1,SSIFGEQF,1679
179,20562,CASSIVGEQFF,NEGVKAAW,1,SSIVGEQF,3333
180,20563,CASSFWTGHADTQYF,NEGVKAAW,1,FWTGHADT,308
181,20564,CASSIFGEQFF,NEGVKAAW,1,SSIFGEQF,1679
182,20566,CASSLGQIEQYF,NEGVKAAW,1,SSLGQIEQ,1244
183,20567,CASSIFGEQFF,NEGVKAAW,1,SSIFGEQF,1679
184,20568,CASSLLAGAADTQYF,NEGVKAAW,1,LLAGAADT,5243
185,20570,CASSIVGEQFF,NEGVKAAW,1,SSIVGEQF,3333
186,20574,CASSISGLNTDTQYF,NEGVKAAW,1,ISGLNTDT,2363
187,20575,CASSIVGEQFF,NEGVKAAW,1,SSIVGEQF,3333
188,20576,CASSLRGVWTDTQYF,NEGVKAAW,1,LRGVWTDT,2797
189,20577,CASRLQGGNTEAFF,NEGVKAAW,1,RLQGGNTE,4041
190,20578,CASSLAPGPYSGANVLTF,NEGVKAAW,1,APGPYSGA,2586
191,20579,CSARGGRDVGELFF,NEGVKAAW,1,RGGRDVGE,4667
192,20580,CASSIFGEQFF,NEGVKAAW,1,SSIFGEQF,1679
193,20582,CASSIFGEQFF,NEGVKAAW,1,SSIFGEQF,1679
194,20583,CASSLRGVWTDTQYF,NEGVKAAW,1,LRGVWTDT,2797
195,20586,CASRLQGGNTEAFF,NEGVKAAW,1,RLQGGNTE,4041
196,20589,CASSPRDWGSGEQYF,ANYKFTLV,1,PRDWGSGE,5438
197,20590,CASSLGDWGNAEQFF,ANYKFTLV,1,LGDWGNAE,43
198,20591,CASSQEGAGDYAEQFF,ANYKFTLV,1,QEGAGDYA,2066
199,20592,CASSPGDWGDAEQFF,ANYKFTLV,1,PGDWGDAE,1563
200,21086,CASSDMNTGELFF,YLQPRTFLL,1,SDMNTGEL,4556
201,21262,CASSPSYNEQFF,RLITGRLQSL,2,SSPSYNEQ,1003
202,21263,CASSLDIPSYNEQFF,NLVPMVATV,2,LDIPSYNE,421
203,21264,CASSSPDRGGTNEKLFF,RLITGRLQSL,2,PDRGGTNE,2102
204,21265,CSGEGGDTEAFF,RLITGRLQSL,2,GEGGDTEA,2533
205,21266,CSARDPGLEQNIQYF,RLITGRLQSL,2,DPGLEQNI,4297
206,21267,CASSQEGDRVTEAFF,RLITGRLQSL,2,QEGDRVTE,3776
207,21268,CSARSPGELNIQYF,RLITGRLQSL,2,RSPGELNI,1848
208,21269,CSASSTHSNQPQHF,KQIYKTPPI,2,SSTHSNQP,1564
209,21270,CASSLTGGGYEQYF,LLFNKVTLA,2,SLTGGGYE,1789
210,21271,CSARDPGLEQNIQYF,RLITGRLQSL,2,DPGLEQNI,4297
211,21272,CASSQEQEPHQETQYF,RLITGRLQSL,2,QEQEPHQE,2455
212,21273,CASSIAGNNEQFF,TLATHGLAAV,2,SIAGNNEQ,4986
213,21274,CASSVGGGGSTDTQYF,FPQSAPHGVVF,2,VGGGGSTD,1377
214,21275,CASSIALSTFQPQHF,MQLFFSYFA,2,IALSTFQP,2003
215,21276,CASSLGEPQHF,YPDKVFRSSV,2,SSLGEPQH,2234
216,21277,CASSVGGGGSTDTQYF,YPDKVFRSSV,2,VGGGGSTD,1377
217,21278,CASRTLRGHVSEAFF,ALQIPFAMQM,2,TLRGHVSE,3747
218,21279,CASSFPGYGYTF,KIYSKHTPI,2,SSFPGYGY,3531
219,21280,CASSKKGLSNEQFF,LPPAYTNSF,2,SKKGLSNE,5530
220,21281,CASSLMVNEQYF,FAMQMAYRF,2,SSLMVNEQ,1784
221,21282,CATFTGNTEAFF,RARSVASQSI,2,TFTGNTEA,4690
222,21283,CASSLDGTGREKLFF,FAMQMAYRF,2,LDGTGREK,5374
223,21284,CASSFGTPSTDTQYF,FAMQMAYRF,2,FGTPSTDT,355
224,21285,CASSQEQEPHQETQYF,RLITGRLQSL,2,QEQEPHQE,2455
225,21286,CASSSLDGRLGYTF,LPPAYTNSF,2,SSLDGRLG,3453
226,21287,CASSSAHYGYTF,MLAKALRKV,2,SSSAHYGY,3025
227,21288,CSARTGTSEYNEQFF,RLITGRLQSL,2,TGTSEYNE,4473
228,21289,CASSPDDRESSYNEQFF,MLAKALRKV,2,DDRESSYN,1350
229,21290,CASSPDDRESSYNEQFF,MLAKALRKV,2,DDRESSYN,1350
230,21291,CASSLWLNEQFF,NLVPMVATV,3,SSLWLNEQ,479
231,21292,CASSPKTGASYGYTF,NLVPMVATV,3,PKTGASYG,2031
232,21293,CASSFVSFDEQFF,NLVPMVATV,3,SFVSFDEQ,3336
233,21294,CASSSAYYGYTF,NLVPMVATV,3,SSSAYYGY,4102
234,21295,CASSADSYGANVLTF,NLVPMVATV,3,ADSYGANV,412
235,21296,CSVDPGHTGEKLFF,NLVPMVATV,3,DPGHTGEK,3158
236,21297,CASSLVGGRHGYTF,NLVPMVATV,3,SLVGGRHG,3924
237,21298,CASSHDPTWGPGNTIYF,NLVPMVATV,3,DPTWGPGN,2814
238,21299,CASSFGQGSSPLHF,NLVPMVATV,3,SFGQGSSP,451
239,21300,CASSLETVNTEAFF,NLVPMVATV,3,SLETVNTE,5048
240,21301,CASSSFYDSNEKLFF,NLVPMVATV,3,SFYDSNEK,4182
241,21302,CASSLASPGHFTGELFF,NLVPMVATV,3,ASPGHFTG,844
242,21303,CASRRQGTVYEQYF,NLVPMVATV,3,RRQGTVYE,2798
243,21304,CASRIELPGAGELFF,NLVPMVATV,3,IELPGAGE,923
244,21305,CASSLGFLGPAAGNTIYF,NLVPMVATV,3,GFLGPAAG,106
245,21306,CSARDHGGDYGYTF,NLVPMVATV,3,RDHGGDYG,2279
246,21307,CASSLEVTGLNTEAFF,NLVPMVATV,3,LEVTGLNT,5618
247,21308,CASSDSGEAGELFF,NLVPMVATV,3,SDSGEAGE,1803
248,21309,CSGGQDYNEQFF,NLVPMVATV,3,GGQDYNEQ,1352
249,21310,CASSEDSGGYNEQFF,NLVPMVATV,3,EDSGGYNE,325
250,21311,CASSDSTSGGNEQFF,NLVPMVATV,3,DSTSGGNE,561
251,21312,CSARDMASGRNEQYF,NLVPMVATV,3,DMASGRNE,1670
252,21313,CASSPGGGMNTEAFF,NLVPMVATV,3,PGGGMNTE,2902
253,21314,CASSFDPGSYGYTF,NLVPMVATV,3,SFDPGSYG,1727
254,21315,CASSPASGSLFF,NLVPMVATV,3,SSPASGSL,3896
255,21316,CASSEGLGGALYGYTF,NLVPMVATV,3,EGLGGALY,5470
256,21317,CASSPDYDQETQYF,NLVPMVATV,3,SPDYDQET,586
257,21318,CASTHGTSGEDTQYF,NLVPMVATV,3,HGTSGEDT,4126
258,21319,CASLPTGTNTGELFF,NLVPMVATV,3,PTGTNTGE,1180
259,21320,CASSLQGASGYTF,NLVPMVATV,3,SLQGASGY,4737
260,21321,CASTGGGALGTEAFF,NLVPMVATV,3,GGGALGTE,3643
261,21322,CASSSAYYGYTF,NLVPMVATV,3,SSSAYYGY,4102
262,21323,CASSIVAGGYNEQFF,NLVPMVATV,3,IVAGGYNE,4052
263,21324,CASSRDRTGRANYGYTF,NLVPMVATV,3,DRTGRANY,502
264,21325,CASSPRTSFETQYF,NLVPMVATV,3,SPRTSFET,250
265,21326,CASSPGTFRYTF,NLVPMVATV,3,SSPGTFRY,1544
266,21327,CASSPTDRGNTGELFF,NLVPMVATV,3,PTDRGNTG,3496
267,21328,CASSGRGFLNYGYTF,NLVPMVATV,3,GRGFLNYG,5678
268,21329,CASSLVGTGELFF,NLVPMVATV,3,SLVGTGEL,4696
269,21330,CASSHGAAAGETEAFF,NLVPMVATV,3,HGAAAGET,1029
270,21331,CASGSGLAGNEQFF,NLVPMVATV,3,GSGLAGNE,2313
271,21332,CASSQVAGGAGGPREYNEQFF,NLVPMVATV,3,GGAGGPRE,894
272,21333,CASSVGLGFTDTQYF,NLVPMVATV,3,VGLGFTDT,177
273,21334,CASSEARQGLDTEAFF,NLVPMVATV,3,EARQGLDT,2135
274,21335,CASSLFAGAETQYF,NLVPMVATV,3,SLFAGAET,818
275,21336,CASRKLAGPTDTQYF,NLVPMVATV,3,KLAGPTDT,4337
276,21337,CATSATGLRNQPQHF,NLVPMVATV,3,ATGLRNQP,4627
277,21338,CASSLESWGRAYNEQFF,NLVPMVATV,3,ESWGRAYN,825
278,21339,CASLAGVRTDTQYF,NLVPMVATV,3,LAGVRTDT,72
279,21340,CASSNFLGQGDEKLFF,NLVPMVATV,3,NFLGQGDE,3900
280,21341,CASSEPIGTGGNQPQHF,NLVPMVATV,3,PIGTGGNQ,1434
281,21342,CASRQENSGNTIYF,NLVPMVATV,3,RQENSGNT,2547
282,21343,CASSSQGWGRVYSEQFF,NLVPMVATV,3,QGWGRVYS,530
283,21344,CSATPSGYGYTF,NLVPMVATV,3,ATPSGYGY,2928
284,21345,CASSVEVGTGDNEQFF,NLVPMVATV,3,VEVGTGDN,4201
285,21346,CASSIQKAGYNEQFF,NLVPMVATV,3,IQKAGYNE,5276
286,21347,CAAGTRTDTQYF,NLVPMVATV,3,AGTRTDTQ,4093
287,21348,CASSVDSGSTNEQFF,NLVPMVATV,3,VDSGSTNE,466
288,21349,CASSLGTGELFF,NLVPMVATV,3,SSLGTGEL,5320
289,21350,CASSLSGVPHNNEQFF,NLVPMVATV,3,LSGVPHNN,3728
290,21351,CASSQTRTSGRVDPDTQYF,NLVPMVATV,3,RTSGRVDP,3149
291,21352,CASRRPGGDTEAFF,NLVPMVATV,3,RRPGGDTE,571
292,21353,CASSLNSGLYNEQFF,NLVPMVATV,3,LNSGLYNE,77
293,21354,CASSLNGRADTQYF,NLVPMVATV,3,SLNGRADT,3096
294,21355,CASSRQESYGYTF,NLVPMVATV,3,SRQESYGY,1752
295,21356,CAISEQEDQPQHF,NLVPMVATV,3,SEQEDQPQ,555
296,21357,CASSVEGQGDTEAFF,NLVPMVATV,3,VEGQGDTE,3922
297,21358,CASSPLRGVYYNEQFF,NLVPMVATV,3,PLRGVYYN,5343
298,21359,CASTPYRRGPHLYGYTF,NLVPMVATV,3,YRRGPHLY,5586
299,21360,CASSLVVMGTGFTDTQYF,NLVPMVATV,3,VVMGTGFT,4716
300,21361,CASSLAQQGLAEAFF,NLVPMVATV,3,LAQQGLAE,1488
301,21362,CASSPSTGTIYGYTF,NLVPMVATV,3,PSTGTIYG,1627
302,21363,CAISESRSRVTDTQYF,NLVPMVATV,3,ESRSRVTD,2046
303,21364,CASSPSDYGYTF,NLVPMVATV,3,SSPSDYGY,5248
304,21365,CAISEYPPTGRKADTQYF,NLVPMVATV,3,YPPTGRKA,5445
305,21366,CASSQVGTVYGYTF,NLVPMVATV,3,SQVGTVYG,4937
306,21367,CSAADRGLGETQYF,NLVPMVATV,3,ADRGLGET,4320
307,21368,CASRGTGGGSGQPQHF,NLVPMVATV,3,GTGGGSGQ,930
308,21369,CASSYDRGPREGYTF,NLVPMVATV,3,YDRGPREG,2794
309,21370,CASSTRSTGELFF,NLVPMVATV,3,STRSTGEL,42
310,21371,CASSLRGQGFYEQFF,NLVPMVATV,3,LRGQGFYE,4178
311,21372,CSGDRSSDTQYF,NLVPMVATV,3,GDRSSDTQ,4738
312,21373,CASSPSWGEVNTEAFF,NLVPMVATV,3,PSWGEVNT,3786
313,21374,CASSPGYGSSGNTIYF,NLVPMVATV,3,PGYGSSGN,1987
314,21375,CASSPPGLPGYTF,NLVPMVATV,3,SPPGLPGY,1437
315,21376,CASSPGQLQETQYF,NLVPMVATV,3,SPGQLQET,3671
316,21377,CASSSGLAGVETGELFF,NLVPMVATV,3,GLAGVETG,2972
317,21378,CASSLQVWNEQFF,NLVPMVATV,3,SLQVWNEQ,4447
318,21379,CASSLQGIGAKNIQYF,NLVPMVATV,3,LQGIGAKN,3280
319,21380,CASSFQGYTEAFF,NLVPMVATV,3,SFQGYTEA,4098
320,21381,CASSSGGLSEQYF,NLVPMVATV,3,SSGGLSEQ,1829
321,21382,CSARGADTQYF,NLVPMVATV,3,ARGADTQY,3666
322,21383,CASSSGGLSEQYF,NLVPMVATV,3,SSGGLSEQ,1829
323,21384,CASSLELAAWETQYF,NLVPMVATV,3,LELAAWET,715
324,21385,CSARDLRLLANTGELFF,NLVPMVATV,3,LRLLANTG,3010
325,21386,CASSTGSYGYTF,NLVPMVATV,3,SSTGSYGY,373
326,21387,CASSSGIYGYTF,NLVPMVATV,3,SSSGIYGY,48
327,21388,CASSLAGFTGELFF,NLVPMVATV,3,SLAGFTGE,3315
328,21389,CASSPTLVTSGNTIYF,NLVPMVATV,3,PTLVTSGN,183
329,21390,CASSEGYIYEQYF,NLVPMVATV,3,SEGYIYEQ,952
330,21391,CASSYASNQPQHF,NLVPMVATV,3,SYASNQPQ,2147
331,21392,CAISVSGTRVYNEQFF,NLVPMVATV,3,VSGTRVYN,3150
332,21393,CASSLGQGNSPLHF,NLVPMVATV,3,SLGQGNSP,3002
333,21394,CASSLKAGNQPQHF,NLVPMVATV,3,SLKAGNQP,3402
334,21395,CASSVGTLYSGANVLTF,NLVPMVATV,3,GTLYSGAN,1951
335,21396,CASSLLGGAGTGELFF,NLVPMVATV,3,LLGGAGTG,2432
336,21397,CSVEGDTGELFF,NLVPMVATV,3,VEGDTGEL,2681
337,21398,CASSQGLAGEVYTGELFF,NLVPMVATV,3,GLAGEVYT,4683
338,21399,CASSLDRPSGMAAETQYF,NLVPMVATV,3,DRPSGMAA,1438
339,21400,CASSINRDLLNGYTF,NLVPMVATV,3,INRDLLNG,2105
340,21401,CASSYWDRTTSGNTIYF,NLVPMVATV,3,WDRTTSGN,2384
341,21402,CASSHTSGNGDTQYF,NLVPMVATV,3,HTSGNGDT,5038
342,21403,CASSDSRANTGELFF,NLVPMVATV,3,DSRANTGE,4164
343,21404,CSARLPRDYSNQPQHF,NLVPMVATV,3,LPRDYSNQ,10
344,21405,CASSLAEKANTGELFF,NLVPMVATV,3,LAEKANTG,4119
345,21406,CSILGSNAGPQETQYF,NLVPMVATV,3,GSNAGPQE,349
346,21407,CAIDRVGTGELFF,NLVPMVATV,3,DRVGTGEL,265
347,21408,CASTGSVSTDTQYF,NLVPMVATV,3,TGSVSTDT,1597
348,21409,CASSRGHPLQFF,NLVPMVATV,3,SSRGHPLQ,702
349,21410,CASSISAGVGVGQETQYF,NLVPMVATV,3,SAGVGVGQ,2168
350,21411,CASSLVGGPSVQFF,NLVPMVATV,3,SLVGGPSV,4354
351,21412,CATSDSAGYNEQFF,NLVPMVATV,3,SDSAGYNE,1367
352,21413,CASSVTGTEADEQFF,NLVPMVATV,3,VTGTEADE,1340
353,21414,CASSPPGTSGGRNEQFF,NLVPMVATV,3,PGTSGGRN,1092
354,21415,CASSDRLENNEKLFF,NLVPMVATV,3,DRLENNEK,4735
355,21416,CASTRESTDTQYF,NLVPMVATV,3,TRESTDTQ,319
356,21417,CASSLGGTGWTEAFF,NLVPMVATV,3,LGGTGWTE,248
357,21418,CASSFKDTNTGELFF,NLVPMVATV,3,FKDTNTGE,1711
358,21419,CASSLGAANYNEQFF,NLVPMVATV,3,LGAANYNE,949
359,21420,CATSEGNEQFF,NLVPMVATV,3,TSEGNEQF,4607
360,21421,CASSSRTGDQETQYF,NLVPMVATV,3,SRTGDQET,575
361,21422,CASSLWLNEQFF,NLVPMVATV,3,SSLWLNEQ,479
362,21423,CASSPKTGASYGYTF,NLVPMVATV,3,PKTGASYG,2031
363,21424,CASSFVSFDEQFF,NLVPMVATV,3,SFVSFDEQ,3336
364,21425,CASSSAYYGYTF,NLVPMVATV,3,SSSAYYGY,4102
365,21426,CASSADSYGANVLTF,NLVPMVATV,3,ADSYGANV,412
366,21427,CSVDPGHTGEKLFF,NLVPMVATV,3,DPGHTGEK,3158
367,21428,CASSLVGGRHGYTF,NLVPMVATV,3,SLVGGRHG,3924
368,21429,CASSHDPTWGPGNTIYF,NLVPMVATV,3,DPTWGPGN,2814
369,21430,CASSFGQGSSPLHF,NLVPMVATV,3,SFGQGSSP,451
370,21431,CASSLETVNTEAFF,NLVPMVATV,3,SLETVNTE,5048
371,21432,CASSSFYDSNEKLFF,NLVPMVATV,3,SFYDSNEK,4182
372,21433,CASSLASPGHFTGELFF,NLVPMVATV,3,ASPGHFTG,844
373,21434,CASRRQGTVYEQYF,NLVPMVATV,3,RRQGTVYE,2798
374,21435,CASRIELPGAGELFF,NLVPMVATV,3,IELPGAGE,923
375,21436,CASSLGFLGPAAGNTIYF,NLVPMVATV,3,GFLGPAAG,106
376,21437,CSARDHGGDYGYTF,NLVPMVATV,3,RDHGGDYG,2279
377,21438,CASSLEVTGLNTEAFF,NLVPMVATV,3,LEVTGLNT,5618
378,21439,CASSDSGEAGELFF,NLVPMVATV,3,SDSGEAGE,1803
379,21440,CSGGQDYNEQFF,NLVPMVATV,3,GGQDYNEQ,1352
380,21441,CASSEDSGGYNEQFF,NLVPMVATV,3,EDSGGYNE,325
381,21442,CASSDSTSGGNEQFF,NLVPMVATV,3,DSTSGGNE,561
382,21443,CSARDMASGRNEQYF,NLVPMVATV,3,DMASGRNE,1670
383,21444,CASSPGGGMNTEAFF,NLVPMVATV,3,PGGGMNTE,2902
384,21445,CASSFDPGSYGYTF,NLVPMVATV,3,SFDPGSYG,1727
385,21446,CASSPASGSLFF,NLVPMVATV,3,SSPASGSL,3896
386,21447,CASSEGLGGALYGYTF,NLVPMVATV,3,EGLGGALY,5470
387,21448,CASSPDYDQETQYF,NLVPMVATV,3,SPDYDQET,586
388,21449,CASTHGTSGEDTQYF,NLVPMVATV,3,HGTSGEDT,4126
389,21450,CASLPTGTNTGELFF,NLVPMVATV,3,PTGTNTGE,1180
390,21451,CASSLQGASGYTF,NLVPMVATV,3,SLQGASGY,4737
391,21452,CASTGGGALGTEAFF,NLVPMVATV,3,GGGALGTE,3643
392,21453,CASSSAYYGYTF,NLVPMVATV,3,SSSAYYGY,4102
393,21454,CASSIVAGGYNEQFF,NLVPMVATV,3,IVAGGYNE,4052
394,21455,CASSRDRTGRANYGYTF,NLVPMVATV,3,DRTGRANY,502
395,21456,CASSPRTSFETQYF,NLVPMVATV,3,SPRTSFET,250
396,21457,CASSPGTFRYTF,NLVPMVATV,3,SSPGTFRY,1544
397,21458,CASSPTDRGNTGELFF,NLVPMVATV,3,PTDRGNTG,3496
398,21459,CASSGRGFLNYGYTF,NLVPMVATV,3,GRGFLNYG,5678
399,21460,CASSLVGTGELFF,NLVPMVATV,3,SLVGTGEL,4696
400,21461,CASSHGAAAGETEAFF,NLVPMVATV,3,HGAAAGET,1029
401,21462,CASGSGLAGNEQFF,NLVPMVATV,3,GSGLAGNE,2313
402,21463,CASSQVAGGAGGPREYNEQFF,NLVPMVATV,3,GGAGGPRE,894
403,21464,CASSVGLGFTDTQYF,NLVPMVATV,3,VGLGFTDT,177
404,21465,CASSEARQGLDTEAFF,NLVPMVATV,3,EARQGLDT,2135
405,21466,CASSLFAGAETQYF,NLVPMVATV,3,SLFAGAET,818
406,21467,CASRKLAGPTDTQYF,NLVPMVATV,3,KLAGPTDT,4337
407,21468,CATSATGLRNQPQHF,NLVPMVATV,3,ATGLRNQP,4627
408,21469,CASSLESWGRAYNEQFF,NLVPMVATV,3,ESWGRAYN,825
409,21470,CASLAGVRTDTQYF,NLVPMVATV,3,LAGVRTDT,72
410,21471,CASSNFLGQGDEKLFF,NLVPMVATV,3,NFLGQGDE,3900
411,21472,CASSEPIGTGGNQPQHF,NLVPMVATV,3,PIGTGGNQ,1434
412,21473,CASRQENSGNTIYF,NLVPMVATV,3,RQENSGNT,2547
413,21474,CASSSQGWGRVYSEQFF,NLVPMVATV,3,QGWGRVYS,530
414,21475,CSATPSGYGYTF,NLVPMVATV,3,ATPSGYGY,2928
415,21476,CASSVEVGTGDNEQFF,NLVPMVATV,3,VEVGTGDN,4201
416,21477,CASSIQKAGYNEQFF,NLVPMVATV,3,IQKAGYNE,5276
417,21478,CAAGTRTDTQYF,NLVPMVATV,3,AGTRTDTQ,4093
418,21479,CASSVDSGSTNEQFF,NLVPMVATV,3,VDSGSTNE,466
419,21480,CASSLGTGELFF,NLVPMVATV,3,SSLGTGEL,5320
420,21481,CASSLSGVPHNNEQFF,NLVPMVATV,3,LSGVPHNN,3728
421,21482,CASSQTRTSGRVDPDTQYF,NLVPMVATV,3,RTSGRVDP,3149
422,21483,CASRRPGGDTEAFF,NLVPMVATV,3,RRPGGDTE,571
423,21484,CASSLNSGLYNEQFF,NLVPMVATV,3,LNSGLYNE,77
424,21485,CASSLNGRADTQYF,NLVPMVATV,3,SLNGRADT,3096
425,21486,CASSRQESYGYTF,NLVPMVATV,3,SRQESYGY,1752
426,21487,CAISEQEDQPQHF,NLVPMVATV,3,SEQEDQPQ,555
427,21488,CASSVEGQGDTEAFF,NLVPMVATV,3,VEGQGDTE,3922
428,21489,CASSPLRGVYYNEQFF,NLVPMVATV,3,PLRGVYYN,5343
429,21490,CASTPYRRGPHLYGYTF,NLVPMVATV,3,YRRGPHLY,5586
430,21491,CASSLVVMGTGFTDTQYF,NLVPMVATV,3,VVMGTGFT,4716
431,21492,CASSLAQQGLAEAFF,NLVPMVATV,3,LAQQGLAE,1488
432,21493,CASSPSTGTIYGYTF,NLVPMVATV,3,PSTGTIYG,1627
433,21494,CAISESRSRVTDTQYF,NLVPMVATV,3,ESRSRVTD,2046
434,21495,CASSPSDYGYTF,NLVPMVATV,3,SSPSDYGY,5248
435,21496,CAISEYPPTGRKADTQYF,NLVPMVATV,3,YPPTGRKA,5445
436,21497,CASSQVGTVYGYTF,NLVPMVATV,3,SQVGTVYG,4937
437,21498,CSAADRGLGETQYF,NLVPMVATV,3,ADRGLGET,4320
438,21499,CASRGTGGGSGQPQHF,NLVPMVATV,3,GTGGGSGQ,930
439,21500,CASSYDRGPREGYTF,NLVPMVATV,3,YDRGPREG,2794
440,21501,CASSTRSTGELFF,NLVPMVATV,3,STRSTGEL,42
441,21502,CASSLRGQGFYEQFF,NLVPMVATV,3,LRGQGFYE,4178
442,21503,CSGDRSSDTQYF,NLVPMVATV,3,GDRSSDTQ,4738
443,21504,CASSPSWGEVNTEAFF,NLVPMVATV,3,PSWGEVNT,3786
444,21505,CASSPGYGSSGNTIYF,NLVPMVATV,3,PGYGSSGN,1987
445,21506,CASSPPGLPGYTF,NLVPMVATV,3,SPPGLPGY,1437
446,21507,CASSPGQLQETQYF,NLVPMVATV,3,SPGQLQET,3671
447,21508,CASSSGLAGVETGELFF,NLVPMVATV,3,GLAGVETG,2972
448,21509,CASSLQVWNEQFF,NLVPMVATV,3,SLQVWNEQ,4447
449,21510,CASSLQGIGAKNIQYF,NLVPMVATV,3,LQGIGAKN,3280
450,21511,CASSFQGYTEAFF,NLVPMVATV,3,SFQGYTEA,4098
451,21512,CASSSGGLSEQYF,NLVPMVATV,3,SSGGLSEQ,1829
452,21513,CSARGADTQYF,NLVPMVATV,3,ARGADTQY,3666
453,21514,CASSSGGLSEQYF,NLVPMVATV,3,SSGGLSEQ,1829
454,21515,CASSLELAAWETQYF,NLVPMVATV,3,LELAAWET,715
455,21516,CSARDLRLLANTGELFF,NLVPMVATV,3,LRLLANTG,3010
456,21517,CASSTGSYGYTF,NLVPMVATV,3,SSTGSYGY,373
457,21518,CASSSGIYGYTF,NLVPMVATV,3,SSSGIYGY,48
458,21519,CASSLAGFTGELFF,NLVPMVATV,3,SLAGFTGE,3315
459,21520,CASSPTLVTSGNTIYF,NLVPMVATV,3,PTLVTSGN,183
460,21521,CASSEGYIYEQYF,NLVPMVATV,3,SEGYIYEQ,952
461,21522,CASSYASNQPQHF,NLVPMVATV,3,SYASNQPQ,2147
462,21523,CAISVSGTRVYNEQFF,NLVPMVATV,3,VSGTRVYN,3150
463,21524,CASSLGQGNSPLHF,NLVPMVATV,3,SLGQGNSP,3002
464,21525,CASSLKAGNQPQHF,NLVPMVATV,3,SLKAGNQP,3402
465,21526,CASSVGTLYSGANVLTF,NLVPMVATV,3,GTLYSGAN,1951
466,21527,CASSLLGGAGTGELFF,NLVPMVATV,3,LLGGAGTG,2432
467,21528,CSVEGDTGELFF,NLVPMVATV,3,VEGDTGEL,2681
468,21529,CASSQGLAGEVYTGELFF,NLVPMVATV,3,GLAGEVYT,4683
469,21530,CASSLDRPSGMAAETQYF,NLVPMVATV,3,DRPSGMAA,1438
470,21531,CASSINRDLLNGYTF,NLVPMVATV,3,INRDLLNG,2105
471,21532,CASSYWDRTTSGNTIYF,NLVPMVATV,3,WDRTTSGN,2384
472,21533,CASSHTSGNGDTQYF,NLVPMVATV,3,HTSGNGDT,5038
473,21534,CASSDSRANTGELFF,NLVPMVATV,3,DSRANTGE,4164
474,21535,CSARLPRDYSNQPQHF,NLVPMVATV,3,LPRDYSNQ,10
475,21536,CASSLAEKANTGELFF,NLVPMVATV,3,LAEKANTG,4119
476,21537,CSILGSNAGPQETQYF,NLVPMVATV,3,GSNAGPQE,349
477,21538,CAIDRVGTGELFF,NLVPMVATV,3,DRVGTGEL,265
478,21539,CASTGSVSTDTQYF,NLVPMVATV,3,TGSVSTDT,1597
479,21540,CASSRGHPLQFF,NLVPMVATV,3,SSRGHPLQ,702
480,21541,CASSISAGVGVGQETQYF,NLVPMVATV,3,SAGVGVGQ,2168
481,21542,CASSLVGGPSVQFF,NLVPMVATV,3,SLVGGPSV,4354
482,21543,CATSDSAGYNEQFF,NLVPMVATV,3,SDSAGYNE,1367
483,21544,CASSVTGTEADEQFF,NLVPMVATV,3,VTGTEADE,1340
484,21545,CASSPPGTSGGRNEQFF,NLVPMVATV,3,PGTSGGRN,1092
485,21546,CASSDRLENNEKLFF,NLVPMVATV,3,DRLENNEK,4735
486,21547,CASTRESTDTQYF,NLVPMVATV,3,TRESTDTQ,319
487,21548,CASSLGGTGWTEAFF,NLVPMVATV,3,LGGTGWTE,248
488,21549,CASSFKDTNTGELFF,NLVPMVATV,3,FKDTNTGE,1711
489,21550,CASSLGAANYNEQFF,NLVPMVATV,3,LGAANYNE,949
490,21551,CATSEGNEQFF,NLVPMVATV,3,TSEGNEQF,4607
491,21552,CASSSRTGDQETQYF,NLVPMVATV,3,SRTGDQET,575
492,21553,CASSLWLNEQFF,NLVPMVATV,3,SSLWLNEQ,479
493,21554,CASSPKTGASYGYTF,NLVPMVATV,3,PKTGASYG,2031
494,21555,CASSFVSFDEQFF,NLVPMVATV,3,SFVSFDEQ,3336
495,21556,CASSADSYGANVLTF,NLVPMVATV,3,ADSYGANV,412
496,21557,CASRRQGTVYEQYF,NLVPMVATV,3,RRQGTVYE,2798
497,21558,CASSLVGGRHGYTF,NLVPMVATV,3,SLVGGRHG,3924
498,21559,CASSLETVNTEAFF,NLVPMVATV,3,SLETVNTE,5048
499,21560,CASSSFYDSNEKLFF,NLVPMVATV,3,SFYDSNEK,4182
500,21561,CASSPSTGTIYGYTF,NLVPMVATV,3,PSTGTIYG,1627
501,21562,CSVDPGHTGEKLFF,NLVPMVATV,3,DPGHTGEK,3158
502,21563,CASSSVNVAFF,NLVPMVATV,3,SSSVNVAF,1514
503,21564,CASSDPGVDRNTEAFF,NLVPMVATV,3,DPGVDRNT,2405
504,21565,CASSHGTGYNQPQHF,NLVPMVATV,3,HGTGYNQP,2744
505,21566,CASSLEIQGSGAFF,NLVPMVATV,3,SLEIQGSG,3652
506,21567,CASSDGIGQGASGYTF,NLVPMVATV,3,DGIGQGAS,1232
507,21568,CASSARGGGNNEQFF,NLVPMVATV,3,ARGGGNNE,1176
508,21569,CASSYSGTNQPQHF,NLVPMVATV,3,SYSGTNQP,4730
509,21570,CASSYSGTGDYGYTF,NLVPMVATV,3,YSGTGDYG,3079
510,21571,CASSPVGGDYGYTF,NLVPMVATV,3,SPVGGDYG,2004
511,21572,CASSLDLYGYTF,NLVPMVATV,3,SSLDLYGY,5377
512,21573,CSARDRGGENTGELFF,NLVPMVATV,3,DRGGENTG,5126
513,21574,CASSFQGIRVEAFF,NLVPMVATV,3,SFQGIRVE,427
514,21575,CASSPPGRGNTGELFF,NLVPMVATV,3,PPGRGNTG,1845
515,21576,CASSFGQRDRGYWRNTEAFF,NLVPMVATV,3,QRDRGYWR,849
516,21577,CASGFTGGRNTEAFF,NLVPMVATV,3,FTGGRNTE,3109
517,21578,CASSIVAGAGAGELFF,NLVPMVATV,3,IVAGAGAG,3838
518,21579,CATSDLLAGGKTGELFF,NLVPMVATV,3,LLAGGKTG,824
519,21580,CASSATGSNTGELFF,NLVPMVATV,3,ATGSNTGE,814
520,21581,CASSMGTVYLNTEAFF,NLVPMVATV,3,MGTVYLNT,2311
521,21582,CASSLLGVSYYNEQFF,NLVPMVATV,3,LLGVSYYN,335
522,21583,CASSTRGGGDAKNIQYF,NLVPMVATV,3,RGGGDAKN,2365
523,21584,CAWVPGTGGRAAFF,NLVPMVATV,3,VPGTGGRA,2854
524,21585,CASSVVGYLGYTF,NLVPMVATV,3,SVVGYLGY,3229
525,21586,CASSRGQGPGQETQYF,NLVPMVATV,3,RGQGPGQE,4165
526,21587,CASSQAPSMEPNEQFF,NLVPMVATV,3,QAPSMEPN,4527
527,21588,CASSLRGQGFYEQFF,NLVPMVATV,3,LRGQGFYE,4178
528,21589,CASSHQTGELFF,NLVPMVATV,3,SSHQTGEL,826
529,21590,CASSPKTGASYGYTF,NLVPMVATV,3,PKTGASYG,2031
530,21591,CASSYNEQFF,NLVPMVATV,3,ASSYNEQF,84
531,21592,CASSIDAGSNYEQYF,NLVPMVATV,3,IDAGSNYE,3445
532,21593,CASSYTVQPYNEQFF,NLVPMVATV,3,YTVQPYNE,1013
533,21594,CATSDLRRTDTQYF,NLVPMVATV,3,SDLRRTDT,2713
534,21595,CASSFQGYTEAFF,NLVPMVATV,3,SFQGYTEA,4098
535,21596,CASSRDSNSNQPQHF,NLVPMVATV,3,RDSNSNQP,2557
536,21597,CASSHERDRDTGELFF,NLVPMVATV,3,HERDRDTG,1795
537,21598,CASSSAFYGYTF,NLVPMVATV,3,SSSAFYGY,3304
538,21599,CASSSAYYGYTF,NLVPMVATV,3,SSSAYYGY,4102
539,21600,CASSLAYILGLGDEQFF,NLVPMVATV,3,AYILGLGD,448
540,21601,CASSDALQETQYF,NLVPMVATV,3,SDALQETQ,5697
541,21602,CASSLASRVGSPLHF,NLVPMVATV,3,LASRVGSP,943
542,21603,CASSLSAVHGYTF,NLVPMVATV,3,SLSAVHGY,3430
543,21604,CASSLKIGEQFF,NLVPMVATV,3,SSLKIGEQ,1495
544,21605,CASSLAGDYEQYF,NLVPMVATV,3,SLAGDYEQ,3400
545,21606,CASSELAGGGDTQYF,NLVPMVATV,3,ELAGGGDT,3942
546,21607,CASSQQETYEQYF,NLVPMVATV,3,SQQETYEQ,5107
547,21608,CSVVDYGYTF,NLVPMVATV,3,SVVDYGYT,4073
548,21609,CSVAGQGDDHTDTQYF,NLVPMVATV,3,GQGDDHTD,2628
549,21610,CASSYWDRTTSGNTIYF,NLVPMVATV,3,WDRTTSGN,2384
550,21611,CSAPFPGQGDYGYTF,NLVPMVATV,3,FPGQGDYG,2607
551,21612,CASSPSREGYTF,NLVPMVATV,3,SSPSREGY,4262
552,21613,CASSFQGYTEAFF,NLVPMVATV,3,SFQGYTEA,4098
553,21614,CASSSGTSGSGSYNEQFF,NLVPMVATV,3,GTSGSGSY,1650
554,21615,CASSIVGGMNTEAFF,NLVPMVATV,3,IVGGMNTE,1863
555,21616,CASFSPRVYEQYF,NLVPMVATV,3,FSPRVYEQ,3918
556,21617,CSVEEGSRAQYF,NLVPMVATV,3,VEEGSRAQ,140
557,21618,CASSPSMSTGELFF,YLQPRTFLL,1,SPSMSTGE,1022
558,21619,CSARDHVGQNTGELFF,YLQPRTFLL,1,DHVGQNTG,5318
559,21620,CASSFGISGELFF,YLQPRTFLL,1,SFGISGEL,5113
560,21621,CATSPDPNTGELFF,YLQPRTFLL,1,SPDPNTGE,1741
561,21649,CASGTANTGELFF,YLQPRTFLL,1,GTANTGEL,2116
562,21650,CASSDMNTGELFF,YLQPRTFLL,1,SDMNTGEL,4556
563,21663,CASSLWTGSEAFF,YLQPRTFLL,1,SLWTGSEA,306
564,21664,CASSYQQGPEAFF,YLQPRTFLL,1,SYQQGPEA,616
565,21670,CAGGDTNTGELFF,YLQPRTFLL,1,GDTNTGEL,1229
566,21671,CATEDRNTGELFF,YLQPRTFLL,1,EDRNTGEL,3927
567,21672,CASADMNTGELFF,YLQPRTFLL,1,ADMNTGEL,1193
568,21673,CASSPDPNTGELFF,YLQPRTFLL,1,SPDPNTGE,1741
569,21725,CASSPMMDEQFF,YLQPRTFLL,1,SSPMMDEQ,4103
570,21726,CATSRPATEAFF,YLQPRTFLL,1,TSRPATEA,3231
571,21728,CSARDHVGQNTGELFF,YLQPRTFLL,1,DHVGQNTG,5318
572,21734,CANPDRNTGELFF,YLQPRTFLL,1,PDRNTGEL,5047
573,21736,CASSSANSGELFF,YLQPRTFLL,1,SSANSGEL,906
574,21737,CATTELDTGELFF,YLQPRTFLL,1,TELDTGEL,1168
575,21742,CASSSSVNEQFF,RLQSLQTYV,1,SSSSVNEQ,2118
576,21743,CASSPRDREESEQYF,RLQSLQTYV,1,PRDREESE,2800
577,21744,CASSLSSTGDGYTF,RLQSLQTYV,1,SLSSTGDG,3803
578,21745,CATSVQGQTGELFF,RLQSLQTYV,1,SVQGQTGE,5005
579,21746,CASSLAQGTYNEQFF,RLQSLQTYV,1,LAQGTYNE,3919
580,21755,CASSIDERAQPQHF,RLQSLQTYV,1,SIDERAQP,2261
581,21756,CASSGENTEAFF,RLQSLQTYV,1,SSGENTEA,4619
582,21757,CASSEAKSDAYEQYF,RLQSLQTYV,1,EAKSDAYE,0
583,21758,CASSPPGPSLNEQFF,RLQSLQTYV,1,PPGPSLNE,2085
584,21763,CASSTTGEANEKLFF,RLQSLQTYV,1,TTGEANEK,3547
585,21764,CASSPRGQGGTGELFF,RLQSLQTYV,1,PRGQGGTG,596
586,21765,CASSLENRPTYEQYF,RLQSLQTYV,1,LENRPTYE,3111
587,21766,CASSNSGSRIDGYTF,RLQSLQTYV,1,NSGSRIDG,4294
588,21767,CASSQAVGGTNTDTQYF,RLQSLQTYV,1,AVGGTNTD,4422
589,21771,CASSGEGGHSNQPQHF,RLQSLQTYV,1,GEGGHSNQ,2626
590,21772,CAFLGGSGANVLTF,RLQSLQTYV,1,LGGSGANV,3669
591,21773,CASSHVSPNTGELFF,RLQSLQTYV,1,HVSPNTGE,4595
592,21774,CASSLMGSNGELFF,RLQSLQTYV,1,SLMGSNGE,1493
593,21776,CASSLLDRNTEAFF,RLQSLQTYV,1,SLLDRNTE,1911
594,21777,CASSIVEGASYEQYF,RLQSLQTYV,1,IVEGASYE,2467
595,21791,CASSSSVNEQFF,RLQSLQTYV,1,SSSSVNEQ,2118
596,21792,CASSPRDREESEQYF,RLQSLQTYV,1,PRDREESE,2800
597,21801,CASSIDERAQPQHF,RLQSLQTYV,1,SIDERAQP,2261
598,21802,CASSFGVEDEQYF,LQPFPQPELPYPQPQ,1,SFGVEDEQ,1102
599,21803,CASSSLNTQYF,LQPFPQPELPYPQPQ,1,SSSLNTQY,1211
600,21805,CASSQVTLPTETQYF,LQPFPQPELPYPQPQ,1,QVTLPTET,2431
601,21809,CASSQVTLPTETQYF,LQPFPQPELPYPQPQ,1,QVTLPTET,2431
602,21811,CASSSLNTQYF,LQPFPQPELPYPQPQ,1,SSSLNTQY,1211
603,21815,CASSQVTLPTETQYF,LQPFPQPELPYPQPQ,1,QVTLPTET,2431
604,21819,CASSFGVEDEQYF,LQPFPQPELPYPQPQ,1,SFGVEDEQ,1102
605,22170,CASSQTTKDEQYF,KTFPPTEPK,1,SQTTKDEQ,947
606,22171,CASSQGQKDEQYF,KTFPPTEPK,1,SQGQKDEQ,2826
607,22172,CASSQFTGRKEKLFF,KTFPPTEPK,1,QFTGRKEK,2169
608,22173,CASSLTSGGPTSDTQYF,LLYDANYFL,1,TSGGPTSD,5544
609,22174,CASTTPVTERYNEQFF,LLYDANYFL,1,TPVTERYN,4286
610,22175,CASTTSRGAISTDTQYF,LLYDANYFL,1,SRGAISTD,716
611,22176,CASSQGTGGANEQYF,LLYDANYFL,1,QGTGGANE,1393
612,22177,CASSLAGSTEAFF,LLYDANYFL,1,SLAGSTEA,1874
613,22178,CASSLTSGGPVTDTQYF,LLYDANYFL,1,TSGGPVTD,1345
614,22179,CASSLGGTEAFF,LLYDANYFL,1,SSLGGTEA,1186
615,22180,CASSLGGSTEAFF,LLYDANYFL,1,SLGGSTEA,2305
616,22181,CASSEKARGNEQFF,KTFPPTEPK,1,SEKARGNE,1520
617,22182,CATDRNTEAFF,KTFPPTEPK,1,TDRNTEAF,1668
618,22183,CASSPRQGDTQYF,KTFPPTEPK,1,SPRQGDTQ,3259
619,22184,CSARGSSGRAEYTQYF,ALSKGVHFV,1,GSSGRAEY,1072
620,22185,CASSQGQGLAGIGETQYF,ALSKGVHFV,1,GQGLAGIG,1726
621,22186,CASSLVGGPLSYEQYF,ALSKGVHFV,1,LVGGPLSY,2641
622,22187,CASSLVGDSYNEQFF,ALSKGVHFV,1,LVGDSYNE,2900
623,22188,CASSLSGDDYNEQFF,ALSKGVHFV,1,LSGDDYNE,4533
624,22189,CASSPGAGAEETQYF,ALSKGVHFV,1,PGAGAEET,216
625,22190,CSAPILSPYEQYF,LLLDRLNQL,1,PILSPYEQ,3537
626,22191,CASSASNYGYTF,LLLDRLNQL,1,SSASNYGY,431
627,22192,CASSAELNTYEQYF,LLLDRLNQL,1,SAELNTYE,5287
628,22193,CASSIPTSSYEQYF,LLLDRLNQL,1,SIPTSSYE,1658
629,22194,CATEAGTGTNYGYTF,LLLDRLNQL,1,AGTGTNYG,720
630,22195,CASTETSGAYNEQFF,LLLDRLNQL,1,ETSGAYNE,3500
631,22196,CASSVEGASYEQYF,LLLDRLNQL,1,SVEGASYE,5386
632,22197,CASSEGGGEQYF,LLLDRLNQL,1,SSEGGGEQ,2394
633,22198,CASSSGTVPYEQYF,LLLDRLNQL,1,SSGTVPYE,378
634,22199,CASASAAYEQYF,LLLDRLNQL,1,SASAAYEQ,3862
635,22200,CASGGNSYEQYF,LLLDRLNQL,1,SGGNSYEQ,5393
636,22201,CASSPDSVEQYF,LLLDRLNQL,1,SSPDSVEQ,4542
637,22202,CASSVELNSYEQYF,LLLDRLNQL,1,SVELNSYE,2834
638,22203,CASSVELNSYEQYF,LLLDRLNQL,1,SVELNSYE,2834
639,22204,CASSVAHLNTDTQYF,LLLDRLNQL,1,VAHLNTDT,5010
640,22205,CASSQDRGFGAEAEAFF,ALSKGVHFV,1,DRGFGAEA,2670
641,22206,CASSEVAGDTQYF,ALSKGVHFV,1,SEVAGDTQ,2853
642,22207,CASSLAGDSYNEQFF,ALSKGVHFV,1,LAGDSYNE,95
643,22208,CASSAEGSPEAFF,ALSKGVHFV,1,SAEGSPEA,2493
644,22209,CASSPQGSGTGPNQPQHF,ALSKGVHFV,1,QGSGTGPN,1026
645,22210,CASSLAGDSYNEQFF,ALSKGVHFV,1,LAGDSYNE,95
646,22211,CATSGNSWTGDVGTEAFF,ALWEIQQVV,1,NSWTGDVG,4617
647,22212,CASTGTGVFNEQFF,ALWEIQQVV,1,TGTGVFNE,2790
648,22213,CASSQDPGTSVYNEQFF,ALWEIQQVV,1,DPGTSVYN,1457
649,22214,CASSYGLERQFF,ALWEIQQVV,1,SSYGLERQ,2560
650,22215,CATSRDLGLYNEQFF,RLQSLQTYV,1,RDLGLYNE,3433
651,22216,CASSQDLQGPDEKLFF,RLQSLQTYV,1,QDLQGPDE,107
652,22217,CASSQDLQGTNEKLFF,RLQSLQTYV,1,QDLQGTNE,1619
653,22218,CASSYSGGNTEAFF,RLQSLQTYV,1,SYSGGNTE,3568
654,22219,CAWSLGNSIELNYGYTF,RLQSLQTYV,1,GNSIELNY,884
655,22220,CASSLGGSTEAFF,LLYDANYFL,1,SLGGSTEA,2305
656,22221,CASSLGGAEAFF,LLYDANYFL,1,SSLGGAEA,3679
657,22222,CASSLGSGGTEAFF,LLYDANYFL,1,SLGSGGTE,138
658,22223,CASSLEAGGREQYF,LLYDANYFL,1,SLEAGGRE,3634
659,22224,CSADPVAGGGYEQYF,ALSKGVHFV,1,PVAGGGYE,4259
660,22225,CASSEVGNEQFF,ALSKGVHFV,1,SSEVGNEQ,1688
661,22226,CASNGLAGVSYNEQFF,ALSKGVHFV,1,GLAGVSYN,3297
662,22227,CASSSGVERPYEQYF,ALSKGVHFV,1,SGVERPYE,4891
663,22228,CASSLAGDDYNEQFF,ALSKGVHFV,1,LAGDDYNE,4090
664,22229,CASSYLLAMNTGELFF,ALSKGVHFV,1,YLLAMNTG,1313
665,22230,CASSTKGPNNEQFF,KTFPPTEPK,1,STKGPNNE,686
666,22231,CASSVLSGGPFNEQFF,KTFPPTEPK,1,VLSGGPFN,4751
667,22232,CASSLPSGQGAYNEQFF,KTFPPTEPK,1,PSGQGAYN,645
668,22233,CASSLAKKDTQYF,KTFPPTEPK,1,SLAKKDTQ,4391
669,22234,CSARVMVGGTEAFF,NLVPMVATV,1,RVMVGGTE,1769
670,22235,CASSLEYSPRPYEQYF,NLVPMVATV,1,LEYSPRPY,1539
671,22236,CATSTVGVGTGFPPSFF,NLVPMVATV,1,VGVGTGFP,4552
672,22237,CASSFGGTGNQPQHF,NLVPMVATV,1,FGGTGNQP,3117
673,22238,CASSPQTGTIYGYTF,NLVPMVATV,1,PQTGTIYG,3757
674,22239,CASSPGTSGRAWNNEQFF,NLVPMVATV,1,GTSGRAWN,5367
675,22241,CASSLLAVGTGGNTEAFF,NLVPMVATV,1,LAVGTGGN,16
676,22242,CASSLTTLAGVPYEQFF,NLVPMVATV,1,TTLAGVPY,3187
677,22243,CASSLLLAGYNEQFF,NLVPMVATV,1,LLLAGYNE,4287
678,22244,CASSQEEGRVDGYTF,NLVPMVATV,1,QEEGRVDG,858
679,22245,CAWTISDLAKNIQYF,NLVPMVATV,1,ISDLAKNI,241
680,22246,CASSPGTDYYGYTF,NLVPMVATV,1,SPGTDYYG,1624
681,22247,CASSYGTGDSNQPQHF,NLVPMVATV,1,YGTGDSNQ,3329
682,22248,CASSFQTGASYGYTF,NLVPMVATV,1,FQTGASYG,1018
683,22250,CASSSANYGYTF,NLVPMVATV,1,SSSANYGY,3390
684,22251,CASSSANYGYTF,NLVPMVATV,1,SSSANYGY,3390
685,22252,CASSRRDATRFAETQYF,NLVPMVATV,1,RDATRFAE,2040
686,22253,CASSRRDATRFAETQYF,NLVPMVATV,1,RDATRFAE,2040
687,22254,CASSVVTEAFF,NLVPMVATV,1,SSVVTEAF,1730
688,22271,CASSLAPGATNEKLFF,NLVPMVATV,1,LAPGATNE,2010
689,22272,CASSLAPGATNEKLFF,NLVPMVATV,1,LAPGATNE,2010
690,22273,CASSLAPGATNEKLFF,NLVPMVATV,1,LAPGATNE,2010
691,22274,CASSLAPGATNEKLFF,NLVPMVATV,1,LAPGATNE,2010
692,22286,CASRPVAGLPHF,PQPELPYPQPE,1,SRPVAGLP,532
693,22287,CASSIVDRGGETQYF,PQPELPYPQPE,1,IVDRGGET,156
694,22288,CASSLGYGVSTGELFF,PQPELPYPQPE,1,LGYGVSTG,4594
695,22289,CASSLRAWETQYF,PQPELPYPQPE,1,SLRAWETQ,3598
696,22290,CASSLRWGDGGKLFF,PQPELPYPQPE,1,LRWGDGGK,748
697,22291,CASSQGGDRGESEAFF,PQPELPYPQPE,1,QGGDRGES,1626
698,22292,CASSVRTLDTGELFF,PQPELPYPQPE,1,VRTLDTGE,4091
699,22293,CATSSRMGGDTQYF,PQPELPYPQPE,1,SSRMGGDT,3065
700,22294,CASSINALVGEQFF,QLQPFPQPELPY,2,SINALVGE,3036
701,22295,CASSPAFSTDTQYF,QLQPFPQPELPY,2,SPAFSTDT,1667
702,22296,CASSLDGLTNTEAFF,QLQPFPQPELPY,2,LDGLTNTE,1571
703,22297,CSATLGGDYGYTF,PQQPFPQPEQPFP,2,TLGGDYGY,3012
704,22298,CSAQLAGGGGDTQYF,PQQPFPQPEQPFP,2,LAGGGGDT,429
705,22299,CSAFPGGDTEAFF,PQQPFPQPEQPFP,2,FPGGDTEA,1556
706,22300,CASSYVGGDTDTQYF,PQQPFPQPEQPFP,2,YVGGDTDT,5400
707,22301,CASSIRTDTQYF,PQPQLPYPQPQ,2,SSIRTDTQ,8
708,22302,CASSFRHTDTQYF,PQPQLPYPQPQ,2,SFRHTDTQ,3300
709,22303,CASSLRTSGSHEQYF,PQPQLPYPQPQ,2,LRTSGSHE,3188
710,22304,CASSLRAAGDHEQYF,PQPQLPYPQPQ,2,LRAAGDHE,2767
711,22305,CASSKRTGDVGEQF,PQPQLPYPQPQ,2,SKRTGDVG,267
712,22306,CASSIRAGADEQF,PQPQLPYPQPQ,2,SIRAGADE,5326
713,22307,CASSLSPRADTQYF,PQPQLPYPQPQ,2,SLSPRADT,711
714,22308,CASSPRSSGTEQYF,PQPQLPYPQPQ,2,SPRSSGTE,4464
715,22309,CASSPPGLPYEQYF,PQPQLPYPQPQ,2,SPPGLPYE,4321
716,22310,CASSLGWQNNEQF,PQPQLPYPQPQ,2,SLGWQNNE,249
717,22311,CASSLAGFPDEQF,PQPQLPYPQPQ,2,SLAGFPDE,3524
718,22312,CASSLRAAGGHEQYF,PQPQLPYPQPQ,2,LRAAGGHE,4777
719,22313,CASSIRHTDTQYF,PQPQLPYPQPQ,2,SIRHTDTQ,3526
720,22314,CASLIRFTDTQYF,PQPQLPYPQPQ,2,LIRFTDTQ,4834
721,22315,CASSIRTEDTQYF,PQPQLPYPQPQ,2,SIRTEDTQ,779
722,22316,CASSLVGWETQYF,PQPQLPYPQPQ,2,SLVGWETQ,3765
723,22317,CASSLRRDQYNEQF,PQPQLPYPQPQ,2,SLRRDQYN,3563
724,22318,CASSTRTGDGGTQYF,PQPQLPYPQPQ,2,TRTGDGGT,3215
725,22319,CASSIRFTDTQYF,PQPELPYPQPE,2,SIRFTDTQ,1068
726,22320,CASSVRHTDTQYF,PQPELPYPQPE,2,SVRHTDTQ,4145
727,22321,CASSIRTGGDTQYF,PQPELPYPQPE,2,SIRTGGDT,1634
728,22322,CASSLGGSTDTQYF,PQPELPYPQPE,2,SLGGSTDT,1172
729,22323,CASSVRTGDSQPQHF,PQPELPYPQPE,2,VRTGDSQP,558
730,22324,CASSLRGLDMGTQYF,PQPELPYPQPE,2,LRGLDMGT,2415
731,22325,CASSLRWGDEGEQYF,PQPELPYPQPE,2,LRWGDEGE,3613
732,22326,CASSLRAGGNHEQYF,PQPELPYPQPE,2,LRAGGNHE,338
733,22327,CASSLRASGSHEQYF,PQPELPYPQPE,2,LRASGSHE,4864
734,22328,CASSLATRATYEQYF,PQPELPYPQPE,2,LATRATYE,1834
735,22329,CASLLGRSNTGELFF,PQPELPYPQPE,2,LGRSNTGE,5288
736,22330,CASSLRSGGADTQYF,PQPELPYPQPE,2,LRSGGADT,4425
737,22331,CASSQVRETQCF,PQPELPYPQPE,2,SSQVRETQ,5622
738,22332,CASSSDRNYGYTF,PQPELPYPQPE,2,SSDRNYGY,4651
739,22333,CASSFPGALNYGYTF,PQPELPYPQPE,2,FPGALNYG,1179
740,22334,CASSFSGTSPYEQF,PQPELPYPQPE,2,SFSGTSPY,4532
741,22335,CASSFGGGTYEQYF,PQPELPYPQPE,2,SFGGGTYE,2092
742,22336,CASSLVERGPYEQYF,PQPELPYPQPE,2,LVERGPYE,2157
743,22337,CASSLVSGGMDEQF,PQPELPYPQPE,2,SLVSGGMD,4001
744,22338,CASSLQASSYNEQF,PQPELPYPQPE,2,SLQASSYN,4387
745,22339,CASSPRGRNYEQYF,PQPELPYPQPE,2,SPRGRNYE,1148
746,22340,CASSPEGVRVGYGYTF,PQPELPYPQPE,2,PEGVRVGY,326
747,22341,CASSLAGGLHTDTQYF,PQPELPYPQPE,2,LAGGLHTD,3607
748,22342,CASSLAGPLRFNEQF,PQPELPYPQPE,2,LAGPLRFN,5557
749,22343,CASSLMGLSNYGYTF,PQPELPYPQPE,2,LMGLSNYG,5357
750,22344,CASSLSAGPGANVLTF,PQPELPYPQPE,2,LSAGPGAN,430
751,22345,CASSPWTSGSTYNEQF,PQPELPYPQPE,2,PWTSGSTY,1656
752,22346,CASSLEGAFSANYGYTF,PQPELPYPQPE,2,EGAFSANY,3222
753,22347,CASSLRGTYGSGANVLTF,PQPELPYPQPE,2,RGTYGSGA,526
754,22348,CASSPQLGVPFF,PQPELPYPQPQ,2,SSPQLGVP,3303
755,22349,CASSLNQGGGYTF,PQPELPYPQPQ,2,SLNQGGGY,5585
756,22350,CASSTHRAEGELF,PQPELPYPQPQ,2,STHRAEGE,1499
757,22351,CASSFRLDRYGYTF,PQPELPYPQPQ,2,SFRLDRYG,2496
758,22352,CASSQGQSSYNEQF,PQPELPYPQPQ,2,SQGQSSYN,1513
759,22353,CASSVQGRVNTEAF,PQPELPYPQPQ,2,SVQGRVNT,4200
760,22354,CASSAGTLPTGELF,PQPELPYPQPQ,2,SAGTLPTG,3145
761,22355,CASSLARRFYNSPLHF,PQPELPYPQPQ,2,LARRFYNS,3248
762,22356,CASSLEGRGYTF,PQPELPYPQPQ,2,SSLEGRGY,2419
763,22357,CASSLVGEKAFF,PQPELPYPQPQ,2,SSLVGEKA,4849
764,22358,CASSLSRYEQF,PQPELPYPQPQ,2,SSLSRYEQ,4431
765,22359,CASSLAGVQPQHF,PQPELPYPQPQ,2,SLAGVQPQ,1858
766,22360,CASSSPVGGEQF,PQPELPYPQPQ,2,SSSPVGGE,774
767,22361,CASSSGGGYNEQF,PQPELPYPQPQ,2,SSGGGYNE,2746
768,22362,CASSSLGGAETQYF,PQPELPYPQPQ,2,SSLGGAET,4158
769,22363,CASSSSQGNQPQHF,PQPELPYPQPQ,2,SSSQGNQP,1644
770,22364,CASSKSRGSYEQYF,PQPELPYPQPQ,2,SKSRGSYE,3943
771,22365,CASSPDGVNSPLHF,PQPELPYPQPQ,2,SPDGVNSP,647
772,22366,CASSPNRSGNTIYF,PQPELPYPQPQ,2,SPNRSGNT,4860
773,22367,CASSTRQSAYEQYF,PQPELPYPQPQ,2,STRQSAYE,4252
774,22368,CASSLDAGNEKLF,PQPELPYPQPQ,2,SLDAGNEK,5430
775,22369,CASSLALGDTTEAFF,PQPELPYPQPQ,2,LALGDTTE,398
776,22370,CASSLARGVGNIQYF,PQPELPYPQPQ,2,LARGVGNI,5205
777,22371,CASSLEGQGISPLHF,PQPELPYPQPQ,2,LEGQGISP,5037
778,22372,CASSLELSGANVLTF,PQPELPYPQPQ,2,LELSGANV,4086
779,22373,CASSLGIGPYNEQF,PQPELPYPQPQ,2,SLGIGPYN,3085
780,22374,CASSVSFGQGYEQYF,PQPELPYPQPQ,2,VSFGQGYE,3720
781,22375,CASSRGGTSGLHTQYF,PQPELPYPQPQ,2,RGGTSGLH,648
782,22376,CASSFQGGDGETQYF,PQPELPYPQPQ,2,FQGGDGET,2570
783,22377,CASSLVGGGESTEAF,PQPELPYPQPQ,2,LVGGGEST,5662
784,22410,CSVSGGPSTDTQYF,PFPQPELPY,2,SGGPSTDT,26
785,22411,CSVGQTDSPLHF,PFPQPELPY,2,VGQTDSPL,4783
786,22412,CSAGQGGTGELFF,PFPQPELPY,2,GQGGTGEL,4794
787,22413,CSVAALAGFQETQYF,PFPQPELPY,2,ALAGFQET,21
788,22414,CSASRWRSTDTQYF,PFPQPELPY,2,SRWRSTDT,2005
789,22415,CSAGVGGQETQYF,PFPQPELPY,2,GVGGQETQ,313
790,22416,CSAYRTWDQETQYF,PFPQPELPY,2,YRTWDQET,199
791,22417,CSAREPDNTGELFF,PFPQPELPY,2,REPDNTGE,4381
792,22418,CSARGYGLANPYEQYF,PFPQPELPY,2,GYGLANPY,5527
793,22419,CASSLASAGGTDTQYF,PFPQPELPY,2,LASAGGTD,3659
794,22420,CASSLNWDTEAFF,PFPQPELPY,2,SLNWDTEA,5313
795,22421,CASSFSPAGSEAFF,PFPQPELPY,2,SFSPAGSE,2299
796,22422,CASSLEGQGASEQFF,PFPQPELPY,2,LEGQGASE,4562
797,22423,CASSQGLAGVQETQYF,PFPQPELPY,2,QGLAGVQE,4190
798,22424,CASSPTALGTDTQYF,PFPQPELPY,2,PTALGTDT,2482
799,22425,CASSFRFTDTQYF,PQPELPYPQ,2,SFRFTDTQ,5482
800,22426,CASSFRALAADTQYF,PQPELPYPQ,2,FRALAADT,3060
801,22427,CASSIRTSGDHEQYF,PQPELPYPQ,2,IRTSGDHE,939
802,22428,CASSQYQSLVRGNNEQFF,PQPELPYPQ,2,YQSLVRGN,4779
803,22429,CASSFPQVTDTQYF,PQPELPYPQ,2,SFPQVTDT,4752
804,22430,CASSHVDRGGETQYF,PQPELPYPQ,2,HVDRGGET,1177
805,22431,CASARRTSGEDTQYF,AALALLLLDRLNQLE,2,RRTSGEDT,798
806,22432,CASSLGRMNTEAFF,AALALLLLDRLNQLE,2,SLGRMNTE,5180
807,22433,CASSPRTLTVPRGTDTQYF,AALALLLLDRLNQLE,2,TLTVPRGT,2920
808,22434,CASSLTGGMGYTF,NCTFEYVSQPFLMDL,2,SLTGGMGY,5397
809,22435,CASSPRERVNTGELFF,NCTFEYVSQPFLMDL,2,PRERVNTG,743
810,22436,CASSIGTSGGPNTGELFF,NCTFEYVSQPFLMDL,2,GTSGGPNT,5503
811,22437,CASSKGTSGGPNTGELFF,NCTFEYVSQPFLMDL,2,GTSGGPNT,5503
812,22438,CASSTRGHNTGELFF,NCTFEYVSQPFLMDL,2,TRGHNTGE,5263
813,22439,CASTRGSSGGPNTGELFF,NCTFEYVSQPFLMDL,2,GSSGGPNT,1589
814,22440,CASSPRDRANTGELFF,NCTFEYVSQPFLMDL,2,PRDRANTG,3314
815,22441,CASSVRDRPNTGELFF,NCTFEYVSQPFLMDL,2,VRDRPNTG,2047
816,22442,CASSVRDRVNTGELFF,NCTFEYVSQPFLMDL,2,VRDRVNTG,3265
817,22443,CASSLRGANGYTF,NCTFEYVSQPFLMDL,2,SLRGANGY,3595
818,22444,CASSQGVGYTF,NCTFEYVSQPFLMDL,2,SSQGVGYT,5650
819,22445,CASSPGQGAIYGYTF,NCTFEYVSQPFLMDL,2,PGQGAIYG,3555
820,22446,CASSLARQGWGGNEKLFF,NCTFEYVSQPFLMDL,2,ARQGWGGN,223
821,22447,CASSPRGDGYTF,NCTFEYVSQPFLMDL,2,SSPRGDGY,3033
822,22448,CASSIQGSGNTIYF,NCTFEYVSQPFLMDL,2,SIQGSGNT,2729
823,22449,CASSYSQGQPQHF,NCTFEYVSQPFLMDL,2,SYSQGQPQ,2870
824,22450,CASSYIHRSNTEAFF,RISNCVADYSVLYNS,2,YIHRSNTE,2214
825,22451,CSATRQVNQPQHF,RISNCVADYSVLYNS,2,TRQVNQPQ,1230
826,22452,CASSLQGGGNQPQHF,RISNCVADYSVLYNS,2,LQGGGNQP,1443
827,22453,CASSRQGGGDQPQHF,RISNCVADYSVLYNS,2,RQGGGDQP,4416
828,22454,CASSYVSAGVNEKLFF,RISNCVADYSVLYNS,2,YVSAGVNE,125
829,22455,CASSPHPGAAGNTIYF,RISNCVADYSVLYNS,2,PHPGAAGN,2390
830,22456,CASSPGAETQYF,RISNCVADYSVLYNS,2,SSPGAETQ,3284
831,22457,CSASGSGSTYNEQFF,VGGNYNYLYRLFRKS,2,GSGSTYNE,1611
832,22458,CASSLQQGAGTDTQYF,VGGNYNYLYRLFRKS,2,LQQGAGTD,3527
833,22459,CASSGLVGAGSSYNSPLHF,VGGNYNYLYRLFRKS,2,VGAGSSYN,4772
834,22460,CAWSEGQGVGQPQHF,VGGNYNYLYRLFRKS,2,EGQGVGQP,4283
835,22461,CAWRRMNTEAFF,VGGNYNYLYRLFRKS,2,WRRMNTEA,4272
836,22462,CAWSGPAGSMSGELFF,VGGNYNYLYRLFRKS,2,GPAGSMSG,5425
837,22463,CAISDPGGRSNEQFF,VGGNYNYLYRLFRKS,2,DPGGRSNE,5414
838,22464,CASSVDSSSGNTIYF,VGGNYNYLYRLFRKS,2,VDSSSGNT,4612
839,22465,CASSLVGGNPSTTTYEQYF,VGGNYNYLYRLFRKS,2,GGNPSTTT,5021
840,22466,CASSLSGGNNEQFF,VGGNYNYLYRLFRKS,2,SLSGGNNE,5599
841,22467,CASSPGNVASGRYQETQYF,NNSYECDIPIGAGIC,2,NVASGRYQ,4496
842,22468,CASSQDSGGQGFYEQYF,NNSYECDIPIGAGIC,2,DSGGQGFY,1235
843,22469,CASSRRQGGVTEAFF,NNSYECDIPIGAGIC,2,RRQGGVTE,1920
844,22470,CASSGLVGAGSSYNSPLHF,NNSYECDIPIGAGIC,2,VGAGSSYN,4772
845,22471,CASSVDPNTEAFF,NNSYECDIPIGAGIC,2,SVDPNTEA,519
846,22472,CASRWTSGGADTQYF,NFSQILPDPSKPSKR,2,WTSGGADT,2353
847,22473,CASKDRANYNSPLHF,NFSQILPDPSKPSKR,2,DRANYNSP,3705
848,22474,CASSLGERGSYEQFF,NFSQILPDPSKPSKR,2,LGERGSYE,3347
849,22475,CASSLESEGEQYF,NFSQILPDPSKPSKR,2,SLESEGEQ,4970
850,22476,CASSLEGLHSGNTIYF,NFSQILPDPSKPSKR,2,LEGLHSGN,4087
851,22477,CASSLDRQAEAFF,NFSQILPDPSKPSKR,2,SLDRQAEA,5475
852,22478,CAISESTSGGRQETQYF,HWFVTQRNFYEPQII,2,STSGGRQE,2537
853,22479,CAISESRTSGQETQYF,HWFVTQRNFYEPQII,2,ESRTSGQE,2516
854,22480,CATSSYRGKNEKLFF,HWFVTQRNFYEPQII,2,SYRGKNEK,5324
855,22481,CASSSGEGGETQYF,HWFVTQRNFYEPQII,2,SSGEGGET,2952
856,22482,CASSLQGGGNQPQHF,HWFVTQRNFYEPQII,2,LQGGGNQP,1443
857,22483,CSARDSEVNTEAFF,HWFVTQRNFYEPQII,2,RDSEVNTE,2598
858,22484,CASSSDLQGGGNTIYF,HWFVTQRNFYEPQII,2,SDLQGGGN,4818
859,22485,CSPRDPLNNEQFF,HWFVTQRNFYEPQII,2,RDPLNNEQ,4695
860,22486,CASSSVTGPGAQYF,HWFVTQRNFYEPQII,2,SSVTGPGA,300
861,22487,CASSRQGRTDTQYF,HWFVTQRNFYEPQII,2,SRQGRTDT,4048
862,22488,CSARDRVRNEQYF,HWFVTQRNFYEPQII,2,RDRVRNEQ,3861
863,22489,CASRPLQGSHGYTF,HWFVTQRNFYEPQII,2,RPLQGSHG,2170
864,22490,CASSSRAEANEQFF,HWFVTQRNFYEPQII,2,SSRAEANE,5261
865,22491,CASSYPTGRSTNTGELFF,HWFVTQRNFYEPQII,2,PTGRSTNT,1763
866,22492,CASSLVSGWDTDTQYF,HWFVTQRNFYEPQII,2,LVSGWDTD,2251
867,22493,CASSRAGGASTDTQYF,HWFVTQRNFYEPQII,2,RAGGASTD,1162
868,22494,CASSRAGTGYNEQFF,KTFPPTEPK,1,RAGTGYNE,2536
869,22495,CASSPSVYFEVSGANVLTF,KTFPPTEPK,1,VYFEVSGA,4132
870,22504,CASSEGLWQVGDEQYF,HMTEVVRHC,3,EGLWQVGD,4249
871,22505,CAISELVTGDSPLHF,HMTEVVRHC,3,ELVTGDSP,895
872,22506,CASSIQQGADTQYF,HMTEVVRHC,3,SIQQGADT,4789
873,22507,CASSLGEGRVDGYTF,GADGVGKSAL,3,LGEGRVDG,3817
874,22508,CASSDPGTEAFF,GADGVGKSAL,3,SSDPGTEA,3917
875,22509,CASSFGQSSTYGYTF,GADGVGKSAL,3,FGQSSTYG,5525
876,22510,CASSLGRASNQPQHF,GADGVGKSAL,3,LGRASNQP,4570
877,22511,CASSLGQTNYGYTF,GADGVGKSAL,3,SLGQTNYG,528
878,22512,CASSSQGGYGYTF,KVDPIGHVY,2,SSQGGYGY,1247
879,22513,CASSFDRGYGYTF,KVDPIGHVY,2,SFDRGYGY,1487
880,22514,CASSLSGGLLRTGELFF,FVVPYMIYLL,2,SGGLLRTG,4120
881,22515,CASSGRVTGGFYNEQFF,VQIISCQY,2,RVTGGFYN,4483
882,22516,CASSFGGAYEQYF,VQIISCQY,2,SFGGAYEQ,1358
883,22517,CASSLVSPSEQFF,YLSNIIPAL,2,SLVSPSEQ,2180
884,22518,CASSLFTGTNEQFF,QLCDVMFYL,2,SLFTGTNE,2984
885,22519,CASSLDQGAQDNEQFF,YLYDRLLRV,2,LDQGAQDN,2429
886,22520,CATSFAPGQGEHGYTF,LYPEFIASI,2,FAPGQGEH,3745
887,22521,CASSTSTGQGWHYGYTF,MLIGIPVYV,2,STGQGWHY,3584
888,22522,CASRPSRGTNYGYTF,KLYGLDWAEL,2,PSRGTNYG,4583
889,22523,CASRPSRGTNYGYTF,KLYGLDWAEL,2,PSRGTNYG,4583
890,22524,CASRPSRGTNYGYTF,KLYGLDWAEL,2,PSRGTNYG,4583
891,22525,CASRPSRGTNYGYTF,KLYGLDWAEL,2,PSRGTNYG,4583
892,22526,CASRPSRGTNYGYTF,KLYGLDWAEL,2,PSRGTNYG,4583
893,22527,CASSERGMVEAFF,KLYGLDWAEL,2,SERGMVEA,353
894,22528,CASSPRNLGPSGSYEQYF,KLYGLDWAEL,2,RNLGPSGS,44
895,22529,CASSQNYEQYF,ALDPHSGHFV,2,SSQNYEQY,3311
896,22530,CASSQNYEQYF,ALDPHSGHFV,2,SSQNYEQY,3311
897,22531,CASSYSWGAGYEQYF,ALDPHSGHFV,2,YSWGAGYE,2559
898,22532,CASTPTGAYEQYF,ALDPHSGHFV,2,TPTGAYEQ,3325
899,22533,CSAGTGELFF,ALDPHSGHFV,2,SAGTGELF,875
900,22534,CASTPTGAYEQYF,ALDPHSGHFV,2,TPTGAYEQ,3325
901,22535,CSARVGDTGELFF,ALSPVIPHI,2,RVGDTGEL,4770
902,22536,CSARVGDTGELFF,ALSPVIPHI,2,RVGDTGEL,4770
903,22537,CSARVGDTGELFF,ALSPVIPHI,2,RVGDTGEL,4770
904,22538,CSARVGDTGELFF,ALSPVIPHI,2,RVGDTGEL,4770
905,22539,CSARVGDTGELFF,ALSPVIPHI,2,RVGDTGEL,4770
906,22540,CSARVGDTGELFF,ALSPVIPHI,2,RVGDTGEL,4770
907,22541,CASSYDSTTGELFF,ALSPVIPHI,2,SYDSTTGE,483
908,22542,CASSYDSTTGELFF,ALSPVIPHI,2,SYDSTTGE,483
909,22543,CASSYDSTTGELFF,ALSPVIPHI,2,SYDSTTGE,483
910,22544,CASSYDSTTGELFF,ALSPVIPHI,2,SYDSTTGE,483
911,22545,CASTPGGYEQYF,KLFEFLVYGV,2,STPGGYEQ,3935
912,22546,CASTPGGYEQYF,KLFEFLVYGV,2,STPGGYEQ,3935
913,22547,CASSQGYEQYF,KLFEFLVYGV,2,SSQGYEQY,3843
914,22548,CASSQGYEQYF,KLFEFLVYGV,2,SSQGYEQY,3843
915,22549,CASSQGYEQYF,KLFEFLVYGV,2,SSQGYEQY,3843
916,22550,CASSVGGGVTDTQYF,MVNTVAGAMK,2,VGGGVTDT,3721
917,22551,CASSEGLWQVGDEQYF,HMTEVVRHC,3,EGLWQVGD,4249
918,22552,CASSLDPGDTGELFF,HMTEVVRHC,1,LDPGDTGE,4234
919,22553,CAISELVTGDSPLHF,HMTEVVRHC,1,ELVTGDSP,895
920,22554,CASSIQQGADTQYF,HMTEVVRHC,2,SIQQGADT,4789
921,22555,CASRLQGWNSPLHF,VVRHCPHHERCSDSD,2,RLQGWNSP,4658
922,22556,CASSYSQAWGQPQHF,RNTFRHSVVVPCE,2,YSQAWGQP,4101
923,22557,CASSISAGGDGYTF,HYNYMCNSSCMGSMN,2,SISAGGDG,296
924,22558,CASSLVNTEAFF,HYNYMCNSSCMGSMN,2,SSLVNTEA,2891
925,22559,CASNLGGGSTDTQYF,SSCMGGMNWR,2,LGGGSTDT,4106
926,22560,CASSFGSGSTDTQYF,SSCMGGMNWR,2,FGSGSTDT,178
927,22561,CASSLGTGSTDTQYF,SSCMGGMNWR,2,LGTGSTDT,4872
928,22562,CASSSRDYEQYF,SCMGGMNWRPILTII,2,SSSRDYEQ,4728
929,22563,CASSLGDRGNEKLFF,NSKEETGHLENGN,2,LGDRGNEK,1400
930,22564,CASSKGPGGNYEQYF,NSKEETGHLENGN,2,KGPGGNYE,2352
931,22565,CASSSPRSSRDTDTQYF,VLLGVKLFGV,2,PRSSRDTD,4966
932,22566,CASSLDRKAFF,TLWCSPIKV,2,SSLDRKAF,1310
933,22567,CASRAVINTDTQYF,APARLERRHSA,2,RAVINTDT,817
934,22568,CASSPGPNQPQHF,YHSIEWA,2,SPGPNQPQ,4298
935,22569,CASSPGPNQPQHF,YHSIEWA,2,SPGPNQPQ,4298
936,22570,CASTPTGNTEAFF,YHSIEWA,2,TPTGNTEA,2517
937,22571,CASSLDFSRQETQYF,WLIRETQPITK,2,LDFSRQET,639
938,22572,CASSLYLASNTGELFF,WLIRETQPITK,2,LYLASNTG,1813
939,22573,CASSDRNTNYGYTF,GLLDEDFYA,2,SDRNTNYG,838
940,22574,CASSMRVQSNTGELFF,GLLDEDFYA,2,MRVQSNTG,4713
941,22575,CASSPGREQYF,HQNPVTGLLL,2,SSPGREQY,4353
942,22576,CASRDGRVHQPQHF,APARLERRHSA,2,RDGRVHQP,3227
943,22577,CASSLSWGSSYNEQFF,RVSTLRVSL,2,LSWGSSYN,1031
944,22578,CASRDHRVIYGYTF,SYMIMEIE,2,RDHRVIYG,2750
945,22579,CASSRSTGGSGNTIYF,GEEDGAGGHSL,2,RSTGGSGN,180
946,22580,CASSQAGGTGELFF,GEEDGAGGHSL,2,SQAGGTGE,3585
947,22581,CASSSTGADSHEQFF,RHDLPPYRVYL,2,STGADSHE,2296
948,22582,CASSLLKAANYGYTF,APARLERRHSA,2,LLKAANYG,4502
949,22583,CASSASTGRNQPQHF,DPPALASTNAEVT,2,ASTGRNQP,4652
950,22584,CASSLARRQYGYTF,DPPALASTNAEVT,2,SLARRQYG,187
951,22585,CASSSQGFYNIQYF,DPPALASTNAEVT,2,SSQGFYNI,2906
952,22586,CASSPGSPSSYEQYF,DPPALASTNAEVT,2,PGSPSSYE,1581
953,22587,CASSIRNYSNQPQHF,DPPALASTNAEVT,2,IRNYSNQP,2424
954,22588,CASSLRTGQNTEAFF,DPPALASTNAEVT,2,LRTGQNTE,434
955,22589,CASSGGTPYNSPLHF,DPPALASTNAEVT,2,GGTPYNSP,3342
956,22590,CASRPWTGANEKLFF,MPYGYVLNEF,2,PWTGANEK,23
957,22591,CASSLDREDEQYF,TYDTVHRHL,2,SLDREDEQ,5220
958,22592,CASTPQVNYGYTF,GYNSYSVSNSEKHIM,2,TPQVNYGY,2950
959,22593,CASTLQANYGYTF,GYNSYSVSNSEKHIM,2,TLQANYGY,116
960,22594,CAWSALAGARDTQYF,GAVGVGKSAL,2,ALAGARDT,2317
961,22595,CASSLGLPGTDTQYF,GAVGVGKSAL,2,LGLPGTDT,4486
962,22596,CSAPPLAGDETQYF,YVMAYVMAGVGS,2,PPLAGDET,2191
963,22597,CASSDPGTEAFF,GADGVGKSAL,2,SSDPGTEA,3917
964,22598,CASTTGTSGQNTGELFF,KALARALKEGRIR,2,GTSGQNTG,3676
965,22599,CASSANRGPDTEAFF,FGDVGSTLF,2,ANRGPDTE,5371
966,22600,CASSVGNGASTDTQYF,FRNEGIHL,2,VGNGASTD,1623
967,22601,CASTAGLLGSSYNEQFF,NHVVDISKSGLITIA,2,GLLGSSYN,975
968,22602,CASITKDRAYEQYF,ELLVRINRL,2,ITKDRAYE,2395
969,22603,CASSLYRGKETQYF,RILLVAASY,2,SLYRGKET,4474
970,22604,CASRTDRFLGAFF,YLSFYTAEQL,2,RTDRFLGA,1749
971,22605,CAWSAASGGAQDTQYF,MLFSHGLVK,2,AASGGAQD,5474
972,22606,CASSPGTVKETQYF,EMLFSHGLVK,2,SPGTVKET,2450
973,22607,CASSQEFVGAVLDTQYF,TLREIRRYQK,2,EFVGAVLD,4133
974,22608,CASSPVYGVAYEQYF,RLLQCTQQAV,2,PVYGVAYE,1410
975,22609,CASSQDRGIGYGYTF,LLQCTQQAV,2,QDRGIGYG,4870
976,22610,CASSPRPLEGLYGYTF,YLSHLPLTCKF,2,PRPLEGLY,5162
977,22611,CASSDLPGAPTDTQYF,ILCETCLIV,2,DLPGAPTD,5512
978,22612,CASSLAGSKLYEQYF,EHEGSGPEL,2,LAGSKLYE,1652
979,22613,CASSVERENTGELFF,WSYDSTLLAY,2,VERENTGE,2890
980,22614,CASNEGNSGNTIYF,GDFGLATEKSRWSGS,1,NEGNSGNT,155
981,22615,CASGARQIPYTF,GDFGLATEKSRWSGS,1,SGARQIPY,5305
982,22616,CASSLSAAGGGYGYTF,GDFGLATEKSRWSGS,1,LSAAGGGY,2358
983,22617,CASASWGGYAEQFF,VVVGAVGVGK,2,ASWGGYAE,3011
984,22618,CASSRDWGPAEQFF,VVGAVGVGK,2,SRDWGPAE,4034
985,22619,CTCSADRGAETLYF,VVVGAVGVGK,2,SADRGAET,1174
986,22620,CASSLTDPLDSDYTF,VVVGADGVGK,2,LTDPLDSD,5360
987,22621,CASSQGFGANVLTF,AAFKRSCLK,3,SQGFGANV,4882
988,22622,CASVSGQGVSPLHF,AAFKRSCLK,3,VSGQGVSP,4591
989,22623,CATSRDGAGLVNQPQHF,AAFKRSCLK,3,DGAGLVNQ,1886
990,22624,CASSQDPGSSYNEQFF,AAFKRSCLK,3,QDPGSSYN,2252
991,22625,CASSLNPGRSDSPLHF,AAFKRSCLK,3,LNPGRSDS,2000
992,22626,CASSPNPQGANMDTQYF,RSGGFSFGK,3,NPQGANMD,2495
993,22627,CASSELPAGGTNEQFF,RLARLALVL,2,ELPAGGTN,5323
994,22628,CASSFFSNTGELFF,RLARLALVL,2,SFFSNTGE,1327
995,22629,CASSFLTDTQYF,RLARLALVL,2,SSFLTDTQ,2601
996,22630,CASSYMGPEAFF,RLARLALVL,2,SSYMGPEA,5226
997,22631,CASMDLAFKQYF,RLARLALVL,2,SMDLAFKQ,3702
998,22632,CASSQVSGYEQYF,RLARLALVL,2,SQVSGYEQ,4887
999,22633,CASSPQGDNEQFF,RLARLALVL,2,SPQGDNEQ,5501
1000,22634,CASSDQGGDNEQFF,ATGFKQSSKALQRPVAS,2,SDQGGDNE,4672
1001,22635,CASSQGGDEQFF,ALYGFVPVL,2,SSQGGDEQ,4525
1002,22636,CASSQDPLLEGYSYNEQFF,NLNCCSVPV,2,PLLEGYSY,2519
1003,22637,CASSGELRGAEKLFF,AVGSYVYSV,2,GELRGAEK,2512
1004,22638,CASSYGGEQPQHF,NLNCCSVPV,2,SYGGEQPQ,2184
1005,22639,CASSNGYGNQPQHF,ALYGFVPVL,2,SNGYGNQP,4236
1006,22640,CASSVEGVADEQYF,AVGSYVYSV,2,SVEGVADE,252
1007,22641,CASSDLQGGGPGEQYF,ALYGFVPVL,2,DLQGGGPG,1024
1008,22642,CASSVEGVADTQYF,AVGSYVYSV,2,SVEGVADT,2477
1009,22643,CASSSTGALYEQYF,KLSHQLVLL,2,SSTGALYE,4956
1010,22644,CASTIALGYEQYF,NLNCCSVPV,2,TIALGYEQ,1543
1011,22645,CASSSGGGNEQFF,NLNCCSVPV,2,SSGGGNEQ,2700
1012,22646,CASSSGGGNEQFF,NLNCCSVPV,2,SSGGGNEQ,2700
1013,22647,CASSPSLQVAQHF,ALYGFVPVL,2,SPSLQVAQ,842
1014,22648,CATSDPGTTNTGELFF,ALYGFVPVL,2,DPGTTNTG,891
1015,22649,CASSLGGGAYEQYF,ALYGFVPVL,2,SLGGGAYE,3522
1016,22650,CSASPGYNEQFF,VVMSWAPPV,2,ASPGYNEQ,2962
1017,22651,CASSLAGESSYNEQFF,VVMSWAPPV,2,LAGESSYN,4437
1018,22652,CASSLGDPNTEAFF,KLFEFLVYGV,2,SLGDPNTE,5577
1019,22653,CASSLGGYSPLHF,VVMSWAPPV,2,SLGGYSPL,4370
1020,22654,CASSTQGQPQHF,VVMSWAPPV,2,SSTQGQPQ,3047
1021,22655,CASSLGGSYTF,VVMSWAPPV,2,SSLGGSYT,2274
1022,22656,CASSPWTPTTDTQYF,VVMSWAPPV,2,PWTPTTDT,4417
1023,22657,CASNFPNISEGTCSNQPQHF,VVMSWAPPV,2,NISEGTCS,4982
1024,22658,CQAGGRLGELFF,VVMSWAPPV,2,AGGRLGEL,1255
1025,22659,CASSSGGGNEQFF,ALTPVVVTL,2,SSGGGNEQ,2700
1026,22660,CASSAQGFGELFF,ALTPVVVTL,2,SAQGFGEL,607
1027,22661,CASSEGRETQYF,ALTPVVVTL,2,SSEGRETQ,2719
1028,22662,CASSIGQGPYEQYF,ALTPVVVTL,2,SIGQGPYE,3777
1029,22663,CASSLGGRRYEQYF,ALTPVVVTL,2,SLGGRRYE,1471
1030,22664,CASSLGQKEQYF,ALTPVVVTL,2,SSLGQKEQ,1683
1031,22665,CASRGEGYGYTF,PGVLLKEFTVSGNIL,2,SRGEGYGY,4798
1032,22666,CASGYQNQPQHF,PGVLLKEFTVSGNIL,2,SGYQNQPQ,4745
1033,22667,CASSTQTELPQHF,PGVLLKEFTVSGNIL,2,STQTELPQ,2558
1034,22668,CASSVMGTQYF,PGVLLKEFTVSGNIL,2,SSVMGTQY,278
1035,22669,CASSPLRPSYEQYF,PGVLLKEFTVSGNIL,2,SPLRPSYE,2990
1036,22670,CASSGQGAGTQYF,PGVLLKEFTVSGNIL,2,SGQGAGTQ,2718
1037,22671,CASSVMTGLNTEAFF,PGVLLKEFTVSGNIL,2,VMTGLNTE,5398
1038,22672,CASSVIYEQYF,PGVLLKEFTVSGNIL,2,SSVIYEQY,2843
1039,22673,CASSIIYEQYF,PGVLLKEFTVSGNIL,2,SSIIYEQY,3748
1040,22674,CASSGLAGVTGELFF,PGVLLKEFTVSGNIL,2,GLAGVTGE,1562
1041,22675,CASSPGALNTEAFF,ELAGIGILTV,2,SPGALNTE,4413
1042,22676,CASSPAALSGAYEQYF,ELAGIGILTV,2,PAALSGAY,2514
1043,22677,CASSRRSSGELFF,ELAGIGILTV,2,SRRSSGEL,5160
1044,22678,CASSFQGLGQPQHF,ELAGIGILTV,2,SFQGLGQP,1041
1045,22679,CASSRDSALWISTDTQYF,ELAGIGILTV,2,DSALWIST,5073
1046,22680,CASSRRSSGELFF,ELAGIGILTV,2,SRRSSGEL,5160
1047,22681,CSASETGVGQPQHF,EAAGIGILTV,2,SETGVGQP,5563
1048,22682,CASSQQGLGQPQHF,EAAGIGILTV,2,SQQGLGQP,1363
1049,22683,CSVSDLGVGQPQHF,EAAGIGILTV,2,SDLGVGQP,4310
1050,22684,CASSQGDWGGSQPQHF,EAAGIGILTV,2,QGDWGGSQ,3352
1051,22685,CASSRDSALWISTDTQYF,EAAGIGILTV,2,DSALWIST,5073
1052,22686,CASRLGTGPEAFF,EAAGIGILTV,2,RLGTGPEA,1970
1053,22687,CASSFGLGTEAFF,EAAGIGILTV,2,SFGLGTEA,1214
1054,22688,CASSLSNEGNEQYF,EAAGIGILTV,2,SLSNEGNE,5613
1055,22689,CASSPPGLSGNIQYF,ELAGIGILTV,2,PPGLSGNI,3164
1056,22690,CASSPGTLADTQYF,ELAGIGILTV,2,SPGTLADT,2301
1057,22691,CASSAGYGQPQHF,ELAGIGILTV,2,SAGYGQPQ,2480
1058,22692,CASSQEIGSEQPQHF,ELAGIGILTV,2,QEIGSEQP,443
1059,22693,CASRPTGMGQPQHF,ELAGIGILTV,2,RPTGMGQP,2764
1060,22694,CASAWGGMTNEQYF,ELAGIGILTV,2,AWGGMTNE,4376
1061,22695,CASSETGGTEAFF,EAAGIGILTV,2,SETGGTEA,1407
1062,22696,CASSDQGLGTEAFF,EAAGIGILTV,2,SDQGLGTE,5616
1063,22697,CASSYLGMGQPQHF,EAAGIGILTV,2,SYLGMGQP,2333
1064,22698,CASSLGDVDEYF,EAAGIGILTV,2,SSLGDVDE,4480
1065,22699,CASRSLGQGAEKLFF,ELAGIGILTV,2,SLGQGAEK,1607
1066,22700,CASSRGTLHYGYTF,FYGKTILWF,2,SRGTLHYG,3016
1067,22701,CASSLGQGCSNQPQHF,FYGKTILWF,2,LGQGCSNQ,3081
1068,22702,CASSLGAAPQETQYF,FYGKTILWF,2,LGAAPQET,1441
1069,22703,CASSTRVVAGNNEQFF,FYGKTILWF,2,TRVVAGNN,4197
1070,22704,CASSPGVGTEAFF,EFTVSGNIL,2,SPGVGTEA,2633
1071,22705,CASSPGASYEQYF,ESITGSLGPLL,2,SPGASYEQ,5240
1072,22706,CASSLPLGYEQYF,LAMPFATPM,2,SLPLGYEQ,5289
1073,22707,CASSQDSHSTSTDTQYF,KASEKIFYV,2,DSHSTSTD,4687
1074,22708,CASSALFSGANVLTF,KASEKIFYV,2,ALFSGANV,2565
1075,22709,CASSLLPEGTGRVSGYTF,VYFFLPDHL,2,LPEGTGRV,465
1076,22710,CATSSFRMTGDNSPLHF,KASEKIFYV,2,FRMTGDNS,2024
1077,22711,CASSWEYEQYF,KASEKIFYV,2,SSWEYEQY,2562
1078,22712,CSANPRTTLYEQYF,MEVDPIGHLY,2,NPRTTLYE,2615
1079,22713,CATSSEDSSNQPQHF,HRRGSRSYV,2,SEDSSNQP,5509
1080,22714,CASSSSYSNQPQHF,APRGPHGGAASGL,2,SSSYSNQP,1446
1081,22715,CASSLASGSNQPQHF,RVRFFFPSL,2,LASGSNQP,4266
1082,22716,CASSESQGDYYGYTF,VLNGTVHPV,2,ESQGDYYG,3689
1083,22717,CASSPHAGGVDEKLFF,EEAAGIGIL,2,PHAGGVDE,4457
1084,22718,CASSHHSGGIYNEQFF,FQDYIKSYL,2,HHSGGIYN,5340
1085,22719,CASSLMGGGNTIYF,RYGSFSVTL,2,SLMGGGNT,3845
1086,22720,CASSIEFDRGAPTEQYF,ELAGIGILTV,2,EFDRGAPT,4207
1087,22721,CASSYRGQSNQPQHF,ELAGIGILTV,2,YRGQSNQP,5189
1088,22722,CASRWGQLTNYGYTF,ELAGIGILTV,2,WGQLTNYG,4520
1089,22723,CASRYQGLGQPQHF,ELAGIGILTV,2,RYQGLGQP,5306
1090,22724,CASSWSQLVHEQFF,ELAGIGILTV,2,SWSQLVHE,4761
1091,22725,CSAPDTGLGQPQHF,ELAGIGILTV,2,PDTGLGQP,102
1092,22726,CASRDGTLSYNEQFF,ELAGIGILTV,2,DGTLSYNE,4025
1093,22727,CASSQGQLSSYNEQFF,ELAGIGILTV,2,QGQLSSYN,2028
1094,22728,CASSIAAVSLANYGYTF,ELAGIGILTV,2,AAVSLANY,689
1095,22729,CASSPGQGSPLHF,ELAGIGILTV,2,SPGQGSPL,1127
1096,22730,CASSLLGGLEAFF,ELAGIGILTV,2,SLLGGLEA,527
1097,22731,CASSFRGQNTEAFF,ELAGIGILTV,2,SFRGQNTE,376
1098,22732,CASSQYEVQETQYF,ELAGIGILTV,2,SQYEVQET,4989
1099,22733,CASSHQGVGQPQHF,ELAGIGILTV,2,SHQGVGQP,4600
1100,22734,CASSGQGMGYTF,ELAGIGILTV,2,SSGQGMGY,1693
1101,22735,CASTLTGLGQPQHF,ELAGIGILTV,2,TLTGLGQP,50
1102,22736,CASIWAGLGQPQHF,ELAGIGILTV,2,IWAGLGQP,3268
1103,22737,CASSLQGMGQPQHF,ELAGIGILTV,2,SLQGMGQP,1998
1104,22738,CASSKPSGINEQFF,ELAGIGILTV,2,SKPSGINE,2712
1105,22739,CSARSRGGGIETQYF,ELAGIGILTV,2,SRGGGIET,4279
1106,22740,CASSVWADPNEAFF,ELAGIGILTV,2,SVWADPNE,4573
1107,22741,CASRLATLVGNEQFF,ELAGIGILTV,2,LATLVGNE,2671
1108,22742,CASRSGSLNTEAFF,ELAGIGILTV,2,RSGSLNTE,1922
1109,22743,CASSLTTPPSTDTQYF,ELAGIGILTV,2,LTTPPSTD,1869
1110,22744,CASRQQGLGSPLHF,ELAGIGILTV,2,RQQGLGSP,135
1111,22745,CASQSGFLSNSPLHF,ELAGIGILTV,2,SGFLSNSP,3405
1112,22746,CASSYGDLYTGELFF,ELAGIGILTV,2,YGDLYTGE,1846
1113,22747,CASSLAGLADNEQFF,ELAGIGILTV,2,LAGLADNE,423
1114,22748,CASSLAWALQDEQYF,ELAGIGILTV,2,LAWALQDE,367
1115,22749,CAWSVQGLGYGYTF,ELAGIGILTV,2,SVQGLGYG,4943
1116,22750,CASSATGADQPQHF,ELAGIGILTV,2,SATGADQP,2921
1117,22751,CASSDYSNQPQHF,ELAGIGILTV,2,SDYSNQPQ,659
1118,22752,CSARAGNQPQHF,ELAGIGILTV,2,ARAGNQPQ,2246
1119,22753,CSARAGAETQYF,ELAGIGILTV,2,ARAGAETQ,5460
1120,22754,CASTPPGSETQYF,ELAGIGILTV,2,TPPGSETQ,3836
1121,22755,CASSENQLMNTEAFF,ELAGIGILTV,2,ENQLMNTE,1285
1122,22756,CATSDQGGTEDEQFF,ELAGIGILTV,2,DQGGTEDE,4226
1123,22757,CAWSGGGGRVHEQYF,ELAGIGILTV,2,GGGGRVHE,3759
1124,22758,CAWSVPGLGQPQHF,ELAGIGILTV,2,SVPGLGQP,14
1125,22759,CASSLQGLGTEAFF,ELAGIGILTV,2,SLQGLGTE,996
1126,22760,CASSQQGLGTEAFF,ELAGIGILTV,2,SQQGLGTE,4736
1127,22761,CASSVQGLGQPQHF,ELAGIGILTV,2,SVQGLGQP,5025
1128,22762,CATSDSRQINTGELFF,ELAGIGILTV,2,DSRQINTG,1494
1129,22763,CASSEGMGQPQHF,ELAGIGILTV,2,SEGMGQPQ,3805
1130,22764,CASTYTSLAHNEQFF,ELAGIGILTV,2,YTSLAHNE,3763
1131,22765,CASSPGVLANEQYF,ELAGIGILTV,2,SPGVLANE,435
1132,22766,CATAPREDRVGNEAFF,ELAGIGILTV,2,PREDRVGN,5134
1133,22767,CAILGQGYGYTF,APRGPHGGAASGL,1,ILGQGYGY,4685
1134,22768,CASSQRQEGDTQYF,APRGPHGGAASGL,3,SQRQEGDT,2315
1135,22769,CASQTFSPGQTQF,APRGPHGGAASGL,1,QTFSPGQT,5444
1136,22770,CASSGGHTGSNEQFF,APRGPHGGAASGL,3,GGHTGSNE,3144
1137,22771,CASSYGGGPEAFF,ELAGIGILTV,2,SYGGGPEA,4225
1138,22772,CASSFAANYEQYF,ELAGIGILTV,2,SFAANYEQ,4932
1139,22773,CASSFTGLGQPQHF,ELAGIGILTV,2,SFTGLGQP,3736
1140,22774,CASSLLPSGETQYF,ELAGIGILTV,2,SLLPSGET,5301
1141,22775,CASSLGPSVYEQYF,ELAGIGILTV,2,SLGPSVYE,2230
1142,22776,CASSQGVLAGEQFF,ELAGIGILTV,2,SQGVLAGE,699
1143,22777,CASSYGHFGSYGYTF,EAAGIGILTV,2,YGHFGSYG,5540
1144,22778,CASSLSTGFQETQYF,EAAGIGILTV,2,LSTGFQET,1817
1145,22779,CASSITPLGGDGYTF,EAAGIGILTV,2,ITPLGGDG,3641
1146,22780,CASSYGAQGSYGYTF,EAAGIGILTV,2,YGAQGSYG,4366
1147,22781,CASSDDRGFDTGELFF,EAAGIGILTV,2,DDRGFDTG,5063
1148,22782,CASSSFLMTGLNEQFF,EAAGIGILTV,2,SFLMTGLN,1369
1149,22783,CASSGLGSGQPYEQYF,EAAGIGILTV,2,GLGSGQPY,4095
1150,22784,CASSQDELAASTDTQYF,EAAGIGILTV,2,DELAASTD,2207
1151,22785,CASSVGQSQPQHF,ELAGIGILTV,2,SVGQSQPQ,866
1152,22786,CASSSTGVGQPQHF,ELAGIGILTV,2,SSTGVGQP,529
1153,22787,CASSMTGLGQPQHF,ELAGIGILTV,2,SMTGLGQP,917
1154,22788,CSASVPGLGQPQHF,ELAGIGILTV,2,SVPGLGQP,14
1155,22789,CASSFQGLGQPQHF,ELAGIGILTV,2,SFQGLGQP,1041
1156,22790,CASSQQGLGQPQHF,ELAGIGILTV,2,SQQGLGQP,1363
1157,22791,CASSLQGLGQPQHF,EAAGIGILTV,2,SLQGLGQP,124
1158,22792,CASSIQGALGQPQHF,EAAGIGILTV,2,IQGALGQP,2392
1159,22793,CASSFTGTFSYEQYF,EAAGIGILTV,2,FTGTFSYE,3567
1160,22794,CASSLDAASVHYEQFF,EAAGIGILTV,2,LDAASVHY,1260
1161,22795,CASSFGEGLVYNEQFF,ELAGIGILTV,2,FGEGLVYN,4160
1162,22796,CASRDPGGGGYEKLFF,ELAGIGILTV,2,DPGGGGYE,5011
1163,22797,CASSQEALGGRVDTQYF,ELAGIGILTV,2,EALGGRVD,3899
1164,22798,CASPATGSNQPQHF,ELAGIGILTV,2,PATGSNQP,1713
1165,22799,CASSDSTASSEQFF,ELAGIGILTV,2,SDSTASSE,4513
1166,22800,CASSPSQGGNTEAFF,ELAGIGILTV,2,PSQGGNTE,4117
1167,22801,CASSFSSGSPHEQFF,ELAGIGILTV,2,FSSGSPHE,1338
1168,22802,CASSSSGTSGVYEQYF,ELAGIGILTV,2,SSGTSGVY,184
1169,22803,CASSSTSGAQGDTQYF,ELAGIGILTV,2,STSGAQGD,628
1170,22804,CASSFGGLGTEAFF,ELAGIGILTV,2,SFGGLGTE,4850
1171,22805,CASSLSSLIVDTQYF,ELAGIGILTV,2,LSSLIVDT,3045
1172,22806,CASSPGTLSDTQYF,ELAGIGILTV,2,SPGTLSDT,1537
1173,22807,CASSQDRGGAETQYF,ELAGIGILTV,2,QDRGGAET,1838
1174,22808,CRPGPLAGYGYTF,ELAGIGILTV,2,GPLAGYGY,5292
1175,22809,CSARDGLGELFF,ELAGIGILTV,2,ARDGLGEL,2524
1176,22810,CSARAGVGGDTQYF,ELAGIGILTV,2,RAGVGGDT,5582
1177,22811,CSARDGLGELFF,ELAGIGILTV,2,ARDGLGEL,2524
1178,22812,CSAPRAGVGQPQHF,ELAGIGILTV,2,PRAGVGQP,5321
1179,22813,CASSGQGVGNEQFF,ELAGIGILTV,2,SGQGVGNE,3947
1180,22814,CASSRSPDTQYF,ELAGIGILTV,2,SSRSPDTQ,150
1181,22815,CASRMIGYEQYF,ELAGIGILTV,2,SRMIGYEQ,3755
1182,22816,CASSDPTSPNEQFF,ELAGIGILTV,2,SDPTSPNE,3356
1183,22817,CASALPGPITGSEAFF,ELAGIGILTV,2,LPGPITGS,4149
1184,22818,CASSTRDRGYEQYF,ELAGIGILTV,2,STRDRGYE,2021
1185,22819,CASSQEGGAFVDTQYF,ELAGIGILTV,2,QEGGAFVD,3407
1186,22820,CASSLGAGIVETQYF,ELAGIGILTV,2,LGAGIVET,4862
1187,22821,CASSLLGGSTDTQYF,ELAGIGILTV,2,LLGGSTDT,5178
1188,22822,CASASAQLGNTIYF,ELAGIGILTV,2,ASAQLGNT,4012
1189,22823,CASSLLGPGQPQHF,ELAGIGILTV,2,SLLGPGQP,597
1190,22824,CASSRSPDTQYF,ELAGIGILTV,2,SSRSPDTQ,150
1191,22825,CASSPLSSVRLF,ELAGIGILTV,2,SSPLSSVR,2411
1192,22826,CASSERAGELFF,ELAGIGILTV,2,SSERAGEL,3406
1193,22827,CSARDREDEKLFF,ELAGIGILTV,2,RDREDEKL,3253
1194,22828,CASSFGGSQPQHF,ELAGIGILTV,2,SFGGSQPQ,5182
1195,22829,CASTLGQGQPQHF,ELAGIGILTV,2,TLGQGQPQ,1301
1196,22830,CASSYSTGDGVHF,ELAGIGILTV,2,SYSTGDGV,5249
1197,22831,CATSVSANTGELFF,ELAGIGILTV,2,SVSANTGE,3795
1198,22832,CASSQEAGGETQYF,ELAGIGILTV,2,SQEAGGET,2281
1199,22833,CASSLMASFETQYF,ELAGIGILTV,2,SLMASFET,2574
1200,22834,CASRGLAGAGEQYF,ELAGIGILTV,2,RGLAGAGE,2982
1201,22835,CASSYLGSGNEQFF,ELAGIGILTV,2,SYLGSGNE,593
1202,22836,CASSPGLAYYEQYF,ELAGIGILTV,2,SPGLAYYE,4924
1203,22837,CASTPGPRDSPLHF,ELAGIGILTV,2,TPGPRDSP,1826
1204,22838,CASSLLQGSDTQYF,ELAGIGILTV,2,SLLQGSDT,5135
1205,22839,CASSRGQGIDTQYF,ELAGIGILTV,2,SRGQGIDT,5640
1206,22840,CASSPEQGGQPQHF,ELAGIGILTV,2,SPEQGGQP,5228
1207,22841,CASSYDTLGTEAFF,ELAGIGILTV,2,SYDTLGTE,2488
1208,22842,CSASSGGAGVDTQYF,ELAGIGILTV,2,SGGAGVDT,1661
1209,22843,CASSVGGGNTGELFF,ELAGIGILTV,2,VGGGNTGE,1154
1210,22844,CASRLPGLSLNEQYF,ELAGIGILTV,2,LPGLSLNE,2328
1211,22845,CASSQESLAGNEQFF,ELAGIGILTV,2,QESLAGNE,1123
1212,22846,CASSQVGMTTGELFF,ELAGIGILTV,2,QVGMTTGE,4743
1213,22847,CASSLMTAVYNSPLHF,ELAGIGILTV,2,LMTAVYNS,5140
1214,22848,CSARDQLGLNTGELFF,ELAGIGILTV,2,DQLGLNTG,4703
1215,22849,CASSQIQGAVAGELFF,ELAGIGILTV,2,QIQGAVAG,839
1216,22850,CAISESQVGVANTEAFF,ELAGIGILTV,2,SQVGVANT,4075
1217,22851,CASSSAGGPHLRDEQFF,ELAGIGILTV,2,AGGPHLRD,4497
1218,22852,CASSPQRTSGRADEQFF,ELAGIGILTV,2,QRTSGRAD,4455
1219,22853,CASSLSGVTGVASYGYTF,ELAGIGILTV,2,SGVTGVAS,3670
1220,22854,CATSRAPGLAVTDTQTF,ELAGIGILTV,2,APGLAVTD,464
1221,22855,CASSFAALPGETEAFF,ELAGIGILTV,2,FAALPGET,1731
1222,22856,CASSQAHGLFSYEQYF,ELAGIGILTV,2,QAHGLFSY,3869
1223,22857,CASSLGRYNEQFF,YLEPGPVTA,2,SLGRYNEQ,2655
1224,22858,CASSLGSSYEQYF,YLEPGPVTA,2,SLGSSYEQ,2260
1225,22859,CASSFIGGTDTQYF,YLEPGPVTA,3,SFIGGTDT,1660
1226,22860,CASSIGGPYEQYF,YLEPGPVTA,2,SIGGPYEQ,3113
1227,22861,CASSLRGNEQFF,YLAMPFATPMEAELARRSLA,2,SSLRGNEQ,5635
1228,22862,CASSLVGTNIQYF,YLAMPFATPMEAELARRSLA,2,SLVGTNIQ,31
1229,22863,CASSYVGNTGELFF,SLLMWITQC,2,SYVGNTGE,1134
1230,22864,CASSLSFGTEAFF,AAGIGILTV,2,SLSFGTEA,1761
1231,22865,CAISEVGVGQPQHF,AAGIGILTV,2,SEVGVGQP,4009
1232,22866,CASRPGLAGGRPEQYF,LLFGYPVYV,2,PGLAGGRP,2857
1233,22867,CASSYPGGGFYEQYF,LLFGYPVYV,2,YPGGGFYE,5271
1234,22868,CASSYVGNTGELFF,SLLMWITQC,2,SYVGNTGE,1134
1235,22869,CASSLSFGTEAFF,AAGIGILTV,2,SLSFGTEA,1761
1236,22870,CASSFNMATGQYF,EVDPIGHLY,2,SFNMATGQ,3423
1237,23035,CASSSQGGYGYTF,KVDPIGHVY,2,SSQGGYGY,1247
1238,23036,CASSFDRGYGYTF,KVDPIGHVY,2,SFDRGYGY,1487
1239,23037,CASSLSGGLLRTGELFF,FVVPYMIYLL,2,SGGLLRTG,4120
1240,23038,CASSGRVTGGFYNEQFF,VQIISCQY,2,RVTGGFYN,4483
1241,23039,CASSFGGAYEQYF,VQIISCQY,2,SFGGAYEQ,1358
1242,23040,CASSLILDSPLHF,MTLHGFMMY,1,SLILDSPL,1270
1243,23041,CASSVTFRTGPMYGYTF,MTLHGFMMY,1,TFRTGPMY,2503
1244,23042,CASSLDLDSDGYTF,MTLHGFMMY,1,SLDLDSDG,573
1245,23043,CASSESENSYGYTF,MTLHGFMMY,1,SESENSYG,2243
1246,23044,CASSPTLYNEQFF,VYALIAGATL,2,SPTLYNEQ,822
1247,23045,CASSLSYLNEQFF,VYALIAGATL,2,SLSYLNEQ,4441
1248,23046,CASHPVGSLTDTQYF,VYALIAGATL,2,PVGSLTDT,4941
1249,23047,CASSEWVFWSSYNSPLHF,VYALIAGATL,2,WVFWSSYN,387
1250,23048,CASSLGPVYEQYF,TLWCSPIKV,2,SLGPVYEQ,2161
1251,23049,CASSEGHFSGNTIYF,TLWCSPIKV,2,EGHFSGNT,3370
1252,23050,CASGGAIDTDTQYF,TLWCSPIKV,2,GGAIDTDT,3589
1253,23051,CASSSGLAGEQFF,TLWCSPIKV,2,SSGLAGEQ,3635
1254,23052,CASSFFGSNQPQHF,TLWCSPIKV,2,SFFGSNQP,5515
1255,23053,CASSFSNDYEQYF,TLWCSPIKV,2,SFSNDYEQ,5051
1256,23054,CASGSSGQGEYGELFF,TLWCSPIKV,2,SSGQGEYG,4763
1257,23055,CASSEDLLRDTHQPQHF,TLWCSPIKV,2,DLLRDTHQ,5392
1258,23056,CASSLIQVGYEQYF,TLWCSPIKV,2,SLIQVGYE,327
1259,23057,CASSESRSGNQPQHF,FMPDFDLHL,2,ESRSGNQP,3110
1260,23058,CASSLYRGTGELFF,FMPDFDLHL,2,SLYRGTGE,2885
1261,23059,CASSHQAGALYNEQFF,EVLPFFLFF,2,HQAGALYN,1712
1262,23060,CASSLNSGHTQYF,QTNPVTLQY,2,SLNSGHTQ,3610
1263,23061,CATGTGGNDYEQYF,TLYSLTLLY,2,GTGGNDYE,5116
1264,23062,CASSNRGYDEQYF,TEDEHFEFY,2,SNRGYDEQ,346
1265,23063,CSVEDRRGPFYGYTF,TEDEHFEFY,2,DRRGPFYG,3208
1266,23064,CASSQYAVRVGDTEAFF,FLIYLDVSV,2,YAVRVGDT,2590
1267,23065,CASSPPGRYYEQYF,FLIYLDVSV,2,SPPGRYYE,3477
1268,23066,CATSEGPGQGISGANVLTF,FLIYLDVSV,2,PGQGISGA,1762
1269,23067,CASSFGGGLQETQYF,CISSCNPNL,2,FGGGLQET,1498
1270,23068,CASSSTRGWADTQYF,KLTESLHKV,2,STRGWADT,762
1271,23069,CASSGQGSSYNSPLHF,EEAAGIGILTVI,2,GQGSSYNS,4624
1272,23070,CASSLGNPSTDTQYF,EEAAGIGILTVI,2,LGNPSTDT,2518
1273,23071,CASPILRQPQHF,EEAAGIGILTVI,2,SPILRQPQ,244
1274,23072,CASSQSGTLYGYTF,EEAAGIGILTVI,2,SQSGTLYG,3651
1275,23073,CASPILRQPQHF,EEAAGIGILTVI,2,SPILRQPQ,244
1276,23074,CASSPGQGNPEAFF,LLEFYLAMPFATP,2,SPGQGNPE,3102
1277,23075,CASSPGGGAYEQYF,LLEFYLAMPFATP,2,SPGGGAYE,4613
1278,23076,CASSVVPTGNTEAFF,LLEFYLAMPFATP,2,VVPTGNTE,2963
1279,23085,CASSLGTGGTGELFF,DFHFEVFNFVPCSI,2,LGTGGTGE,5015
1280,23086,CSVQGGLDSNYGYTF,DFHFEVFNFVPCSI,2,GGLDSNYG,1612
1281,23087,CASSLGTGGTGELFF,DFHFEVFNFVPCSI,2,LGTGGTGE,5015
1282,23088,CASSLNTGAGYGYTF,DFHFEVFNFVPCSI,2,LNTGAGYG,1057
1283,23089,CASSLGTGGTGELFF,DFHFEVFNFVPCSI,2,LGTGGTGE,5015
1284,23090,CASSLPSGGAPGTGELFF,DFHFEVFNFVPCSI,2,PSGGAPGT,2268
1285,23091,CSVQGGLDSNYGYTF,DFHFEVFNFVPCSI,2,GGLDSNYG,1612
1286,23092,CASSIATTNTGELFF,FNNFTVSFWLRVPKVSASHLE,2,IATTNTGE,2165
1287,23093,CASSLETGTNYEQYF,FNNFTVSFWLRVPKVSASHLE,2,LETGTNYE,591
1288,23094,CASSLDIGNNEQFF,FNNFTVSFWLRVPKVSASHLE,2,SLDIGNNE,2255
1289,23095,CASSIATTNTGELFF,FNNFTVSFWLRVPKVSASHLE,2,IATTNTGE,2165
1290,23096,CASSVAGGGQETQYF,VVVGAVGVGK,2,VAGGGQET,3461
1291,23097,CASSLSFRQGLREQYF,VVVGAVGVGK,2,LSFRQGLR,2283
1292,23098,CASKVYGYTF,GARGVGKSAL,2,ASKVYGYT,2018
1293,23099,CSVESGQDYGYTF,MTEYKLVVVGAVGVGKSALTIQLI,2,ESGQDYGY,723
1294,23100,CSASRGATGQPQHF,MTEYKLVVVGAVGVGKSALTIQLI,2,SRGATGQP,2638
1295,23101,CASSLAAGGYFNEQFF,VVVGADGVGK,2,LAAGGYFN,3364
1296,23102,CASSQDVTSEWVDTIYF,AVGVGKSAL,2,DVTSEWVD,3148
1297,23103,CASSQEDNEQFF,AVGVGKSAL,2,SSQEDNEQ,1043
1298,23104,CASRLGNTGELFF,MTEYKLVVVGAGDVGKSALTIQLI,2,RLGNTGEL,5238
1299,23105,CASRQGNTGELFF,MTEYKLVVVGAGDVGKSALTIQLI,2,RQGNTGEL,2082
1300,23106,CASSLTSGGFDEQFF,VVGAVGVGK,2,LTSGGFDE,1296
1301,23107,CSAREGAGGMGTQYF,MTEYKLVVVGAVGVGKSALTIQLI,2,EGAGGMGT,2425
1302,23108,CSASNRLAVNEQFF,MTEYKLVVVGARGVGKSALTIQLI,2,SNRLAVNE,5483
1303,23109,CASSNQLVTGGYGYTF,MTEYKLVVVGARGVGKSALTIQLI,2,NQLVTGGY,4481
1304,23110,CASSPTLYNEQFF,GVYALIAGA,2,SPTLYNEQ,822
1305,23111,CASSLSYLNEQFF,GVYALIAGA,2,SLSYLNEQ,4441
1306,23112,CASHPVGSLTDTQYF,GVYALIAGA,2,PVGSLTDT,4941
1307,23113,CASHPVGSLTDTQYF,GVYALIAGA,2,PVGSLTDT,4941
1308,23114,CASSEWVFWSSYNSPLHF,GVYALIAGA,2,WVFWSSYN,387
1309,23129,CASSEEPHEKYFF,FIASNGVKLV,2,SEEPHEKY,510
1310,23130,CSSFGTDQPQYF,FIASNGVKLV,2,SFGTDQPQ,5362
1311,23131,CASSALGDEQYF,FIASNGVKLV,2,SSALGDEQ,4933
1312,23132,CASSQVEKGRETQYF,FLDEFMEGV,2,QVEKGRET,1883
1313,23133,CASSLAGGGEQFF,FLDEFMEGV,2,SLAGGGEQ,2761
1314,23134,CASSTRPGTEAFF,LLEFYLAMPFATP,2,STRPGTEA,3091
1315,23135,CSARDRIAVYNEQFF,LLEFYLAMPFATP,2,DRIAVYNE,2104
1316,23136,CASTLALGGGANEQFF,LLEFYLAMPFATP,2,LALGGGAN,5670
1317,23137,CAISRDTRRGQPQHF,LLEFYLAMPFATP,2,RDTRRGQP,3021
1318,23138,CASSPARDGGGNEQFF,LLEFYLAMPFATP,2,PARDGGGN,5066
1319,23139,CASSVGPDGSNQPQHF,LLEFYLAMPFATP,2,VGPDGSNQ,2838
1320,23140,CASSTTGKRGEQYF,LLEFYLAMPFATP,2,STTGKRGE,4466
1321,23141,CASSLSSGNYYGYTF,LLEFYLAMPFATP,2,LSSGNYYG,3063
1322,23142,CAWGPRGPNYSGNTIYF,LLEFYLAMPFATP,2,RGPNYSGN,1027
1323,23143,CASSQSTVRYGYTF,LLEFYLAMPFATP,2,SQSTVRYG,4826
1324,23144,CASSVGPSGGASELFF,LLEFYLAMPFATP,2,VGPSGGAS,3235
1325,23145,CASSVGPNGSNQPQHF,LLEFYLAMPFATP,2,VGPNGSNQ,1240
1326,23146,CASSLGRRGGPYNEQFF,LLEFYLAMPFATP,2,GRRGGPYN,562
1327,23147,CASSVAPSGVGTQYF,LLEFYLAMPFATP,2,VAPSGVGT,4702
1328,23148,CASSPNRVYGYTF,LLEFYLAMPFATP,2,SPNRVYGY,5075
1329,23149,CASRLRWGAAAGELFF,LLEFYLAMPFATP,2,LRWGAAAG,3289
1330,23185,CSVEKGNNYGYTF,RLPGVLPRA,2,EKGNNYGY,5652
1331,23186,CASSLSQGIYYEQYF,RLPGVLPRA,2,LSQGIYYE,1900
1332,23187,CASEGVHEQFF,LLIRWQHFL,2,SEGVHEQF,4233
1333,23188,CASSPVGWGNTIYF,AALPILFQV,2,SPVGWGNT,3787
1334,23189,CASSTMGDYYEQYF,ALLLQLFTL,2,STMGDYYE,4151
1335,23190,CASSLWAGNTIYF,ALLPGLPAA,2,SLWAGNTI,76
1336,23191,CAINSGFGSPLHF,ALLPGLPAA,2,NSGFGSPL,3929
1337,23192,CSASQIYEQYF,ALLPGLPAA,2,ASQIYEQY,5109
1338,23193,CASSFSLQYEQYF,ALLPGLPAA,2,SFSLQYEQ,5519
1339,23194,CASSLFGLAGVEETQYF,RLPGVLPRA,2,FGLAGVEE,2782
1340,23195,CASSQAISDREVWDQETQYF,RLPGVLPRA,2,ISDREVWD,5316
1341,23196,CASSLTPPGSYNEQFF,RLPGVLPRA,2,LTPPGSYN,5689
1342,23197,CASSFGGDGYNEQFF,RLPGVLPRA,2,FGGDGYNE,1871
1343,23198,CASSLRDRGNQPQHF,RLPGVLPRA,2,LRDRGNQP,5365
1344,23199,CSVEDLGAGVSNEQFF,RLPGVLPRA,2,DLGAGVSN,3209
1345,23200,CASSYEDHEQYF,RLPGVLPRA,2,SSYEDHEQ,5478
1346,23201,CASSYSPGYEQYF,RLPGVLPRA,2,SYSPGYEQ,2791
1347,23202,CASSLEVGLAPNEQFF,RLPGVLPRA,2,LEVGLAPN,3034
1348,23203,CASSLAGGSYEQYF,RLPGVLPRA,2,SLAGGSYE,3234
1349,23204,CASSLITGDTEAFF,RLPGVLPRA,2,SLITGDTE,3192
1350,23205,CASSPRDEQFF,RLGEVRHPV,2,SSPRDEQF,3504
1351,23211,CASSVAGGGQETQYF,VVVGAVGVGK,2,VAGGGQET,3461
1352,23212,CASSLSFRQGLREQYF,VVVGAVGVGK,2,LSFRQGLR,2283
1353,23213,CASKVYGYTF,GARGVGKSAL,2,ASKVYGYT,2018
1354,23214,CASSPQTGTGTYGYTF,NLVPMVATV,2,PQTGTGTY,1802
1355,23215,CASSAQTGAAYGYTF,NLVPMVATV,2,AQTGAAYG,3399
1356,23216,CASSAQTGAAYGYTF,NLVPMVATV,2,AQTGAAYG,3399
1357,23217,CASSAQTGAAYGYTF,NLVPMVATV,2,AQTGAAYG,3399
1358,23218,CASSPQTGTGTYGYTF,NLVPMVATV,2,PQTGTGTY,1802
1359,23219,CASSPQTGTGTYGYTF,NLVPMVATV,2,PQTGTGTY,1802
1360,23220,CASSSVNEQYF,NLVPMVATV,2,SSSVNEQY,1023
1361,23221,CASSLEVTGELFF,NLVPMVATV,2,SLEVTGEL,4406
1362,23222,CASSLGGGGVTEAFF,NLVPMVATV,2,LGGGGVTE,2245
1363,23223,CATTYGRMNTEAFF,NLVPMVATV,2,TYGRMNTE,2585
1364,23224,CASSLGGGGVTEAFF,NLVPMVATV,2,LGGGGVTE,2245
1365,23225,CATTYGRMNTEAFF,NLVPMVATV,2,TYGRMNTE,2585
1366,23226,CASSLLATGGNGYTF,NLVPMVATV,2,LLATGGNG,2356
1367,23227,CASSPQTGTGTYGYTF,NLVPMVATV,2,PQTGTGTY,1802
1368,23228,CASSRQTGSIYGYTF,NLVPMVATV,2,RQTGSIYG,2953
1369,23229,CASSSVTEAFF,NLVPMVATV,2,SSSVTEAF,438
1370,23230,CASSSVTEAFF,NLVPMVATV,2,SSSVTEAF,438
1371,23231,CASSLVSGATYNEQFF,NLVPMVATV,2,LVSGATYN,3583
1372,23232,CASSLVGGRYGYTF,NLVPMVATV,2,SLVGGRYG,3925
1373,23233,CASSLMFTGVPQDTQYF,NLVPMVATV,2,MFTGVPQD,5453
1374,23234,CASSPTTGTAYGYTF,NLVPMVATV,2,PTTGTAYG,3332
1375,23235,CSVGHGGTNEKLFF,GLCTLVAML,2,GHGGTNEK,3879
1376,23236,CASSQSPGGTQFF,GLCTLVAML,2,SQSPGGTQ,163
1377,23237,CASSQSPGGTQFF,GLCTLVAML,2,SQSPGGTQ,163
1378,23238,CSVGQGGTNEKLFF,GLCTLVAML,2,GQGGTNEK,2439
1379,23239,CSARDGTGNGYTF,GLCTLVAML,2,RDGTGNGY,3396
1380,23240,CSARDGTGNGYTF,GLCTLVAML,2,RDGTGNGY,3396
1381,23241,CASSQSPGGTQYF,GLCTLVAML,2,SQSPGGTQ,163
1382,23242,CSARDGTGNGYTF,GLCTLVAML,2,RDGTGNGY,3396
1383,23243,CAISEDITVAPEQYF,GLCTLVAML,2,EDITVAPE,5447
1384,23244,CASGPYEGNQPQHF,GLCTLVAML,2,GPYEGNQP,5653
1385,23245,CASSLTGTFRGYTF,GLCTLVAML,2,SLTGTFRG,5022
1386,23246,CASSLGEGFSNQPQHF,TIHDIILECV,2,LGEGFSNQ,685
1387,23247,CASSEGTDYGYTF,MHQKRTAMFQDPQER,2,SEGTDYGY,3083
1388,23248,CASSWERAGKAFF,VVVGAVGVGKSALTIQLIQN,2,SWERAGKA,30
1389,23249,CASSQVGRGRGAFF,SVCAGILSYGV,2,SQVGRGRG,919
1390,23250,CASSVVDADTQYF,SVCAGILSYGV,2,SVVDADTQ,5458
1391,23251,CASSVVDADTQYF,SVCAGILSYGV,2,SVVDADTQ,5458
1392,23261,CASSLAPGATNEKLFF,NLVPMVATV,1,LAPGATNE,2010
1393,23305,CSVGTGGTNEKLFF,GLCTLVAML,2,GTGGTNEK,3711
1394,23306,CSARDRVGNTIYF,GLCTLVAML,2,RDRVGNTI,1063
1395,23307,CSARDGTGNGYTF,GLCTLVAML,2,RDGTGNGY,3396
1396,23308,CSARDRTGNGYTF,GLCTLVAML,2,RDRTGNGY,666
1397,23310,CASSQSPGGTQYF,GLCTLVAML,2,SQSPGGTQ,163
1398,23313,CSVGSGGTNEKLFF,GLCTLVAML,2,GSGGTNEK,745
1399,23385,CASSLVLAGGRKQFF,DPFRLLQNSQVFS,1,LVLAGGRK,651
1400,23386,CASSSRTTSNQPQHF,DPFRLLQNSQVFS,1,SRTTSNQP,2731
1401,23387,CASSLRFGGSHEQYF,DPFRLLQNSQVFS,1,LRFGGSHE,2045
1402,23388,CASSLAMGGGTEAFF,DPFRLLQNSQVFS,1,LAMGGGTE,4170
1403,23428,CASSLGSGVSNYGYTF,GLIYNRMGAVTTEV,1,LGSGVSNY,5621
1404,23429,CASSLDWGGYTF,GLIYNRMGAVTTEV,1,SSLDWGGY,330
1405,23430,CASCQGRGGTDTQYF,GLIYNRMGAVTTEV,1,QGRGGTDT,4894
1406,23446,CASSREGPPDTEAFF,PKYVKQNTLKLAT,1,REGPPDTE,4656
1407,23447,CASSYSGGVGETQYF,PKYVKQNTLKLAT,1,YSGGVGET,2529
1408,23448,CASTPGTGDVQPQHF,PKYVKQNTLKLAT,1,PGTGDVQP,4056
1409,23465,CASSLGAGDYNEQFF,QARQMVQAMRTIGTHP,1,LGAGDYNE,682
1410,23466,CASSSRDSYSTQYF,QARQMVQAMRTIGTHP,1,SSRDSYST,100
1411,23467,CASSLIGYEQYF,QARQMVQAMRTIGTHP,1,SSLIGYEQ,32
1412,23468,CASSLGTLGNTIYF,QARQMVQAMRTIGTHP,1,SLGTLGNT,2128
1413,23469,CSARDYVMDTQYF,QARQMVQAMRTIGTHP,1,RDYVMDTQ,5032
1414,23470,CASSIGTVGFRAFF,QARQMVQAMRTIGTHP,1,SIGTVGFR,828
1415,23471,CSARDLQGAYNSPLHF,QARQMVQAMRTIGTHP,1,DLQGAYNS,758
1416,23473,CSARDLQGSYNSPLHF,QARQMVQAMRTIGTHP,1,DLQGSYNS,700
1417,23493,CASSLEGARGPNQPQHF,SGPLKAEIAQRLED,1,EGARGPNQ,440
1418,23494,CASTSPDRGNEKLFF,SGPLKAEIAQRLED,1,SPDRGNEK,1298
1419,23495,CASSQASSGGKETQYF,SGPLKAEIAQRLED,1,QASSGGKE,744
1420,23496,CASSGAGDRGPNQPQHF,SGPLKAEIAQRLED,1,AGDRGPNQ,455
1421,23507,CASSSPSGGAPYNEQFF,SGPLKAEIAQRLED,1,PSGGAPYN,3066
1422,23513,CASSYSRGLAGDTQYF,DPFRLLQNSQVFS,1,YSRGLAGD,4709
1423,23514,CASSLIIAGVRELFF,DPFRLLQNSQVFS,1,LIIAGVRE,1909
1424,23515,CASSSRTGGTDTQYF,DPFRLLQNSQVFS,1,SRTGGTDT,478
1425,23516,CASSLRIAGGPDTQYF,DPFRLLQNSQVFS,1,LRIAGGPD,4360
1426,23537,CASSSGSGKNTEAFF,GLIYNRMGAVTTEV,1,SGSGKNTE,4265
1427,23538,CASSLDAGSVREQFF,GLIYNRMGAVTTEV,1,LDAGSVRE,4959
1428,23539,CASSWDWSGYTF,GLIYNRMGAVTTEV,1,SSWDWSGY,1732
1429,23540,CASSLSGTGSQETQYF,GLIYNRMGAVTTEV,1,LSGTGSQE,3791
1430,23541,CASSLDWGREAFF,GLIYNRMGAVTTEV,1,SLDWGREA,3932
1431,23542,CASTTVGNNSPLHF,GLIYNRMGAVTTEV,1,TTVGNNSP,535
1432,23564,CASSLRPTNEQFF,GMFNMLSTVLGVS,1,SLRPTNEQ,1479
1433,23565,CSARRGGDTQYF,GMFNMLSTVLGVS,1,ARRGGDTQ,5560
1434,23566,CAWKSRLAGNTGELFF,GMFNMLSTVLGVS,1,SRLAGNTG,670
1435,23567,CASISWDRGQYYGYTF,GMFNMLSTVLGVS,1,SWDRGQYY,1058
1436,23569,CSARRGGDTQYF,GMFNMLSTVLGVS,1,ARRGGDTQ,5560
1437,23570,CASSYPTGQGNYGYTF,PKYVKQNTLKLAT,1,YPTGQGNY,4404
1438,23571,CASSLSQGSRTF,PKYVKQNTLKLAT,1,SSLSQGSR,768
1439,23572,CASSPLQGTGSGANVLTF,PKYVKQNTLKLAT,1,LQGTGSGA,5
1440,23601,CASSLGQASNQPQHF,QARQMVQAMRTIGTHP,1,LGQASNQP,5696
1441,23602,CASSFGSYGEQYF,QARQMVQAMRTIGTHP,1,SFGSYGEQ,2796
1442,23603,CSARNLGASFDEQFF,QARQMVQAMRTIGTHP,1,NLGASFDE,4401
1443,23604,CSARGLQGDYNSPLHF,QARQMVQAMRTIGTHP,1,GLQGDYNS,117
1444,23605,CASSQDTYTEAFF,QARQMVQAMRTIGTHP,1,SQDTYTEA,1645
1445,23606,CSARDLGGNYNSPLHF,QARQMVQAMRTIGTHP,1,DLGGNYNS,2682
1446,23610,CSARDLQGSYNSPLHF,QARQMVQAMRTIGTHP,1,DLQGSYNS,700
1447,23614,CSARDLQGAYNSPLHF,QARQMVQAMRTIGTHP,1,DLQGAYNS,758
1448,23641,CASSLSTGIQPQHF,SGPLKAEIAQRLED,1,SLSTGIQP,5529
1449,23642,CASSSTGYGYTF,SGPLKAEIAQRLED,1,SSSTGYGY,883
1450,23643,CASSLDRRGSATNEQFF,SGPLKAEIAQRLED,1,DRRGSATN,2412
1451,23644,CSVDRQDRGFYGYTF,SGPLKAEIAQRLED,1,RQDRGFYG,2910
1452,23645,CATSDPQGGSTEAFF,SGPLKAEIAQRLED,1,DPQGGSTE,1354
1453,23646,CASSQILLDSPLHF,SGPLKAEIAQRLED,1,SQILLDSP,5279
1454,23651,CASRPRYGGAPGELFF,DPFRLLQNSQVFS,1,PRYGGAPG,515
1455,23664,CASSGQGAGYGYTF,GLIYNRMGAVTTEV,1,SGQGAGYG,165
1456,23665,CASSLLGGSTNTGELFF,GLIYNRMGAVTTEV,1,LGGSTNTG,635
1457,23666,CASSPDWGGEQFF,GLIYNRMGAVTTEV,1,SPDWGGEQ,4857
1458,23667,CSATTGNPGQPQHF,GLIYNRMGAVTTEV,1,TTGNPGQP,4877
1459,23668,CASRREYSTDTQYF,GLIYNRMGAVTTEV,1,RREYSTDT,2143
1460,23698,CASSLEGSPSQNTEAFF,GMFNMLSTVLGVS,1,EGSPSQNT,2697
1461,23699,CSARVGGDTQYF,GMFNMLSTVLGVS,1,ARVGGDTQ,2079
1462,23700,CASSARPGNTIYF,GMFNMLSTVLGVS,1,SARPGNTI,5193
1463,23701,CARKTGHNEKLFF,GMFNMLSTVLGVS,1,KTGHNEKL,507
1464,23702,CASSVRQDNEQFF,GMFNMLSTVLGVS,1,SVRQDNEQ,5456
1465,23703,CSARVGGDTQYF,GMFNMLSTVLGVS,1,ARVGGDTQ,2079
1466,23704,CSARVGGDTQYF,GMFNMLSTVLGVS,1,ARVGGDTQ,2079
1467,23714,CASSYEGTEAFF,PKYVKQNTLKLAT,1,SSYEGTEA,2002
1468,23715,CASSESGTGDYEQYF,PKYVKQNTLKLAT,1,ESGTGDYE,1225
1469,23716,CASSLGQGEQYF,PKYVKQNTLKLAT,1,SSLGQGEQ,636
1470,23717,CASSWDRGDGDTQYF,PKYVKQNTLKLAT,1,WDRGDGDT,3028
1471,23718,CASSPTQGHSGNTIYF,PKYVKQNTLKLAT,1,PTQGHSGN,2408
1472,23719,CASNGGGAVDTQYF,PKYVKQNTLKLAT,1,NGGGAVDT,3741
1473,23724,CSARGLQGDYNSPLHF,QARQMVQAMRTIGTHP,1,GLQGDYNS,117
1474,23725,CASSQDLPGSNQPQHF,QARQMVQAMRTIGTHP,1,QDLPGSNQ,5604
1475,23726,CSARDLQGSYNSPLHF,QARQMVQAMRTIGTHP,1,DLQGSYNS,700
1476,23727,CASSRTSADTQYF,QARQMVQAMRTIGTHP,1,SRTSADTQ,1394
1477,23750,CASSSPSGGAPYNEQFF,SGPLKAEIAQRLED,1,PSGGAPYN,3066
1478,23751,CATSALNEQFF,SGPLKAEIAQRLED,1,TSALNEQF,1282
1479,23752,CASSALSRGSYGYTF,SGPLKAEIAQRLED,1,ALSRGSYG,5127
1480,23774,CASSFGTSGNNEQFF,GLIYNRMGAVTTEV,1,FGTSGNNE,2515
1481,23775,CASSEAGASGYTF,GLIYNRMGAVTTEV,1,SEAGASGY,3823
1482,23776,CASSRDSSFNQPQHF,GLIYNRMGAVTTEV,1,RDSSFNQP,5122
1483,23778,CASSPGGQLKNIQYF,PKYVKQNTLKLAT,1,PGGQLKNI,3699
1484,23779,CASSLGLAGNTDTQYF,PKYVKQNTLKLAT,1,LGLAGNTD,3013
1485,23780,CASSVTPQGTEAFF,PKYVKQNTLKLAT,1,SVTPQGTE,4566
1486,23788,CASSSVLSGANVLTF,DPFRLLQNSQVFS,1,SVLSGANV,5454
1487,23814,CASSLDGAGRADTQYF,GLIYNRMGAVTTEV,1,LDGAGRAD,5607
1488,23815,CASSQDLGTGYSPLHF,GLIYNRMGAVTTEV,1,QDLGTGYS,4681
1489,23816,CASNWGPLDYGYTF,GLIYNRMGAVTTEV,1,NWGPLDYG,679
1490,23817,CASSKSGPVSPEAFF,GLIYNRMGAVTTEV,1,KSGPVSPE,4221
1491,23818,CASSFNRGGTEAFF,GLIYNRMGAVTTEV,1,SFNRGGTE,1961
1492,23819,CASSLASPNVLTF,GLIYNRMGAVTTEV,1,SLASPNVL,3120
1493,23852,CASSSGQGVFYNEQFF,GMFNMLSTVLGVS,1,SGQGVFYN,4581
1494,23853,CASSVASGVTGELFF,GMFNMLSTVLGVS,1,VASGVTGE,1324
1495,23854,CASSVVGAGTDTQYF,GMFNMLSTVLGVS,1,VVGAGTDT,4693
1496,23855,CASSYAGLGSGANVLTF,GMFNMLSTVLGVS,1,AGLGSGAN,3471
1497,23856,CSARRGGDTQYF,GMFNMLSTVLGVS,1,ARRGGDTQ,5560
1498,23861,CASSVAGTGDYEQYF,PKYVKQNTLKLAT,1,VAGTGDYE,4589
1499,23862,CASSLSGQGALQPQHF,PKYVKQNTLKLAT,1,LSGQGALQ,3022
1500,23863,CASSPGQNEQFF,PKYVKQNTLKLAT,1,SSPGQNEQ,1582
1501,23864,CATSGWGQGGTGELFF,PKYVKQNTLKLAT,1,GWGQGGTG,5120
1502,23895,CASSLEAGGQETQYF,QARQMVQAMRTIGTHP,1,LEAGGQET,3018
1503,23896,CASSLGSYNEQFF,QARQMVQAMRTIGTHP,1,SLGSYNEQ,1336
1504,23897,CASSLGGVGEKLFF,QARQMVQAMRTIGTHP,1,SLGGVGEK,1965
1505,23898,CASSSGSGGASNEQFF,QARQMVQAMRTIGTHP,1,SGSGGASN,3088
1506,23899,CASSFGSYNEQFF,QARQMVQAMRTIGTHP,1,SFGSYNEQ,3944
1507,23914,CASSLGSYNEQFF,QARQMVQAMRTIGTHP,1,SLGSYNEQ,1336
1508,23933,CASSFPSGGVFSQYF,SGPLKAEIAQRLED,1,FPSGGVFS,3448
1509,23934,CASSERDRGSYGYTF,SGPLKAEIAQRLED,1,ERDRGSYG,2195
1510,23935,CASSFLSGGSKETQYF,SGPLKAEIAQRLED,1,FLSGGSKE,5169
1511,23936,CATAGLNEQFF,SGPLKAEIAQRLED,1,TAGLNEQF,2054
1512,23937,CASTRGGQGGTEAFF,SGPLKAEIAQRLED,1,RGGQGGTE,3062
1513,23938,CASSARSTEAFF,SGPLKAEIAQRLED,1,SSARSTEA,4631
1514,23939,CASSLAGDRGPNQPQHF,SGPLKAEIAQRLED,1,AGDRGPNQ,455
1515,23944,CASSIRSSYEQYF,GILGFVFTL,1,SIRSSYEQ,2985
1516,23945,CASSIGSYGYTF,GILGFVFTL,1,SSIGSYGY,94
1517,23946,CASSIRSSYEQYF,GILGFVFTL,1,SIRSSYEQ,2985
1518,23950,CASSIRSSYEQYF,GILGFVFTL,1,SIRSSYEQ,2985
1519,23951,CASSIRSSYEQYF,GILGFVFTL,1,SIRSSYEQ,2985
1520,23952,CASSIRSSYEQYF,GILGFVFTL,1,SIRSSYEQ,2985
1521,23954,CSARPWDRASATGANVLTF,GILGFVFTL,1,DRASATGA,3377
1522,23955,CASSIRSSYEQYF,GILGFVFTL,1,SIRSSYEQ,2985
1523,23956,CASSIRSSYEQYF,GILGFVFTL,1,SIRSSYEQ,2985
1524,23958,CASSIRSSYEQYF,GILGFVFTL,1,SIRSSYEQ,2985
1525,23959,CASSIRSSYEQYF,GILGFVFTL,1,SIRSSYEQ,2985
1526,23961,CASSIGSYGYTF,GILGFVFTL,1,SSIGSYGY,94
1527,23963,CASSIRSSYEQYF,GILGFVFTL,1,SIRSSYEQ,2985
1528,23967,CASSIRSSYEQYF,GILGFVFTL,1,SIRSSYEQ,2985
1529,23968,CASSIRSSYEQYF,GILGFVFTL,1,SIRSSYEQ,2985
1530,23969,CASSIRSSYEQYF,GILGFVFTL,1,SIRSSYEQ,2985
1531,23970,CASSIRSSYEQYF,GILGFVFTL,1,SIRSSYEQ,2985
1532,23972,CASSIRSSYEQYF,GILGFVFTL,1,SIRSSYEQ,2985
1533,23974,CSARPWDRASATGANVLTF,GILGFVFTL,1,DRASATGA,3377
1534,23985,CASSIRSSYEQYF,GILGFVFTL,1,SIRSSYEQ,2985
1535,23992,CASSIRSSYEQYF,GILGFVFTL,1,SIRSSYEQ,2985
1536,23995,CASSIRSSYEQYF,GILGFVFTL,1,SIRSSYEQ,2985
1537,24001,CASSTRSSYEQYF,GILGFVFTL,1,STRSSYEQ,5131
1538,24003,CASSIRSTGELFF,GILGFVFTL,1,SIRSTGEL,862
1539,24011,CASSIRSSYEQYF,GILGFVFTL,1,SIRSSYEQ,2985
1540,24016,CASSLRSTGELFF,GILGFVFTL,1,SLRSTGEL,3538
1541,24023,CASSIRSSYEQYF,GILGFVFTL,1,SIRSSYEQ,2985
1542,24025,CASSTRSSYEQYF,GILGFVFTL,1,STRSSYEQ,5131
1543,24028,CASSPSGVYEQFF,GILGFVFTL,1,SPSGVYEQ,5297
1544,24032,CASSPSGVYEQFF,GILGFVFTL,1,SPSGVYEQ,5297
1545,24056,CASSVRSTGELFF,GILGFVFTL,1,SVRSTGEL,1707
1546,24057,CASSQRSTDTQYF,GILGFVFTL,1,SQRSTDTQ,4601
1547,24059,CASSIRSSYEQYF,GILGFVFTL,1,SIRSSYEQ,2985
1548,24060,CASSQRSTDTQYF,GILGFVFTL,1,SQRSTDTQ,4601
1549,24061,CASSVRSTGELFF,GILGFVFTL,1,SVRSTGEL,1707
1550,24063,CASSLRSTGELFF,GILGFVFTL,1,SLRSTGEL,3538
1551,24064,CASSTRSSYEQYF,GILGFVFTL,1,STRSSYEQ,5131
1552,24065,CASSQRSTDTQYF,GILGFVFTL,1,SQRSTDTQ,4601
1553,24067,CASSIRSSYEQYF,GILGFVFTL,1,SIRSSYEQ,2985
1554,24068,CASSLRSTDTQYF,GILGFVFTL,1,SLRSTDTQ,3553
1555,24069,CASSIRSAYEQYF,GILGFVFTL,1,SIRSAYEQ,2115
1556,24070,CASSQRSTDTQYF,GILGFVFTL,1,SQRSTDTQ,4601
1557,24071,CASSIRSSYEQYF,GILGFVFTL,1,SIRSSYEQ,2985
1558,24073,CASSIRSSYEQYF,GILGFVFTL,1,SIRSSYEQ,2985
1559,24076,CASSQRSTDTQYF,GILGFVFTL,1,SQRSTDTQ,4601
1560,24077,CASSQRSTDTQYF,GILGFVFTL,1,SQRSTDTQ,4601
1561,24078,CASSLRSTDTQYF,GILGFVFTL,1,SLRSTDTQ,3553
1562,24083,CASSQRSTDTQYF,GILGFVFTL,1,SQRSTDTQ,4601
1563,24085,CASSLRSTGELFF,GILGFVFTL,1,SLRSTGEL,3538
1564,24086,CASSQRSTDTQYF,GILGFVFTL,1,SQRSTDTQ,4601
1565,24095,CASSPYGGWTEAFF,GILGFVFTL,1,SPYGGWTE,4666
1566,24105,CASSIRSSYEQYF,GILGFVFTL,1,SIRSSYEQ,2985
1567,24106,CASSIRSSYEQYF,GILGFVFTL,1,SIRSSYEQ,2985
1568,24108,CASSIRSSYEQYF,GILGFVFTL,1,SIRSSYEQ,2985
1569,24109,CASSPYGGWTEAFF,GILGFVFTL,1,SPYGGWTE,4666
1570,24119,CASSLGTVYEQYF,GILGFVFTL,1,SLGTVYEQ,1253
1571,24130,CASSIRSSYEQYF,GILGFVFTL,1,SIRSSYEQ,2985
1572,24131,CASSIRSSYEQYF,GILGFVFTL,1,SIRSSYEQ,2985
1573,24132,CASSLGTVYEQYF,GILGFVFTL,1,SLGTVYEQ,1253
1574,24143,CASSIRSSYEQYF,GILGFVFTL,1,SIRSSYEQ,2985
1575,24145,CASSIRSAYEQYF,GILGFVFTL,1,SIRSAYEQ,2115
1576,24150,CASSTRSSYEQYF,GILGFVFTL,1,STRSSYEQ,5131
1577,24225,CASSIRSSYEQYF,GILGFVFTL,1,SIRSSYEQ,2985
1578,24227,CASSIRSSYEQYF,GILGFVFTL,1,SIRSSYEQ,2985
1579,24228,CASSIGVYGYTF,GILGFVFTL,1,SSIGVYGY,741
1580,24229,CASSIRSSYEQYF,GILGFVFTL,1,SIRSSYEQ,2985
1581,24231,CASSIRSSYEQYF,GILGFVFTL,1,SIRSSYEQ,2985
1582,24233,CASSIRSSYEQYF,GILGFVFTL,1,SIRSSYEQ,2985
1583,24238,CASSIRSSYEQYF,GILGFVFTL,1,SIRSSYEQ,2985
1584,24241,CASSTRSSYEQYF,GILGFVFTL,1,STRSSYEQ,5131
1585,24243,CASSTRSSYEQYF,GILGFVFTL,1,STRSSYEQ,5131
1586,24245,CASSIRSSYEQYF,GILGFVFTL,1,SIRSSYEQ,2985
1587,24246,CASSIRSSYEQYF,GILGFVFTL,1,SIRSSYEQ,2985
1588,24249,CASSIRSSYEQYF,GILGFVFTL,1,SIRSSYEQ,2985
1589,24256,CASSIRSSYEQYF,GILGFVFTL,1,SIRSSYEQ,2985
1590,24257,CASSIRSSYEQYF,GILGFVFTL,1,SIRSSYEQ,2985
1591,24263,CASSIRSSYEQYF,GILGFVFTL,1,SIRSSYEQ,2985
1592,24267,CASSIRSSYEQYF,GILGFVFTL,1,SIRSSYEQ,2985
1593,24268,CASSIRSSYEQYF,GILGFVFTL,1,SIRSSYEQ,2985
1594,24269,CASSIRSSYEQYF,GILGFVFTL,1,SIRSSYEQ,2985
1595,24285,CASSISSTGELFF,GILGFVFTL,1,SISSTGEL,3082
1596,24288,CASSISSTGELFF,GILGFVFTL,1,SISSTGEL,3082
1597,24291,CASSIRASYEQYF,GILGFVFTL,1,SIRASYEQ,5255
1598,24292,CASSIRASYEQYF,GILGFVFTL,1,SIRASYEQ,5255
1599,24295,CASSIRASYEQYF,GILGFVFTL,1,SIRASYEQ,5255
1600,24296,CASSIRASYEQYF,GILGFVFTL,1,SIRASYEQ,5255
1601,24298,CASSIGVYGYTF,GILGFVFTL,1,SSIGVYGY,741
1602,24301,CASSIRSTGELFF,GILGFVFTL,1,SIRSTGEL,862
1603,24302,CASSIRASYEQYF,GILGFVFTL,1,SIRASYEQ,5255
1604,24305,CASSIRASYEQYF,GILGFVFTL,1,SIRASYEQ,5255
1605,24306,CASSIRSSYEQYF,GILGFVFTL,1,SIRSSYEQ,2985
1606,24307,CASSISSTGELFF,GILGFVFTL,1,SISSTGEL,3082
1607,24310,CASSIRSSYEQYF,GILGFVFTL,1,SIRSSYEQ,2985
1608,24311,CASSIRSTGELFF,GILGFVFTL,1,SIRSTGEL,862
1609,24313,CASSIRASYEQYF,GILGFVFTL,1,SIRASYEQ,5255
1610,24318,CASSIRASYEQYF,GILGFVFTL,1,SIRASYEQ,5255
1611,24319,CASSIRASYEQYF,GILGFVFTL,1,SIRASYEQ,5255
1612,24322,CASSISSTGELFF,GILGFVFTL,1,SISSTGEL,3082
1613,24323,CASSISSTGELFF,GILGFVFTL,1,SISSTGEL,3082
1614,24324,CASSIRSTGELFF,GILGFVFTL,1,SIRSTGEL,862
1615,24326,CASSIRSSYEQYF,GILGFVFTL,1,SIRSSYEQ,2985
1616,24329,CASSIRSSYEQYF,GILGFVFTL,1,SIRSSYEQ,2985
1617,24333,CASSIGVYGYTF,GILGFVFTL,1,SSIGVYGY,741
1618,24334,CASSIRSSYEQYF,GILGFVFTL,1,SIRSSYEQ,2985
1619,24337,CASSPLLAGGTGELFF,GILGFVFTL,1,PLLAGGTG,2471
1620,24339,CASSTRSSYEQYF,GILGFVFTL,1,STRSSYEQ,5131
1621,24340,CASSIRSSYEQYF,GILGFVFTL,1,SIRSSYEQ,2985
1622,24341,CASSPLLAGGTGELFF,GILGFVFTL,1,PLLAGGTG,2471
1623,24342,CASSVFFRSKLFF,GILGFVFTL,1,SVFFRSKL,4848
1624,24361,CASSPLLAGGTGELFF,GILGFVFTL,1,PLLAGGTG,2471
1625,24363,CASSPLLAGGTGELFF,GILGFVFTL,1,PLLAGGTG,2471
1626,24366,CASSVFFRSKLFF,GILGFVFTL,1,SVFFRSKL,4848
1627,24367,CASSVFFRSKLFF,GILGFVFTL,1,SVFFRSKL,4848
1628,24378,CASSPLLAGGTGELFF,GILGFVFTL,1,PLLAGGTG,2471
1629,24379,CASSIRSTDTQYF,GILGFVFTL,1,SIRSTDTQ,3665
1630,24382,CASSPLLAGGTGELFF,GILGFVFTL,1,PLLAGGTG,2471
1631,24384,CASSVFFRSKLFF,GILGFVFTL,1,SVFFRSKL,4848
1632,24393,CASSQRSTDTQYF,GILGFVFTL,1,SQRSTDTQ,4601
1633,24429,CASSIRSTGELFF,GILGFVFTL,1,SIRSTGEL,862
1634,24431,CASSIRSTGELFF,GILGFVFTL,1,SIRSTGEL,862
1635,24433,CASSIRSTGELFF,GILGFVFTL,1,SIRSTGEL,862
1636,24435,CASSIRSTGELFF,GILGFVFTL,1,SIRSTGEL,862
1637,24437,CASSIGHYGYTF,GILGFVFTL,1,SSIGHYGY,896
1638,24439,CASSIRSTGELFF,GILGFVFTL,1,SIRSTGEL,862
1639,24441,CASSIRSTGELFF,GILGFVFTL,1,SIRSTGEL,862
1640,24443,CASSIRSTGELFF,GILGFVFTL,1,SIRSTGEL,862
1641,24445,CASSIRSTGELFF,GILGFVFTL,1,SIRSTGEL,862
1642,24447,CASSIRSTGELFF,GILGFVFTL,1,SIRSTGEL,862
1643,24448,CASSIRSTGELFF,GILGFVFTL,1,SIRSTGEL,862
1644,24449,CASSPLAGPYNEQFF,GILGFVFTL,1,PLAGPYNE,5183
1645,24452,CASSIRSTGELFF,GILGFVFTL,1,SIRSTGEL,862
1646,24453,CASSIRSTGELFF,GILGFVFTL,1,SIRSTGEL,862
1647,24455,CASSIGHYGYTF,GILGFVFTL,1,SSIGHYGY,896
1648,24456,CASSPLAGPYNEQFF,GILGFVFTL,1,PLAGPYNE,5183
1649,24457,CASSIRSTGELFF,GILGFVFTL,1,SIRSTGEL,862
1650,24458,CASSIRSTGELFF,GILGFVFTL,1,SIRSTGEL,862
1651,24459,CASSARSSYEQYF,GILGFVFTL,1,SARSSYEQ,2355
1652,24461,CASSIRSTGELFF,GILGFVFTL,1,SIRSTGEL,862
1653,24462,CASSIRSTGELFF,GILGFVFTL,1,SIRSTGEL,862
1654,24463,CASSIRSTGELFF,GILGFVFTL,1,SIRSTGEL,862
1655,24465,CASSARSSYEQYF,GILGFVFTL,1,SARSSYEQ,2355
1656,24466,CASSFGQGLGAFF,GILGFVFTL,1,SFGQGLGA,610
1657,24467,CASTGLWVGTDTQYF,GILGFVFTL,1,GLWVGTDT,4159
1658,24468,CASSFGQGLGAFF,GILGFVFTL,1,SFGQGLGA,610
1659,24469,CASSFGQGLGAFF,GILGFVFTL,1,SFGQGLGA,610
1660,24470,CASTGLWVGTDTQYF,GILGFVFTL,1,GLWVGTDT,4159
1661,24471,CASSFGQGLGAFF,GILGFVFTL,1,SFGQGLGA,610
1662,24472,CASSFGQGLGAFF,GILGFVFTL,1,SFGQGLGA,610
1663,24473,CASSFGQGLGAFF,GILGFVFTL,1,SFGQGLGA,610
1664,24474,CASSFGQGLGAFF,GILGFVFTL,1,SFGQGLGA,610
1665,24475,CASSFGQGLGAFF,GILGFVFTL,1,SFGQGLGA,610
1666,24476,CASSFGQGLGAFF,GILGFVFTL,1,SFGQGLGA,610
1667,24477,CASSFGQGLGAFF,GILGFVFTL,1,SFGQGLGA,610
1668,24479,CASSFGQGLGAFF,GILGFVFTL,1,SFGQGLGA,610
1669,24480,CASSFGQGLGAFF,GILGFVFTL,1,SFGQGLGA,610
1670,24481,CASSFGQGLGAFF,GILGFVFTL,1,SFGQGLGA,610
1671,24482,CASSFGQGLGAFF,GILGFVFTL,1,SFGQGLGA,610
1672,24483,CASTGLWVGTDTQYF,GILGFVFTL,1,GLWVGTDT,4159
1673,24484,CASTGLWVGTDTQYF,GILGFVFTL,1,GLWVGTDT,4159
1674,24485,CASSFGQGLGAFF,GILGFVFTL,1,SFGQGLGA,610
1675,24486,CASSFGQGLGAFF,GILGFVFTL,1,SFGQGLGA,610
1676,24487,CASSFGQGLGAFF,GILGFVFTL,1,SFGQGLGA,610
1677,24488,CASSFGQGLGAFF,GILGFVFTL,1,SFGQGLGA,610
1678,24489,CASSFGQGLGAFF,GILGFVFTL,1,SFGQGLGA,610
1679,24490,CASSFGQGLGAFF,GILGFVFTL,1,SFGQGLGA,610
1680,24491,CASSFGQGLGAFF,GILGFVFTL,1,SFGQGLGA,610
1681,24492,CASSFGQGLGAFF,GILGFVFTL,1,SFGQGLGA,610
1682,24493,CASSFGQGLGAFF,GILGFVFTL,1,SFGQGLGA,610
1683,24553,CASSSLGGWTEAFF,GILGFVFTL,1,SSLGGWTE,3654
1684,24554,CASSSLGGWTEAFF,GILGFVFTL,1,SSLGGWTE,3654
1685,24555,CASSMSGVPTDTQYF,GILGFVFTL,1,MSGVPTDT,356
1686,24556,CASSPWDSRFYGYTF,GILGFVFTL,1,PWDSRFYG,1977
1687,24557,CASSPGLGLDTQYF,GILGFVFTL,1,SPGLGLDT,4109
1688,24558,CASSTFDSNQPQHF,GILGFVFTL,1,STFDSNQP,2741
1689,24559,CASSSLGGWTEAFF,GILGFVFTL,1,SSLGGWTE,3654
1690,24560,CASSSLGGWTEAFF,GILGFVFTL,1,SSLGGWTE,3654
1691,24561,CASSPWDSRFYGYTF,GILGFVFTL,1,PWDSRFYG,1977
1692,24562,CASSPWDSRFYGYTF,GILGFVFTL,1,PWDSRFYG,1977
1693,24563,CASSMGSGSYGEAFF,GILGFVFTL,1,MGSGSYGE,2126
1694,24564,CASTPTGVNEQFF,GILGFVFTL,1,TPTGVNEQ,3839
1695,24565,CASSMYGGSNQPQHF,GILGFVFTL,1,MYGGSNQP,1343
1696,24566,CASSSFGGRPQHF,GILGFVFTL,1,SSFGGRPQ,67
1697,24567,CASSSLGGWTEAFF,GILGFVFTL,1,SSLGGWTE,3654
1698,24568,CASSSLGGWTEAFF,GILGFVFTL,1,SSLGGWTE,3654
1699,24569,CASSPWDSRFYGYTF,GILGFVFTL,1,PWDSRFYG,1977
1700,24570,CASSPLAGWDIQYF,GILGFVFTL,1,SPLAGWDI,3178
1701,24571,CASARDRDNTQYF,GILGFVFTL,1,ARDRDNTQ,664
1702,24572,CASSPLAGWDIQYF,GILGFVFTL,1,SPLAGWDI,3178
1703,24573,CASARDRDNTQYF,GILGFVFTL,1,ARDRDNTQ,664
1704,24576,CASSPLAGWDIQYF,GILGFVFTL,1,SPLAGWDI,3178
1705,24577,CASSPLAGWDIQYF,GILGFVFTL,1,SPLAGWDI,3178
1706,24579,CASARDRDNTQYF,GILGFVFTL,1,ARDRDNTQ,664
1707,24580,CASARDRDNTQYF,GILGFVFTL,1,ARDRDNTQ,664
1708,24581,CASSPLAGWDIQYF,GILGFVFTL,1,SPLAGWDI,3178
1709,24582,CASSPLAGWDIQYF,GILGFVFTL,1,SPLAGWDI,3178
1710,24583,CASARDRDNTQYF,GILGFVFTL,1,ARDRDNTQ,664
1711,24584,CASARDRDNTQYF,GILGFVFTL,1,ARDRDNTQ,664
1712,24585,CASARDRDNTQYF,GILGFVFTL,1,ARDRDNTQ,664
1713,24588,CASSPLAGWDIQYF,GILGFVFTL,1,SPLAGWDI,3178
1714,24590,CASSPLAGWDIQYF,GILGFVFTL,1,SPLAGWDI,3178
1715,24591,CASSPLAGWDIQYF,GILGFVFTL,1,SPLAGWDI,3178
1716,24593,CASSPLAGWDIQYF,GILGFVFTL,1,SPLAGWDI,3178
1717,24594,CASARDRDNTQYF,GILGFVFTL,1,ARDRDNTQ,664
1718,24595,CASARDRDNTQYF,GILGFVFTL,1,ARDRDNTQ,664
1719,24596,CASSIRSSYEQYF,GILGFVFTL,1,SIRSSYEQ,2985
1720,24597,CASARDRDNTQYF,GILGFVFTL,1,ARDRDNTQ,664
1721,24598,CASARDRDNTQYF,GILGFVFTL,1,ARDRDNTQ,664
1722,24600,CASARDRDNTQYF,GILGFVFTL,1,ARDRDNTQ,664
1723,24633,CASSIRSSYEQYF,GILGFVFTL,1,SIRSSYEQ,2985
1724,24637,CASSIRSSYEQYF,GILGFVFTL,1,SIRSSYEQ,2985
1725,24647,CASSIRSSYEQYF,GILGFVFTL,1,SIRSSYEQ,2985
1726,24650,CASSIRSSYEQYF,GILGFVFTL,1,SIRSSYEQ,2985
1727,24651,CASSIRSSYEQYF,GILGFVFTL,1,SIRSSYEQ,2985
1728,24660,CASSIRSSYEQYF,GILGFVFTL,1,SIRSSYEQ,2985
1729,24662,CASSIRSSYEQYF,GILGFVFTL,1,SIRSSYEQ,2985
1730,24706,CASSIRSSYEQYF,GILGFVFTL,1,SIRSSYEQ,2985
1731,24721,CASSIRSSYEQYF,GILGFVFTL,1,SIRSSYEQ,2985
1732,24755,CASSGRSTDTQYF,GILGFVFTL,1,SGRSTDTQ,2923
1733,24797,CASSQRSTDTQYF,GILGFVFTL,1,SQRSTDTQ,4601
1734,24806,CASSPTGVNTEAFF,GILGFVFTL,1,SPTGVNTE,1687
1735,24814,CASSIRSSYEQYF,GILGFVFTL,1,SIRSSYEQ,2985
1736,24816,CASSGRSTDTQYF,GILGFVFTL,1,SGRSTDTQ,2923
1737,24827,CASSGRASGELFF,GILGFVFTL,1,SGRASGEL,3116
1738,24828,CASSPTGVNTEAFF,GILGFVFTL,1,SPTGVNTE,1687
1739,24835,CASSGRASGELFF,GILGFVFTL,1,SGRASGEL,3116
1740,24837,CASSPTGVNTEAFF,GILGFVFTL,1,SPTGVNTE,1687
1741,24840,CASSGRASGELFF,GILGFVFTL,1,SGRASGEL,3116
1742,24841,CASSGRASGELFF,GILGFVFTL,1,SGRASGEL,3116
1743,24843,CASSPTGVNTEAFF,GILGFVFTL,1,SPTGVNTE,1687
1744,24849,CASSGRASGELFF,GILGFVFTL,1,SGRASGEL,3116
1745,24861,CASSGRASGELFF,GILGFVFTL,1,SGRASGEL,3116
1746,24903,CASSIRSSYEQYF,GILGFVFTL,1,SIRSSYEQ,2985
1747,24914,CASSIRSSYEQYF,GILGFVFTL,1,SIRSSYEQ,2985
1748,25049,CASSIRSAYEQYF,GILGFVFTL,1,SIRSAYEQ,2115
1749,25055,CASSTGAYGYTF,GILGFVFTL,1,SSTGAYGY,2546
1750,25061,CASSFGSGNNEQFF,GILGFVFTL,1,SFGSGNNE,1849
1751,25063,CASSIVVLGGELFF,GILGFVFTL,1,SIVVLGGE,1140
1752,25064,CASSIVVLGGELFF,GILGFVFTL,1,SIVVLGGE,1140
1753,25069,CASSIVVLGGELFF,GILGFVFTL,1,SIVVLGGE,1140
1754,25072,CASSFGSGNNEQFF,GILGFVFTL,1,SFGSGNNE,1849
1755,25073,CASSIVVLGGELFF,GILGFVFTL,1,SIVVLGGE,1140
1756,25074,CASSIVVLGGELFF,GILGFVFTL,1,SIVVLGGE,1140
1757,25075,CASSIRSTGELFF,GILGFVFTL,1,SIRSTGEL,862
1758,25078,CASSIVVLGGELFF,GILGFVFTL,1,SIVVLGGE,1140
1759,25083,CASSIRSSYEQYF,GILGFVFTL,1,SIRSSYEQ,2985
1760,25084,CASSQRSTDTQYF,GILGFVFTL,1,SQRSTDTQ,4601
1761,25085,CASSIRAEGKLFF,GILGFVFTL,1,SIRAEGKL,671
1762,25089,CASSIRSSYEQYF,GILGFVFTL,1,SIRSSYEQ,2985
1763,25090,CASSIRSTDTQYF,GILGFVFTL,1,SIRSTDTQ,3665
1764,25097,CASSIRAEGKLFF,GILGFVFTL,1,SIRAEGKL,671
1765,25098,CASSIRSTDTQYF,GILGFVFTL,1,SIRSTDTQ,3665
1766,25102,CASSIRSSYEQYF,GILGFVFTL,1,SIRSSYEQ,2985
1767,25103,CASSLTGAGTEAFF,GILGFVFTL,1,SLTGAGTE,4733
1768,25104,CASSIRSSYEQYF,GILGFVFTL,1,SIRSSYEQ,2985
1769,25105,CASSIRSSYEQYF,GILGFVFTL,1,SIRSSYEQ,2985
1770,25106,CASSIRAEGKLFF,GILGFVFTL,1,SIRAEGKL,671
1771,25107,CASSIRAEGKLFF,GILGFVFTL,1,SIRAEGKL,671
1772,25109,CASSLTGAGTEAFF,GILGFVFTL,1,SLTGAGTE,4733
1773,25111,CASSIRSSYEQYF,GILGFVFTL,1,SIRSSYEQ,2985
1774,25112,CASSTGAYGYTF,GILGFVFTL,1,SSTGAYGY,2546
1775,25114,CASSQDPSPSTDTQYF,GILGFVFTL,1,QDPSPSTD,1812
1776,25115,CASSIRSAYEQYF,GILGFVFTL,1,SIRSAYEQ,2115
1777,25116,CASSQDPSPSTDTQYF,GILGFVFTL,1,QDPSPSTD,1812
1778,25117,CASISDREGTEAFF,GILGFVFTL,1,ISDREGTE,3447
1779,25118,CASISDREGTEAFF,GILGFVFTL,1,ISDREGTE,3447
1780,25119,CASISDREGTEAFF,GILGFVFTL,1,ISDREGTE,3447
1781,25121,CASSQDPSPSTDTQYF,GILGFVFTL,1,QDPSPSTD,1812
1782,25126,CASISDREGTEAFF,GILGFVFTL,1,ISDREGTE,3447
1783,25127,CASISDREGTEAFF,GILGFVFTL,1,ISDREGTE,3447
1784,25129,CASSQDPSPSTDTQYF,GILGFVFTL,1,QDPSPSTD,1812
1785,25130,CASISDREGTEAFF,GILGFVFTL,1,ISDREGTE,3447
1786,25133,CASISDREGTEAFF,GILGFVFTL,1,ISDREGTE,3447
1787,25142,CASISDREGTEAFF,GILGFVFTL,1,ISDREGTE,3447
1788,25144,CASISDREGTEAFF,GILGFVFTL,1,ISDREGTE,3447
1789,25147,CASSTGAYGYTF,GILGFVFTL,1,SSTGAYGY,2546
1790,25148,CASSIRSAYEQYF,GILGFVFTL,1,SIRSAYEQ,2115
1791,25150,CASSIRSAYEQYF,GILGFVFTL,1,SIRSAYEQ,2115
1792,25151,CASSIRSAYEQYF,GILGFVFTL,1,SIRSAYEQ,2115
1793,25152,CASSIRSAYEQYF,GILGFVFTL,1,SIRSAYEQ,2115
1794,25155,CASSIRSSETQYF,GILGFVFTL,1,SIRSSETQ,1252
1795,25156,CASSTRGSHEQYF,GILGFVFTL,1,STRGSHEQ,5105
1796,25159,CASSIRSAYEQYF,GILGFVFTL,1,SIRSAYEQ,2115
1797,25163,CASSIRSAYEQYF,GILGFVFTL,1,SIRSAYEQ,2115
1798,25165,CASSIRSSYEQYF,GILGFVFTL,1,SIRSSYEQ,2985
1799,25166,CASSIRSAYEQYF,GILGFVFTL,1,SIRSAYEQ,2115
1800,25167,CASSTRGSHEQYF,GILGFVFTL,1,STRGSHEQ,5105
1801,25168,CASSIRSAYEQYF,GILGFVFTL,1,SIRSAYEQ,2115
1802,25169,CASSIRSAYEQYF,GILGFVFTL,1,SIRSAYEQ,2115
1803,25172,CASSIRSSETQYF,GILGFVFTL,1,SIRSSETQ,1252
1804,25174,CASSIRSAYEQYF,GILGFVFTL,1,SIRSAYEQ,2115
1805,25176,CASSIRSSYEQYF,GILGFVFTL,1,SIRSSYEQ,2985
1806,25178,CASSTRSSYEQYF,GILGFVFTL,1,STRSSYEQ,5131
1807,25179,CASSTRSSYEQYF,GILGFVFTL,1,STRSSYEQ,5131
1808,25180,CASSIRSSYEQYF,GILGFVFTL,1,SIRSSYEQ,2985
1809,25181,CASSIRSSYEQYF,GILGFVFTL,1,SIRSSYEQ,2985
1810,25229,CASSIRSSYEQYF,GILGFVFTL,1,SIRSSYEQ,2985
1811,25258,CASSILAQSEAFF,GILGFVFTL,1,SILAQSEA,5202
1812,25261,CASSIRSAYEQYF,GILGFVFTL,1,SIRSAYEQ,2115
1813,25263,CASSGRSSDTQYF,GILGFVFTL,1,SGRSSDTQ,2609
1814,25267,CASSILAQSEAFF,GILGFVFTL,1,SILAQSEA,5202
1815,25272,CASSGRSSDTQYF,GILGFVFTL,1,SGRSSDTQ,2609
1816,25273,CASSIRSSYEQYF,GILGFVFTL,1,SIRSSYEQ,2985
1817,25274,CASSIRSTGELFF,GILGFVFTL,1,SIRSTGEL,862
1818,25279,CASSGRSSDTQYF,GILGFVFTL,1,SGRSSDTQ,2609
1819,25281,CASSGRSSDTQYF,GILGFVFTL,1,SGRSSDTQ,2609
1820,25282,CASSILAQSEAFF,GILGFVFTL,1,SILAQSEA,5202
1821,25288,CASSQRSTDTQYF,GILGFVFTL,1,SQRSTDTQ,4601
1822,25293,CASSILAQSEAFF,GILGFVFTL,1,SILAQSEA,5202
1823,25294,CASSIRSSYEQYF,GILGFVFTL,1,SIRSSYEQ,2985
1824,25296,CASSILAQSEAFF,GILGFVFTL,1,SILAQSEA,5202
1825,25297,CASSILAQSEAFF,GILGFVFTL,1,SILAQSEA,5202
1826,25298,CASSILAQSEAFF,GILGFVFTL,1,SILAQSEA,5202
1827,25303,CASSIRSSYEQYF,GILGFVFTL,1,SIRSSYEQ,2985
1828,25336,CASSTRSSYEQYF,GILGFVFTL,1,STRSSYEQ,5131
1829,25342,CASSIRSSYEQYF,GILGFVFTL,1,SIRSSYEQ,2985
1830,25351,CASSIRSAYEQYF,GILGFVFTL,1,SIRSAYEQ,2115
1831,25355,CASSIRSSYEQYF,GILGFVFTL,1,SIRSSYEQ,2985
1832,25358,CASSTRSSYEQYF,GILGFVFTL,1,STRSSYEQ,5131
1833,25375,CASSIRSSYEQYF,GILGFVFTL,1,SIRSSYEQ,2985
1834,25376,CASSIRSSYEQYF,GILGFVFTL,1,SIRSSYEQ,2985
1835,25379,CASSIRSSYEQYF,GILGFVFTL,1,SIRSSYEQ,2985
1836,25390,CASSIRSSYEQYF,GILGFVFTL,1,SIRSSYEQ,2985
1837,25393,CASSIRSSYEQYF,GILGFVFTL,1,SIRSSYEQ,2985
1838,25403,CASSIRSSYEQYF,GILGFVFTL,1,SIRSSYEQ,2985
1839,25409,CASSIRSSYEQYF,GILGFVFTL,1,SIRSSYEQ,2985
1840,25413,CASSIRSSYEQYF,GILGFVFTL,1,SIRSSYEQ,2985
1841,25420,CASSIRSSYEQYF,GILGFVFTL,1,SIRSSYEQ,2985
1842,25421,CASSIRSSYEQYF,GILGFVFTL,1,SIRSSYEQ,2985
1843,25425,CASSIRSSYEQYF,GILGFVFTL,1,SIRSSYEQ,2985
1844,25439,CASSIRSAYEQYF,GILGFVFTL,1,SIRSAYEQ,2115
1845,25446,CASSIRSSYEQYF,GILGFVFTL,1,SIRSSYEQ,2985
1846,25451,CASSIRSSYEQYF,GILGFVFTL,1,SIRSSYEQ,2985
1847,25460,CASSIRSAYEQYF,GILGFVFTL,1,SIRSAYEQ,2115
1848,25461,CASSIRSSYEQYF,GILGFVFTL,1,SIRSSYEQ,2985
1849,25468,CASSIRSSYEQYF,GILGFVFTL,1,SIRSSYEQ,2985
1850,25476,CASSIRSSYEQYF,GILGFVFTL,1,SIRSSYEQ,2985
1851,25478,CASSIRSSYEQYF,GILGFVFTL,1,SIRSSYEQ,2985
1852,25493,CASSIRSSYEQYF,GILGFVFTL,1,SIRSSYEQ,2985
1853,25495,CASSIRSSYEQYF,GILGFVFTL,1,SIRSSYEQ,2985
1854,25498,CASSVRSTGELFF,GILGFVFTL,1,SVRSTGEL,1707
1855,25499,CASSQRSTDTQYF,GILGFVFTL,1,SQRSTDTQ,4601
1856,25500,CASSQRSTDTQYF,GILGFVFTL,1,SQRSTDTQ,4601
1857,25502,CASSIRSSYEQYF,GILGFVFTL,1,SIRSSYEQ,2985
1858,25503,CASSVRSTGELFF,GILGFVFTL,1,SVRSTGEL,1707
1859,25505,CASSLRSTGELFF,GILGFVFTL,1,SLRSTGEL,3538
1860,25506,CASSTRSSYEQYF,GILGFVFTL,1,STRSSYEQ,5131
1861,25507,CASSQRSTDTQYF,GILGFVFTL,1,SQRSTDTQ,4601
1862,25509,CASSIRSSYEQYF,GILGFVFTL,1,SIRSSYEQ,2985
1863,25510,CASSLRSTDTQYF,GILGFVFTL,1,SLRSTDTQ,3553
1864,25511,CASSIRSAYEQYF,GILGFVFTL,1,SIRSAYEQ,2115
1865,25512,CASSQRSTDTQYF,GILGFVFTL,1,SQRSTDTQ,4601
1866,25513,CASSIRSSYEQYF,GILGFVFTL,1,SIRSSYEQ,2985
1867,25515,CASSIRSSYEQYF,GILGFVFTL,1,SIRSSYEQ,2985
1868,25519,CASSQRSTDTQYF,GILGFVFTL,1,SQRSTDTQ,4601
1869,25520,CASSQRSTDTQYF,GILGFVFTL,1,SQRSTDTQ,4601
1870,25521,CASSLRSTDTQYF,GILGFVFTL,1,SLRSTDTQ,3553
1871,25525,CASSQRSTDTQYF,GILGFVFTL,1,SQRSTDTQ,4601
1872,25527,CASSLRSTGELFF,GILGFVFTL,1,SLRSTGEL,3538
1873,25528,CASSQRSTDTQYF,GILGFVFTL,1,SQRSTDTQ,4601
1874,25530,CASSQRSTDTQYF,GILGFVFTL,1,SQRSTDTQ,4601
1875,25532,CASSLRSTGELFF,GILGFVFTL,1,SLRSTGEL,3538
1876,25534,CASSQRSTDTQYF,GILGFVFTL,1,SQRSTDTQ,4601
1877,25539,CASSVRSTGELFF,GILGFVFTL,1,SVRSTGEL,1707
1878,25541,CASSLRSTGELFF,GILGFVFTL,1,SLRSTGEL,3538
1879,25543,CASSLRSTGELFF,GILGFVFTL,1,SLRSTGEL,3538
1880,25546,CASSLRSTGELFF,GILGFVFTL,1,SLRSTGEL,3538
1881,25551,CASSLRSTGELFF,GILGFVFTL,1,SLRSTGEL,3538
1882,25553,CASSLRSTGELFF,GILGFVFTL,1,SLRSTGEL,3538
1883,25554,CASSVRSTGELFF,GILGFVFTL,1,SVRSTGEL,1707
1884,25556,CASSLRSTGELFF,GILGFVFTL,1,SLRSTGEL,3538
1885,25557,CASSVRSTGELFF,GILGFVFTL,1,SVRSTGEL,1707
1886,25560,CASSVRSTGELFF,GILGFVFTL,1,SVRSTGEL,1707
1887,25564,CASSLRSTGELFF,GILGFVFTL,1,SLRSTGEL,3538
1888,25570,CASSQRSTDTQYF,GILGFVFTL,1,SQRSTDTQ,4601
1889,25571,CASSQRSTDTQYF,GILGFVFTL,1,SQRSTDTQ,4601
1890,25577,CASSQRSTDTQYF,GILGFVFTL,1,SQRSTDTQ,4601
1891,25582,CASSLRSTGELFF,GILGFVFTL,1,SLRSTGEL,3538
1892,25583,CASSIRSSYEQYF,GILGFVFTL,1,SIRSSYEQ,2985
1893,25586,CASSLRSTGELFF,GILGFVFTL,1,SLRSTGEL,3538
1894,25591,CASSVRSTGELFF,GILGFVFTL,1,SVRSTGEL,1707
1895,25599,CASSIRSSYEQYF,GILGFVFTL,1,SIRSSYEQ,2985
1896,25600,CASSIRSSYEQYF,GILGFVFTL,1,SIRSSYEQ,2985
1897,25604,CASSQRSTDTQYF,GILGFVFTL,1,SQRSTDTQ,4601
1898,25605,CASSQRSTDTQYF,GILGFVFTL,1,SQRSTDTQ,4601
1899,25606,CASSLRSTDTQYF,GILGFVFTL,1,SLRSTDTQ,3553
1900,25607,CASSQRSTDTQYF,GILGFVFTL,1,SQRSTDTQ,4601
1901,25608,CASSIRSSYEQYF,GILGFVFTL,1,SIRSSYEQ,2985
1902,25609,CASSIRSSYEQYF,GILGFVFTL,1,SIRSSYEQ,2985
1903,25610,CASSLRSTDTQYF,GILGFVFTL,1,SLRSTDTQ,3553
1904,25612,CASSLRSTDTQYF,GILGFVFTL,1,SLRSTDTQ,3553
1905,25613,CASSIRSSYEQYF,GILGFVFTL,1,SIRSSYEQ,2985
1906,25614,CASSIRSSYEQYF,GILGFVFTL,1,SIRSSYEQ,2985
1907,25616,CASSQRSTDTQYF,GILGFVFTL,1,SQRSTDTQ,4601
1908,25618,CASSIRSSYEQYF,GILGFVFTL,1,SIRSSYEQ,2985
1909,25623,CASSIRSSYEQYF,GILGFVFTL,1,SIRSSYEQ,2985
1910,25624,CASSLRSTDTQYF,GILGFVFTL,1,SLRSTDTQ,3553
1911,25625,CASSIRSSYEQYF,GILGFVFTL,1,SIRSSYEQ,2985
1912,25626,CASSQRSTDTQYF,GILGFVFTL,1,SQRSTDTQ,4601
1913,25629,CASSIRSSYEQYF,GILGFVFTL,1,SIRSSYEQ,2985
1914,25631,CASSLRSTDTQYF,GILGFVFTL,1,SLRSTDTQ,3553
1915,25632,CASSLRSTGELFF,GILGFVFTL,1,SLRSTGEL,3538
1916,25633,CASSQRSTDTQYF,GILGFVFTL,1,SQRSTDTQ,4601
1917,25634,CASSQRSTDTQYF,GILGFVFTL,1,SQRSTDTQ,4601
1918,25637,CASSQRSTDTQYF,GILGFVFTL,1,SQRSTDTQ,4601
1919,25638,CASSISSTGELFF,GILGFVFTL,1,SISSTGEL,3082
1920,25639,CASSIRSSYEQYF,GILGFVFTL,1,SIRSSYEQ,2985
1921,25640,CASSISSTGELFF,GILGFVFTL,1,SISSTGEL,3082
1922,25643,CASSQRSTDTQYF,GILGFVFTL,1,SQRSTDTQ,4601
1923,25648,CASSLRSTGELFF,GILGFVFTL,1,SLRSTGEL,3538
1924,25650,CASSIRSSYEQYF,GILGFVFTL,1,SIRSSYEQ,2985
1925,25654,CASSQRSTDTQYF,GILGFVFTL,1,SQRSTDTQ,4601
1926,25657,CASSLRSTGELFF,GILGFVFTL,1,SLRSTGEL,3538
1927,25659,CASSQRSTDTQYF,GILGFVFTL,1,SQRSTDTQ,4601
1928,25662,CASSQRSTDTQYF,GILGFVFTL,1,SQRSTDTQ,4601
1929,25665,CASSIRSSYEQYF,GILGFVFTL,1,SIRSSYEQ,2985
1930,25674,CASSPYGGWTEAFF,GILGFVFTL,1,SPYGGWTE,4666
1931,25682,CASSIRSSYEQYF,GILGFVFTL,1,SIRSSYEQ,2985
1932,25685,CASSIRSSYEQYF,GILGFVFTL,1,SIRSSYEQ,2985
1933,25686,CASSIRSSYEQYF,GILGFVFTL,1,SIRSSYEQ,2985
1934,25688,CASSPYGGWTEAFF,GILGFVFTL,1,SPYGGWTE,4666
1935,25699,CASSIRSSYEQYF,GILGFVFTL,1,SIRSSYEQ,2985
1936,25701,CASSIRSSYEQYF,GILGFVFTL,1,SIRSSYEQ,2985
1937,25702,CASSIRSSYEQYF,GILGFVFTL,1,SIRSSYEQ,2985
1938,25703,CASSIRSSYEQYF,GILGFVFTL,1,SIRSSYEQ,2985
1939,25704,CASSIRSSYEQYF,GILGFVFTL,1,SIRSSYEQ,2985
1940,25707,CASSIRSSYEQYF,GILGFVFTL,1,SIRSSYEQ,2985
1941,25713,CASSIRSSYEQYF,GILGFVFTL,1,SIRSSYEQ,2985
1942,25715,CASSIRSSYEQYF,GILGFVFTL,1,SIRSSYEQ,2985
1943,25718,CASSIRSSYEQYF,GILGFVFTL,1,SIRSSYEQ,2985
1944,25720,CASSIRSSYEQYF,GILGFVFTL,1,SIRSSYEQ,2985
1945,25725,CASSIRSSYEQYF,GILGFVFTL,1,SIRSSYEQ,2985
1946,25728,CASSIRSSYEQYF,GILGFVFTL,1,SIRSSYEQ,2985
1947,25729,CASSIRSSYEQYF,GILGFVFTL,1,SIRSSYEQ,2985
1948,25731,CASSIRSSYEQYF,GILGFVFTL,1,SIRSSYEQ,2985
1949,25732,CASSIRSSYEQYF,GILGFVFTL,1,SIRSSYEQ,2985
1950,25747,CASSIRSSYEQYF,GILGFVFTL,1,SIRSSYEQ,2985
1951,25753,CASSIRSSYEQYF,GILGFVFTL,1,SIRSSYEQ,2985
1952,25754,CASSPYGGWTEAFF,GILGFVFTL,1,SPYGGWTE,4666
1953,25801,CASSIRSSYEQYF,GILGFVFTL,1,SIRSSYEQ,2985
1954,25809,CASSIRSSYEQYF,GILGFVFTL,1,SIRSSYEQ,2985
1955,25812,CASSIRSSYEQYF,GILGFVFTL,1,SIRSSYEQ,2985
1956,25817,CASSIRSSYEQYF,GILGFVFTL,1,SIRSSYEQ,2985
1957,25820,CASSIRSSYEQYF,GILGFVFTL,1,SIRSSYEQ,2985
1958,25828,CASSIRSSYEQYF,GILGFVFTL,1,SIRSSYEQ,2985
1959,25834,CASSIRSSYEQYF,GILGFVFTL,1,SIRSSYEQ,2985
1960,25849,CASSIRSSYEQYF,GILGFVFTL,1,SIRSSYEQ,2985
1961,25860,CASSIRSSYEQYF,GILGFVFTL,1,SIRSSYEQ,2985
1962,25881,CASSIRSSYEQYF,GILGFVFTL,1,SIRSSYEQ,2985
1963,25900,CASSIRSSYEQYF,GILGFVFTL,1,SIRSSYEQ,2985
1964,25905,CASSIRSSYEQYF,GILGFVFTL,1,SIRSSYEQ,2985
1965,25920,CASSIRSSYEQYF,GILGFVFTL,1,SIRSSYEQ,2985
1966,25926,CASSIRSSYEQYF,GILGFVFTL,1,SIRSSYEQ,2985
1967,25944,CASSIRSSYEQYF,GILGFVFTL,1,SIRSSYEQ,2985
1968,25971,CASSTRSSYEQYF,GILGFVFTL,1,STRSSYEQ,5131
1969,25973,CASSIRSTGELFF,GILGFVFTL,1,SIRSTGEL,862
1970,25981,CASSIRSSYEQYF,GILGFVFTL,1,SIRSSYEQ,2985
1971,25986,CASSLRSTGELFF,GILGFVFTL,1,SLRSTGEL,3538
1972,25993,CASSIRSSYEQYF,GILGFVFTL,1,SIRSSYEQ,2985
1973,25995,CASSTRSSYEQYF,GILGFVFTL,1,STRSSYEQ,5131
1974,26006,CASSIRSSYEQYF,GILGFVFTL,1,SIRSSYEQ,2985
1975,26012,CASSTRSSYEQYF,GILGFVFTL,1,STRSSYEQ,5131
1976,26019,CASSTRSSYEQYF,GILGFVFTL,1,STRSSYEQ,5131
1977,26038,CASSTRSSYEQYF,GILGFVFTL,1,STRSSYEQ,5131
1978,26039,CASSIRSSYEQYF,GILGFVFTL,1,SIRSSYEQ,2985
1979,26041,CASSIRSSYEQYF,GILGFVFTL,1,SIRSSYEQ,2985
1980,26043,CASSIRSSYEQYF,GILGFVFTL,1,SIRSSYEQ,2985
1981,26046,CASSIRSSYEQYF,GILGFVFTL,1,SIRSSYEQ,2985
1982,26049,CASSIRSSYEQYF,GILGFVFTL,1,SIRSSYEQ,2985
1983,26050,CASSLRSTGELFF,GILGFVFTL,1,SLRSTGEL,3538
1984,26054,CASSIRSTDTQYF,GILGFVFTL,1,SIRSTDTQ,3665
1985,26061,CASSIRSSYEQYF,GILGFVFTL,1,SIRSSYEQ,2985
1986,26067,CASSIRSTDTQYF,GILGFVFTL,1,SIRSTDTQ,3665
1987,26075,CASSIRSTDTQYF,GILGFVFTL,1,SIRSTDTQ,3665
1988,26083,CASSLRSTGELFF,GILGFVFTL,1,SLRSTGEL,3538
1989,26085,CASSIRSSYEQYF,GILGFVFTL,1,SIRSSYEQ,2985
1990,26086,CASSTRSSYEQYF,GILGFVFTL,1,STRSSYEQ,5131
1991,26088,CASSTRSSYEQYF,GILGFVFTL,1,STRSSYEQ,5131
1992,26089,CASSTRSSYEQYF,GILGFVFTL,1,STRSSYEQ,5131
1993,26101,CASSIRSTGELFF,GILGFVFTL,1,SIRSTGEL,862
1994,26114,CASSIRSSYEQYF,GILGFVFTL,1,SIRSSYEQ,2985
1995,26119,CASSIRSSYEQYF,GILGFVFTL,1,SIRSSYEQ,2985
1996,26124,CASSTRSSYEQYF,GILGFVFTL,1,STRSSYEQ,5131
1997,26131,CASSMGSYGYTF,GILGFVFTL,1,SSMGSYGY,204
1998,26140,CASSLRSTDTQYF,GILGFVFTL,1,SLRSTDTQ,3553
1999,26150,CASSTRSSYEQYF,GILGFVFTL,1,STRSSYEQ,5131
2000,26153,CASSMGSYGYTF,GILGFVFTL,1,SSMGSYGY,204
2001,26228,CASSPRSGNEQYF,GILGFVFTL,1,SPRSGNEQ,604
2002,26229,CASSPRSGNEQYF,GILGFVFTL,1,SPRSGNEQ,604
2003,26230,CASSPRSGNEQYF,GILGFVFTL,1,SPRSGNEQ,604
2004,26231,CASSPRSGNEQYF,GILGFVFTL,1,SPRSGNEQ,604
2005,26234,CASSPRSGNEQYF,GILGFVFTL,1,SPRSGNEQ,604
2006,26235,CASSPRSGNEQYF,GILGFVFTL,1,SPRSGNEQ,604
2007,26236,CASSPRSGNEQYF,GILGFVFTL,1,SPRSGNEQ,604
2008,26237,CASSPRSGNEQYF,GILGFVFTL,1,SPRSGNEQ,604
2009,26240,CASSPRSGNEQYF,GILGFVFTL,1,SPRSGNEQ,604
2010,26241,CASSPRSGNEQYF,GILGFVFTL,1,SPRSGNEQ,604
2011,26242,CASSPRSGNEQYF,GILGFVFTL,1,SPRSGNEQ,604
2012,26243,CASSPRSGNEQYF,GILGFVFTL,1,SPRSGNEQ,604
2013,26244,CASSPRSGNEQYF,GILGFVFTL,1,SPRSGNEQ,604
2014,26247,CASSPRSGNEQYF,GILGFVFTL,1,SPRSGNEQ,604
2015,26248,CASSPRSGNEQYF,GILGFVFTL,1,SPRSGNEQ,604
2016,26249,CASSPRSGNEQYF,GILGFVFTL,1,SPRSGNEQ,604
2017,26250,CASSPRSGNEQYF,GILGFVFTL,1,SPRSGNEQ,604
2018,26259,CASSPRSGNEQYF,GILGFVFTL,1,SPRSGNEQ,604
2019,26261,CASSPRSGNEQYF,GILGFVFTL,1,SPRSGNEQ,604
2020,26263,CASSPRSGNEQYF,GILGFVFTL,1,SPRSGNEQ,604
2021,26283,CASSIFGNQPQHF,GILGFVFTL,1,SIFGNQPQ,1971
2022,26284,CASSIFGNQPQHF,GILGFVFTL,1,SIFGNQPQ,1971
2023,26285,CASSIFGNQPQHF,GILGFVFTL,1,SIFGNQPQ,1971
2024,26286,CASSIFGNQPQHF,GILGFVFTL,1,SIFGNQPQ,1971
2025,26287,CASSIFGNQPQHF,GILGFVFTL,1,SIFGNQPQ,1971
2026,26288,CASSIFGNQPQHF,GILGFVFTL,1,SIFGNQPQ,1971
2027,26289,CASSIFGNQPQHF,GILGFVFTL,1,SIFGNQPQ,1971
2028,26290,CASSIFGNQPQHF,GILGFVFTL,1,SIFGNQPQ,1971
2029,26291,CASSIFGNQPQHF,GILGFVFTL,1,SIFGNQPQ,1971
2030,26292,CASSIFGNQPQHF,GILGFVFTL,1,SIFGNQPQ,1971
2031,26293,CASSIFGNQPQHF,GILGFVFTL,1,SIFGNQPQ,1971
2032,26294,CASSIFGNQPQHF,GILGFVFTL,1,SIFGNQPQ,1971
2033,26302,CASSIFGNQPQHF,GILGFVFTL,1,SIFGNQPQ,1971
2034,26303,CASSIFGNQPQHF,GILGFVFTL,1,SIFGNQPQ,1971
2035,26304,CASSIFGNQPQHF,GILGFVFTL,1,SIFGNQPQ,1971
2036,26306,CASSIFGNQPQHF,GILGFVFTL,1,SIFGNQPQ,1971
2037,26308,CASSIFGNQPQHF,GILGFVFTL,1,SIFGNQPQ,1971
2038,26310,CASSIFGNQPQHF,GILGFVFTL,1,SIFGNQPQ,1971
2039,26311,CASSIFGNQPQHF,GILGFVFTL,1,SIFGNQPQ,1971
2040,26312,CASSIFGNQPQHF,GILGFVFTL,1,SIFGNQPQ,1971
2041,26315,CASSIFGNQPQHF,GILGFVFTL,1,SIFGNQPQ,1971
2042,26317,CASSIFGNQPQHF,GILGFVFTL,1,SIFGNQPQ,1971
2043,26319,CASSIFGNQPQHF,GILGFVFTL,1,SIFGNQPQ,1971
2044,26469,CASSIGAFGYTF,GILGFVFTL,1,SSIGAFGY,811
2045,26470,CASSIGAFGYTF,GILGFVFTL,1,SSIGAFGY,811
2046,26472,CASSIGAFGYTF,GILGFVFTL,1,SSIGAFGY,811
2047,26473,CASSIGAFGYTF,GILGFVFTL,1,SSIGAFGY,811
2048,26474,CASSIGAFGYTF,GILGFVFTL,1,SSIGAFGY,811
2049,26475,CASSIGAFGYTF,GILGFVFTL,1,SSIGAFGY,811
2050,26476,CASSIGAFGYTF,GILGFVFTL,1,SSIGAFGY,811
2051,26477,CASSIGAFGYTF,GILGFVFTL,1,SSIGAFGY,811
2052,26478,CASSIGAFGYTF,GILGFVFTL,1,SSIGAFGY,811
2053,26479,CASSIGAFGYTF,GILGFVFTL,1,SSIGAFGY,811
2054,26482,CASSIGAFGYTF,GILGFVFTL,1,SSIGAFGY,811
2055,26483,CASSIGAFGYTF,GILGFVFTL,1,SSIGAFGY,811
2056,26484,CASSIGAFGYTF,GILGFVFTL,1,SSIGAFGY,811
2057,26487,CASSIGAFGYTF,GILGFVFTL,1,SSIGAFGY,811
2058,26488,CASSIGAFGYTF,GILGFVFTL,1,SSIGAFGY,811
2059,26490,CASSIGAFGYTF,GILGFVFTL,1,SSIGAFGY,811
2060,26491,CASSIGAFGYTF,GILGFVFTL,1,SSIGAFGY,811
2061,26492,CASSIGAFGYTF,GILGFVFTL,1,SSIGAFGY,811
2062,26493,CASSIGAFGYTF,GILGFVFTL,1,SSIGAFGY,811
2063,26494,CASSIGAFGYTF,GILGFVFTL,1,SSIGAFGY,811
2064,26495,CASSIGAFGYTF,GILGFVFTL,1,SSIGAFGY,811
2065,26496,CASSIGAFGYTF,GILGFVFTL,1,SSIGAFGY,811
2066,26497,CASSIGAFGYTF,GILGFVFTL,1,SSIGAFGY,811
2067,26498,CASSIGAFGYTF,GILGFVFTL,1,SSIGAFGY,811
2068,26499,CASSIGAFGYTF,GILGFVFTL,1,SSIGAFGY,811
2069,26500,CASSIGAFGYTF,GILGFVFTL,1,SSIGAFGY,811
2070,26503,CASSIGAFGYTF,GILGFVFTL,1,SSIGAFGY,811
2071,26504,CASSIGAFGYTF,GILGFVFTL,1,SSIGAFGY,811
2072,26672,CASSPLLAGGTGELFF,GILGFVFTL,1,PLLAGGTG,2471
2073,26676,CASSPLLAGGTGELFF,GILGFVFTL,1,PLLAGGTG,2471
2074,26681,CASSPLLAGGTGELFF,GILGFVFTL,1,PLLAGGTG,2471
2075,26683,CASSVFFRSKLFF,GILGFVFTL,1,SVFFRSKL,4848
2076,26689,CASSPLLAGGTGELFF,GILGFVFTL,1,PLLAGGTG,2471
2077,26694,CASSTRSSYEQYF,GILGFVFTL,1,STRSSYEQ,5131
2078,26700,CASSIRSSYEQYF,GILGFVFTL,1,SIRSSYEQ,2985
2079,26701,CASSIRSTDTQYF,GILGFVFTL,1,SIRSTDTQ,3665
2080,26707,CASSVFFRSKLFF,GILGFVFTL,1,SVFFRSKL,4848
2081,26711,CASSPLLAGGTGELFF,GILGFVFTL,1,PLLAGGTG,2471
2082,26712,CASSVFFRSKLFF,GILGFVFTL,1,SVFFRSKL,4848
2083,26726,CASSPLLAGGTGELFF,GILGFVFTL,1,PLLAGGTG,2471
2084,26730,CASSQRSTDTQYF,GILGFVFTL,1,SQRSTDTQ,4601
2085,26732,CASSVFFRSKLFF,GILGFVFTL,1,SVFFRSKL,4848
2086,26748,CASSIRSSYEQYF,GILGFVFTL,1,SIRSSYEQ,2985
2087,26752,CASSIRSSYEQYF,GILGFVFTL,1,SIRSSYEQ,2985
2088,26764,CASSIRSSYEQYF,GILGFVFTL,1,SIRSSYEQ,2985
2089,26765,CASSIRSSYEQYF,GILGFVFTL,1,SIRSSYEQ,2985
2090,26766,CASSGRSTDTQYF,GILGFVFTL,1,SGRSTDTQ,2923
2091,26781,CASSIRSAYEQYF,GILGFVFTL,1,SIRSAYEQ,2115
2092,26792,CASSVFFRSKLFF,GILGFVFTL,1,SVFFRSKL,4848
2093,26793,CASSIRSSYEQYF,GILGFVFTL,1,SIRSSYEQ,2985
2094,26800,CASSIRSAYEQYF,GILGFVFTL,1,SIRSAYEQ,2115
2095,26801,CASSIRSSYEQYF,GILGFVFTL,1,SIRSSYEQ,2985
2096,26803,CASSVFFRSKLFF,GILGFVFTL,1,SVFFRSKL,4848
2097,26804,CASSIRSSYEQYF,GILGFVFTL,1,SIRSSYEQ,2985
2098,26810,CASSIRSSYEQYF,GILGFVFTL,1,SIRSSYEQ,2985
2099,26814,CASSIRSAYEQYF,GILGFVFTL,1,SIRSAYEQ,2115
2100,26818,CASSIRSSYEQYF,GILGFVFTL,1,SIRSSYEQ,2985
2101,26820,CASSIRSSYEQYF,GILGFVFTL,1,SIRSSYEQ,2985
2102,26823,CASSIRSSYEQYF,GILGFVFTL,1,SIRSSYEQ,2985
2103,26824,CASSIRSAYEQYF,GILGFVFTL,1,SIRSAYEQ,2115
2104,26832,CASSIRSAYEQYF,GILGFVFTL,1,SIRSAYEQ,2115
2105,26836,CASSIRSSYEQYF,GILGFVFTL,1,SIRSSYEQ,2985
2106,26837,CASSTRSSYEQYF,GILGFVFTL,1,STRSSYEQ,5131
2107,26838,CASSIRSSYEQYF,GILGFVFTL,1,SIRSSYEQ,2985
2108,26850,CASSIRSSYEQYF,GILGFVFTL,1,SIRSSYEQ,2985
2109,26857,CASSIRSSYEQYF,GILGFVFTL,1,SIRSSYEQ,2985
2110,26859,CASSVFFRSKLFF,GILGFVFTL,1,SVFFRSKL,4848
2111,26860,CASSIRSSYEQYF,GILGFVFTL,1,SIRSSYEQ,2985
2112,26870,CASSIRSSYEQYF,GILGFVFTL,1,SIRSSYEQ,2985
2113,26877,CASSSLGGWTEAFF,GILGFVFTL,1,SSLGGWTE,3654
2114,26878,CASSSLGGWTEAFF,GILGFVFTL,1,SSLGGWTE,3654
2115,26879,CASSMSGVPTDTQYF,GILGFVFTL,1,MSGVPTDT,356
2116,26880,CASSPWDSRFYGYTF,GILGFVFTL,1,PWDSRFYG,1977
2117,26881,CASSPGLGLDTQYF,GILGFVFTL,1,SPGLGLDT,4109
2118,26882,CASSTFDSNQPQHF,GILGFVFTL,1,STFDSNQP,2741
2119,26883,CASSSLGGWTEAFF,GILGFVFTL,1,SSLGGWTE,3654
2120,26884,CASSSLGGWTEAFF,GILGFVFTL,1,SSLGGWTE,3654
2121,26885,CASSSLGGWTEAFF,GILGFVFTL,1,SSLGGWTE,3654
2122,26886,CASSPWDSRFYGYTF,GILGFVFTL,1,PWDSRFYG,1977
2123,26887,CASSPWDSRFYGYTF,GILGFVFTL,1,PWDSRFYG,1977
2124,26888,CASSMGSGSYGEAFF,GILGFVFTL,1,MGSGSYGE,2126
2125,26889,CASTPTGVNEQFF,GILGFVFTL,1,TPTGVNEQ,3839
2126,26890,CASSMYGGSNQPQHF,GILGFVFTL,1,MYGGSNQP,1343
2127,26891,CASSSFGGRPQHF,GILGFVFTL,1,SSFGGRPQ,67
2128,26892,CASSSLGGWTEAFF,GILGFVFTL,1,SSLGGWTE,3654
2129,26893,CASSPWDSRFYGYTF,GILGFVFTL,1,PWDSRFYG,1977
2130,26895,CASSDTGVDEQFF,GILGFVFTL,1,SDTGVDEQ,3822
2131,26896,CASSDTGVDEQFF,GILGFVFTL,1,SDTGVDEQ,3822
2132,26897,CASSDTGVDEQFF,GILGFVFTL,1,SDTGVDEQ,3822
2133,26898,CASSDTGVDEQFF,GILGFVFTL,1,SDTGVDEQ,3822
2134,26899,CASSDTGVDEQFF,GILGFVFTL,1,SDTGVDEQ,3822
2135,26900,CASSDTGVDEQFF,GILGFVFTL,1,SDTGVDEQ,3822
2136,26901,CASSDTGVDEQFF,GILGFVFTL,1,SDTGVDEQ,3822
2137,26902,CASSDTGVDEQFF,GILGFVFTL,1,SDTGVDEQ,3822
2138,26903,CASSDTGVDEQFF,GILGFVFTL,1,SDTGVDEQ,3822
2139,26904,CASSDTGVDEQFF,GILGFVFTL,1,SDTGVDEQ,3822
2140,26905,CASSDTGVDEQFF,GILGFVFTL,1,SDTGVDEQ,3822
2141,26906,CASSDTGVDEQFF,GILGFVFTL,1,SDTGVDEQ,3822
2142,26907,CASSDTGVDEQFF,GILGFVFTL,1,SDTGVDEQ,3822
2143,26909,CASSDTGVDEQFF,GILGFVFTL,1,SDTGVDEQ,3822
2144,26910,CASSDTGVDEQFF,GILGFVFTL,1,SDTGVDEQ,3822
2145,26911,CASSDTGVDEQFF,GILGFVFTL,1,SDTGVDEQ,3822
2146,26912,CASSDTGVDEQFF,GILGFVFTL,1,SDTGVDEQ,3822
2147,26913,CASSDTGVDEQFF,GILGFVFTL,1,SDTGVDEQ,3822
2148,26914,CASSDTGVDEQFF,GILGFVFTL,1,SDTGVDEQ,3822
2149,26915,CASSDTGVDEQFF,GILGFVFTL,1,SDTGVDEQ,3822
2150,26916,CASSDTGVDEQFF,GILGFVFTL,1,SDTGVDEQ,3822
2151,26917,CASSDTGVDEQFF,GILGFVFTL,1,SDTGVDEQ,3822
2152,26918,CASSDTGVDEQFF,GILGFVFTL,1,SDTGVDEQ,3822
2153,26919,CASSDTGVDEQFF,GILGFVFTL,1,SDTGVDEQ,3822
2154,26920,CASSDTGVDEQFF,GILGFVFTL,1,SDTGVDEQ,3822
2155,26921,CASSDTGVDEQFF,GILGFVFTL,1,SDTGVDEQ,3822
2156,26922,CASSDTGVDEQFF,GILGFVFTL,1,SDTGVDEQ,3822
2157,26923,CASSDTGVDEQFF,GILGFVFTL,1,SDTGVDEQ,3822
2158,26924,CASSDTGVDEQFF,GILGFVFTL,1,SDTGVDEQ,3822
2159,26925,CASSDTGVDEQFF,GILGFVFTL,1,SDTGVDEQ,3822
2160,26926,CASSDTGVDEQFF,GILGFVFTL,1,SDTGVDEQ,3822
2161,26927,CASSDTGVDEQFF,GILGFVFTL,1,SDTGVDEQ,3822
2162,26928,CASSDTGVDEQFF,GILGFVFTL,1,SDTGVDEQ,3822
2163,26929,CASSDTGVDEQFF,GILGFVFTL,1,SDTGVDEQ,3822
2164,26931,CASSDTGVDEQFF,GILGFVFTL,1,SDTGVDEQ,3822
2165,26932,CASSDTGVDEQFF,GILGFVFTL,1,SDTGVDEQ,3822
2166,26935,CASSSLGGWTEAFF,GILGFVFTL,1,SSLGGWTE,3654
2167,26938,CASSSLGGWTEAFF,GILGFVFTL,1,SSLGGWTE,3654
2168,26956,CASSSLGGWTEAFF,GILGFVFTL,1,SSLGGWTE,3654
2169,26967,CASSPWDSRFYGYTF,GILGFVFTL,1,PWDSRFYG,1977
2170,26969,CASSSLGGWTEAFF,GILGFVFTL,1,SSLGGWTE,3654
2171,26971,CASSSLGGWTEAFF,GILGFVFTL,1,SSLGGWTE,3654
2172,26973,CASSPWDSRFYGYTF,GILGFVFTL,1,PWDSRFYG,1977
2173,26982,CASSMSGVPTDTQYF,GILGFVFTL,1,MSGVPTDT,356
2174,26984,CASSSLGGWTEAFF,GILGFVFTL,1,SSLGGWTE,3654
2175,26986,CASSIRSTGELFF,GILGFVFTL,1,SIRSTGEL,862
2176,26988,CASSIRASYEQYF,GILGFVFTL,1,SIRASYEQ,5255
2177,26990,CASSIRASYEQYF,GILGFVFTL,1,SIRASYEQ,5255
2178,26993,CASSIRASYEQYF,GILGFVFTL,1,SIRASYEQ,5255
2179,26994,CASSIGVYGYTF,GILGFVFTL,1,SSIGVYGY,741
2180,26997,CASSIRASYEQYF,GILGFVFTL,1,SIRASYEQ,5255
2181,27006,CASSIRASYEQYF,GILGFVFTL,1,SIRASYEQ,5255
2182,27007,CASSIRSSYEQYF,GILGFVFTL,1,SIRSSYEQ,2985
2183,27008,CASSIGVYGYTF,GILGFVFTL,1,SSIGVYGY,741
2184,27009,CASSISSTGELFF,GILGFVFTL,1,SISSTGEL,3082
2185,27012,CASSIRASYEQYF,GILGFVFTL,1,SIRASYEQ,5255
2186,27017,CASSIRSSYEQYF,GILGFVFTL,1,SIRSSYEQ,2985
2187,27019,CASSIRASYEQYF,GILGFVFTL,1,SIRASYEQ,5255
2188,27020,CASSIRSTGELFF,GILGFVFTL,1,SIRSTGEL,862
2189,27021,CASSIRSSYEQYF,GILGFVFTL,1,SIRSSYEQ,2985
2190,27024,CASSISSTGELFF,GILGFVFTL,1,SISSTGEL,3082
2191,27026,CASSIRSSYEQYF,GILGFVFTL,1,SIRSSYEQ,2985
2192,27027,CASSIRSTGELFF,GILGFVFTL,1,SIRSTGEL,862
2193,27029,CASSISSTGELFF,GILGFVFTL,1,SISSTGEL,3082
2194,27030,CASSIRSSYEQYF,GILGFVFTL,1,SIRSSYEQ,2985
2195,27032,CASSIRASYEQYF,GILGFVFTL,1,SIRASYEQ,5255
2196,27033,CASSIRASYEQYF,GILGFVFTL,1,SIRASYEQ,5255
2197,27034,CASSISSTGELFF,GILGFVFTL,1,SISSTGEL,3082
2198,27036,CASSISSTGELFF,GILGFVFTL,1,SISSTGEL,3082
2199,27039,CASSIRSSYEQYF,GILGFVFTL,1,SIRSSYEQ,2985
2200,27040,CASSISSTGELFF,GILGFVFTL,1,SISSTGEL,3082
2201,27043,CASSIRSSYEQYF,GILGFVFTL,1,SIRSSYEQ,2985
2202,27044,CASSISSTGELFF,GILGFVFTL,1,SISSTGEL,3082
2203,27047,CASSIRASYEQYF,GILGFVFTL,1,SIRASYEQ,5255
2204,27050,CASSISSTGELFF,GILGFVFTL,1,SISSTGEL,3082
2205,27052,CASSIRSSYEQYF,GILGFVFTL,1,SIRSSYEQ,2985
2206,27055,CASSIRSSYEQYF,GILGFVFTL,1,SIRSSYEQ,2985
2207,27056,CASSIGVYGYTF,GILGFVFTL,1,SSIGVYGY,741
2208,27057,CASSIRSSYEQYF,GILGFVFTL,1,SIRSSYEQ,2985
2209,27060,CASSIRSSYEQYF,GILGFVFTL,1,SIRSSYEQ,2985
2210,27065,CASSGRAAGELFF,GILGFVFTL,1,SGRAAGEL,1208
2211,27067,CASSIGVYGYTF,GILGFVFTL,1,SSIGVYGY,741
2212,27072,CASSIRASYEQYF,GILGFVFTL,1,SIRASYEQ,5255
2213,27073,CASSISSTGELFF,GILGFVFTL,1,SISSTGEL,3082
2214,27078,CASSGRSTDTQYF,GILGFVFTL,1,SGRSTDTQ,2923
2215,27083,CASSIRSSYEQYF,GILGFVFTL,1,SIRSSYEQ,2985
2216,27085,CASSIRSSYEQYF,GILGFVFTL,1,SIRSSYEQ,2985
2217,27086,CASSIRSSYEQYF,GILGFVFTL,1,SIRSSYEQ,2985
2218,27087,CASSIRASYEQYF,GILGFVFTL,1,SIRASYEQ,5255
2219,27089,CASSIRASYEQYF,GILGFVFTL,1,SIRASYEQ,5255
2220,27093,CASSIRASYEQYF,GILGFVFTL,1,SIRASYEQ,5255
2221,27094,CASSISSTGELFF,GILGFVFTL,1,SISSTGEL,3082
2222,27095,CASSIGVYGYTF,GILGFVFTL,1,SSIGVYGY,741
2223,27096,CASSIRASYEQYF,GILGFVFTL,1,SIRASYEQ,5255
2224,27097,CASSIRASYEQYF,GILGFVFTL,1,SIRASYEQ,5255
2225,27098,CASSIRASYEQYF,GILGFVFTL,1,SIRASYEQ,5255
2226,27099,CASSIRASYEQYF,GILGFVFTL,1,SIRASYEQ,5255
2227,27100,CASSIRSSYEQYF,GILGFVFTL,1,SIRSSYEQ,2985
2228,27104,CASSIRASYEQYF,GILGFVFTL,1,SIRASYEQ,5255
2229,27107,CASSIRSSYEQYF,GILGFVFTL,1,SIRSSYEQ,2985
2230,27108,CASSIRSSYEQYF,GILGFVFTL,1,SIRSSYEQ,2985
2231,27109,CASSIRSSYEQYF,GILGFVFTL,1,SIRSSYEQ,2985
2232,27110,CASSISSTGELFF,GILGFVFTL,1,SISSTGEL,3082
2233,27111,CASSIRASYEQYF,GILGFVFTL,1,SIRASYEQ,5255
2234,27112,CASSIRSSYEQYF,GILGFVFTL,1,SIRSSYEQ,2985
2235,27114,CASSIRSSYEQYF,GILGFVFTL,1,SIRSSYEQ,2985
2236,27115,CASSIRSSYEQYF,GILGFVFTL,1,SIRSSYEQ,2985
2237,27116,CASSIRASYEQYF,GILGFVFTL,1,SIRASYEQ,5255
2238,27117,CASSISSTGELFF,GILGFVFTL,1,SISSTGEL,3082
2239,27119,CASSIRSSYEQYF,GILGFVFTL,1,SIRSSYEQ,2985
2240,27123,CASSIRASYEQYF,GILGFVFTL,1,SIRASYEQ,5255
2241,27125,CASSISSTGELFF,GILGFVFTL,1,SISSTGEL,3082
2242,27131,CASSIRSSYEQYF,GILGFVFTL,1,SIRSSYEQ,2985
2243,27132,CASSIRSSYEQYF,GILGFVFTL,1,SIRSSYEQ,2985
2244,27138,CASSIRASYEQYF,GILGFVFTL,1,SIRASYEQ,5255
2245,27139,CASSISSTGELFF,GILGFVFTL,1,SISSTGEL,3082
2246,27143,CASSIRSSYEQYF,GILGFVFTL,1,SIRSSYEQ,2985
2247,27146,CASSIGSYGYTF,GILGFVFTL,1,SSIGSYGY,94
2248,27147,CASSIRSSYEQYF,GILGFVFTL,1,SIRSSYEQ,2985
2249,27154,CASSIRASYEQYF,GILGFVFTL,1,SIRASYEQ,5255
2250,27161,CASSIRSSYEQYF,GILGFVFTL,1,SIRSSYEQ,2985
2251,27165,CASSIGVYGYTF,GILGFVFTL,1,SSIGVYGY,741
2252,27168,CASSIRSSYEQYF,GILGFVFTL,1,SIRSSYEQ,2985
2253,27170,CASSIGVYGYTF,GILGFVFTL,1,SSIGVYGY,741
2254,27175,CASSIGVYGYTF,GILGFVFTL,1,SSIGVYGY,741
2255,27180,CASSIRASYEQYF,GILGFVFTL,1,SIRASYEQ,5255
2256,27184,CASSGRSTDTQYF,GILGFVFTL,1,SGRSTDTQ,2923
2257,27185,CASSGRAAGELFF,GILGFVFTL,1,SGRAAGEL,1208
2258,27186,CASSIRASYEQYF,GILGFVFTL,1,SIRASYEQ,5255
2259,27187,CASSISSTGELFF,GILGFVFTL,1,SISSTGEL,3082
2260,27188,CASSIRSSYEQYF,GILGFVFTL,1,SIRSSYEQ,2985
2261,27200,CASSIRASYEQYF,GILGFVFTL,1,SIRASYEQ,5255
2262,27206,CASSIRSSYEQYF,GILGFVFTL,1,SIRSSYEQ,2985
2263,27207,CASSISSTGELFF,GILGFVFTL,1,SISSTGEL,3082
2264,27209,CASSIRSSYEQYF,GILGFVFTL,1,SIRSSYEQ,2985
2265,27211,CASSIRSSYEQYF,GILGFVFTL,1,SIRSSYEQ,2985
2266,27213,CASSISSTGELFF,GILGFVFTL,1,SISSTGEL,3082
2267,27214,CASSIRASYEQYF,GILGFVFTL,1,SIRASYEQ,5255
2268,27215,CASSISSTGELFF,GILGFVFTL,1,SISSTGEL,3082
2269,27223,CASSISSTGELFF,GILGFVFTL,1,SISSTGEL,3082
2270,27229,CASSIRASYEQYF,GILGFVFTL,1,SIRASYEQ,5255
2271,27231,CASSIGVYGYTF,GILGFVFTL,1,SSIGVYGY,741
2272,27240,CASSIRASYEQYF,GILGFVFTL,1,SIRASYEQ,5255
2273,27241,CASSVRSSYEQYF,GILGFVFTL,1,SVRSSYEQ,4744
2274,27243,CASSISSTGELFF,GILGFVFTL,1,SISSTGEL,3082
2275,27251,CASSISSTGELFF,GILGFVFTL,1,SISSTGEL,3082
2276,27258,CASSIRASYEQYF,GILGFVFTL,1,SIRASYEQ,5255
2277,27259,CASSIRSSYEQYF,GILGFVFTL,1,SIRSSYEQ,2985
2278,27260,CASSISSTGELFF,GILGFVFTL,1,SISSTGEL,3082
2279,27262,CASSIRASYEQYF,GILGFVFTL,1,SIRASYEQ,5255
2280,27265,CASSISSTGELFF,GILGFVFTL,1,SISSTGEL,3082
2281,27273,CASSIGVYGYTF,GILGFVFTL,1,SSIGVYGY,741
2282,27276,CASSISSTGELFF,GILGFVFTL,1,SISSTGEL,3082
2283,27281,CASSIRSSYEQYF,GILGFVFTL,1,SIRSSYEQ,2985
2284,27285,CASSISSTGELFF,GILGFVFTL,1,SISSTGEL,3082
2285,27286,CASSIRASYEQYF,GILGFVFTL,1,SIRASYEQ,5255
2286,27288,CASSISSTGELFF,GILGFVFTL,1,SISSTGEL,3082
2287,27289,CASSISSTGELFF,GILGFVFTL,1,SISSTGEL,3082
2288,27291,CASSISSTGELFF,GILGFVFTL,1,SISSTGEL,3082
2289,27293,CASSIRSSYEQYF,GILGFVFTL,1,SIRSSYEQ,2985
2290,27297,CASSIRASYEQYF,GILGFVFTL,1,SIRASYEQ,5255
2291,27298,CASSIRSSYEQYF,GILGFVFTL,1,SIRSSYEQ,2985
2292,27300,CASSIRSSYEQYF,GILGFVFTL,1,SIRSSYEQ,2985
2293,27303,CASSIRSSYEQYF,GILGFVFTL,1,SIRSSYEQ,2985
2294,27307,CASSIRASYEQYF,GILGFVFTL,1,SIRASYEQ,5255
2295,27310,CASSIRSSYEQYF,GILGFVFTL,1,SIRSSYEQ,2985
2296,27313,CASSIRSSYEQYF,GILGFVFTL,1,SIRSSYEQ,2985
2297,27315,CASSIRASYEQYF,GILGFVFTL,1,SIRASYEQ,5255
2298,27316,CASSIRSSYEQYF,GILGFVFTL,1,SIRSSYEQ,2985
2299,27319,CASSIRASYEQYF,GILGFVFTL,1,SIRASYEQ,5255
2300,27324,CASSLGTVYEQYF,GILGFVFTL,1,SLGTVYEQ,1253
2301,27335,CASSIRSSYEQYF,GILGFVFTL,1,SIRSSYEQ,2985
2302,27336,CASSIRSSYEQYF,GILGFVFTL,1,SIRSSYEQ,2985
2303,27337,CASSLGTVYEQYF,GILGFVFTL,1,SLGTVYEQ,1253
2304,27346,CASSIRSSYEQYF,GILGFVFTL,1,SIRSSYEQ,2985
2305,27350,CASSIRSSYEQYF,GILGFVFTL,1,SIRSSYEQ,2985
2306,27354,CASSIRSSYEQYF,GILGFVFTL,1,SIRSSYEQ,2985
2307,27357,CASSMGSYGYTF,GILGFVFTL,1,SSMGSYGY,204
2308,27359,CASSIRSSYEQYF,GILGFVFTL,1,SIRSSYEQ,2985
2309,27360,CASSIRSSYEQYF,GILGFVFTL,1,SIRSSYEQ,2985
2310,27361,CASSIRSSYEQYF,GILGFVFTL,1,SIRSSYEQ,2985
2311,27365,CASSIGSYGYTF,GILGFVFTL,1,SSIGSYGY,94
2312,27366,CASSIRSSYEQYF,GILGFVFTL,1,SIRSSYEQ,2985
2313,27367,CASSIGSYGYTF,GILGFVFTL,1,SSIGSYGY,94
2314,27368,CASSIGSYGYTF,GILGFVFTL,1,SSIGSYGY,94
2315,27372,CASSIRSSYEQYF,GILGFVFTL,1,SIRSSYEQ,2985
2316,27375,CASSIRSSYEQYF,GILGFVFTL,1,SIRSSYEQ,2985
2317,27379,CASSLGTVYEQYF,GILGFVFTL,1,SLGTVYEQ,1253
2318,27382,CASSIRSSYEQYF,GILGFVFTL,1,SIRSSYEQ,2985
2319,27389,CASSIRSSYEQYF,GILGFVFTL,1,SIRSSYEQ,2985
2320,27391,CASSIRSSYEQYF,GILGFVFTL,1,SIRSSYEQ,2985
2321,27406,CASSIRSSYEQYF,GILGFVFTL,1,SIRSSYEQ,2985
2322,27415,CASSIRSSYEQYF,GILGFVFTL,1,SIRSSYEQ,2985
2323,27421,CASSIRSSYEQYF,GILGFVFTL,1,SIRSSYEQ,2985
2324,27422,CASSIRSSYEQYF,GILGFVFTL,1,SIRSSYEQ,2985
2325,27423,CASSIRSSYEQYF,GILGFVFTL,1,SIRSSYEQ,2985
2326,27425,CASSIRSSYEQYF,GILGFVFTL,1,SIRSSYEQ,2985
2327,27426,CASSIRSSYEQYF,GILGFVFTL,1,SIRSSYEQ,2985
2328,27429,CASSIRSSYEQYF,GILGFVFTL,1,SIRSSYEQ,2985
2329,27433,CASSIRSSYEQYF,GILGFVFTL,1,SIRSSYEQ,2985
2330,27435,CASSIRSSYEQYF,GILGFVFTL,1,SIRSSYEQ,2985
2331,27440,CASSIRSSYEQYF,GILGFVFTL,1,SIRSSYEQ,2985
2332,27448,CASSIRSSYEQYF,GILGFVFTL,1,SIRSSYEQ,2985
2333,27449,CASSIRSSYEQYF,GILGFVFTL,1,SIRSSYEQ,2985
2334,27455,CASSIRSSYEQYF,GILGFVFTL,1,SIRSSYEQ,2985
2335,27458,CASSIRSSYEQYF,GILGFVFTL,1,SIRSSYEQ,2985
2336,27459,CASSIRSSYEQYF,GILGFVFTL,1,SIRSSYEQ,2985
2337,27469,CASSIRSSYEQYF,GILGFVFTL,1,SIRSSYEQ,2985
2338,27475,CASSIRSSYEQYF,GILGFVFTL,1,SIRSSYEQ,2985
2339,27478,CASSIRSSYEQYF,GILGFVFTL,1,SIRSSYEQ,2985
2340,27480,CASSIRSSYEQYF,GILGFVFTL,1,SIRSSYEQ,2985
2341,27483,CASSIRSSYEQYF,GILGFVFTL,1,SIRSSYEQ,2985
2342,27500,CASSIRSSYEQYF,GILGFVFTL,1,SIRSSYEQ,2985
2343,27506,CASSIRSSYEQYF,GILGFVFTL,1,SIRSSYEQ,2985
2344,27513,CASSIRSSYEQYF,GILGFVFTL,1,SIRSSYEQ,2985
2345,27522,CASSIRSSYEQYF,GILGFVFTL,1,SIRSSYEQ,2985
2346,27523,CASSIRSAYEQYF,GILGFVFTL,1,SIRSAYEQ,2115
2347,27529,CASSTRSSYEQYF,GILGFVFTL,1,STRSSYEQ,5131
2348,27530,CASSIRSSYEQYF,GILGFVFTL,1,SIRSSYEQ,2985
2349,27533,CASSIRSSYEQYF,GILGFVFTL,1,SIRSSYEQ,2985
2350,27559,CASSIRSAYEQYF,GILGFVFTL,1,SIRSAYEQ,2115
2351,27564,CASSTGAYGYTF,GILGFVFTL,1,SSTGAYGY,2546
2352,27581,CASSIRSAYEQYF,GILGFVFTL,1,SIRSAYEQ,2115
2353,27583,CASSTGAYGYTF,GILGFVFTL,1,SSTGAYGY,2546
2354,27586,CASSIRSAYEQYF,GILGFVFTL,1,SIRSAYEQ,2115
2355,27589,CASSTGAYGYTF,GILGFVFTL,1,SSTGAYGY,2546
2356,27592,CASSIRSSYEQYF,GILGFVFTL,1,SIRSSYEQ,2985
2357,27655,CASSIRSSYEQYF,GILGFVFTL,1,SIRSSYEQ,2985
2358,27658,CASSIRSSYEQYF,GILGFVFTL,1,SIRSSYEQ,2985
2359,27686,CASSIRSAYEQYF,GILGFVFTL,1,SIRSAYEQ,2115
2360,27687,CASSIRSSYEQYF,GILGFVFTL,1,SIRSSYEQ,2985
2361,27699,CASSIRSAYEQYF,GILGFVFTL,1,SIRSAYEQ,2115
2362,27706,CASSIRSSYEQYF,GILGFVFTL,1,SIRSSYEQ,2985
2363,27745,CASSGRSTDTQYF,GILGFVFTL,1,SGRSTDTQ,2923
2364,27843,CASSMGSYGYTF,GILGFVFTL,1,SSMGSYGY,204
2365,27904,CASSTGAYGYTF,GILGFVFTL,1,SSTGAYGY,2546
2366,27919,CASSTGAYGYTF,GILGFVFTL,1,SSTGAYGY,2546
2367,27930,CASSTGAYGYTF,GILGFVFTL,1,SSTGAYGY,2546
2368,27944,CASSTGAYGYTF,GILGFVFTL,1,SSTGAYGY,2546
2369,28007,CASSIRSAYEQYF,GILGFVFTL,1,SIRSAYEQ,2115
2370,28010,CASSIRSSYEQYF,GILGFVFTL,1,SIRSSYEQ,2985
2371,28013,CASSIRSAYEQYF,GILGFVFTL,1,SIRSAYEQ,2115
2372,28020,CASSIRSSYEQYF,GILGFVFTL,1,SIRSSYEQ,2985
2373,28021,CASSIRSAYEQYF,GILGFVFTL,1,SIRSAYEQ,2115
2374,28024,CASSIRSAYEQYF,GILGFVFTL,1,SIRSAYEQ,2115
2375,28025,CASSIRSSYEQYF,GILGFVFTL,1,SIRSSYEQ,2985
2376,28030,CASSTRSSYEQYF,GILGFVFTL,1,STRSSYEQ,5131
2377,28034,CASSIRSAYEQYF,GILGFVFTL,1,SIRSAYEQ,2115
2378,28040,CASSIRSAYEQYF,GILGFVFTL,1,SIRSAYEQ,2115
2379,28050,CASSIRSSYEQYF,GILGFVFTL,1,SIRSSYEQ,2985
2380,28051,CASSIRSSYEQYF,GILGFVFTL,1,SIRSSYEQ,2985
2381,28057,CASSIRSSYEQYF,GILGFVFTL,1,SIRSSYEQ,2985
2382,28058,CASSIRSSYEQYF,GILGFVFTL,1,SIRSSYEQ,2985
2383,28065,CASSIRSAYEQYF,GILGFVFTL,1,SIRSAYEQ,2115
2384,28066,CASSIRSSYEQYF,GILGFVFTL,1,SIRSSYEQ,2985
2385,28072,CASSIRSSYEQYF,GILGFVFTL,1,SIRSSYEQ,2985
2386,28074,CASSIVVLGGELFF,GILGFVFTL,1,SIVVLGGE,1140
2387,28083,CASSIVVLGGELFF,GILGFVFTL,1,SIVVLGGE,1140
2388,28089,CASSIRSAYEQYF,GILGFVFTL,1,SIRSAYEQ,2115
2389,28105,CASSIRSSYEQYF,GILGFVFTL,1,SIRSSYEQ,2985
2390,28121,CASSIRSAYEQYF,GILGFVFTL,1,SIRSAYEQ,2115
2391,28125,CASSIRSSYEQYF,GILGFVFTL,1,SIRSSYEQ,2985
2392,28127,CASSIRSSYEQYF,GILGFVFTL,1,SIRSSYEQ,2985
2393,28128,CASSIRSSYEQYF,GILGFVFTL,1,SIRSSYEQ,2985
2394,28129,CASSIRSSYEQYF,GILGFVFTL,1,SIRSSYEQ,2985
2395,28132,CASSIRSAYEQYF,GILGFVFTL,1,SIRSAYEQ,2115
2396,28138,CASSIRSSYEQYF,GILGFVFTL,1,SIRSSYEQ,2985
2397,28141,CASSIRSSYEQYF,GILGFVFTL,1,SIRSSYEQ,2985
2398,28146,CASSIRSAYEQYF,GILGFVFTL,1,SIRSAYEQ,2115
2399,28152,CASSIRSAYEQYF,GILGFVFTL,1,SIRSAYEQ,2115
2400,28153,CASSIRSSYEQYF,GILGFVFTL,1,SIRSSYEQ,2985
2401,28154,CASSIRSAYEQYF,GILGFVFTL,1,SIRSAYEQ,2115
2402,28158,CASSIRSAYEQYF,GILGFVFTL,1,SIRSAYEQ,2115
2403,28161,CASSIRSAYEQYF,GILGFVFTL,1,SIRSAYEQ,2115
2404,28181,CASSIRSSYEQYF,GILGFVFTL,1,SIRSSYEQ,2985
2405,28193,CASSIRSAYEQYF,GILGFVFTL,1,SIRSAYEQ,2115
2406,28197,CASSIRSSYEQYF,GILGFVFTL,1,SIRSSYEQ,2985
2407,28200,CASSIRSSYEQYF,GILGFVFTL,1,SIRSSYEQ,2985
2408,28207,CASSIRSAYEQYF,GILGFVFTL,1,SIRSAYEQ,2115
2409,28217,CASSIVVLGGELFF,GILGFVFTL,1,SIVVLGGE,1140
2410,28223,CASSIRSAYEQYF,GILGFVFTL,1,SIRSAYEQ,2115
2411,28230,CASSTGAYGYTF,GILGFVFTL,1,SSTGAYGY,2546
2412,28235,CASSFGSGNNEQFF,GILGFVFTL,1,SFGSGNNE,1849
2413,28237,CASSIVVLGGELFF,GILGFVFTL,1,SIVVLGGE,1140
2414,28238,CASSIVVLGGELFF,GILGFVFTL,1,SIVVLGGE,1140
2415,28243,CASSFGSGNNEQFF,GILGFVFTL,1,SFGSGNNE,1849
2416,28244,CASSIVVLGGELFF,GILGFVFTL,1,SIVVLGGE,1140
2417,28247,CASSIVVLGGELFF,GILGFVFTL,1,SIVVLGGE,1140
2418,28248,CASSIVVLGGELFF,GILGFVFTL,1,SIVVLGGE,1140
2419,28249,CASSIRSTGELFF,GILGFVFTL,1,SIRSTGEL,862
2420,28252,CASSIVVLGGELFF,GILGFVFTL,1,SIVVLGGE,1140
2421,28256,CASSFEETQYF,TAAQAAVVRFQEAAN,2,SSFEETQY,1040
2422,28257,CASSPEETQYF,TAAQAAVVRFQEAAN,3,SSPEETQY,2063
2423,28258,CASSLEETQYF,TAAQAAVVRFQEAAN,2,SSLEETQY,4461
2424,28259,CASSVALAGAEYF,MHVSFVMAYPEMLAA,2,SVALAGAE,992
2425,28260,CASSVALASGANVLTF,MHVSFVMAYPEMLAA,2,VALASGAN,4668
2426,28261,CASSVALQGVHTQYF,MHVSFVMAYPEMLAA,2,VALQGVHT,4373
2427,28262,CASSVALATGEQYF,MHVSFVMAYPEMLAA,2,SVALATGE,1771
2428,28263,CASSLIEGGTEAFF,PSPSMGRDIKVQFQS,2,SLIEGGTE,1114
2429,28264,CASSLIEGLEQYF,PSPSMGRDIKVQFQS,2,SLIEGLEQ,3754
2430,28265,CASSLIENTEAFF,PSPSMGRDIKVQFQS,2,SLIENTEA,4565
2431,28266,CASSLIEQQPQHF,PSPSMGRDIKVQFQS,2,SLIEQQPQ,2475
2432,28267,CASSLGQGHYNEQFF,MSQIMYNYPAMLGHA,2,LGQGHYNE,2093
2433,28268,CASSPGQGHYNEQFF,MSQIMYNYPAMLGHA,2,PGQGHYNE,401
2434,28269,CSARAGGGEAKNIQYF,AAVVRFQEAANKQKQ,2,AGGGEAKN,2958
2435,28270,CSARASGGEAKNIQYF,AAVVRFQEAANKQKQ,2,ASGGEAKN,1505
2436,28271,CSARKQGNEQFF,PPQIAANRSQLISLV,2,ARKQGNEQ,587
2437,28272,CSARGQGNEQYF,PPQIAANRSQLISLV,2,ARGQGNEQ,5580
2438,28273,CASSPGTESNQPQHF,STRQALRPRADGPVG,2,PGTESNQP,2884
2439,28274,CASSFGTESNQPQHF,STRQALRPRADGPVG,2,FGTESNQP,2539
2440,28275,CASSLGTESNQPQHF,STRQALRPRADGPVG,2,LGTESNQP,5115
2441,28276,CAISFVTESNQPQHF,STRQALRPRADGPVG,2,FVTESNQP,1188
2442,28277,CASSFVTESNQPQHF,STRQALRPRADGPVG,2,FVTESNQP,1188
2443,28278,CASSPGTESNSPLHF,STRQALRPRADGPVG,2,PGTESNSP,986
2444,28279,CASSRGTESNTEAFF,STRQALRPRADGPVG,2,RGTESNTE,657
2445,28280,CASSSGTESNQPQHF,STRQALRPRADGPVG,2,SGTESNQP,701
2446,28281,CASSTGTESNQPQHF,STRQALRPRADGPVG,2,TGTESNQP,1228
2447,28282,CASTGGTESNQPQHF,STRQALRPRADGPVG,2,GGTESNQP,3458
2448,28283,CASSLRSRGYEQYF,LTDEQRAAALEKAAA,2,SLRSRGYE,599
2449,28284,CASSLRSRSYEQYF,LTDEQRAAALEKAAA,2,SLRSRSYE,3097
2450,28285,CASSLRSRAYEQYF,LTDEQRAAALEKAAA,2,SLRSRAYE,1491
2451,28286,CASSPDIEQYF,YLQPRTFLL,1,SSPDIEQY,631
2452,28287,CSVTWDRNTGELFF,YLQPRTFLL,1,TWDRNTGE,3219
2453,28288,CASSDLNTGELFF,YLQPRTFLL,1,SDLNTGEL,3038
2454,28305,CSARGLAEANTGELFF,YLQPRTFLL,1,GLAEANTG,987
2455,28327,CSARDPSGVKLFF,YLQPRTFLL,1,RDPSGVKL,2499
2456,28328,CASSYPTGEGQETQYF,YLQPRTFLL,1,YPTGEGQE,4110
2457,28329,CASSPTGGGNTGELFF,YLQPRTFLL,1,PTGGGNTG,49
2458,28330,CSARGLAEANTGELFF,YLQPRTFLL,1,GLAEANTG,987
2459,28344,CASSDSYGYTF,YLQPRTFLL,1,SSDSYGYT,3360
2460,28347,CSARDPSGVKLFF,YLQPRTFLL,1,RDPSGVKL,2499
2461,28348,CSARGLAEANTGELFF,YLQPRTFLL,1,GLAEANTG,987
2462,28349,CASSYPTGEGQETQYF,YLQPRTFLL,1,YPTGEGQE,4110
2463,28350,CASSAGVSGEQYF,YLQPRTFLL,1,SAGVSGEQ,181
2464,28351,CASSFARAQADTQYF,YLQPRTFLL,1,FARAQADT,3244
2465,28352,CASRDGRESYEQYF,YLQPRTFLL,1,RDGRESYE,5332
2466,28353,CAGQVTNTGELFF,YLQPRTFLL,1,QVTNTGEL,3739
2467,28354,CASSIGDEQYF,YLQPRTFLL,1,SSIGDEQY,2591
2468,28355,CASQDTNTGELFF,YLQPRTFLL,1,QDTNTGEL,2497
2469,28356,CASSDRGRSYEQYF,YLQPRTFLL,1,SDRGRSYE,103
2470,28357,CASSQVESADTQYF,YLQPRTFLL,1,SQVESADT,126
2471,28358,CGELAQNTGELFF,YLQPRTFLL,1,LAQNTGEL,2492
2472,28359,CASSPDIDQFF,YLQPRTFLL,1,SSPDIDQF,2991
2473,28360,CASSLAGPNEQFF,YLQPRTFLL,1,SLAGPNEQ,1305
2474,28361,CASNNANTGELFF,YLQPRTFLL,1,NNANTGEL,2769
2475,28362,CSARWGLLVNTGELFF,YLQPRTFLL,1,WGLLVNTG,2009
2476,28363,CASSPDIEQYF,YLQPRTFLL,1,SSPDIEQY,631
2477,28364,CASSPDIEQYF,YLQPRTFLL,1,SSPDIEQY,631
2478,28365,CASSLDIEQYF,YLQPRTFLL,1,SSLDIEQY,4965
2479,28366,CASSVEPGWDEQYF,YLQPRTFLL,1,SVEPGWDE,1069
2480,28388,CASSDLDTGELFF,YLQPRTFLL,1,SDLDTGEL,3486
2481,28417,CATTEGVAGELFF,YLQPRTFLL,1,TEGVAGEL,2297
2482,28422,CASRQLAGFYEQYF,SPRWYFYYL,1,RQLAGFYE,4561
2483,28428,CASSVSGGAYNEQFF,SPRWYFYYL,1,VSGGAYNE,4329
2484,28437,CASRQLAGFYEQYF,SPRWYFYYL,1,RQLAGFYE,4561
2485,28438,CSARGGFRSGGGTDEQFF,SPRWYFYYL,1,GFRSGGGT,1474
2486,28455,CSVDALLGAYTQYF,SPRWYFYYL,1,DALLGAYT,4871
2487,28456,CSATDRAASYNSPLHF,SPRWYFYYL,1,DRAASYNS,492
2488,28457,CASRGGGTEAFF,SPRWYFYYL,1,SRGGGTEA,471
2489,28458,CASSTLGTADKLNYGYTF,SPRWYFYYL,1,LGTADKLN,583
2490,28459,CASSSLTGQSQETQYF,SPRWYFYYL,1,SLTGQSQE,4411
2491,28484,CASSLETGRNIQYF,SPRWYFYYL,1,SLETGRNI,2091
2492,28485,CSVVPLMGGYEQYF,SPRWYFYYL,1,VPLMGGYE,4040
2493,28486,CASSSKPGGDYNEQFF,SPRWYFYYL,1,SKPGGDYN,1089
2494,28487,CASNPLAGEFTAKNIQYF,SPRWYFYYL,1,LAGEFTAK,1385
2495,28519,CSVVPLAGPYEQYF,SPRWYFYYL,1,VPLAGPYE,1328
2496,28541,CSVVPLAGPYEQYF,SPRWYFYYL,1,VPLAGPYE,1328
2497,28547,CSVVPLAGPYEQYF,SPRWYFYYL,1,VPLAGPYE,1328
2498,28548,CSVVPLAGPYEQYF,SPRWYFYYL,1,VPLAGPYE,1328
2499,28551,CASSPTDNF,SPRWYFYYL,1,ASSPTDNF,4327
2500,28552,CASSETGGYEQYF,NYNYLYRLF,1,SETGGYEQ,5411
2501,28553,CASSESQGYEQYF,NYNYLYRLF,1,SESQGYEQ,1511
2502,28554,CASSEGQGYEQFF,NYNYLYRLF,1,SEGQGYEQ,4811
2503,28555,CASSEGQGYEQFF,NYNYLYRLF,1,SEGQGYEQ,4811
2504,28556,CASSEGQGYEQYF,NYNYLYRLF,1,SEGQGYEQ,4811
2505,28557,CASSETGGYEQYF,NYNYLYRLF,1,SETGGYEQ,5411
2506,28558,CASSLASGYEQYF,NYNYLYRLF,1,SLASGYEQ,3483
2507,28559,CASSETGGYEQYF,NYNYLYRLF,1,SETGGYEQ,5411
2508,28560,CASSEFRSYEQYF,NYNYLYRLF,1,SEFRSYEQ,983
2509,28561,CASSERTGYEQYF,NYNYLYRLF,1,SERTGYEQ,5251
2510,28562,CASSLLGGYEQYF,NYNYLYRLF,1,SLLGGYEQ,1616
2511,28563,CAWSVTGVTEAFF,NYNYLYRLF,1,SVTGVTEA,2064
2512,28564,CASSRGSGVSYEQYF,NYNYLYRLF,1,RGSGVSYE,3258
2513,28565,CASSEGQGYEQYF,NYNYLYRLF,1,SEGQGYEQ,4811
2514,28566,CASASGQGYEQYF,NYNYLYRLF,1,ASGQGYEQ,2925
2515,28567,CASASGQGYEQYF,NYNYLYRLF,1,ASGQGYEQ,2925
2516,28568,CASSQGPGPYEQYF,NYNYLYRLF,1,SQGPGPYE,3171
2517,28569,CASSEWGQGVAYGYTF,NYNYLYRLF,1,EWGQGVAY,4785
2518,28570,CASSQSGGGEQFF,QYIKWPWYI,1,SQSGGGEQ,4127
2519,28571,CASCPSWGSGANVLTF,QYIKWPWYI,1,PSWGSGAN,4902
2520,28572,CASSVGATGAYEQYF,QYIKWPWYI,1,VGATGAYE,718
2521,28573,CASSFHPGQDRGNSPLHF,QYIKWPWYI,1,HPGQDRGN,4759
2522,28574,CASSLVGEGRGREQYF,QYIKWPWYI,1,LVGEGRGR,2593
2523,28575,CSARDQDRAYEQYF,QYIKWPWYI,1,RDQDRAYE,565
2524,28576,CASSLSTTTASYEQYF,QYIKWPWYI,1,LSTTTASY,3680
2525,28577,CASTPWGAEAFF,QYIKWPWYI,1,STPWGAEA,1764
2526,28578,CSVDPGQFYNEQFF,QYIKWPWYI,1,DPGQFYNE,295
2527,28579,CASSLGETIYGYTF,QYIKWPWYI,1,SLGETIYG,5443
2528,28580,CSARTISQGAHYEQYF,QYIKWPWYI,1,TISQGAHY,3245
2529,28581,CAGKSTGELFF,QYIKWPWYI,1,GKSTGELF,2134
2530,28582,CASSWNGLAGDEQFF,QYIKWPWYI,1,WNGLAGDE,5468
2531,28583,CASSALVAFSTDTQYF,QYIKWPWYI,1,ALVAFSTD,402
2532,28584,CASSSLAGEVNEQFF,QYIKWPWYI,1,SLAGEVNE,1272
2533,28585,CASSSYTQRGLDYTGELFF,QYIKWPWYI,1,TQRGLDYT,5345
2534,28586,CSVEDPMGVGTEAFF,QYIKWPWYI,1,DPMGVGTE,2538
2535,28587,CASSQDYWGGGADTQYF,QYIKWPWYI,1,DYWGGGAD,3663
2536,28859,CASSHTTGDDYGYTF,KSKRTPMGF,1,HTTGDDYG,1821
2537,29027,CASSLTSTRQPQHF,GPRLGVRAT,1,SLTSTRQP,282
2538,29039,CASSPPQFTEAFF,GPRLGVRAT,1,SPPQFTEA,2428
2539,29086,CASSSSLVVEQYF,RAQAPPPSW,1,SSSLVVEQ,1697
2540,29103,CASSFPGQGNTQYF,RAQAPPPSW,1,SFPGQGNT,4372
2541,29104,CASSFPGQGNTQYF,RAQAPPPSW,1,SFPGQGNT,4372
2542,29105,CASSFPGQGNTQYF,RAQAPPPSW,1,SFPGQGNT,4372
2543,29106,CASSFPGQGNTQYF,RAQAPPPSW,1,SFPGQGNT,4372
2544,29110,CASSVASGQLYGYTF,RLGPVQNEV,1,VASGQLYG,3532
2545,29121,CASRVGQNYNSPLHF,RLGPVQNEV,1,VGQNYNSP,3804
2546,29133,CASSQDAPGQGSDEQFF,GPRLGVRAT,1,DAPGQGSD,4438
2547,29134,CASSPGTGGPFSEQYF,GPRLGVRAT,1,PGTGGPFS,1420
2548,29135,CASSLVTGNQPQHF,GPRLGVRAT,1,SLVTGNQP,78
2549,29136,CASSLVTGNQPQHF,GPRLGVRAT,1,SLVTGNQP,78
2550,29137,CASSLVTGNQPQHF,GPRLGVRAT,1,SLVTGNQP,78
2551,29138,CASSEGDRGLANEKLFF,GPRLGVRAT,1,GDRGLANE,143
2552,29139,CASSLGRAGYGETQYF,HYPYRLWHY,1,LGRAGYGE,256
2553,29142,CASSLGRAGYGETQYF,HYPYRLWHY,1,LGRAGYGE,256
2554,29171,CASTLTGGNQPQHF,HPVTKYIM,1,TLTGGNQP,1583
2555,29173,CASSPLVSGSGANVLTF,HPVTKYIM,1,LVSGSGAN,2154
2556,29188,CASTLTGGNQPQHF,HPVTKYIM,1,TLTGGNQP,1583
2557,29244,CAISESSSGNNEQFF,ATDALMTGF,1,ESSSGNNE,3004
2558,29383,CASSQAPPGQGVDIQYF,GPRLGVRAT,1,APPGQGVD,3647
2559,29384,CASSQAPPGQGVDIQYF,GPRLGVRAT,1,APPGQGVD,3647
2560,29387,CATSGDTQYF,KLVAMGINAV,1,ATSGDTQY,494
2561,29390,CASSLNWGSGYNEQFF,KLVAMGINAV,1,LNWGSGYN,4141
2562,29392,CASSLEGGDEQFF,KLVAMGINAV,1,SLEGGDEQ,4587
2563,29402,CASSVETTGELFF,KLVAMGINAV,1,SVETTGEL,4043
2564,29406,CASIGWGELFF,KLVAMGINAV,1,SIGWGELF,1559
2565,29408,CASSPHPGTSGGASYNEQFF,HPNGYKSLSTL,3,PGTSGGAS,5052
2566,29409,CASSPHPGTSGGASYNEQFF,HPNGYKSLSTL,3,PGTSGGAS,5052
2567,29410,CASSLMTNQPQHF,HPNGYKSLSTL,3,SLMTNQPQ,5081
2568,29411,CASSPHPGTSGGASYNEQFF,HPNGYKSLSTL,3,PGTSGGAS,5052
2569,29412,CASSLYGSVQNEQFF,HPNGYKSLSTL,3,LYGSVQNE,2812
2570,29413,CASSVATSGGSQQFF,HPNGYKSLSTL,3,VATSGGSQ,755
2571,29414,CASSLYGADTQYF,HPNGYKSLSTL,3,SLYGADTQ,3173
2572,29415,CASSLWKGAGYTF,RPIIRPATL,3,SLWKGAGY,4912
2573,29416,CASSYRGLSGELFF,HPNGYKSLSTL,3,SYRGLSGE,2954
2574,29417,CASSQEVETQYF,HPNGYKSLSTL,3,SSQEVETQ,5298
2575,29418,CASSYRGLSGELFF,HPNGYKSLSTL,3,SYRGLSGE,2954
2576,29419,CASSIVRGQRETKNIQYF,HPNGYKSLSTL,3,VRGQRETK,3306
2577,29420,CASSPHPGTSGGASYNEQFF,HPNGYKSLSTL,3,PGTSGGAS,5052
2578,29421,CASSLYGSVQNEQFF,HPNGYKSLSTL,3,LYGSVQNE,2812
2579,29422,CASSFDRGTGNTIYF,RPIIRPATL,3,FDRGTGNT,205
2580,29423,CASSVATSGGSQQFF,HPNGYKSLSTL,3,VATSGGSQ,755
2581,29424,CASSQEVETQYF,HPNGYKSLSTL,3,SSQEVETQ,5298
2582,29425,CASSHRTGGETQYF,HPNGYKSLSTL,3,SHRTGGET,3381
2583,29426,CASSPHPGTSGGASYNEQFF,HPNGYKSLSTL,3,PGTSGGAS,5052
2584,29427,CASSTILGPGANVLTF,HPNGYKSLSTL,3,TILGPGAN,1797
2585,29428,CASSEETGNQPQHF,RPIIRPATL,3,SEETGNQP,1071
2586,29429,CASSLAGTGGRFSYEQYF,RPIIRPATL,3,AGTGGRFS,3854
2587,29430,CASSFDRGTGNTIYF,RPIIRPATL,3,FDRGTGNT,205
2588,29431,CASRIWDGGASTDTQYF,RPIIRPATL,3,WDGGASTD,5394
2589,29432,CASSFDRGTGNTIYF,RPIIRPATL,3,FDRGTGNT,205
2590,29433,CASSFDRGTGNTIYF,RPIIRPATL,3,FDRGTGNT,205
2591,29434,CASSFDRGTGNTIYF,RPIIRPATL,3,FDRGTGNT,205
2592,29435,CASSEETGNQPQHF,RPIIRPATL,3,SEETGNQP,1071
2593,29436,CASSYYRLAGELFF,RPIIRPATL,3,SYYRLAGE,3020
2594,29437,CASSFDRGTGNTIYF,RPIIRPATL,3,FDRGTGNT,205
2595,29438,CASSEETGNQPQHF,RPIIRPATL,3,SEETGNQP,1071
2596,29439,CASNGQGDTEAFF,HPNGYKSLSTL,3,NGQGDTEA,667
2597,29440,CASSLGVEELFF,HPNGYKSLSTL,3,SSLGVEEL,2164
2598,29441,CASSVEAGPNEQYF,RPIIRPATL,3,SVEAGPNE,3283
2599,29442,CASSSLPGGGVDTQYF,RPIIRPATL,3,SLPGGGVD,2379
2600,29443,CASSLWQGGQPQHF,RPIIRPATL,3,SLWQGGQP,3996
2601,29444,CASSQERGDNTKNTQYF,HPNGYKSLSTL,3,ERGDNTKN,3175
2602,29445,CASSLGVEELFF,HPNGYKSLSTL,3,SSLGVEEL,2164
2603,29446,CASSPGSTEAFF,HPNGYKSLSTL,3,SSPGSTEA,1814
2604,29447,CASSVFGVQRGFGTDTQYF,RPIIRPATL,3,GVQRGFGT,5286
2605,29448,CASNGQGDTEAFF,HPNGYKSLSTL,3,NGQGDTEA,667
2606,29449,CASSLIGEETQYF,RPIIRPATL,3,SLIGEETQ,1271
2607,29450,CASSLPGTAYEQYF,HPNGYKSLSTL,3,SLPGTAYE,697
2608,29451,CASSSRGSGGASSYEQYF,RPIIRPATL,3,RGSGGASS,311
2609,29452,CARAFESGANVLTF,RPIIRPATL,3,AFESGANV,3928
2610,29453,CASSPYGGPGNTIYF,RPIIRPATL,3,PYGGPGNT,5388
2611,29454,CASSPYGGPGNTIYF,RPIIRPATL,3,PYGGPGNT,5388
2612,29455,CASSESAGHKAFF,HPNGYKSLSTL,3,SESAGHKA,2298
2613,29456,CAISGQGASYEQYF,HPNGYKSLSTL,3,SGQGASYE,4029
2614,29457,CASSVEAGPNEQYF,RPIIRPATL,3,SVEAGPNE,3283
2615,29458,CASNGQGDTEAFF,HPNGYKSLSTL,3,NGQGDTEA,667
2616,29459,CASSPYGGPGNTIYF,RPIIRPATL,3,PYGGPGNT,5388
2617,29460,CASSPYGGPGNTIYF,RPIIRPATL,3,PYGGPGNT,5388
2618,29461,CASSPYGGPGNTIYF,RPIIRPATL,3,PYGGPGNT,5388
2619,29462,CASSPYGGPGNTIYF,RPIIRPATL,3,PYGGPGNT,5388
2620,29463,CASSPGSTEAFF,HPNGYKSLSTL,3,SSPGSTEA,1814
2621,29464,CASSQDRDRGPDEKLFF,HPNGYKSLSTL,3,DRDRGPDE,3305
2622,29465,CASRGGRVAGADTEAFF,HPNGYKSLSTL,3,GRVAGADT,1554
2623,29466,CASSQSSGGGRSEAFF,RPIIRPATL,3,QSSGGGRS,726
2624,29467,CASSQSSGGGRSEAFF,RPIIRPATL,3,QSSGGGRS,726
2625,29468,CASSTWSQNTGELFF,RPIIRPATL,3,TWSQNTGE,5334
2626,29469,CASSQSSGGGRSEAFF,RPIIRPATL,3,QSSGGGRS,726
2627,29470,CASSLGREETQYF,RPIIRPATL,3,SLGREETQ,5119
2628,29471,CASSRDLNEQFF,HPNGYKSLSTL,3,SSRDLNEQ,3450
2629,29472,CASSTGQGEGLYSNQPQHF,RPIIRPATL,3,QGEGLYSN,2300
2630,29473,CASSPREGGETQYF,HPNGYKSLSTL,3,SPREGGET,3344
2631,29474,CASSQPSQGGRLEQYF,RPIIRPATL,3,QPSQGGRL,1036
2632,29475,CASSPREGGETQYF,HPNGYKSLSTL,3,SPREGGET,3344
2633,29476,CASSQPSQGGRLEQYF,RPIIRPATL,3,QPSQGGRL,1036
2634,29477,CASSQSSGGGRSEAFF,RPIIRPATL,3,QSSGGGRS,726
2635,29478,CASSVAGLGGNTIYF,HPNGYKSLSTL,3,VAGLGGNT,1307
2636,29479,CASSQSSGGGRSEAFF,RPIIRPATL,3,QSSGGGRS,726
2637,29480,CASSQERDRRAVEKLFF,HPNGYKSLSTL,3,ERDRRAVE,2156
2638,29481,CASSDGGSPQFF,HPNGYKSLSTL,3,SSDGGSPQ,1590
2639,29482,CASSPREGGETQYF,HPNGYKSLSTL,3,SPREGGET,3344
2640,29483,CASSPREGGETQYF,HPNGYKSLSTL,3,SPREGGET,3344
2641,29484,CSAKRNRAYHYGYTF,HPNGYKSLSTL,3,RNRAYHYG,481
2642,29485,CASSPREGGETQYF,HPNGYKSLSTL,3,SPREGGET,3344
2643,29486,CSAKRNRAYHYGYTF,HPNGYKSLSTL,3,RNRAYHYG,481
2644,29487,CASSFGTGEAFF,HPNGYKSLSTL,3,SSFGTGEA,4819
2645,29488,CASSPAGQGGYEQYF,HPNGYKSLSTL,3,PAGQGGYE,2287
2646,29489,CSAKRNRAYHYGYTF,HPNGYKSLSTL,3,RNRAYHYG,481
2647,29490,CASSPREGGETQYF,HPNGYKSLSTL,3,SPREGGET,3344
2648,29491,CASSQDRGLAGGTYNEQFF,HPNGYKSLSTL,3,RGLAGGTY,784
2649,29492,CASSPREGGETQYF,HPNGYKSLSTL,3,SPREGGET,3344
2650,29493,CASSFGTGEAFF,HPNGYKSLSTL,3,SSFGTGEA,4819
2651,29494,CASSTLQGADQPQHF,HPNGYKSLSTL,3,TLQGADQP,5219
2652,29495,CASSPREGGETQYF,HPNGYKSLSTL,3,SPREGGET,3344
2653,29496,CASSDRDVTGELFF,RPIIRPATL,3,SDRDVTGE,1646
2654,29497,CASSLDSSSGNTIYF,HPNGYKSLSTL,3,LDSSSGNT,4731
2655,29498,CASSLYRGSNQPQHF,HPNGYKSLSTL,3,LYRGSNQP,29
2656,29499,CASSLMGNTEAFF,HPNGYKSLSTL,3,SLMGNTEA,1415
2657,29500,CASRGLQGRIDYNEQFF,HPNGYKSLSTL,3,LQGRIDYN,2179
2658,29501,CASSLYPGANTEAFF,HPNGYKSLSTL,3,LYPGANTE,2269
2659,29502,CASSLYGAGNSPLHF,HPNGYKSLSTL,3,LYGAGNSP,3159
2660,29503,CASRIYAGSPYEQYF,HPNGYKSLSTL,3,IYAGSPYE,4602
2661,29504,CASSPREAGGISGYTF,RPIIRPATL,3,PREAGGIS,4291
2662,29505,CASNPAGGAGLGYGYTF,HPNGYKSLSTL,3,AGGAGLGY,4808
2663,29506,CASSLDSSGGNEQYF,HPNGYKSLSTL,3,LDSSGGNE,542
2664,29507,CASRARVLDEQFF,HPNGYKSLSTL,3,RARVLDEQ,59
2665,29508,CASRGLQGRIDYNEQFF,HPNGYKSLSTL,3,LQGRIDYN,2179
2666,29509,CASSESGAGELFF,HPNGYKSLSTL,3,SESGAGEL,5692
2667,29510,CASSLGALGETQYF,HPNGYKSLSTL,3,SLGALGET,957
2668,29511,CASSLAGAGNEQFF,HPNGYKSLSTL,3,SLAGAGNE,158
2669,29512,CASRGLQGRIDYNEQFF,HPNGYKSLSTL,3,LQGRIDYN,2179
2670,29513,CASSVGGAQPQHF,HPNGYKSLSTL,3,SVGGAQPQ,4261
2671,29514,CSARDSGLSHGEQFF,HPNGYKSLSTL,3,DSGLSHGE,4984
2672,29515,CASRIYAGSPYEQYF,HPNGYKSLSTL,3,IYAGSPYE,4602
2673,29516,CASRLMPGSTYEQYF,HPNGYKSLSTL,3,LMPGSTYE,4326
2674,29517,CASRIYAGSPYEQYF,HPNGYKSLSTL,3,IYAGSPYE,4602
2675,29518,CASRGLQGRIDYNEQFF,HPNGYKSLSTL,3,LQGRIDYN,2179
2676,29519,CASSSPPSGGGYEQFF,RPIIRPATL,3,SPPSGGGY,1847
2677,29520,CASSDRDVTGELFF,RPIIRPATL,3,SDRDVTGE,1646
2678,29521,CASRQEGRPMNTEAFF,RPIIRPATL,3,QEGRPMNT,2851
2679,29522,CASRQEGRPMNTEAFF,RPIIRPATL,3,QEGRPMNT,2851
2680,29523,CASRENRASNTEAFF,RPIIRPATL,3,ENRASNTE,4032
2681,29524,CASSARSTGGFGANVLTF,RPIIRPATL,3,RSTGGFGA,5643
2682,29525,CASSDRDRGGNQPQHF,RPIIRPATL,3,DRDRGGNQ,2660
2683,29526,CASSGRDRDLVEQYF,RPIIRPATL,3,GRDRDLVE,511
2684,29527,CASSPRGRGGREDTQYF,RPIIRPATL,3,RGRGGRED,4019
2685,29528,CASSTPSSYNEQFF,RPIIRPATL,3,STPSSYNE,4771
2686,29529,CASVQGGSGGRGSYEQYF,RPIIRPATL,3,GGSGGRGS,3863
2687,29530,CASSDREGGPHEQYF,RPIIRPATL,3,DREGGPHE,3797
2688,29531,CASSDREGGPHEQYF,RPIIRPATL,3,DREGGPHE,3797
2689,29532,CASSDREGGPHEQYF,RPIIRPATL,3,DREGGPHE,3797
2690,29533,CASSSPPSGGGYEQFF,RPIIRPATL,3,SPPSGGGY,1847
2691,29534,CASSSPPSGGGYEQFF,RPIIRPATL,3,SPPSGGGY,1847
2692,29535,CASGAPGTPYNEQFF,HPNGYKSLSTL,3,APGTPYNE,4302
2693,29536,CASSQVVAFGDTQYF,RPIIRPATL,3,QVVAFGDT,3796
2694,29537,CASSPGLPEYF,HPNGYKSLSTL,3,SSPGLPEY,5328
2695,29538,CASMARTSGDNEQFF,HPNGYKSLSTL,3,ARTSGDNE,2346
2696,29539,CASSLMANQPQHF,HPNGYKSLSTL,3,SLMANQPQ,797
2697,29540,CSAPGGGGTSYEQYF,HPNGYKSLSTL,3,GGGGTSYE,4397
2698,29541,CSANPRDESYNEQFF,HPNGYKSLSTL,3,PRDESYNE,3681
2699,29542,CASATSGTYYEQYF,HPNGYKSLSTL,3,ATSGTYYE,474
2700,29543,CASSLPAGQETQYF,HPNGYKSLSTL,3,SLPAGQET,1552
2701,29544,CASSQIRETGSPLHF,HPNGYKSLSTL,3,QIRETGSP,2637
2702,29545,CASSDRGMNTEAFF,HPNGYKSLSTL,3,SDRGMNTE,1786
2703,29546,CASSLRQALRNEQFF,RPIIRPATL,3,LRQALRNE,5465
2704,29547,CASSQEGGGETQYF,HPNGYKSLSTL,3,SQEGGGET,1973
2705,29548,CASSLYSNQPQHF,HPNGYKSLSTL,3,SLYSNQPQ,1877
2706,29549,CASSFFGNQPQHF,HPNGYKSLSTL,3,SFFGNQPQ,5170
2707,29550,CASATSGTYYEQYF,HPNGYKSLSTL,3,ATSGTYYE,474
2708,29551,CASGQGALADTQYF,HPNGYKSLSTL,3,GQGALADT,5457
2709,29552,CASSIYPGQLYNSPLHF,RPIIRPATL,3,YPGQLYNS,2917
2710,29553,CASSGRGSYNEQFF,HPNGYKSLSTL,3,SGRGSYNE,4801
2711,29554,CASSVDSGLGYGYTF,HPNGYKSLSTL,3,VDSGLGYG,1918
2712,29555,CASSQDRHTEAFF,HPNGYKSLSTL,3,SQDRHTEA,4899
2713,29556,CASSLGHGRSSYEQYF,HPNGYKSLSTL,3,LGHGRSSY,3246
2714,29557,CASSLDRVSVNTEAFF,HPNGYKSLSTL,3,LDRVSVNT,4184
2715,29558,CASLEGYAAGELFF,HPNGYKSLSTL,3,LEGYAAGE,4440
2716,29559,CASSQWGGQPQHF,RPIIRPATL,3,SQWGGQPQ,5623
2717,29560,CASSDNRVWTEAFF,RPIIRPATL,3,SDNRVWTE,3603
2718,29561,CASSPGEGMLVSEAFF,RPIIRPATL,3,PGEGMLVS,888
2719,29562,CASSGVGSGRPNSYNEQFF,RPIIRPATL,3,GSGRPNSY,3692
2720,29563,CASSLAGTSGYTYEQYF,RPIIRPATL,3,AGTSGYTY,4725
2721,29564,CASSIYPGQLYNSPLHF,RPIIRPATL,3,YPGQLYNS,2917
2722,29565,CASSIYPGQLYNSPLHF,RPIIRPATL,3,YPGQLYNS,2917
2723,29566,CASILGTSGREPYEQYF,RPIIRPATL,3,GTSGREPY,4689
2724,29567,CASSLMGNTEAFF,HPNGYKSLSTL,3,SLMGNTEA,1415
2725,29568,CAISESGTGFEQYF,HPNGYKSLSTL,3,SESGTGFE,2980
2726,29569,CASSQYSNQPQHF,HPNGYKSLSTL,3,SQYSNQPQ,3608
2727,29570,CASSQYSNQPQHF,HPNGYKSLSTL,3,SQYSNQPQ,3608
2728,29571,CASSQYSNQPQHF,HPNGYKSLSTL,3,SQYSNQPQ,3608
2729,29572,CASSQYSNQPQHF,HPNGYKSLSTL,3,SQYSNQPQ,3608
2730,29573,CASSLSRGWTEAFF,HPNGYKSLSTL,3,SLSRGWTE,856
2731,29574,CASSQYSNQPQHF,HPNGYKSLSTL,3,SQYSNQPQ,3608
2732,29575,CASSLMGNTEAFF,HPNGYKSLSTL,3,SLMGNTEA,1415
2733,29576,CASSQERKAGGPTEAFF,HPNGYKSLSTL,3,ERKAGGPT,777
2734,29577,CASSLYGGQPQHF,HPNGYKSLSTL,3,SLYGGQPQ,1914
2735,29578,CASSLYRGIGLFF,RPIIRPATL,3,SLYRGIGL,5410
2736,29579,CAGRGRPNEKLFF,RPIIRPATL,3,RGRPNEKL,3940
2737,29580,CASSQYSNQPQHF,HPNGYKSLSTL,3,SQYSNQPQ,3608
2738,29581,CASSQYSNQPQHF,HPNGYKSLSTL,3,SQYSNQPQ,3608
2739,29582,CASSQYSNQPQHF,HPNGYKSLSTL,3,SQYSNQPQ,3608
2740,29583,CASSQYSNQPQHF,HPNGYKSLSTL,3,SQYSNQPQ,3608
2741,29584,CASSQDFGRTQYF,HPNGYKSLSTL,3,SQDFGRTQ,5110
2742,29585,CASSLMGNTEAFF,HPNGYKSLSTL,3,SLMGNTEA,1415
2743,29586,CASSLLTDTQYF,HPNGYKSLSTL,3,SSLLTDTQ,1051
2744,29587,CASSQYSNQPQHF,HPNGYKSLSTL,3,SQYSNQPQ,3608
2745,29588,CASSVEGGGAQETQYF,RPIIRPATL,3,VEGGGAQE,5536
2746,29589,CASSLSRGWTEAFF,HPNGYKSLSTL,3,SLSRGWTE,856
2747,29590,CASSLYGPGGVGQPQHF,HPNGYKSLSTL,3,YGPGGVGQ,3784
2748,29591,CASILGTSGREPYEQYF,RPIIRPATL,3,GTSGREPY,4689
2749,29592,CASSLYGSSYNEQFF,HPNGYKSLSTL,3,LYGSSYNE,5078
2750,29593,CASSQYSNQPQHF,HPNGYKSLSTL,3,SQYSNQPQ,3608
2751,29594,CASSSQGAAGELFF,HPNGYKSLSTL,3,SSQGAAGE,5685
2752,29595,CASSQYSNQPQHF,HPNGYKSLSTL,3,SQYSNQPQ,3608
2753,29596,CASSQLEQGGETQYF,HPNGYKSLSTL,3,QLEQGGET,4548
2754,29597,CASSPGSSGRLGEQFF,HPNGYKSLSTL,3,PGSSGRLG,3437
2755,29598,CAGRGRPNEKLFF,RPIIRPATL,3,RGRPNEKL,3940
2756,29599,CASSLREMGGKAEAFF,RPIIRPATL,3,LREMGGKA,4636
2757,29600,CASSLYGNQPQHF,HPNGYKSLSTL,3,SLYGNQPQ,1851
2758,29601,CASTPRGRGLVYGYTF,HPNGYKSLSTL,3,PRGRGLVY,2880
2759,29602,CASSQYSNQPQHF,HPNGYKSLSTL,3,SQYSNQPQ,3608
2760,29603,CASSLYGNQPQHF,HPNGYKSLSTL,3,SLYGNQPQ,1851
2761,29604,CSAVGLAGVRSYEQYF,RPIIRPATL,3,GLAGVRSY,4375
2762,29605,CASSMIPDMNTEAFF,RPIIRPATL,3,MIPDMNTE,3832
2763,29606,CASSMIPDMNTEAFF,RPIIRPATL,3,MIPDMNTE,3832
2764,29607,CASSLAREYSPLHF,RPIIRPATL,3,SLAREYSP,5528
2765,29608,CASTAQGFSNQPQHF,RPIIRPATL,3,AQGFSNQP,5521
2766,29609,CASSLGDRGRGYGYTF,QMMVKAGL,3,LGDRGRGY,2072
2767,29610,CASRGLSNTGELFF,RPIIRPATL,3,RGLSNTGE,4647
2768,29611,CASSPSQTSGGRTDTQYF,QMMVKAGL,3,SQTSGGRT,1429
2769,29612,CASSPHQEVTEAFF,RPIIRPATL,3,SPHQEVTE,2866
2770,29613,CASSTIGPYGELFF,RPIIRPATL,3,STIGPYGE,5106
2771,29614,CASSNYPGGARTDTQYF,QMMVKAGL,3,YPGGARTD,3084
2772,29615,CSAGTGSANTEAFF,RPIIRPATL,3,GTGSANTE,1365
2773,29616,CASSPPARDRDHEQYF,QMMVKAGL,3,PPARDRDH,5510
2774,29617,CASSPSQTSGGRTDTQYF,QMMVKAGL,3,SQTSGGRT,1429
2775,29618,CASSPPRNMEPSYEQYF,QMMVKAGL,3,PRNMEPSY,4135
2776,29619,CASSPPRNMEPSYEQYF,QMMVKAGL,3,PRNMEPSY,4135
2777,29620,CASSSSGSSYNEQFF,RPIIRPATL,3,SSGSSYNE,3953
2778,29621,CASSMIPDMNTEAFF,RPIIRPATL,3,MIPDMNTE,3832
2779,29622,CAIANRGTEAFF,RPIIRPATL,3,IANRGTEA,4403
2780,29623,CASSMIPDMNTEAFF,RPIIRPATL,3,MIPDMNTE,3832
2781,29624,CSARRSDRVNTEAFF,RPIIRPATL,3,RSDRVNTE,2500
2782,29625,CASSIIPDMNTEAFF,RPIIRPATL,3,IIPDMNTE,2758
2783,29626,CASSSRDRGLGTEAFF,QMMVKAGL,3,SRDRGLGT,3387
2784,29627,CASSMIPDMNTEAFF,RPIIRPATL,3,MIPDMNTE,3832
2785,29628,CASSPPARDRDHEQYF,QMMVKAGL,3,PPARDRDH,5510
2786,29629,CASSMIPDMNTEAFF,RPIIRPATL,3,MIPDMNTE,3832
2787,29630,CASSHLDRGKKDYEQYF,QMMVKAGL,3,LDRGKKDY,3554
2788,29631,CASSPPRNMEPSYEQYF,QMMVKAGL,3,PRNMEPSY,4135
2789,29632,CASSMIPDMNTEAFF,RPIIRPATL,3,MIPDMNTE,3832
2790,29633,CASSNYPGGARTDTQYF,QMMVKAGL,3,YPGGARTD,3084
2791,29634,CASSPSGTGANEQFF,RPIIRPATL,3,PSGTGANE,3376
2792,29635,CASSLNFVGLNQPQHF,RPIIRPATL,3,LNFVGLNQ,5088
2793,29636,CASSHRDRGISGANVLTF,QMMVKAGL,3,RDRGISGA,3852
2794,29637,CASSMIPDMNTEAFF,RPIIRPATL,3,MIPDMNTE,3832
2795,29638,CASSNYPGGARTDTQYF,QMMVKAGL,3,YPGGARTD,3084
2796,29639,CASSMIPDMNTEAFF,RPIIRPATL,3,MIPDMNTE,3832
2797,29640,CASSHRDRGISGANVLTF,QMMVKAGL,3,RDRGISGA,3852
2798,29641,CASSMVPDMNTEAFF,RPIIRPATL,3,MVPDMNTE,2564
2799,29642,CSAEGLAGGKNTGELFF,RPIIRPATL,3,LAGGKNTG,5434
2800,29643,CASSGRTGNTEAFF,RPIIRPATL,3,SGRTGNTE,517
2801,29644,CASSSSYEQYF,RPIIRPATL,3,SSSSYEQY,2326
2802,29645,CASSVSRDRNGELFF,RPIIRPATL,3,VSRDRNGE,3260
2803,29646,CASSQNSVGSYNEQFF,RPIIRPATL,3,QNSVGSYN,336
2804,29647,CASSFARTRWEQYF,RPIIRPATL,3,SFARTRWE,602
2805,29648,CASTEPRGTEAFF,QMMVKAGL,3,TEPRGTEA,1178
2806,29649,CASRMTGGKTNEKLFF,QMMVKAGL,3,MTGGKTNE,3667
2807,29650,CASSVEIAGRYNEQFF,QMMVKAGL,3,VEIAGRYN,152
2808,29651,CASRMTGGKTNEKLFF,QMMVKAGL,3,MTGGKTNE,3667
2809,29652,CASSQDPPGRLGKLFF,QMMVKAGL,3,QDPPGRLG,4776
2810,29653,CASSPGDRGKTNEQFF,QMMVKAGL,3,PGDRGKTN,480
2811,29654,CASRMTGGKTNEKLFF,QMMVKAGL,3,MTGGKTNE,3667
2812,29655,CASRMTGGKTNEKLFF,QMMVKAGL,3,MTGGKTNE,3667
2813,29656,CASSQGQGIADTQYF,RPIIRPATL,3,QGQGIADT,3293
2814,29657,CASSLGQGKSSYEQYF,QMMVKAGL,3,LGQGKSSY,915
2815,29658,CASSPRDRARGDEQYF,QMMVKAGL,3,PRDRARGD,3970
2816,29659,CASRMTGGKTNEKLFF,QMMVKAGL,3,MTGGKTNE,3667
2817,29660,CSARPRRSAGELFF,RPIIRPATL,3,RPRRSAGE,3375
2818,29661,CASRMTGGKTNEKLFF,QMMVKAGL,3,MTGGKTNE,3667
2819,29662,CSVWVGREQETQYF,QMMVKAGL,3,WVGREQET,1386
2820,29663,CASSSSPRGDTQYF,QMMVKAGL,3,SSSPRGDT,3444
2821,29664,CASSLGTLQPQHF,RPIIRPATL,3,SLGTLQPQ,2630
2822,29665,CASNPSAGTLYNEQFF,RPIIRPATL,3,PSAGTLYN,3485
2823,29666,CASSLEGRREGETQYF,QMMVKAGL,3,LEGRREGE,2483
2824,29667,CASSQDSGRGELFF,QMMVKAGL,3,SQDSGRGE,5378
2825,29668,CASSFLFRDGTYEQYF,QMMVKAGL,3,FLFRDGTY,1274
2826,29669,CASTSRAGFNEQFF,QMMVKAGL,3,TSRAGFNE,4239
2827,29670,CASSYSKMTAYNSPLHF,RPIIRPATL,3,SKMTAYNS,1992
2828,29671,CSANPEGPYEQYF,QMMVKAGL,3,NPEGPYEQ,2469
2829,29672,CASRMTGGKTNEKLFF,QMMVKAGL,3,MTGGKTNE,3667
2830,29673,CASSVGGISPLHF,RPIIRPATL,3,SVGGISPL,2886
2831,29674,CASRMTGGKTNEKLFF,QMMVKAGL,3,MTGGKTNE,3667
2832,29675,CASSPPRSEAFF,QMMVKAGL,3,SSPPRSEA,5693
2833,29676,CASSPGQGVYEQYF,RPIIRPATL,3,SPGQGVYE,2142
2834,29677,CASRMTGGKTNEKLFF,QMMVKAGL,3,MTGGKTNE,3667
2835,29678,CASSPSRVLYEQYF,QMMVKAGL,3,SPSRVLYE,553
2836,29679,CASRMTGGKTNEKLFF,QMMVKAGL,3,MTGGKTNE,3667
2837,29680,CASSPTSGSVYEQFF,RPIIRPATL,3,PTSGSVYE,4947
2838,29681,CASSFRQGEAFF,QMMVKAGL,3,SSFRQGEA,5695
2839,29682,CSARDPAPEETQYF,RPIIRPATL,3,RDPAPEET,1592
2840,29683,CASSQARDPQGILHF,RPIIRPATL,3,QARDPQGI,2341
2841,29684,CASKRNTGELFF,RPIIRPATL,3,SKRNTGEL,1316
2842,29685,CASSFFGAQQVDGYTF,RPIIRPATL,3,FFGAQQVD,2029
2843,29686,CASSRSLTDTQYF,RPIIRPATL,3,SRSLTDTQ,3443
2844,29687,CASTVNRGSEGYTF,QMMVKAGL,3,TVNRGSEG,4918
2845,29688,CASGLLTSGSINEQFF,QMMVKAGL,3,LLTSGSIN,5227
2846,29689,CASSTRRNTEAFF,QMMVKAGL,3,STRRNTEA,3617
2847,29690,CASSYRSSYEQYF,QMMVKAGL,3,SYRSSYEQ,5150
2848,29691,CASSPGGVYGYTF,RPIIRPATL,3,SPGGVYGY,3383
2849,29692,CASSASAEFSSYEQYF,RPIIRPATL,3,ASAEFSSY,3761
2850,29693,CSVEGLGRAVTQYF,QMMVKAGL,3,EGLGRAVT,4063
2851,29694,CASSPSELAGGRLDTQYF,QMMVKAGL,3,SELAGGRL,203
2852,29695,CASSIIPDMNTEAFF,RPIIRPATL,3,IIPDMNTE,2758
2853,29696,CASAPRRDRGTDTQYF,QMMVKAGL,3,PRRDRGTD,2107
2854,29697,CASSPSELAGGRLDTQYF,QMMVKAGL,3,SELAGGRL,203
2855,29698,CSVVQGAECTF,RPIIRPATL,3,VVQGAECT,4299
2856,29699,CASAPRRDRGTDTQYF,QMMVKAGL,3,PRRDRGTD,2107
2857,29700,CASSQARDRGNGYTF,RPIIRPATL,3,QARDRGNG,5158
2858,29701,CSVVQGAECTF,RPIIRPATL,3,VVQGAECT,4299
2859,29702,CASSQWGRPQETQYF,QMMVKAGL,3,QWGRPQET,2236
2860,29703,CASSSIPDFNTEAFF,RPIIRPATL,3,SIPDFNTE,5694
2861,29704,CASSNIPDMNTEAFF,RPIIRPATL,3,NIPDMNTE,4766
2862,29705,CASSIGQGKSSYEQYF,QMMVKAGL,3,IGQGKSSY,3472
2863,29706,CSVVQGAECTF,RPIIRPATL,3,VVQGAECT,4299
2864,29707,CASSVDPTGGGRQETQYF,QMMVKAGL,3,DPTGGGRQ,3099
2865,29708,CSVVQGAECTF,RPIIRPATL,3,VVQGAECT,4299
2866,29709,CSVVQGAECTF,RPIIRPATL,3,VVQGAECT,4299
2867,29710,CASSLVGGEQYF,RPIIRPATL,3,SSLVGGEQ,5019
2868,29711,CSVVQGAECTF,RPIIRPATL,3,VVQGAECT,4299
2869,29712,CASSSPRVAGRPDTQYF,QMMVKAGL,3,PRVAGRPD,189
2870,29713,CASSLVGGEQYF,RPIIRPATL,3,SSLVGGEQ,5019
2871,29714,CASSQWGRPQETQYF,QMMVKAGL,3,QWGRPQET,2236
2872,29715,CASSLVGGEQYF,RPIIRPATL,3,SSLVGGEQ,5019
2873,29716,CSVVQGAECTF,RPIIRPATL,3,VVQGAECT,4299
2874,29717,CASSSIPDFNTEAFF,RPIIRPATL,3,SIPDFNTE,5694
2875,29718,CSVVQGAECTF,RPIIRPATL,3,VVQGAECT,4299
2876,29719,CASSLVGGEQYF,RPIIRPATL,3,SSLVGGEQ,5019
2877,29720,CSVVQGAECTF,RPIIRPATL,3,VVQGAECT,4299
2878,29721,CSVVQGAECTF,RPIIRPATL,3,VVQGAECT,4299
2879,29722,CASSPSELAGGRLDTQYF,QMMVKAGL,3,SELAGGRL,203
2880,29723,CASSIIPDMNTEAFF,RPIIRPATL,3,IIPDMNTE,2758
2881,29724,CASSQWGRPQETQYF,QMMVKAGL,3,QWGRPQET,2236
2882,29725,CSVVQGAECTF,RPIIRPATL,3,VVQGAECT,4299
2883,29726,CASAPRRDRGTDTQYF,QMMVKAGL,3,PRRDRGTD,2107
2884,29727,CASSLVGGEQYF,RPIIRPATL,3,SSLVGGEQ,5019
2885,29728,CASSLVGGEQYF,RPIIRPATL,3,SSLVGGEQ,5019
2886,29729,CASSVRYEQYF,QMMVKAGL,3,SSVRYEQY,3270
2887,29730,CASSLSRLAGDYTGELFF,QMMVKAGL,3,SRLAGDYT,2864
2888,29731,CASSMIPDMNTEAFF,RPIIRPATL,3,MIPDMNTE,3832
2889,29732,CASAPRRDRGTDTQYF,QMMVKAGL,3,PRRDRGTD,2107
2890,29733,CASSIGQGKSSYEQYF,QMMVKAGL,3,IGQGKSSY,3472
2891,29734,CASSQWGRPQETQYF,QMMVKAGL,3,QWGRPQET,2236
2892,29735,CASSSIAGRGEKLFF,QMMVKAGL,3,SIAGRGEK,3428
2893,29736,CASSNVPDMNTEAFF,RPIIRPATL,3,NVPDMNTE,2035
2894,29737,CASAPRRDRGTDTQYF,QMMVKAGL,3,PRRDRGTD,2107
2895,29738,CASSPSELAGGRLDTQYF,QMMVKAGL,3,SELAGGRL,203
2896,29739,CASSQWGRPQETQYF,QMMVKAGL,3,QWGRPQET,2236
2897,29740,CASSMVPDMNTEAFF,RPIIRPATL,3,MVPDMNTE,2564
2898,29741,CASSLIGNEQFF,RPIIRPATL,3,SSLIGNEQ,2715
2899,29742,CSARDRYNEQFF,QMMVKAGL,3,ARDRYNEQ,5102
2900,29743,CASSLVGATAFF,RPIIRPATL,3,SSLVGATA,1466
2901,29744,CASSLVGGEQYF,RPIIRPATL,3,SSLVGGEQ,5019
2902,29745,CATSTVPDYNSPLHF,RPIIRPATL,3,TVPDYNSP,1360
2903,29746,CASSMIPDMNTEAFF,RPIIRPATL,3,MIPDMNTE,3832
2904,29747,CASSMIPDMNTEAFF,QMMVKAGL,3,MIPDMNTE,3832
2905,29748,CASSMIPDMNTEAFF,RPIIRPATL,3,MIPDMNTE,3832
2906,29749,CASSMVPDMNTEAFF,RPIIRPATL,3,MVPDMNTE,2564
2907,29750,CASGRIAGELFF,RPIIRPATL,3,SGRIAGEL,2772
2908,29751,CASSMVPDMNTEAFF,RPIIRPATL,3,MVPDMNTE,2564
2909,29752,CASSVIPDMNTEAFF,RPIIRPATL,3,VIPDMNTE,2186
2910,29753,CASGRIAGELFF,RPIIRPATL,3,SGRIAGEL,2772
2911,29754,CASSLIRTWDEQYF,QMMVKAGL,3,SLIRTWDE,3495
2912,29755,CASSLIRTWDEQYF,QMMVKAGL,3,SLIRTWDE,3495
2913,29756,CASSLIRTWDEQYF,QMMVKAGL,3,SLIRTWDE,3495
2914,29757,CASSMIPDMNTEAFF,RPIIRPATL,3,MIPDMNTE,3832
2915,29758,CASSMIPDMNTEAFF,RPIIRPATL,3,MIPDMNTE,3832
2916,29759,CASSMVPDMNTEAFF,RPIIRPATL,3,MVPDMNTE,2564
2917,29760,CASSMIPDMNTEAFF,RPIIRPATL,3,MIPDMNTE,3832
2918,29761,CASTSVRDRLEKLFF,QMMVKAGL,3,SVRDRLEK,2423
2919,29762,CASSPDRGYEQFF,QMMVKAGL,3,SPDRGYEQ,5435
2920,29763,CASGRIAGELFF,RPIIRPATL,3,SGRIAGEL,2772
2921,29764,CASSMIPDMNTEAFF,RPIIRPATL,3,MIPDMNTE,3832
2922,29765,CASSWGQGKSSYEQYF,QMMVKAGL,3,WGQGKSSY,832
2923,29766,CASSQARTAYEQYF,QMMVKAGL,3,SQARTAYE,1856
2924,29767,CASGRIAGELFF,RPIIRPATL,3,SGRIAGEL,2772
2925,29768,CASGRIAGELFF,RPIIRPATL,3,SGRIAGEL,2772
2926,29769,CASSGSSGGRTDTQYF,QMMVKAGL,3,GSSGGRTD,1118
2927,29770,CASSLIRTWDEQYF,QMMVKAGL,3,SLIRTWDE,3495
2928,29771,CASSLVGGEQYF,RPIIRPATL,3,SSLVGGEQ,5019
2929,29772,CASSLIRTWDEQYF,QMMVKAGL,3,SLIRTWDE,3495
2930,29773,CASSLPPRNTEAFF,QMMVKAGL,3,SLPPRNTE,4315
2931,29774,CASSWRTGNSGELFF,QMMVKAGL,3,WRTGNSGE,3809
2932,29775,CASSLASGHRPTDTQYF,QMMVKAGL,3,ASGHRPTD,217
2933,29776,CASSPRREQGDTQYF,QMMVKAGL,3,PRREQGDT,1996
2934,29777,CASRAWGREGEKLFF,QMMVKAGL,3,AWGREGEK,544
2935,29778,CASSWRTGNSGELFF,QMMVKAGL,3,WRTGNSGE,3809
2936,29779,CSAREGVNTEAFF,QMMVKAGL,3,REGVNTEA,2944
2937,29780,CASSWRTGNSGELFF,QMMVKAGL,3,WRTGNSGE,3809
2938,29781,CASSVERGRNTGELFF,QMMVKAGL,3,VERGRNTG,112
2939,29782,CASSWRTGNSGELFF,QMMVKAGL,3,WRTGNSGE,3809
2940,29783,CASSPRREQGDTQYF,QMMVKAGL,3,PRREQGDT,1996
2941,29784,CASSWRTGNSGELFF,QMMVKAGL,3,WRTGNSGE,3809
2942,29785,CASSWRTGNSGELFF,QMMVKAGL,3,WRTGNSGE,3809
2943,29786,CASSWRTGNSGELFF,QMMVKAGL,3,WRTGNSGE,3809
2944,29787,CASSQAGQAGELFF,QMMVKAGL,3,SQAGQAGE,5626
2945,29788,CASSLRLVAGRSYNEQFF,QMMVKAGL,3,RLVAGRSY,3810
2946,29789,CASSEWLQETQYF,YLQPRTFLL,1,SEWLQETQ,69
2947,29790,CSARDLWGENTGELFF,YLQPRTFLL,1,DLWGENTG,2818
2948,29791,CASRVENTGELFF,YLQPRTFLL,1,RVENTGEL,4893
2949,29792,CASSLGPNTGELFF,YLQPRTFLL,1,SLGPNTGE,2162
2950,29793,CSARDRLAQNTGELFF,YLQPRTFLL,1,DRLAQNTG,1216
2951,29794,CASSDVSSGELFF,YLQPRTFLL,1,SDVSSGEL,2722
2952,29795,CSARDGQAMNTGELFF,YLQPRTFLL,1,DGQAMNTG,2139
2953,29796,CASSDLDTGELFF,YLQPRTFLL,1,SDLDTGEL,3486
2954,29797,CSARNDRGHNTGELFF,YLQPRTFLL,1,NDRGHNTG,3633
2955,29798,CASSGNRDRNTGELFF,YLQPRTFLL,1,GNRDRNTG,4648
2956,29799,CASRGDREMNTGELFF,YLQPRTFLL,1,GDREMNTG,4960
2957,29800,CASSLDRGRVSTDTQYF,YLQPRTFLL,1,DRGRVSTD,3077
2958,29801,CASSPPGLGNTGELFF,YLQPRTFLL,1,PPGLGNTG,1765
2959,29802,CASRGGQGMNTGELFF,YLQPRTFLL,1,GGQGMNTG,2049
2960,29803,CASSDSYGYTF,YLQPRTFLL,1,SSDSYGYT,3360
2961,29804,CASSDSYGYTF,YLQPRTFLL,1,SSDSYGYT,3360
2962,29805,CASSDSYGYTF,YLQPRTFLL,1,SSDSYGYT,3360
2963,29806,CASRSAEAFF,YLQPRTFLL,1,ASRSAEAF,4168
2964,29807,CASPDLNTGELFF,YLQPRTFLL,1,PDLNTGEL,907
2965,29808,CARGDANTGELFF,YLQPRTFLL,1,GDANTGEL,3535
2966,29809,CATSRDMRGSVELFF,YLQPRTFLL,1,RDMRGSVE,2068
2967,29810,CSARDRVGQNTGELFF,YLQPRTFLL,1,DRVGQNTG,254
2968,29811,CASSDQNTGELFF,YLQPRTFLL,1,SDQNTGEL,2039
2969,29812,CAQGDANTGELFF,YLQPRTFLL,1,GDANTGEL,3535
2970,29813,CASSPMGNWGNQPQHF,YLQPRTFLL,1,PMGNWGNQ,4167
2971,29814,CASSPMGNWGNQPQHF,YLQPRTFLL,1,PMGNWGNQ,4167
2972,29815,CASSPMGNWGNQPQHF,YLQPRTFLL,1,PMGNWGNQ,4167
2973,29816,CASSWTTDNEQFF,YLQPRTFLL,1,SWTTDNEQ,1355
2974,29817,CASSPDIEAFF,YLQPRTFLL,1,SSPDIEAF,5423
2975,29818,CASSPMGNWGNQPQHF,YLQPRTFLL,1,PMGNWGNQ,4167
2976,29819,CASSISESSYNEQFF,YLQPRTFLL,1,ISESSYNE,2822
2977,29820,CASSISESSYNEQFF,YLQPRTFLL,1,ISESSYNE,2822
2978,29821,CASSLDIEAFF,YLQPRTFLL,1,SSLDIEAF,240
2979,29822,CASSSTTGGGFSGANVLTF,YLQPRTFLL,1,TGGGFSGA,4363
2980,29823,CASADLDTGELFF,YLQPRTFLL,1,ADLDTGEL,4665
2981,29824,CASSWDIEAFF,YLQPRTFLL,1,SSWDIEAF,619
2982,29825,CASGSLNTGELFF,YLQPRTFLL,1,GSLNTGEL,1485
2983,29826,CAMRTDPNTGELFF,YLQPRTFLL,1,RTDPNTGE,5473
2984,29827,CASSPIAGGNTGELFF,YLQPRTFLL,1,PIAGGNTG,3454
2985,29828,CANGDLNSGELFF,YLQPRTFLL,1,GDLNSGEL,1844
2986,29829,CAGQEMNTGELFF,YLQPRTFLL,1,QEMNTGEL,736
2987,29830,CASNELNTGELFF,YLQPRTFLL,1,NELNTGEL,4921
2988,29831,CASSPVAGGNTGELFF,YLQPRTFLL,1,PVAGGNTG,3058
2989,29832,CASSLANTGELFF,YLQPRTFLL,1,SLANTGEL,973
2990,29836,CSARDKQGWNTGELFF,YLQPRTFLL,1,DKQGWNTG,4972
2991,29837,CGGGSLNTGELFF,YLQPRTFLL,1,GSLNTGEL,1485
2992,29839,CSATRDLNTGELFF,YLQPRTFLL,1,TRDLNTGE,5065
2993,29841,CARGLADTGELFF,YLQPRTFLL,1,GLADTGEL,2974
2994,29842,CSARDPTQQNTGELFF,YLQPRTFLL,1,DPTQQNTG,3278
2995,29843,CSVEDRNSYEQYF,YLQPRTFLL,1,EDRNSYEQ,4330
2996,29844,CSARDDRALNTGELFF,YLQPRTFLL,1,DDRALNTG,1640
2997,29845,CATAPLNSYEQYF,YLQPRTFLL,1,APLNSYEQ,5215
2998,29846,CASSLDIEAFF,YLQPRTFLL,1,SSLDIEAF,240
2999,29847,CAKDDANTGELFF,YLQPRTFLL,1,DDANTGEL,28
3000,29848,CATGESNTGELFF,YLQPRTFLL,1,GESNTGEL,965
3001,29849,CASSLDIEAFF,YLQPRTFLL,1,SSLDIEAF,240
3002,29850,CASSFGAGTAENTGELFF,YLQPRTFLL,1,GAGTAENT,4830
3003,29851,CASSEGNTGELFF,YLQPRTFLL,1,SEGNTGEL,1463
3004,29852,CASSFGAGTAENTGELFF,YLQPRTFLL,1,GAGTAENT,4830
3005,29853,CGGGDANTGELFF,YLQPRTFLL,1,GDANTGEL,3535
3006,29854,CASSYANTGELFF,YLQPRTFLL,1,SYANTGEL,3614
3007,29855,CASRSSGEYEQYF,YLQPRTFLL,1,RSSGEYEQ,1302
3008,29856,CSVEGDRNTGELFF,YLQPRTFLL,1,EGDRNTGE,3626
3009,29857,CASSEIAGGDTGELFF,YLQPRTFLL,1,EIAGGDTG,2202
3010,29858,CASSYIDSLEAFF,YLQPRTFLL,1,SYIDSLEA,334
3011,29859,CSVETDRNTVEAFF,YLQPRTFLL,1,ETDRNTVE,935
3012,29860,CAWIELNTGELFF,YLQPRTFLL,1,IELNTGEL,2977
3013,29882,CASSEVEGGNTGELFF,YLQPRTFLL,1,EVEGGNTG,3989
3014,29883,CASSTMVGGKGEKLFF,YLQPRTFLL,1,TMVGGKGE,5385
3015,29884,CASSEQNTGELFF,YLQPRTFLL,1,SEQNTGEL,3434
3016,29885,CATTELNTGELFF,YLQPRTFLL,1,TELNTGEL,4448
3017,29886,CASRDRDSLNTGELFF,YLQPRTFLL,1,DRDSLNTG,342
3018,29887,CASSTMVGGKGEKLFF,YLQPRTFLL,1,TMVGGKGE,5385
3019,29888,CANQDLNTGELFF,YLQPRTFLL,1,QDLNTGEL,717
3020,29889,CSARDPGAFNTGELFF,YLQPRTFLL,1,DPGAFNTG,4005
3021,29890,CASSPEDEQYF,YLQPRTFLL,1,SSPEDEQY,977
3022,29891,CASSELNGFEAFF,YLQPRTFLL,1,SELNGFEA,400
3023,29892,CASSDIAGGNTGELFF,YLQPRTFLL,1,DIAGGNTG,190
3024,29893,CSARDRLAENTGELFF,YLQPRTFLL,1,DRLAENTG,4786
3025,29894,CASSLPAGWEDTQYF,YLQPRTFLL,1,LPAGWEDT,3931
3026,29895,CASSDSYGYTF,YLQPRTFLL,1,SSDSYGYT,3360
3027,29896,CASSFQNTGELFF,YLQPRTFLL,1,SFQNTGEL,1197
3028,29897,CSAREQDRSYGYTF,QYIKWPWYI,1,REQDRSYG,4853
3029,29898,CASSFPASGLEVTQYF,QYIKWPWYI,1,FPASGLEV,4350
3030,29899,CASSYNRGVWNEQFF,QYIKWPWYI,1,YNRGVWNE,147
3031,29900,CASSFPASGLEVTQYF,QYIKWPWYI,1,FPASGLEV,4350
3032,29901,CSFGPQGAKYEQYF,QYIKWPWYI,1,GPQGAKYE,5550
3033,29902,CASSLKAGGLGDTQYF,QYIKWPWYI,1,LKAGGLGD,3157
3034,29903,CASSFQGLGNGYTF,QYIKWPWYI,1,SFQGLGNG,1054
3035,29904,CASSTDFDRRGTQYF,QYIKWPWYI,1,TDFDRRGT,1398
3036,29905,CASSYAGAGEQFF,QYIKWPWYI,1,SYAGAGEQ,339
3037,29906,CASSYAGAGEQFF,QYIKWPWYI,1,SYAGAGEQ,339
3038,29907,CASSEGLAGPRELFF,QYIKWPWYI,1,EGLAGPRE,4284
3039,29916,CVSSKGRMDFYEQYF,QYIKWPWYI,1,KGRMDFYE,1099
3040,29917,CASSWTGGSGNTIYF,QYIKWPWYI,1,WTGGSGNT,3609
3041,29918,CSARPTSGGRHYEQYF,QYIKWPWYI,1,PTSGGRHY,2253
3042,29919,CASSLQGARKLFF,QYIKWPWYI,1,SLQGARKL,3367
3043,29920,CSARDQQGAHLEQYF,QYIKWPWYI,1,DQQGAHLE,5612
3044,29921,CASSGGSENTEAFF,QYIKWPWYI,1,SGGSENTE,5452
3045,29922,CASSPAGGGSSYEQYF,QYIKWPWYI,1,PAGGGSSY,197
3046,29923,CASSLAGTGFGHEQYF,QYIKWPWYI,1,LAGTGFGH,1792
3047,29924,CATSTEQGREQFF,QYIKWPWYI,1,STEQGREQ,484
3048,29925,CSARDQGGTGVLDTQYF,QYIKWPWYI,1,QGGTGVLD,5142
3049,29926,CASSQGLGGTDNSPLHF,QYIKWPWYI,1,GLGGTDNS,3959
3050,29927,CSARDPDGAYEQYF,QYIKWPWYI,1,RDPDGAYE,3653
3051,29928,CASSLGGGGLNTEAFF,QYIKWPWYI,1,LGGGGLNT,1422
3052,29929,CASSVTLWTGTSTRSADTQYF,QYIKWPWYI,1,WTGTSTRS,2368
3053,29930,CASSFYMGYEQYF,QYIKWPWYI,1,SFYMGYEQ,5641
3054,29931,CASSFYMGYEQYF,QYIKWPWYI,1,SFYMGYEQ,5641
3055,29932,CSARDQGQTYEQYF,QYIKWPWYI,1,RDQGQTYE,418
3056,29933,CSARDLAGSGGADTQYF,QYIKWPWYI,1,LAGSGGAD,512
3057,29934,CASSFVGAPEQYF,QYIKWPWYI,1,SFVGAPEQ,3216
3058,29935,CASSIRAGGRRDEQFF,QYIKWPWYI,1,IRAGGRRD,3872
3059,29936,CSARDLAGSGGADTQYF,QYIKWPWYI,1,LAGSGGAD,512
3060,29937,CSAPRQGWADTQYF,QYIKWPWYI,1,PRQGWADT,3649
3061,29938,CASSLQQGITDTQYF,QYIKWPWYI,1,LQQGITDT,2685
3062,29939,CASSTGQGVWEQFF,QYIKWPWYI,1,STGQGVWE,354
3063,29940,CSARDQAEAYEQYF,QYIKWPWYI,1,RDQAEAYE,1637
3064,29941,CASSLQQGITDTQYF,QYIKWPWYI,1,LQQGITDT,2685
3065,29952,CASRRPGRFTDTQYF,QYIKWPWYI,1,RPGRFTDT,2561
3066,29953,CSARDIRTSGSYEQYF,QYIKWPWYI,1,DIRTSGSY,3395
3067,29954,CASSLVGVGGTEAFF,QYIKWPWYI,1,LVGVGGTE,4105
3068,29955,CSARGTGAYEQYF,QYIKWPWYI,1,RGTGAYEQ,2119
3069,29965,CASSPPQGGSYEQYF,QYIKWPWYI,1,PPQGGSYE,3417
3070,29966,CASSLGGFGSPLHF,QYIKWPWYI,1,SLGGFGSP,4395
3071,29967,CASSTSGGGEQYF,QYIKWPWYI,1,STSGGGEQ,668
3072,29968,CASSLGSYGSPLHF,QYIKWPWYI,1,SLGSYGSP,4147
3073,29969,CSVLTGAGVYTGELFF,QYIKWPWYI,1,TGAGVYTG,1433
3074,29970,CASITGTGGFGYTF,TFEYVSQPFLMDLE,1,ITGTGGFG,5167
3075,29971,CASSLRTSGTGEQFF,TFEYVSQPFLMDLE,1,LRTSGTGE,4203
3076,29972,CASSPRGRGAETQYF,TFEYVSQPFLMDLE,1,PRGRGAET,1113
3077,29973,CASSPRGPPNTGELFF,TFEYVSQPFLMDLE,1,PRGPPNTG,2275
3078,29974,CASSIRPHDRYTF,TFEYVSQPFLMDLE,1,SIRPHDRY,4169
3079,29975,CASSYRDPLQGQFF,TFEYVSQPFLMDLE,1,SYRDPLQG,174
3080,29976,CASSFNRRGLENYGYTF,TFEYVSQPFLMDLE,1,NRRGLENY,1315
3081,29977,CASSGTLGQFF,TFEYVSQPFLMDLE,1,SSGTLGQF,1037
3082,29978,CASSKNPGQLYGYTF,TFEYVSQPFLMDLE,1,KNPGQLYG,2568
3083,29979,CATTSGGALYGYTF,TFEYVSQPFLMDLE,1,TSGGALYG,394
3084,29980,CAWSRRGLGYTF,TFEYVSQPFLMDLE,1,WSRRGLGY,3650
3085,29981,CASSAQGALGYTF,TFEYVSQPFLMDLE,1,SAQGALGY,1266
3086,29999,CASSFRGPGNTIYF,TFEYVSQPFLMDLE,1,SFRGPGNT,1323
3087,30000,CASHSGVDTQYF,TFEYVSQPFLMDLE,1,SHSGVDTQ,459
3088,30001,CASSPRLAGSTGELFF,TFEYVSQPFLMDLE,1,PRLAGSTG,3174
3089,30002,CASSLRAGAPTGELFF,TFEYVSQPFLMDLE,1,LRAGAPTG,3536
3090,30003,CASSLRGGSPTGYTF,TFEYVSQPFLMDLE,1,LRGGSPTG,271
3091,30004,CASSPRDRVNTGELFF,TFEYVSQPFLMDLE,1,PRDRVNTG,2970
3092,30005,CASTARGGNGYTF,TFEYVSQPFLMDLE,1,TARGGNGY,707
3093,30006,CASRTKGGLGYTF,TFEYVSQPFLMDLE,1,RTKGGLGY,3285
3094,30007,CASSPRDRLNTGELFF,TFEYVSQPFLMDLE,1,PRDRLNTG,2294
3095,30008,CASSSRQGSPLHF,TFEYVSQPFLMDLE,1,SSRQGSPL,214
3096,30009,CASSPRDRVASVSGNTIYF,TFEYVSQPFLMDLE,1,DRVASVSG,2312
3097,30010,CASSPRDRVASVSGNTIYF,TFEYVSQPFLMDLE,1,DRVASVSG,2312
3098,30011,CASSSQGALNGYTF,TFEYVSQPFLMDLE,1,SSQGALNG,749
3099,30012,CASSLTRGAGSIGELFF,TFEYVSQPFLMDLE,1,TRGAGSIG,4155
3100,30013,CASSPDRGLGGYTF,TFEYVSQPFLMDLE,1,SPDRGLGG,1671
3101,30014,CASSSQGALYGYTF,TFEYVSQPFLMDLE,1,SSQGALYG,2284
3102,30015,CASSYRARVNTGELFF,TFEYVSQPFLMDLE,1,YRARVNTG,1439
3103,30016,CASSERDRVNTGELFF,TFEYVSQPFLMDLE,1,ERDRVNTG,2821
3104,30017,CASSYASGGRPNTGELFF,TFEYVSQPFLMDLE,1,ASGGRPNT,1331
3105,30018,CATSGRGGFGYTF,TFEYVSQPFLMDLE,1,SGRGGFGY,149
3106,30019,CASSLRDRLNTGELFF,TFEYVSQPFLMDLE,1,LRDRLNTG,2768
3107,30020,CASSPRGSGNTIYF,TFEYVSQPFLMDLE,1,SPRGSGNT,2696
3108,30021,CATSGRGGFGYTF,TFEYVSQPFLMDLE,1,SGRGGFGY,149
3109,30022,CASSRRGGDGYTF,TFEYVSQPFLMDLE,1,SRRGGDGY,3808
3110,30023,CASSGRGSFGYTF,TFEYVSQPFLMDLE,1,SGRGSFGY,5675
3111,30029,CASSYRGDYGYTF,TFEYVSQPFLMDLE,1,SYRGDYGY,5642
3112,30030,CAWSPRGTEAFF,TFEYVSQPFLMDLE,1,WSPRGTEA,5190
3113,30031,CASSYRGDYGYTF,TFEYVSQPFLMDLE,1,SYRGDYGY,5642
3114,30032,CASSFRKGSLNGYTF,TFEYVSQPFLMDLE,1,FRKGSLNG,1397
3115,30033,CASSYKRRPNTGELFF,TFEYVSQPFLMDLE,1,YKRRPNTG,5199
3116,30034,CASSLRGLEKLFF,TFEYVSQPFLMDLE,1,SLRGLEKL,3416
3117,30035,CASSFRRDTPNGYTF,TFEYVSQPFLMDLE,1,FRRDTPNG,3710
3118,30036,CASSYSKGSLGYTF,TFEYVSQPFLMDLE,1,SYSKGSLG,4246
3119,30037,CASSATGGVGYTF,TFEYVSQPFLMDLE,1,SATGGVGY,456
3120,30038,CASSWGPGSLYGYTF,TFEYVSQPFLMDLE,1,WGPGSLYG,2911
3121,30058,CASSPRPGQGWSPLHF,TFEYVSQPFLMDLE,1,PRPGQGWS,5359
3122,30059,CASSPRDRANTGELFF,TFEYVSQPFLMDLE,1,PRDRANTG,3314
3123,30060,CASSSRGDYGYTF,TFEYVSQPFLMDLE,1,SSRGDYGY,4928
3124,30061,CASSSREGLGYTF,TFEYVSQPFLMDLE,1,SSREGLGY,4953
3125,30062,CASSPDRFNGLNTIYF,TFEYVSQPFLMDLE,1,PDRFNGLN,3104
3126,30063,CASSSRQGSLKQYF,TFEYVSQPFLMDLE,1,SSRQGSLK,225
3127,30064,CASSQAGWNTEAFF,TFEYVSQPFLMDLE,1,SQAGWNTE,2792
3128,30065,CASSPRLPLATGELFF,TFEYVSQPFLMDLE,1,PRLPLATG,4883
3129,30066,CASSPRTSANTGELFF,TFEYVSQPFLMDLE,1,PRTSANTG,268
3130,30067,CASSPRGTEAFF,TFEYVSQPFLMDLE,1,SSPRGTEA,3957
3131,30068,CASSPRTGTPHGYTF,TFEYVSQPFLMDLE,1,PRTGTPHG,2185
3132,30069,CASSHRDRPNTGELFF,TFEYVSQPFLMDLE,1,HRDRPNTG,1596
3133,30070,CASSGTFGYTF,TFEYVSQPFLMDLE,1,SSGTFGYT,3581
3134,30071,CATPTGAFGYTF,TFEYVSQPFLMDLE,1,TPTGAFGY,4712
3135,30072,CASRDRARSDTEAFF,TFEYVSQPFLMDLE,1,DRARSDTE,5624
3136,30073,CASSDRGALGYTF,TFEYVSQPFLMDLE,1,SDRGALGY,2062
3137,30074,CASSARGGNGYTF,TFEYVSQPFLMDLE,1,SARGGNGY,5213
3138,30075,CASSNRGLGYTF,TFEYVSQPFLMDLE,1,SSNRGLGY,1462
3139,30076,CASSAGVGYTF,TFEYVSQPFLMDLE,1,SSAGVGYT,5084
3140,30077,CASSVRDRANTGELFF,TFEYVSQPFLMDLE,1,VRDRANTG,2069
3141,30078,CASSYRNSGGYGYTF,TFEYVSQPFLMDLE,1,YRNSGGYG,3887
3142,30079,CASSRTGGVGYTF,TFEYVSQPFLMDLE,1,SRTGGVGY,3237
3143,30080,CASSVRDRANTGELFF,TFEYVSQPFLMDLE,1,VRDRANTG,2069
3144,30081,CASSYRGAYGYTF,TFEYVSQPFLMDLE,1,SYRGAYGY,1503
3145,30082,CASSLGPWETQYF,TFEYVSQPFLMDLE,1,SLGPWETQ,83
3146,30083,CASSPRRGSLSGYTF,TFEYVSQPFLMDLE,1,PRRGSLSG,1019
3147,30109,CASSTRGPGNTIYF,TFEYVSQPFLMDLE,1,STRGPGNT,4686
3148,30110,CASRFGTNSYNEQFF,TFEYVSQPFLMDLE,1,FGTNSYNE,1061
3149,30111,CASSLGDRGQLGYGYTF,TFEYVSQPFLMDLE,1,GDRGQLGY,4439
3150,30112,CASSPRGGHGYTF,TFEYVSQPFLMDLE,1,SPRGGHGY,4498
3151,30113,CASRRDRGLEGYTF,TFEYVSQPFLMDLE,1,RRDRGLEG,872
3152,30114,CASTVPGQLYGYTF,TFEYVSQPFLMDLE,1,TVPGQLYG,2398
3153,30115,CASSSGRGSGYTF,TFEYVSQPFLMDLE,1,SSGRGSGY,808
3154,30116,CASSPGQGSIYGYTF,TFEYVSQPFLMDLE,1,PGQGSIYG,4427
3155,30117,CASSRTGGSINGYTF,TFEYVSQPFLMDLE,1,RTGGSING,1783
3156,30118,CASSARQGIGLGTNEKLFF,TFEYVSQPFLMDLE,1,QGIGLGTN,2754
3157,30119,CASSPGQGSIYGYTF,TFEYVSQPFLMDLE,1,PGQGSIYG,4427
3158,30120,CASSPRGQGNTGELFF,TFEYVSQPFLMDLE,1,PRGQGNTG,5299
3159,30121,CATSPRGAWGYTF,TFEYVSQPFLMDLE,1,SPRGAWGY,4626
3160,30144,CASSYRGADGYTF,TFEYVSQPFLMDLE,1,SYRGADGY,2211
3161,30145,CATSDRTGWGYTF,TFEYVSQPFLMDLE,1,SDRTGWGY,5545
3162,30146,CASSPRGTEAFF,TFEYVSQPFLMDLE,1,SSPRGTEA,3957
3163,30147,CASVNRGGQPQHF,TFEYVSQPFLMDLE,1,VNRGGQPQ,2472
3164,30148,CASSKRQSTVYGYTF,TFEYVSQPFLMDLE,1,KRQSTVYG,816
3165,30149,CASRGRGPETQYF,TFEYVSQPFLMDLE,1,RGRGPETQ,4079
3166,30150,CATSLTGGSGYTF,TFEYVSQPFLMDLE,1,SLTGGSGY,1042
3167,30151,CATSPRGAVGYTF,TFEYVSQPFLMDLE,1,SPRGAVGY,2743
3168,30152,CASSERQGSLYGYTF,TFEYVSQPFLMDLE,1,ERQGSLYG,4881
3169,30153,CASSYRGTGIYGYTF,TFEYVSQPFLMDLE,1,YRGTGIYG,1946
3170,30154,CASSVRDRVNTGELFF,TFEYVSQPFLMDLE,1,VRDRVNTG,3265
3171,30155,CASSKNRDSLPYGYTF,TFEYVSQPFLMDLE,1,KNRDSLPY,5587
3172,30156,CASRPGLAGGRPEQYF,LLFGYPVYV,3,PGLAGGRP,2857
3173,30157,CASSYPGGGFYEQYF,LLFGYPVYV,3,YPGGGFYE,5271
3174,30158,CASGGQGRAEQFF,GNSHRGAIEWEGIESG,3,GGQGRAEQ,2617
3175,30159,CTCSADRVGNTLYF,INFDFNTI,3,SADRVGNT,1985
3176,30160,CASSSTGLPYGYTF,PKYVKQNTLKLAT,3,SSTGLPYG,3820
3177,30161,CASGGGGTLYF,SIYRYYGL,3,SGGGGTLY,712
3178,30162,CASSSTGLPYGYTF,PKYVKQNTLKLAT,3,SSTGLPYG,3820
3179,30163,CTCSAAPDWGASAETLYF,KVITFIDL,3,APDWGASA,4908
3180,30164,CASSLGQAYEQYF,FLRGRAYGL,3,SLGQAYEQ,5661
3181,30165,CASGGGGTLYF,EQYKFYSV,3,SGGGGTLY,712
3182,30166,CTCSADRVGNTLYF,RGYVYQGL,3,SADRVGNT,1985
3183,30167,CASSSRSSYEQYF,GILGFVFTL,3,SSRSSYEQ,3069
3184,30168,CASRPGLAGGRPEQYF,LLFGYAVYV,3,PGLAGGRP,2857
3185,30169,CASRPGLAGGRPEQYF,LLFGYPRYV,3,PGLAGGRP,2857
3186,30170,CASRPGLAGGRPEQYF,LLFGYPVAV,3,PGLAGGRP,2857
3187,30171,CASGDAGGGYEQYF,SRGGASQYRPSQ,3,GDAGGGYE,4094
3188,30172,CASSLADRVNTEAFF,VHFFKNIVTPRTPG,3,LADRVNTE,3697
3189,30173,CASPGLAGEYEQYF,LPEPLPQGQLTAY,3,PGLAGEYE,2231
3190,30174,CASSYVGNTGELFF,SLLMWITQV,3,SYVGNTGE,1134
3191,30175,CASSYVGNTGELFF,SLLMWITQC,3,SYVGNTGE,1134
3192,30176,CASGGGGTLYF,EQYKFYSV,3,SGGGGTLY,712
3193,30177,CASSQDRDTQYF,VMAPRTLIL,3,SSQDRDTQ,579
3194,30178,CASSYVGNTGELFF,SLLMWITQC,3,SYVGNTGE,1134
3195,30179,CASSYVGNTGELFF,SLLMWITQC,3,SYVGNTGE,1134
3196,30180,CASRPGLAGGRPEQYF,LLFGKPVYV,3,PGLAGGRP,2857
3197,30181,CASTYHGTGYF,GELIGILNAAKVPAD,3,STYHGTGY,5039
3198,30182,CASTYHGTGYF,GELIGTLNAAKVPAD,3,STYHGTGY,5039
3199,30183,CATGTGDSNQPQHF,EPLPQGQLTAY,3,GTGDSNQP,5062
3200,30184,CTCSADRVGNTLYF,SQYYYNSL,3,SADRVGNT,1985
3201,30185,CASSYLGNTGELFF,SLLMWITQC,3,SYLGNTGE,4691
3202,30186,CASSYLGNTGELFF,SLLMWITQC,3,SYLGNTGE,4691
3203,30187,CASGDASGAETLYF,RGGASQYRPSQ,3,GDASGAET,5625
3204,30188,CASSYLGNTGELFF,SLLMWITQC,3,SYLGNTGE,4691
3205,30189,CASSSRSSYEQYF,GILGFVFTL,3,SSRSSYEQ,3069
3206,30190,CASSSRSSYEQYF,GILGFVFTL,3,SSRSSYEQ,3069
3207,30191,CASSSRASYEQYF,GILGFVFTL,3,SSRASYEQ,4111
3208,30192,CASSSRSSYEQYF,PKYVKQNTLKLAT,3,SSRSSYEQ,3069
3209,30193,CASTGSYGYTF,KAFSPEVIPMF,3,STGSYGYT,4256
3210,30194,CASGDASGGNTLYF,RGGASQYRPSQ,3,GDASGGNT,5080
3211,30195,CASRPGLAGGRPEQYF,LLFGPVYV,3,PGLAGGRP,2857
3212,30196,CASRPGLAGGRPEQYF,LLFGPVYV,3,PGLAGGRP,2857
3213,30197,CASRYRDDSYNEQFF,EENLLDFVRF,3,YRDDSYNE,5551
3214,30198,CASSFTWTSGGATDTQYF,FLRGRAYGL,3,TWTSGGAT,5677
3215,30199,CASSPVTGGIYGYTF,NLVPMVATV,3,PVTGGIYG,5380
3216,30200,CASRPGLAGGRPEQYF,MLWGYLQYV,3,PGLAGGRP,2857
3217,30201,CAWSETGLGTGELFF,ELAGIGILTV,3,ETGLGTGE,390
3218,30202,CASSLGQAYEQYF,EEYLKAWTF,3,SLGQAYEQ,5661
3219,30203,CASSLGQAYEQYF,EEYLQAFTY,3,SLGQAYEQ,5661
3220,30204,CASPGLAGEYEQYF,LPEPLPQGQLTAY,3,PGLAGEYE,2231
3221,30205,CASSWDRAGNTLYF,GAMKRHGLDNYRGYSLG,3,SWDRAGNT,3252
3222,30206,CASSARSGELFF,HPVGEADYFEY,3,SSARSGEL,1819
3223,30207,CASSARSGELFF,HPVGEADYFEY,3,SSARSGEL,1819
3224,30208,CASSARSGELFF,HPVGEADYFEY,3,SSARSGEL,1819
3225,30209,CSARDGTGNGYTF,GLCTLVAML,3,RDGTGNGY,3396
3226,30210,CASSFGREQYF,SSLENFRAYV,3,SSFGREQY,260
3227,30211,CASRPGLAGGRPEQYF,LGYGFVNYI,3,PGLAGGRP,2857
3228,30212,CASSLSFGTEAFF,ELAGIGILTV,3,SLSFGTEA,1761
3229,30213,CASSLSFGTEAFF,AAGIGILTV,3,SLSFGTEA,1761
3230,30214,CAISEVGVGQPQHF,ELAGIGILTV,3,SEVGVGQP,4009
3231,30215,CAISEVGVGQPQHF,AAGIGILTV,3,SEVGVGQP,4009
3232,30216,CASRPGLAGGRPEQYF,LLFGFPVYV,3,PGLAGGRP,2857
3233,30217,CASSLNNANSDYTF,ADLIAYLKQATKG,3,SLNNANSD,820
3234,30218,CASGDFWGDTLYF,WIYVYRPMGCGGS,3,GDFWGDTL,3988
3235,30219,CASGQGNFDIQYF,FLRGRAYGL,3,GQGNFDIQ,4874
3236,30220,CASSLWEKLAKNIQYF,ALWGPDPAAA,3,LWEKLAKN,913
3237,30221,CASSLWEKLAKNIQYF,ALWGPDPAAA,3,LWEKLAKN,913
3238,30222,CASSPTSGIYEQYF,RFPLTFGWCF,3,SPTSGIYE,525
3239,30223,CASSSWDTGELFF,RYPLTFGWCF,3,SSWDTGEL,477
3240,30224,CASSSWDTGELFF,RYPLTLGWCF,3,SSWDTGEL,477
3241,30225,CASSSRSSYEQYF,PKYVKQNTLKLAT,3,SSRSSYEQ,3069
3242,30226,CASSQIRETQYF,GELIGILNAAKVPAD,3,SSQIRETQ,3355
3243,30227,CASSFLGTGVEQYF,ALGIGILTV,3,SFLGTGVE,5598
3244,30228,CASRPGLMSAQPEQYF,LLFGYPVYV,3,PGLMSAQP,1165
3245,30229,CASREGLGGTEAFF,KRWIILGLNK,3,REGLGGTE,3369
3246,30230,CASREGLGGTEAFF,KRWIIMGLNK,3,REGLGGTE,3369
3247,30231,CASSVAVSAGTYEQYF,SGEGSFQPSQENP,3,VAVSAGTY,4196
3248,30232,CAWSETGLGMGGWQF,ELAAIGILTV,3,ETGLGMGG,3533
3249,30233,CAWSETGLGMGGWQF,ELAGIGALTV,3,ETGLGMGG,3533
3250,30234,CAWSETGLGMGGWQF,ELAGIGILTV,3,ETGLGMGG,3533
3251,30235,CASPGETEAFF,LPEPLPQGQLTAY,3,SPGETEAF,999
3252,30236,CASSRTGSTYEQYF,LPEPLPQGQLTAY,3,SRTGSTYE,1143
3253,30237,CASSWSFGTEAFF,ELAGIGILTV,3,SWSFGTEA,153
3254,30238,CASSLTGGGELFF,TAFTIPSI,3,SLTGGGEL,1196
3255,30239,CASSYQGTEAFF,ILAKFLHWL,3,SSYQGTEA,3413
3256,30240,CASSFRALAADTQYF,APQPELPYPQPGS,3,FRALAADT,3060
3257,30241,CASSFRFTDTQYF,APQPELPYPQPGS,3,SFRFTDTQ,5482
3258,30242,CASSVRSTDTQYF,APQPELPYPQPG,3,SVRSTDTQ,1053
3259,30243,CSAGVGGQETQYF,QPFPQPELPYP,3,GVGGQETQ,313
3260,30244,CASSLNWSQDTQYF,PADPLAFFSSAIKGGGGSLV,3,SLNWSQDT,4846
3261,30245,CASSLNNANSDYTF,ADGLAYFRSSFKGG,3,SLNNANSD,820
3262,30246,CASSLNNANSDYTF,ANGVAFFLTPFKA,3,SLNNANSD,820
3263,30247,CASSARSGELFF,HPVGDADYFEY,3,SSARSGEL,1819
3264,30248,CASSARSGELFF,HPVGEADYFEY,3,SSARSGEL,1819
3265,30249,CASSARSGELFF,HPVGQADYFEY,3,SSARSGEL,1819
3266,30250,CAWSETGLGTGELFF,EAAGIGILTV,3,ETGLGTGE,390
3267,30251,CASSLRGRGDQPQHF,HSKKKCDEL,3,LRGRGDQP,1046
3268,30252,CASRPRRDNEQFF,QPLALEGSLQKRG,3,RPRRDNEQ,1868
3269,30253,CASRPRDPVTQYF,LQPLALEGSLQKRG,3,RPRDPVTQ,3513
3270,30254,CASSTTPGTGTETQYF,PSGEGSFQPSQENPQ,3,TTPGTGTE,5195
3271,30255,CASSAGTSGEYEQYF,SGEGSFQPSQENP,3,AGTSGEYE,3207
3272,30256,CASSEARRYNEQFF,PSGEGSFQPSQENPQ,3,SEARRYNE,3722
3273,30257,CASSQTQLWETQYF,NLVPMVATV,3,SQTQLWET,5259
3274,30258,CASSLAPGTTNEKLFF,NLVPMVATV,3,LAPGTTNE,2595
3275,30259,CASGGGGTLYF,EQYKFYSV,3,SGGGGTLY,712
3276,30260,CASSDWVSYEQYF,ALWGFFPVL,3,SDWVSYEQ,1662
3277,30261,CSARDLTSGANNEQFF,ENPVVHFFKNIVTP,3,DLTSGANN,677
3278,30262,CASGGGGTLYF,QLSPFPFDL,3,SGGGGTLY,712
3279,30263,CASSDWVSYEQYF,ALWGFFPVL,3,SDWVSYEQ,1662
3280,30264,CASSDWVSYEQYF,ALWGFFPVL,3,SDWVSYEQ,1662
3281,30265,CASGGGGTLYF,QLSPFPFDL,3,SGGGGTLY,712
3282,30266,CASSDWVSYEQYF,ALWGFFPVL,3,SDWVSYEQ,1662
3283,30267,CSARDLTSGANNEQFF,MDFARVHFISALHGSG,3,DLTSGANN,677
3284,30268,CASIDSSGNTLYF,FEAQKAKANKAVDG,3,IDSSGNTL,1055
3285,30269,CASGDFWGDTLYF,FEAQKAKANKAVD,3,GDFWGDTL,3988
3286,30270,CASGDAWGYEQYF,FEAQKAKANKAV,3,GDAWGYEQ,2776
3287,30271,CASRPGLAGGRPEQYF,LLFGPVYV,3,PGLAGGRP,2857
3288,30272,CASGGGGTLYF,QLSPFPFDL,3,SGGGGTLY,712
3289,30273,CASGGGGTLYF,QLSPFPFDL,3,SGGGGTLY,712
3290,30274,CWSFAGSYYVF,SLLMWITQV,3,SFAGSYYV,4114
3291,30275,CWSFAGSYYVF,SLLMWITQV,3,SFAGSYYV,4114
3292,30276,CAWSVSVGAGVPTIYF,RYPLTFGWCF,3,VSVGAGVP,5269
3293,30277,CSARGGSYNSPLHF,FSWGAEGQRPGF,3,RGGSYNSP,4694
3294,30278,CATSALGDTQYF,NPVVHFFKNIVTPR,3,TSALGDTQ,1952
3295,30279,CASSLNWSQDTQYF,ADLIAYLKQATKG,3,SLNWSQDT,4846
3296,30280,CASSLNNANSDYTF,ADLIAYLEQATKG,3,SLNNANSD,820
3297,30281,CASGDFWGDTLYF,FEAQKAKANKAVD,3,GDFWGDTL,3988
3298,30282,CSARGGSYNSPLHF,FSWGAEGQRPGFGSGG,3,RGGSYNSP,4694
3299,30283,CASSDAPGQLYF,QLSDVPMDL,3,SSDAPGQL,1999
3300,30284,CASSDAPGQLYF,SPLDSLWWI,3,SSDAPGQL,1999
3301,30285,CASSDAPGQLYF,FLSPFWFDI,3,SSDAPGQL,1999
3302,30286,CASSFLGTGVEQYF,EAAGIGILTV,3,SFLGTGVE,5598
3303,30287,CATSALGDTQYF,RLLMLFAKDVVSRN,3,TSALGDTQ,1952
3304,30288,CASSLRDGYTGELFF,QHIRCNIPKRISA,3,LRDGYTGE,882
3305,30289,CATSALGDTQYF,QLVHFVRDFAQL,3,TSALGDTQ,1952
3306,30290,CASSDAPGQLYF,SPAEAGFFL,3,SSDAPGQL,1999
3307,30291,CASSDAPGQLYF,QPAEGGFQL,3,SSDAPGQL,1999
3308,30292,CASSDAPGQLYF,SPAPRPLDL,3,SSDAPGQL,1999
3309,30293,CASSDAPGQLYF,MPAGRPWDL,3,SSDAPGQL,1999
3310,30294,CASSDAPGQLYF,VPYMAEFGM,3,SSDAPGQL,1999
3311,30295,CASGDFWGDTLYF,FEAQKAKANKAVD,3,GDFWGDTL,3988
3312,30296,CASSLAQGGETQYF,QAFWIDLFETIG,3,SLAQGGET,2941
3313,30297,CASGDFWGDTLYF,FEAQKAKANKAVD,3,GDFWGDTL,3988
3314,30298,CASSLEGGYYNEQFF,IPSINVHHY,3,LEGGYYNE,614
3315,30299,CAAWDDSLNGWVF,RMFPNAPYL,3,WDDSLNGW,2094
3316,30300,CASRRGPYEQYF,KLVALVINAV,3,SRRGPYEQ,198
3317,30301,CASSFNMATGQYF,EVDPIGHLY,3,SFNMATGQ,3423
3318,30302,CASSFNMATGQYF,ESDPIVAQY,3,SFNMATGQ,3423
3319,30303,CASSLWEKLAKNIQYF,YQFGPDFPIA,3,LWEKLAKN,913
3320,30304,CASSLWEKLAKNIQYF,RQWGPDPAAV,3,LWEKLAKN,913
3321,30305,CASSLWEKLAKNIQYF,YLGGPDFPTI,3,LWEKLAKN,913
3322,30306,CASSLWEKLAKNIQYF,MVWGPDPLYV,3,LWEKLAKN,913
3323,30307,CASSLWEKLAKNIQYF,RQFGPDFPTI,3,LWEKLAKN,913
3324,30308,CASSLWEKLAKNIQYF,RQFGPDWIVA,3,LWEKLAKN,913
3325,30309,CASSLIYPGELFF,GILGFVFTL,3,SLIYPGEL,4718
3326,30310,CASRPGWMAGGVELYF,ELAGIGILTV,3,PGWMAGGV,3882
3327,30311,CASSFIGGTDTQYF,YLEPGPVTV,3,SFIGGTDT,1660
3328,30312,CASSIRSSYEQYF,GILGFVFTL,3,SIRSSYEQ,2985
3329,30313,CASSSRSSYEQYF,GILGLVFTL,3,SSRSSYEQ,3069
3330,30314,CASSIRSSYEQYF,GILEFVFTL,3,SIRSSYEQ,2985
3331,30315,CASSLWEKLAKNIQYF,AQWGPDPAAA,3,LWEKLAKN,913
3332,30316,CASSIFGQREQYF,GILGFVFTL,3,SIFGQREQ,3068
3333,30317,CASSLGHTEVFF,RGPGRAFVTI,3,SSLGHTEV,4008
3334,30318,CASSIGVYGYTF,GILGFVFTL,3,SSIGVYGY,741
3335,30319,CASRRGPYEQYF,KLVALGINAV,3,SRRGPYEQ,198
3336,30320,CASSVAPGSDTQYF,APSGEGSFQPSQENPQ,3,SVAPGSDT,2213
3337,30321,CASSVAGTPSYEQYF,QPQQSFPEQEA,3,VAGTPSYE,5539
3338,30322,CASSNRGLGTDTQYF,GPQQSFPEQEA,3,NRGLGTDT,3023
3339,30323,CASSDAGGRNTLYF,KAVANFATM,3,SDAGGRNT,1380
3340,30324,CASSDAGGRNTLYF,KAPANFATM,3,SDAGGRNT,1380
3341,30325,CASSDAGGRNTLYF,KAPFNFATM,3,SDAGGRNT,1380
3342,30326,CASSYQGTEAFF,ILAKFLHWL,3,SSYQGTEA,3413
3343,30327,CASSQGLAGAGELFF,ELAGIGILTV,3,QGLAGAGE,2149
3344,30328,CASSDTVSYEQYF,SLYNTVATL,3,SDTVSYEQ,380
3345,30329,CASSDTVSYEQYF,SLYNTIATL,3,SDTVSYEQ,380
3346,30330,CASSDTVSYEQYF,SLFNTIAVL,3,SDTVSYEQ,380
3347,30331,CASSQGLAGAGELFF,ELAGIGILTV,3,QGLAGAGE,2149
3348,30332,CASSAGLDAEQYF,ASNENMETM,3,SAGLDAEQ,1609
3349,30333,CASSRDLGRDTQYF,ASNENMETM,3,SRDLGRDT,950
3350,30334,CASSLLGGWSEAFF,GILGFVFTL,3,SLLGGWSE,46
3351,30335,CASSDAGGRNTLYF,KAPYNFATM,3,SDAGGRNT,1380
3352,30336,CASSDAGGRNTLYF,KAVYNFATM,3,SDAGGRNT,1380
3353,30337,CASSANPGDSSNEKLFF,VMAPRTLIL,3,NPGDSSNE,3687
3354,30338,CASSANPGDSSNEKLFF,VMAPRTLVL,3,NPGDSSNE,3687
3355,30339,CASSLGQGLLYGYTF,GTSGSPIVNR,3,LGQGLLYG,4919
3356,30340,CASSLGQGLLYGYTF,GTSGSPIINR,3,LGQGLLYG,4919
3357,30341,CASSDWGDTGQLYF,SQLLNAKYL,3,SDWGDTGQ,4996
3358,30342,CASRTRGGTLIEQYF,IPLTEEAEL,3,TRGGTLIE,524
3359,30343,CAWSVSVGAGVPTIYF,RYPLTFGWCF,3,VSVGAGVP,5269
3360,30344,CASRRGPYEQYF,KLVALGINAV,3,SRRGPYEQ,198
3361,30345,CASRRGSAELYF,KLVALGINAV,3,SRRGSAEL,411
3362,30346,CASSLSFGTEAFF,SMLGIGIVPV,3,SLSFGTEA,1761
3363,30347,CASSLSFGTEAFF,MMWDRGLGMM,3,SLSFGTEA,1761
3364,30348,CASSQRQEGDTQYF,APRGPHGGAASGL,3,SQRQEGDT,2315
3365,30349,CASSGGHTGSNEQFF,APRGPHGGAASGL,3,GGHTGSNE,3144
3366,30350,CASSLNWSQDTQYF,ADSLSFFSSSIKRGGGSLVP,3,SLNWSQDT,4846
3367,30351,CASSFRGGKTQYF,IPLTEEAEL,3,SFRGGKTQ,3236
3368,30352,CASRTRGGTLIEQYF,IPLTEEAEL,3,TRGGTLIE,524
3369,30353,CASRTRGGTLIEQYF,VPLTEDAEL,3,TRGGTLIE,524
3370,30354,CASSRLAGGMDEQFF,RFYKTLRAEQASQ,3,RLAGGMDE,503
3371,30355,CASSGLAGGMDEQFF,RFYKTLRAEQASQ,3,GLAGGMDE,918
3372,30356,CASSRLAGGMDEQFF,RFYKTLRAEQASQ,3,RLAGGMDE,503
3373,30357,CASSRLAGGMDEQFF,RFYKTLRAEQASQ,3,RLAGGMDE,503
3374,30358,CASSWSFGTEAFF,AAGIGILTV,3,SWSFGTEA,153
3375,30359,CTCSAGLGYEQYF,LVERLYLVCGEEGA,3,SAGLGYEQ,5490
3376,30360,CASGGLGGDEQYF,LVERLYLVCGGEG,3,GGLGGDEQ,4245
3377,30361,CASSAGNTIYF,VEELYLVAGEEGCGGGGSL,3,SSAGNTIY,2361
3378,30362,CASSWSFGTEAFF,ELAGIGILTV,3,SWSFGTEA,153
3379,30363,CASSAGNTIYF,VEELYLVAGEEGCGGGGSL,3,SSAGNTIY,2361
3380,30364,CAWSETGLGTGELFF,AAGIGILTV,3,ETGLGTGE,390
3381,30365,CAWSETGLGMGGWQF,AAGIGILTV,3,ETGLGMGG,3533
3382,30366,CASSDAGGRNTLYF,KAPYDYAPI,3,SDAGGRNT,1380
3383,30367,CASSDGDYEQYF,SPSYAYHQF,3,SSDGDYEQ,4458
3384,30368,CASGDFWGDTLYF,RVSYYGPKTSPVQ,3,GDFWGDTL,3988
3385,30369,CASGDFWGDTLYF,RVSYYGPKTSPVQ,3,GDFWGDTL,3988
3386,30370,CASGDFWGDTLYF,VSYYGPKTSPVQ,3,GDFWGDTL,3988
3387,30371,CASGDFWGDTLYF,RVSYYGPKTSPVQ,3,GDFWGDTL,3988
3388,30372,CASGDFWGDTLYF,RVSYYGPKTSPVQ,3,GDFWGDTL,3988
3389,30373,CASGDFWGDTLYF,RVSYYGPKTSPVQ,3,GDFWGDTL,3988
3390,30374,CASSMSAMGTEAFF,FEDLRVLSF,3,SMSAMGTE,2525
3391,30375,CASSRTSPTDTQYF,KQWLVWLFL,3,SRTSPTDT,120
3392,30376,CASSHGASTDTQYF,APFSEQEQPVLG,3,SHGASTDT,3816
3393,30377,CASSSGGWGGGTEAFF,APFSEQEQPVLG,3,SGGWGGGT,1388
3394,30378,CASSYVGNTGELFF,SLLMWITQV,3,SYVGNTGE,1134
3395,30379,CASSPLDVSISSYNEQFF,SLSKILDTV,3,LDVSISSY,4584
3396,30380,CASSSPGGVSTEAFF,SLLMWITQV,3,SPGGVSTE,4214
3397,30381,CSVGGSGGADTQYF,SLLMWITQV,3,GGSGGADT,397
3398,30382,CASSYLNRDSALDF,SLLMWITQV,3,SYLNRDSA,3811
3399,30383,CASSLGFGRDVMRF,RMFPNAPYL,3,SLGFGRDV,4931
3400,30384,CAWSETGLGMGGWQF,EAAGIGILTV,3,ETGLGMGG,3533
3401,30385,CASSFLMTSGDPYEQYF,GVYDGREHTV,3,LMTSGDPY,246
3402,30386,CASSLEGQGASEQFF,APMPMPELPYP,3,LEGQGASE,4562
3403,30387,CASSFRALAADTQYF,AVVQSELPYPEGS,3,FRALAADT,3060
3404,30388,CASSDPGTEAFF,GADGVGKSAL,3,SSDPGTEA,3917
3405,30389,CASSITLSSYNEQFF,ITDQVPFSV,3,ITLSSYNE,2256
3406,30390,CASSITLSSYNEQFF,IMDQVPFSV,3,ITLSSYNE,2256
3407,30391,CASSMGGTYEQYF,ITDQVPFSV,3,SMGGTYEQ,769
3408,30392,CASSMGGTYEQYF,ILDQVPFSV,3,SMGGTYEQ,769
3409,30393,CASSQDLFTGGYTF,RPPIFIRRL,3,SQDLFTGG,1893
3410,30394,CASSIQQGADTQYF,HMTEVVRHC,3,SIQQGADT,4789
3411,30395,CASSEGLWQVGDEQYF,HMTEVVRHC,3,EGLWQVGD,4249
3412,30396,CAISELVTGDSPLHF,HMTEVVRHC,3,ELVTGDSP,895
3413,30397,CASSRGTIHSNTEVFF,ASNENMETM,3,RGTIHSNT,4769
3414,30398,CASSLGGAGGADTQYF,RLQSLQTYV,3,LGGAGGAD,2549
3415,30399,CASSPDIEQYF,YLQPRTFLL,3,SSPDIEQY,631
3416,30400,CAGQVTNTGELFF,YLQPRTFLL,3,QVTNTGEL,3739
3417,30401,CASSLSASGGATDTQYF,GQVELGGGNAVEVCKGS,3,SASGGATD,5668
3418,30402,CASSLERDGYTF,GQVELGGGNAVEVCK,3,SSLERDGY,4722
3419,30403,CASSLERETQYF,GQVELGGGNAVEVCKGS,3,SSLERETQ,4171
3420,30404,CASSYSIRGSRGEQFF,RLPAKAPLL,3,YSIRGSRG,1560
3421,30405,CASSYSIRGSRGEQFF,RLPAKAPLLGCG,3,YSIRGSRG,1560
3422,30406,CASSYSIRGSRGEQFF,RLPAKAPL,3,YSIRGSRG,1560
3423,30407,CASSYSIRGSRGEQFF,RLPAKAPL,3,YSIRGSRG,1560
3424,30408,CASSLGIDAIYF,TPQDLNTML,3,SSLGIDAI,5395
3425,30409,CASSLGIDAIYF,TPQDLNTML,3,SSLGIDAI,5395
3426,30410,CASSLGREYGYTF,RMYSPVSIL,3,SLGREYGY,4459
3427,30411,CASSLGREYGYTF,RMYSPVSI,3,SLGREYGY,4459
3428,30412,CASSLDPGDTGELFF,HMTEVVRHC,3,LDPGDTGE,4234
3429,30413,CASSPDIEQYF,YLQPRTFLL,3,SSPDIEQY,631
3430,30414,CASSGLAGGPVSGANVLTF,ALHGGWTTK,3,AGGPVSGA,1147
3431,30415,CASSQGQDTEAFF,QPFPQPEQPFP,3,SQGQDTEA,1533
3432,30416,CSVALGSDTGELFF,LQPFPQPELPYGSGGS,3,ALGSDTGE,2878
3433,30417,CSVALGSDTGELFF,LQPFPQPELPYGSGGS,3,ALGSDTGE,2878
3434,30418,CASSLVAETYEQYF,ALHGGWTTK,3,SLVAETYE,991
3435,30420,CAWSWGDSTNSPLHF,YILEETSVM,1,WGDSTNSP,1431
3436,30427,CASSLARNQPQHF,CVETMCNEY,1,SLARNQPQ,669
3437,30428,CASGGADMKTEAFF,CVETMCNEY,1,GGADMKTE,424
3438,30429,CSANPDWGLQLWLHLRF,DEEDAIAAY,1,DWGLQLWL,5659
3439,30430,CASSPGGGKETQYF,DEEDAIAAY,1,SPGGGKET,1614
3440,30431,CSARDRIGNGYTF,GLCTLVAML,2,RDRIGNGY,110
3441,30432,CSARDGTGNGYTF,GLCTLVAML,2,RDGTGNGY,3396
3442,30433,CSARDRTGNGYTF,GLCTLVAML,2,RDRTGNGY,666
3443,30434,CSARSGVGNTIYF,GLCTLVAML,2,RSGVGNTI,3662
3444,30435,CSVGSTGGTNEKLFF,GLCTLVAML,2,STGGTNEK,3414
3445,30436,CSVGSAGTNEKLFF,GLCTLVAML,2,GSAGTNEK,1473
3446,30437,CSVREDSTNEKLFF,GLCTLVAML,2,REDSTNEK,572
3447,30438,CASSQSPGGIQYF,GLCTLVAML,2,SQSPGGIQ,4058
3448,30439,CASSTGQVSPGELFF,GLCTLVAML,2,TGQVSPGE,101
3449,30440,CASSEGRVSPGELFF,GLCTLVAML,2,EGRVSPGE,379
3450,30441,CASSEGRISPGELFF,GLCTLVAML,2,EGRISPGE,4593
3451,30442,CASSEGNVAPGELFF,GLCTLVAML,2,EGNVAPGE,3588
3452,30443,CSARSGTGGDYTF,GLCTLVAML,2,RSGTGGDY,1818
3453,30444,CSARDSTGNGYTF,GLCTLVAML,2,RDSTGNGY,4205
3454,30445,CSARDRTGNGYTF,GLCTLVAML,2,RDRTGNGY,666
3455,30446,CSARDGTGNGYTF,GLCTLVAML,2,RDGTGNGY,3396
3456,30447,CASSSGLVAPGELFF,GLCTLVAML,2,SGLVAPGE,3713
3457,30448,CSVGTATNEKLFF,GLCTLVAML,2,GTATNEKL,778
3458,30449,CASSQSPGGTQYF,GLCTLVAML,2,SQSPGGTQ,163
3459,30450,CASSQSPGGTQYF,GLCTLVAML,2,SQSPGGTQ,163
3460,30451,CSARDGTGNGYTF,GLCTLVAML,2,RDGTGNGY,3396
3461,30452,CSARDRTGNGYTF,GLCTLVAML,2,RDRTGNGY,666
3462,30453,CSARDWTGNGYTF,GLCTLVAML,2,RDWTGNGY,2265
3463,30454,CASSQSPGGFQYF,GLCTLVAML,2,SQSPGGFQ,5161
3464,30455,CASSDGAILPGELFF,GLCTLVAML,2,DGAILPGE,4157
3465,30456,CSARDATGNGYTF,GLCTLVAML,2,RDATGNGY,1044
3466,30457,CSARDQTGNGYTF,GLCTLVAML,2,RDQTGNGY,1870
3467,30458,CSARDEVGNTIYF,GLCTLVAML,2,RDEVGNTI,4017
3468,30459,CSVGTGGTNEKLFF,GLCTLVAML,2,GTGGTNEK,3711
3469,30460,CSVGSGGTNEKLFF,GLCTLVAML,2,GSGGTNEK,745
3470,30461,CASTSGQLAPGELFF,GLCTLVAML,2,SGQLAPGE,1002
3471,30462,CSARDRVGNTIYF,GLCTLVAML,2,RDRVGNTI,1063
3472,30463,CSARLGVGNTIYF,GLCTLVAML,2,RLGVGNTI,847
3473,30464,CSVGTGGTNEKLFF,GLCTLVAML,2,GTGGTNEK,3711
3474,30465,CSVGTGGTNEKLFF,GLCTLVAML,2,GTGGTNEK,3711
3475,30466,CSARLGVGNTIYF,GLCTLVAML,2,RLGVGNTI,847
3476,30467,CSAPGQEISTEAFF,GLCTLVAML,2,PGQEISTE,4173
3477,30468,CSVGSSGTNEKLFF,GLCTLVAML,2,GSSGTNEK,3912
3478,30469,CASSQSPGGTQYF,GLCTLVAML,2,SQSPGGTQ,163
3479,30470,CSARIGVGNTIYF,GLCTLVAML,2,RIGVGNTI,588
3480,30471,CSVGMDGVTNEKLFF,GLCTLVAML,2,MDGVTNEK,4942
3481,30472,CASTSGQTFPGELFF,GLCTLVAML,2,SGQTFPGE,4077
3482,30473,CASSQSPGGTQYF,GLCTLVAML,2,SQSPGGTQ,163
3483,30474,CASSQSPGGTQYF,GLCTLVAML,2,SQSPGGTQ,163
3484,30475,CSARAGVGNTIYF,GLCTLVAML,2,RAGVGNTI,5163
3485,30476,CSVGSGGTNEKLFF,GLCTLVAML,2,GSGGTNEK,745
3486,30490,CSPGTDLYEQYF,GLCTLVAML,1,PGTDLYEQ,4070
3487,30505,CASSYWVGRRDTQYF,GLCTLVAML,1,YWVGRRDT,4358
3488,30508,CSGTGGTNEKLFF,GLCTLVAML,1,TGGTNEKL,299
3489,30527,CSGTGGTNEKLFF,GLCTLVAML,1,TGGTNEKL,299
3490,30535,CASSESTGTAYGYTF,NLVPMVATV,1,ESTGTAYG,1587
3491,30536,CASSLGNYEQYF,VLEETSVML,1,SSLGNYEQ,3723
3492,30537,CASSLSTGGALGTIYF,VLEETSVML,1,LSTGGALG,1545
3493,30538,CASSLTSGGPDTQYF,NLVPMVATV,1,LTSGGPDT,629
3494,30539,CASSWDSQSSGNSIYF,VLEETSVML,1,WDSQSSGN,942
3495,30540,CASSWDSQSSGNSIYF,VLEETSVML,1,WDSQSSGN,942
3496,30541,CSVSEGASEQYF,VLEETSVML,1,VSEGASEQ,1093
3497,30542,CASSWDSQSSGNSIYF,VLEETSVML,1,WDSQSSGN,942
3498,30566,CASSVVPEWEGELFF,PKYVKQNTLKLAT,2,VVPEWEGE,3826
3499,30567,CASSPLTGGQTDTQYF,PKYVKQNTLKLAT,2,PLTGGQTD,643
3500,30568,CASSSPSLADNNEQFF,PKYVKQNTLKLAT,2,SPSLADNN,4192
3501,30569,CASRTGTHTDTQYF,PKYVKQNTLKLAT,2,RTGTHTDT,1770
3502,30570,CASSLSPELETQYF,PKYVKQNTLKLAT,2,SLSPELET,4645
3503,30571,CASSVGQGKAFF,PKYVKQNTLKLAT,3,SSVGQGKA,5341
3504,30572,CASSLGQGEQFF,PKYVKQNTLKLAT,2,SSLGQGEQ,636
3505,30573,CASSLSQGDQPQHF,PKYVKQNTLKLAT,3,SLSQGDQP,1532
3506,30577,CASSAGFSEQFF,PKYVKQNTLKLAT,1,SSAGFSEQ,934
3507,30578,CSARGQAIYGYTF,PKYVKQNTLKLAT,1,RGQAIYGY,5139
3508,30584,CASSLAPELDTQYF,PKYVKQNTLKLAT,1,SLAPELDT,1149
3509,30588,CASSVLTDNGYTF,PKYVKQNTLKLAT,1,SVLTDNGY,3974
3510,30590,CASTGSSYEQYF,PKYVKQNTLKLAT,1,STGSSYEQ,3703
3511,30600,CASSTTQGFYEQYF,PKYVKQNTLKLAT,1,STTQGFYE,2208
3512,30603,CASSQPAGPSTDTQYF,PKYVKQNTLKLAT,1,QPAGPSTD,3574
3513,30606,CASSLGQGEQYF,PKYVKQNTLKLAT,1,SSLGQGEQ,636
3514,30613,CASGPLGGDNQPQHF,PKYVKQNTLKLAT,1,PLGGDNQP,41
3515,30617,CASVPGLSYEQYF,PKYVKQNTLKLAT,1,VPGLSYEQ,5538
3516,30629,CASSVAPGSEGEAFF,PKYVKQNTLKLAT,3,VAPGSEGE,4313
3517,30630,CSAGGWDRVNQPQHF,PKYVKQNTLKLAT,3,GWDRVNQP,3334
3518,30631,CASSESQTGDYEQYF,PKYVKQNTLKLAT,3,ESQTGDYE,4995
3519,30632,CATSDSTSGGTDTQYF,PKYVKQNTLKLAT,3,DSTSGGTD,1794
3520,30633,CASSFSAEATGELFF,PKYVKQNTLKLAT,1,FSAEATGE,660
3521,30644,CASSFSAEATGELFF,PKYVKQNTLKLAT,1,FSAEATGE,660
3522,30645,CASSYEGTEAFF,PKYVKQNTLKLAT,1,SSYEGTEA,2002
3523,30653,CASSSGQLTNTEAFF,GLCTLVAML,1,SGQLTNTE,4795
3524,30657,CSARDRTGNGYTF,GLCTLVAML,2,RDRTGNGY,666
3525,30658,CSARGDGQGDLLQETQYF,GLCTLVAML,1,DGQGDLLQ,4451
3526,30659,CSVGTGGTNEKLFF,GLCTLVAML,3,GTGGTNEK,3711
3527,30660,CSVGSGGTNEKLFF,GLCTLVAML,3,GSGGTNEK,745
3528,30669,CSARDRGLGNTIYF,GLCTLVAML,2,RDRGLGNT,1740
3529,30670,CASSQSPGGIAFF,GLCTLVAML,2,SQSPGGIA,4768
3530,30671,CSARDSTGNGYTF,GLCTLVAML,1,RDSTGNGY,4205
3531,30672,CSARDRTGNTIYF,GLCTLVAML,1,RDRTGNTI,979
3532,30673,CSVGAAGTNEKLFF,GLCTLVAML,1,GAAGTNEK,5464
3533,30674,CASSQAGLAAYNEQFF,GLCTLVAML,1,QAGLAAYN,5375
3534,30675,CASGGGGFQETQYF,GLCTLVAML,1,GGGGFQET,2373
3535,30676,CSARDGTGNGYTF,GLCTLVAML,1,RDGTGNGY,3396
3536,30677,CSARDRAYGNTIYF,GLCTLVAML,1,RDRAYGNT,4673
3537,30678,CSARDRSLGNTIYF,GLCTLVAML,1,RDRSLGNT,809
3538,30679,CASSLAAGLNLKNIQYF,GLCTLVAML,1,AAGLNLKN,3348
3539,30680,CASSQDGAGGLGEQFF,GLCTLVAML,1,QDGAGGLG,1566
3540,30681,CAISGEFGSGANVLTF,GLCTLVAML,1,GEFGSGAN,5418
3541,30682,CASSYSSGKTDTQYF,GLCTLVAML,1,YSSGKTDT,3225
3542,30683,CASSPGLTYPGELFF,GLCTLVAML,3,PGLTYPGE,5250
3543,30684,CASSEGQVSPGELFF,GLCTLVAML,3,EGQVSPGE,2350
3544,30685,CASSKGSVAPGELFF,GLCTLVAML,3,KGSVAPGE,3122
3545,30689,CSARDGTGNGYTF,GLCTLVAML,1,RDGTGNGY,3396
3546,30690,CSARDRVGNTIYF,GLCTLVAML,3,RDRVGNTI,1063
3547,30691,CSAMAGGLRIYNEQFF,GLCTLVAML,1,AGGLRIYN,4357
3548,30692,CSVGTGGTNEKLFF,GLCTLVAML,3,GTGGTNEK,3711
3549,30693,CASSQSPGGTQYF,GLCTLVAML,1,SQSPGGTQ,163
3550,30694,CASSFSSGTTDTQYF,GLCTLVAML,1,FSSGTTDT,3580
3551,30695,CASSEREEGMSLFGP,GLCTLVAML,1,EREEGMSL,4578
3552,30696,CASSVGELAGGIDTQYF,GLCTLVAML,1,GELAGGID,1990
3553,30697,CASSVAELAGGTDTQYF,GLCTLVAML,1,AELAGGTD,2443
3554,30699,CASSLRNSYEQFF,GLCTLVAML,1,SLRNSYEQ,2259
3555,30700,CSVGSEGTNEKLFF,GLCTLVAML,1,GSEGTNEK,5433
3556,30701,CSVEGATSEQFF,GLCTLVAML,1,VEGATSEQ,2007
3557,30702,CSVRGEGDTQYF,GLCTLVAML,1,VRGEGDTQ,6
3558,30703,CASSPEQGYQETQYF,GLCTLVAML,1,PEQGYQET,5191
3559,30705,CASNPGTSNEQFF,GLCTLVAML,1,NPGTSNEQ,2643
3560,30706,CASSQGSELMTGNTIYF,GLCTLVAML,1,GSELMTGN,793
3561,30708,CASSQSPGGYQFF,GLCTLVAML,1,SQSPGGYQ,2664
3562,30709,CASSPPSGSGFNEQFF,GLCTLVAML,1,PPSGSGFN,2096
3563,30711,CASSPQGLGTEAFF,ELAGIGILTV,1,SPQGLGTE,4717
3564,30776,CASSFSGLSNQPQYF,CTPYDINQM,1,FSGLSNQP,2993
3565,30777,CASSLLEYSNQPQYF,CTPYDINQM,1,LLEYSNQP,4964
3566,30778,CASSFDRPPDPQYF,CTPYDINQM,1,SFDRPPDP,2584
3567,30780,CASTKQGNSNQPQYF,CTPYDINQM,1,KQGNSNQP,4188
3568,30785,CASSEANRGDSPLYF,CTPYDINQM,1,EANRGDSP,543
3569,30792,CASSEGTGRNTEAFF,CTPYDINQM,1,EGTGRNTE,2940
3570,30793,CASTKNGNSNQPQYF,CTPYDINQM,1,KNGNSNQP,4803
3571,30794,CASTKQGNSNQPQYF,CTPYDINQM,1,KQGNSNQP,4188
3572,30795,CASSEANRGDSPLYF,CTPYDINQM,1,EANRGDSP,543
3573,30796,CASSLTPTNEKLFF,CTPYDINQM,1,SLTPTNEK,1314
3574,30797,CASSPTGGRDQPQYF,CTPYDINQM,1,PTGGRDQP,1351
3575,30808,CASSEARRGTDPQYF,CTPYDINQM,1,EARRGTDP,3735
3576,30812,CASSSRTGEDLKNEKLFF,CTPYDINQM,1,RTGEDLKN,1276
3577,30813,CASSEARQGGNTVYF,CTPYDINQM,1,EARQGGNT,1700
3578,30814,CASSYGGNSNQPQYF,CTPYDINQM,1,YGGNSNQP,4904
3579,30815,CASSEARQGKDPQYF,CTPYDINQM,1,EARQGKDP,2310
3580,30816,CASSEALRSQNTQYF,CTPYDINQM,1,EALRSQNT,5224
3581,30817,CASSVDTMVSNQPQYF,CTPYDINQM,1,VDTMVSNQ,3076
3582,30818,CASSYRQGVHDYT,CTPYDINQM,1,SYRQGVHD,4004
3583,30844,CASSPDRVLTEAFF,CTPYDINQM,1,SPDRVLTE,4282
3584,30845,CASKDRGNQPQYF,CTPYDINQM,1,KDRGNQPQ,247
3585,30846,CASSYSRRSTDPQYF,CTPYDINQM,1,YSRRSTDP,3914
3586,30847,CASSNIRGTNEKLFF,CTPYDINQM,1,NIRGTNEK,1497
3587,30848,CASSSGTNTNTAQLFF,CTPYDINQM,1,SGTNTNTA,3039
3588,30849,CASSQDVGTGGVFALYF,CTPYDINQM,1,DVGTGGVF,4707
3589,30851,CSVSGTGNEKLFF,CTPYDINQM,1,SGTGNEKL,3317
3590,30852,CASSLIEYSNQPQYF,CTPYDINQM,1,LIEYSNQP,2366
3591,30853,CASSLIGWGVWPQYF,CTPYDINQM,1,LIGWGVWP,1475
3592,30866,CASTGTGGRPGDPQYF,CTPYDINQM,1,GTGGRPGD,3478
3593,30878,CASSEARQAQNTQYF,CTPYDINQM,1,EARQAQNT,275
3594,30881,CASSEAERAGTAQLFF,CTPYDINQM,1,EAERAGTA,1547
3595,30886,CSVSGTGNEKLFF,CTPYDINQM,1,SGTGNEKL,3317
3596,30887,CASTGTGGRPGDPQYF,CTPYDINQM,1,GTGGRPGD,3478
3597,30888,CASSEARQAQNTQYF,CTPYDINQM,1,EARQAQNT,275
3598,30889,CASSEAERAGTAQLFF,CTPYDINQM,1,EAERAGTA,1547
3599,30890,CASSLIEYSNQPQYF,CTPYDINQM,1,LIEYSNQP,2366
3600,30891,CASSDRDSKIQETQYF,CTPYDINQM,1,DRDSKIQE,2995
3601,30906,CASSEALRGTDPQYF,CTPYDINQM,1,EALRGTDP,5333
3602,30907,CASSEQGNSNQPQYF,CTPYDINQM,1,EQGNSNQP,1122
3603,30908,CASSETGNSNQPQYF,CTPYDINQM,1,ETGNSNQP,3180
3604,30929,CASSGQGNSNQPQYF,CTPYDINQM,1,GQGNSNQP,5030
3605,30930,CASSEAGNSNQPQYF,CTPYDINQM,1,EAGNSNQP,5412
3606,30931,CASSEVGNSNQPQYF,CTPYDINQM,1,EVGNSNQP,1907
3607,30932,CATRITGEKLFF,CTPYDINQM,1,TRITGEKL,3404
3608,30933,CASSETGNSNQPQYF,CTPYDINQM,1,ETGNSNQP,3180
3609,30934,CASSSNRDRGLGYDYTF,CTPYDINQM,1,NRDRGLGY,4398
3610,30935,CASSREGAGFQETQYF,CTPYDINQM,1,REGAGFQE,791
3611,30941,CASSEALRGTDPQYF,CTPYDINQM,1,EALRGTDP,5333
3612,30950,CASSEAGNSNQPQYF,CTPYDINQM,1,EAGNSNQP,5412
3613,30951,CASSGQGNSNQPQYF,CTPYDINQM,1,GQGNSNQP,5030
3614,30952,CASSLQTGTSSRDEQFF,CTPYDINQM,1,QTGTSSRD,3057
3615,30953,CASSLRQYSNQPQYF,CTPYDINQM,1,LRQYSNQP,4462
3616,30954,CASSKTGNSNQPQYF,CTPYDINQM,1,KTGNSNQP,609
3617,30955,CASSHTGNSNQPQYF,CTPYDINQM,1,HTGNSNQP,3131
3618,30963,CASSASGNSNQPQYF,CTPYDINQM,1,ASGNSNQP,366
3619,30969,CASSEAGNSNQPQYF,CTPYDINQM,1,EAGNSNQP,5412
3620,30970,CASSETGNSNQPQYF,CTPYDINQM,1,ETGNSNQP,3180
3621,30981,CASSEAGNSNQPQYF,CTPYDINQM,1,EAGNSNQP,5412
3622,30982,CASSASGNSNQPQYF,CTPYDINQM,1,ASGNSNQP,366
3623,30983,CASSHTGNSNQPQYF,CTPYDINQM,1,HTGNSNQP,3131
3624,30984,CASTKQGNSNNEQF,CTPYDINQM,1,TKQGNSNN,2218
3625,30985,CASSETGNSNQPQYF,CTPYDINQM,1,ETGNSNQP,3180
3626,30987,CASSKTGNSNQPQYF,CTPYDINQM,1,KTGNSNQP,609
3627,30988,CASSGQGNSNQPQYF,CTPYDINQM,1,GQGNSNQP,5030
3628,30993,CASSVAGNSNQPQYF,CTPYDINQM,1,VAGNSNQP,2438
3629,30997,CASSFSGMSNQPQYF,CTPYDINQM,1,FSGMSNQP,3596
3630,30998,CASSFGGSMRNTQYF,CTPYDINQM,1,FGGSMRNT,4278
3631,30999,CASSESGNSNQPQYF,CTPYDINQM,1,ESGNSNQP,1065
3632,31000,CASSENSRRSEASVLTF,CTPYDINQM,1,NSRRSEAS,99
3633,31001,CASSQEVRGNTEAFF,CTPYDINQM,1,QEVRGNTE,3220
3634,31002,CASSLDRDRRYEQYF,CTPYDINQM,1,LDRDRRYE,567
3635,31018,CASSSTLGVDPQYF,CTPYDINQM,1,SSTLGVDP,2476
3636,31020,CASSFSGMSNQPQYF,CTPYDINQM,1,FSGMSNQP,3596
3637,31021,CASSLDRDRRYEQYF,CTPYDINQM,1,LDRDRRYE,567
3638,31022,CASSESGNSNQPQYF,CTPYDINQM,1,ESGNSNQP,1065
3639,31023,CASSSTLGVDPQYF,CTPYDINQM,1,SSTLGVDP,2476
3640,31024,CASRAGVGPAQLFF,CTPYDINQM,1,RAGVGPAQ,45
3641,31037,CASSEAGNSNQPQYF,CTPYDINQM,1,EAGNSNQP,5412
3642,31038,CASSQRQGGSNQPQYF,CTPYDINQM,1,QRQGGSNQ,3339
3643,31039,CASSPPRRGEQYF,CTPYDINQM,1,SPPRRGEQ,804
3644,31040,CASIGRGIGQENYDYTF,CTPYDINQM,1,RGIGQENY,1056
3645,31041,CASSEAERGADPQYF,CTPYDINQM,1,EAERGADP,4365
3646,31042,CASSEARRGTDPQYF,CTPYDINQM,1,EARRGTDP,3735
3647,31043,CASSQQGNSNQPQYF,CTPYDINQM,1,QQGNSNQP,3856
3648,31044,CASSRTGNSNQPQYF,CTPYDINQM,1,RTGNSNQP,1864
3649,31052,CASSEARRGDQPQYF,CTPYDINQM,1,EARRGDQP,5203
3650,31066,CASSLAGRSPGNTEAFF,CTPYDINQM,1,AGRSPGNT,937
3651,31067,CASSENGNSNQPQYF,CTPYDINQM,1,ENGNSNQP,1246
3652,31068,CASSPTMDRTADPQYF,CTPYDINQM,1,PTMDRTAD,1677
3653,31069,CASSTPGTGGRSRNTQ,CTPYDINQM,1,TPGTGGRS,504
3654,31070,CASSEALRGTDPQYF,CTPYDINQM,1,EALRGTDP,5333
3655,31071,CASSFGGNSNQPQYF,CTPYDINQM,1,FGGNSNQP,2799
3656,31072,CASSEARRGDQPQYF,CTPYDINQM,1,EARRGDQP,5203
3657,31073,CASSETGNSNQPEY,CTPYDINQM,1,SETGNSNQ,2486
3658,31074,CASSERGNSQNTQYF,CTPYDINQM,1,ERGNSQNT,1146
3659,31080,CASIGRGIGQENYDYTF,CTPYDINQM,1,RGIGQENY,1056
3660,31084,CASSEAERGADPQYF,CTPYDINQM,1,EAERGADP,4365
3661,31086,CASSPPRRGEQYF,CTPYDINQM,1,SPPRRGEQ,804
3662,31090,CASSGGGNSNQPQYF,CTPYDINQM,1,GGGNSNQP,4081
3663,31091,CASSEGTGSNQPQYF,CTPYDINQM,1,EGTGSNQP,3438
3664,31093,CASSENGNSNQPQYF,CTPYDINQM,1,ENGNSNQP,1246
3665,31100,CASSENSNSNQPQYF,CTPYDINQM,1,ENSNSNQP,1751
3666,31101,CASSETGNSNQPQYF,CTPYDINQM,1,ETGNSNQP,3180
3667,31105,CASSEAVRRSGASVLTF,CTPYDINQM,1,AVRRSGAS,162
3668,31125,CASSEARRGTDPQYF,CTPYDINQM,1,EARRGTDP,3735
3669,31129,CASSKTGNSNQPQYF,CTPYDINQM,1,KTGNSNQP,609
3670,31130,CASSENSNSNQPQYF,CTPYDINQM,1,ENSNSNQP,1751
3671,31131,CASSEALAVRNTVYF,CTPYDINQM,1,EALAVRNT,997
3672,31132,CASSLAPGQGGSNQPQYF,CTPYDINQM,1,APGQGGSN,3446
3673,31133,CASSGQGNSNQPQYF,CTPYDINQM,1,GQGNSNQP,5030
3674,31134,CASSLSIRASGASVLTF,CTPYDINQM,1,SIRASGAS,3848
3675,31135,CASSEARRQTDPQYF,CTPYDINQM,1,EARRQTDP,1364
3676,31136,CASSEAVRRSGASVLTF,CTPYDINQM,1,AVRRSGAS,162
3677,31137,CASSDTGNSNQPQYF,CTPYDINQM,1,DTGNSNQP,4610
3678,31142,CASSGGGNSNQPQYF,CTPYDINQM,1,GGGNSNQP,4081
3679,31155,CASSYSGTERNTVYF,CTPYDINQM,1,YSGTERNT,151
3680,31156,CASSDTGNSNQPQYF,CTPYDINQM,1,DTGNSNQP,4610
3681,31157,CASRQNRGSSAQLFF,CTPYDINQM,1,QNRGSSAQ,3624
3682,31158,CASSEQGNSNQPQYF,CTPYDINQM,1,EQGNSNQP,1122
3683,31164,CASSLLTGSQNTQYF,CTPYDINQM,1,LLTGSQNT,3269
3684,31186,CASSYSGTERNTVYF,CTPYDINQM,1,YSGTERNT,151
3685,31187,CASSLLTGSQNTQYF,CTPYDINQM,1,LLTGSQNT,3269
3686,31188,CASSQRRDREPYEQYF,CTPYDINQM,1,QRRDREPY,3939
3687,31189,CASRQNRGSSAQLFF,CTPYDINQM,1,QNRGSSAQ,3624
3688,31190,CASSHEKLFF,CTPYDINQM,1,ASSHEKLF,4031
3689,31193,CASSDTGNSNQPQYF,CTPYDINQM,1,DTGNSNQP,4610
3690,31203,CASSEARRGTDPQYF,CTPYDINQM,1,EARRGTDP,3735
3691,31206,CASSYSRRSTDPQYF,CTPYDINQM,1,YSRRSTDP,3914
3692,31211,CASSSGTGGSKGEQFF,CTPYDINQM,1,SGTGGSKG,258
3693,31212,CASSEERLTRNQPQYF,CTPYDINQM,1,EERLTRNQ,5602
3694,31213,CASSEALRQADDYTF,CTPYDINQM,1,EALRQADD,4490
3695,31214,CASSLRGRGADPQYF,CTPYDINQM,1,LRGRGADP,2667
3696,31215,CASSVLNSNQPQYF,CTPYDINQM,1,SVLNSNQP,5314
3697,31216,CASRLNRGTNEKLFF,CTPYDINQM,1,LNRGTNEK,4328
3698,31217,CASSEAKTANQPQYF,CTPYDINQM,1,EAKTANQP,1964
3699,31218,CASSEALRAADDYTF,CTPYDINQM,1,EALRAADD,2022
3700,31223,CASSLGTGSGEKLFF,CTPYDINQM,1,LGTGSGEK,1333
3701,31224,CASSRTGGPYEQYF,CTPYDINQM,1,SRTGGPYE,2808
3702,31225,CASSEALRQADDYTF,CTPYDINQM,1,EALRQADD,4490
3703,31226,CASRLNRGTNEKLFF,CTPYDINQM,1,LNRGTNEK,4328
3704,31227,CASSEALRAADDYTF,CTPYDINQM,1,EALRAADD,2022
3705,31228,CASSSGTGGSKGEQFF,CTPYDINQM,1,SGTGGSKG,258
3706,31230,CASSLRGRGADPQYF,CTPYDINQM,1,LRGRGADP,2667
3707,31232,CASSEERLTRNQPQYF,CTPYDINQM,1,EERLTRNQ,5602
3708,31239,CASSVLNSNQPQYF,CTPYDINQM,1,SVLNSNQP,5314
3709,31241,CASSLGAQRSSYEQYF,CTPYDINQM,1,LGAQRSSY,3688
3710,31242,CASSDPGSKGQNTQYF,CTPYDINQM,1,DPGSKGQN,453
3711,31243,CASRHFEGPATNEKLFF,CTPYDINQM,1,FEGPATNE,2435
3712,31260,CASSEQGNSNQPQYF,CTPYDINQM,1,EQGNSNQP,1122
3713,31263,CASSDPGSKGQNTQYF,CTPYDINQM,1,DPGSKGQN,453
3714,31264,CASSMFWTANTAQLFF,CTPYDINQM,1,MFWTANTA,4322
3715,31265,CASSLGAQRSSYEQYF,CTPYDINQM,1,LGAQRSSY,3688
3716,31266,CASSDPGPKGQNTQYF,CTPYDINQM,1,DPGPKGQN,1161
3717,31269,CASSIARRSTDPQYF,CTPYDINQM,1,IARRSTDP,4614
3718,31270,CAMGLQETQYF,CTPYDINQM,1,MGLQETQY,867
3719,31271,CASSDRGNSNQPLYF,CTPYDINQM,1,DRGNSNQP,211
3720,31272,CASSQWQEPQYF,CTPYDINQM,1,SSQWQEPQ,1402
3721,31273,CASSLDSNQPQYF,CTPYDINQM,1,SLDSNQPQ,3362
3722,31274,CSARDSGTGENEQYF,CTPYDINQM,1,DSGTGENE,5026
3723,31275,CASSESSRGRDDYTF,CTPYDINQM,1,ESSRGRDD,1540
3724,31278,CASSEARRITDPQYF,CTPYDINQM,1,EARRITDP,3100
3725,31292,CASSGGTGTSQNTQYF,CTPYDINQM,1,GGTGTSQN,51
3726,31293,CASSDRGNSNQPLYF,CTPYDINQM,1,DRGNSNQP,211
3727,31294,CASSSTGSHDYTF,CTPYDINQM,1,SSTGSHDY,4415
3728,31295,CAMGLQETQYF,CTPYDINQM,1,MGLQETQY,867
3729,31296,CASSEARRITDPQYF,CTPYDINQM,1,EARRITDP,3100
3730,31297,CASSDGQRSTDPQYF,CTPYDINQM,1,DGQRSTDP,5041
3731,31315,CSVSGTGNEKLFF,CTPYDINQM,1,SGTGNEKL,3317
3732,31316,CASSLIEYSNQPQYF,CTPYDINQM,1,LIEYSNQP,2366
3733,31317,CASSLIGWGVWPQYF,CTPYDINQM,1,LIGWGVWP,1475
3734,31330,CASTGTGGRPGDPQYF,CTPYDINQM,1,GTGGRPGD,3478
3735,31342,CASSEARQAQNTQYF,CTPYDINQM,1,EARQAQNT,275
3736,31345,CASSEAERAGTAQLFF,CTPYDINQM,1,EAERAGTA,1547
3737,31350,CSVSGTGNEKLFF,CTPYDINQM,1,SGTGNEKL,3317
3738,31351,CASTGTGGRPGDPQYF,CTPYDINQM,1,GTGGRPGD,3478
3739,31352,CASSEARQAQNTQYF,CTPYDINQM,1,EARQAQNT,275
3740,31353,CASSEAERAGTAQLFF,CTPYDINQM,1,EAERAGTA,1547
3741,31354,CASSLIEYSNQPQYF,CTPYDINQM,1,LIEYSNQP,2366
3742,31355,CASSDRDSKIQETQYF,CTPYDINQM,1,DRDSKIQE,2995
3743,31370,CASSEALRGTDPQYF,CTPYDINQM,1,EALRGTDP,5333
3744,31371,CASSEQGNSNQPQYF,CTPYDINQM,1,EQGNSNQP,1122
3745,31372,CASSETGNSNQPQYF,CTPYDINQM,1,ETGNSNQP,3180
3746,31393,CASSGQGNSNQPQYF,CTPYDINQM,1,GQGNSNQP,5030
3747,31394,CASSEAGNSNQPQYF,CTPYDINQM,1,EAGNSNQP,5412
3748,31395,CASSEVGNSNQPQYF,CTPYDINQM,1,EVGNSNQP,1907
3749,31396,CATRITGEKLFF,CTPYDINQM,1,TRITGEKL,3404
3750,31397,CASSETGNSNQPQYF,CTPYDINQM,1,ETGNSNQP,3180
3751,31398,CASSSNRDRGLGYDYTF,CTPYDINQM,1,NRDRGLGY,4398
3752,31399,CASSREGAGFQETQYF,CTPYDINQM,1,REGAGFQE,791
3753,31405,CASSEALRGTDPQYF,CTPYDINQM,1,EALRGTDP,5333
3754,31413,CASSFSGMSNQPQYF,CTPYDINQM,1,FSGMSNQP,3596
3755,31414,CASSFGGSMRNTQYF,CTPYDINQM,1,FGGSMRNT,4278
3756,31415,CASSESGNSNQPQYF,CTPYDINQM,1,ESGNSNQP,1065
3757,31416,CASSENSRRSEASVLTF,CTPYDINQM,1,NSRRSEAS,99
3758,31417,CASSQEVRGNTEAFF,CTPYDINQM,1,QEVRGNTE,3220
3759,31418,CASSLDRDRRYEQYF,CTPYDINQM,1,LDRDRRYE,567
3760,31434,CASSSTLGVDPQYF,CTPYDINQM,1,SSTLGVDP,2476
3761,31436,CASSFSGMSNQPQYF,CTPYDINQM,1,FSGMSNQP,3596
3762,31437,CASSLDRDRRYEQYF,CTPYDINQM,1,LDRDRRYE,567
3763,31438,CASSESGNSNQPQYF,CTPYDINQM,1,ESGNSNQP,1065
3764,31439,CASSSTLGVDPQYF,CTPYDINQM,1,SSTLGVDP,2476
3765,31440,CASRAGVGPAQLFF,CTPYDINQM,1,RAGVGPAQ,45
3766,31453,CASSQERTSNTEAFF,TTPESANL,1,QERTSNTE,3778
3767,31454,CASSLNRLEKETQYF,TTPESANL,1,LNRLEKET,2932
3768,31455,CASSLDRISNQPQYF,TTPESANL,1,LDRISNQP,1835
3769,31456,CASSQDRPGLANTEAFF,TTPESANL,1,DRPGLANT,3706
3770,31459,CASSLDRVSNQPQYF,TTPESANL,1,LDRVSNQP,1778
3771,31487,CASSLSRGSNQPQYF,TTPESANL,1,LSRGSNQP,3074
3772,31488,CASSLNRNSNQPQYF,TTPESANL,1,LNRNSNQP,1866
3773,31497,CASSLLGIANSPLYF,TTPESANL,1,LLGIANSP,1094
3774,31498,CASSQRISNQPQYF,TTPESANL,1,SQRISNQP,3561
3775,31499,CASSRDRQTNQPQYF,TTPESANL,1,RDRQTNQP,2663
3776,31500,CAISQEKVSNQPQYF,TTPESANL,1,QEKVSNQP,3479
3777,31501,CASSPARISNQPQYF,TTPESANL,1,PARISNQP,3903
3778,31502,CASSLERTSNQPQYF,TTPESANL,1,LERTSNQP,185
3779,31503,CASSFWSSRVYYDYTF,TTPESANL,1,FWSSRVYY,2739
3780,31504,CASSLLRSGASVLTF,TTPESANL,1,LLRSGASV,747
3781,31509,CASSQDRQSNQPQYF,TTPESANL,1,QDRQSNQP,5555
3782,31510,CASSQDRPSNQPQYF,TTPESANL,1,QDRPSNQP,3257
3783,31511,CASSQDRGSQNTQYF,TTPESANL,1,QDRGSQNT,4254
3784,31539,CASSDHSGRLGNEKLFF,TTPESANL,1,HSGRLGNE,3206
3785,31543,CASSQERQGLSNSPLYF,TTPESANL,1,ERQGLSNS,5610
3786,31544,CASSPIRQGGSVLT,TTPESANL,1,SPIRQGGS,4990
3787,31545,CASSSDRRSNQPQYF,TTPESANL,1,SDRRSNQP,4179
3788,31546,CASSSIRSGASVLT,TTPESANL,1,SSIRSGAS,1066
3789,31547,CASSLSSTGSNTQYF,TTPESANL,1,LSSTGSNT,910
3790,31573,CASSLNRNSNQPQYF,TTPESANL,1,LNRNSNQP,1866
3791,31583,CASSQEWKRLSGNTVYF,TTPESANL,1,EWKRLSGN,4558
3792,31584,CASSHGRVSNQPQYF,TTPESANL,1,HGRVSNQP,3254
3793,31585,CASSQERMGTANSPLYF,TTPESANL,1,ERMGTANS,4817
3794,31586,CASSQEVGRLSGNTVYF,TTPESANL,1,EVGRLSGN,1428
3795,31587,CASSSIRSGASVLTF,TTPESANL,1,SIRSGASV,2505
3796,31592,CASSLNRNSNQPQYF,TTPESANL,1,LNRNSNQP,1866
3797,31595,CASSLVRGSNQPQYF,TTPESANL,1,LVRGSNQP,4546
3798,31612,CASTVDRTSNQPQYF,TTPESANL,1,VDRTSNQP,2975
3799,31613,CASSLSRQSNQPQYF,TTPESANL,1,LSRQSNQP,1391
3800,31614,CASSTDRMSNQPQYF,TTPESANL,1,TDRMSNQP,200
3801,31615,CASSLNRQSNQPQYF,TTPESANL,1,LNRQSNQP,2441
3802,31616,CASSLSRVSNQPQYF,TTPESANL,1,LSRVSNQP,4392
3803,31617,CASRLTRVSNQPQYF,TTPESANL,1,LTRVSNQP,1074
3804,31618,CASTLSRGSNQPQYF,TTPESANL,1,LSRGSNQP,3074
3805,31623,CASSQEVGRLSGNTVYF,TTPESANL,1,EVGRLSGN,1428
3806,31624,CASSQGRLGNQPQYF,TTPESANL,1,QGRLGNQP,1557
3807,31628,CASSLSRNSNQPQYF,TTPESANL,1,LSRNSNQP,4424
3808,31630,CASSPSRGSNQPQYF,TTPESANL,1,PSRGSNQP,536
3809,31633,CASSLMGLTSGNTVYF,TTPESANL,1,LMGLTSGN,2151
3810,31634,CASSQEVGRLSGNTVYF,TTPESANL,1,EVGRLSGN,1428
3811,31635,CASSISRQSNSPLYF,TTPESANL,1,ISRQSNSP,5040
3812,31636,CASSTVDRTSNQPQYF,TTPESANL,1,TVDRTSNQ,2888
3813,31637,CASSLVRGSNQPQYF,TTPESANL,1,LVRGSNQP,4546
3814,31638,CASTLSRGSNQPQYF,TTPESANL,1,LSRGSNQP,3074
3815,31639,CASSPKQGGNEKLFF,TTPESANL,1,PKQGGNEK,2445
3816,31645,CASSLNRQSNQPQYF,TTPESANL,1,LNRQSNQP,2441
3817,31646,CASSLSRQSNQPQYF,TTPESANL,1,LSRQSNQP,1391
3818,31647,CASSLSRNSNQPQYF,TTPESANL,1,LSRNSNQP,4424
3819,31655,CASSTDRMSNQPQYF,TTPESANL,1,TDRMSNQP,200
3820,31661,CASSLNRNSNQPQYF,TTPESANL,1,LNRNSNQP,1866
3821,31668,CASSLSRQSNQPQYF,TTPESANL,1,LSRQSNQP,1391
3822,31669,CASSVDRTSNQPQYF,TTPESANL,1,VDRTSNQP,2975
3823,31670,CASSLNRVSNQPQYF,TTPESANL,1,LNRVSNQP,2947
3824,31671,CASSFNRNSNQPQYF,TTPESANL,1,FNRNSNQP,4886
3825,31672,CAGDQPQYF,TTPESANL,1,AGDQPQYF,3979
3826,31673,CASSLSRGSNQPQYF,TTPESANL,1,LSRGSNQP,3074
3827,31674,CASSLNRLSNQPQYF,TTPESANL,1,LNRLSNQP,1303
3828,31675,CASSLNRNSNQPQYF,TTPESANL,1,LNRNSNQP,1866
3829,31681,CASSLNRGSNQPQYF,TTPESANL,1,LNRGSNQP,1259
3830,31687,CASSQDWGRLSGNTVYF,TTPESANL,1,DWGRLSGN,1890
3831,31688,CASSLSRNSNQPQYF,TTPESANL,1,LSRNSNQP,4424
3832,31689,CASSLSRGGNQPQYF,TTPESANL,1,LSRGGNQP,4678
3833,31691,CASSLSRVSNQPQYF,TTPESANL,1,LSRVSNQP,4392
3834,31697,CASSQNRNSNQPQYF,TTPESANL,1,QNRNSNQP,5018
3835,31698,CASSQDWGRLSGNTVYF,TTPESANL,1,DWGRLSGN,1890
3836,31699,CASSESWGRLNNSPLYF,TTPESANL,1,SWGRLNNS,3361
3837,31700,CASSLGRMSNQPQYF,TTPESANL,1,LGRMSNQP,1739
3838,31701,CASSPLDRPNQDYTF,TTPESANL,1,PLDRPNQD,3982
3839,31702,CASSSDGGSSPAQLFF,TTPESANL,1,SDGGSSPA,638
3840,31703,CASSPTRGSNQPQYF,TTPESANL,1,PTRGSNQP,1580
3841,31704,CASSPGEVSNQPQYF,TTPESANL,1,PGEVSNQP,644
3842,31705,CASSLDRVSNQPQYF,TTPESANL,1,LDRVSNQP,1778
3843,31706,CASSEQRNSNQPQYF,TTPESANL,1,EQRNSNQP,1100
3844,31707,CASSPDRGSNQPQYF,TTPESANL,1,PDRGSNQP,5415
3845,31708,CASSLSRMSNQPQYF,TTPESANL,1,LSRMSNQP,2129
3846,31711,CASSQGRQSNQPQYF,TTPESANL,1,QGRQSNQP,1904
3847,31719,CASSIDRGSQNTQYF,TTPESANL,1,IDRGSQNT,4815
3848,31720,CASSQERFGTSNEKLFF,TTPESANL,1,ERFGTSNE,787
3849,31721,CASSPQGDNSPLYF,TTPESANL,1,SPQGDNSP,3693
3850,31722,CSAKSEFRNQPQYF,TTPESANL,1,KSEFRNQP,1516
3851,31723,CASSQEKVSNQPQYF,TTPESANL,1,QEKVSNQP,3479
3852,31724,CASSQEVGRLGGRTAQLFF,TTPESANL,1,VGRLGGRT,4277
3853,31725,CASAPNRGSNQPQYF,TTPESANL,1,PNRGSNQP,4845
3854,31740,CASSQERAGGTANSPLYF,TTPESANL,1,ERAGGTAN,2842
3855,31741,CASSLNRVSNQPQYF,TTPESANL,1,LNRVSNQP,2947
3856,31742,CASSLSRGSNQPQYF,TTPESANL,1,LSRGSNQP,3074
3857,31747,CASSLSRNSNQPQYF,TTPESANL,1,LSRNSNQP,4424
3858,31752,CASSQERQGLSNQPQYF,TTPESANL,1,ERQGLSNQ,5270
3859,31758,CASSLDRVSNQPQYF,TTPESANL,1,LDRVSNQP,1778
3860,31759,CASSPDRVSNQPQYF,TTPESANL,1,PDRVSNQP,5000
3861,31761,CASSQGRQSNQPQYF,TTPESANL,1,QGRQSNQP,1904
3862,31769,CASSLNRNSNQPQYF,TTPESANL,1,LNRNSNQP,1866
3863,31770,CASSLSRQSNQPQYF,TTPESANL,1,LSRQSNQP,1391
3864,31772,CASSLSRVSNQPQYF,TTPESANL,1,LSRVSNQP,4392
3865,31777,CASSPSTGGNSSLYF,TTPESANL,1,PSTGGNSS,2673
3866,31778,CASSLSRVSNQPQYF,TTPESANL,1,LSRVSNQP,4392
3867,31779,CASSPDRVSNQPQYF,TTPESANL,1,PDRVSNQP,5000
3868,31780,CASSLSRNSNQPQYF,TTPESANL,1,LSRNSNQP,4424
3869,31781,CASSLSRGGNQPQYF,TTPESANL,1,LSRGGNQP,4678
3870,31782,CASSQERQGLSNQPQYF,TTPESANL,1,ERQGLSNQ,5270
3871,31783,CASSSDRVSNQPQYF,TTPESANL,1,SDRVSNQP,5593
3872,31785,CASSQGRLGNQPQYF,TTPESANL,1,QGRLGNQP,1557
3873,31787,CASSLSRGSNQPQYF,TTPESANL,1,LSRGSNQP,3074
3874,31790,CASSLNRGSNQPQYF,TTPESANL,1,LNRGSNQP,1259
3875,31792,CASSSGRNSNQPQYF,TTPESANL,1,SGRNSNQP,3484
3876,31793,CASSIDRVSNQPQYF,TTPESANL,1,IDRVSNQP,5194
3877,31794,CASSPDRRTNQPQYF,TTPESANL,1,PDRRTNQP,4851
3878,31795,CASSQGRGSNQPQYF,TTPESANL,1,QGRGSNQP,5431
3879,31796,CASSIDRRSNQPQYF,TTPESANL,1,IDRRSNQP,692
3880,31797,CASSISRTSNQPQYF,TTPESANL,1,ISRTSNQP,5421
3881,31803,CASSLSRQSNQPQYF,TTPESANL,1,LSRQSNQP,1391
3882,31816,CASSPDRRTNQPQYF,TTPESANL,1,PDRRTNQP,4851
3883,31817,CASSQERQGGAG,TTPESANL,1,SSQERQGG,3221
3884,31818,CASSIDRVSNQPQYF,TTPESANL,1,IDRVSNQP,5194
3885,31828,CASSLSRQSNQPQYF,TTPESANL,1,LSRQSNQP,1391
3886,31840,CASSQGRQSNQPQYF,TTPESANL,1,QGRQSNQP,1904
3887,31843,CASSSGRNSNQPQYF,TTPESANL,1,SGRNSNQP,3484
3888,31844,CASSSSRGSNQPQYF,TTPESANL,1,SSRGSNQP,3888
3889,31845,CASSFNRNSNQPQYF,TTPESANL,1,FNRNSNQP,4886
3890,31848,CASSISRTSNQPQYF,TTPESANL,1,ISRTSNQP,5421
3891,31851,CASSLSRVSNQPQYF,TTPESANL,1,LSRVSNQP,4392
3892,31852,CASSLSRGSNQTQY,TTPESANL,1,SLSRGSNQ,2293
3893,31853,CASSPRRGSNQPQYF,TTPESANL,1,PRRGSNQP,5578
3894,31856,CASSQGRLGNQPQYF,TTPESANL,1,QGRLGNQP,1557
3895,31857,CASSLSRQSNQPQYF,TTPESANL,1,LSRQSNQP,1391
3896,31864,CASSLDRVSNQPQYF,TTPESANL,1,LDRVSNQP,1778
3897,31881,CASSLSRSSNQPQYF,TTPESANL,1,LSRSSNQP,4230
3898,31882,CASSLSRNSNQPQYF,TTPESANL,1,LSRNSNQP,4424
3899,31883,CASSLNRGSNQPQYF,TTPESANL,1,LNRGSNQP,1259
3900,31884,CASSLNRVSNQPQYF,TTPESANL,1,LNRVSNQP,2947
3901,31895,CASSQGRHSNSPLYF,TTPESANL,1,QGRHSNSP,5098
3902,31896,CASSLSRVSNQPQYF,TTPESANL,1,LSRVSNQP,4392
3903,31897,CASSENRITNQPQYF,TTPESANL,1,ENRITNQP,3967
3904,31898,CASSPRRGSNQPQYF,TTPESANL,1,PRRGSNQP,5578
3905,31899,CASSQGRLGNQPQYF,TTPESANL,1,QGRLGNQP,1557
3906,31902,CASSQGRQSNQPQYF,TTPESANL,1,QGRQSNQP,1904
3907,31903,CASSLNRVSNQPQYF,TTPESANL,1,LNRVSNQP,2947
3908,31907,CASSLDRVSNQPQYF,TTPESANL,1,LDRVSNQP,1778
3909,31909,CASSLSRISNQPQYF,TTPESANL,1,LSRISNQP,2998
3910,31919,CASSLSRQSNQPQYF,TTPESANL,1,LSRQSNQP,1391
3911,31933,CASSLSRGSNQPQYF,TTPESANL,1,LSRGSNQP,3074
3912,31934,CASSLSRVSNQPQYF,TTPESANL,1,LSRVSNQP,4392
3913,31935,CASTVEGTMNTEAFF,TTPESANL,1,VEGTMNTE,2916
3914,31936,CASSYDRRSDQPQYF,TTPESANL,1,YDRRSDQP,1138
3915,31937,CASSLYRGSNQPQYF,TTPESANL,1,LYRGSNQP,29
3916,31938,CASSPSRGSNQPQYF,TTPESANL,1,PSRGSNQP,536
3917,31939,CASSLSRSSNQPQYF,TTPESANL,1,LSRSSNQP,4230
3918,31941,CASSQGRLGNQPQYF,TTPESANL,1,QGRLGNQP,1557
3919,31942,CASSLSRQSNQPQYF,TTPESANL,1,LSRQSNQP,1391
3920,31943,CASSLNRNSNQPQYF,TTPESANL,1,LNRNSNQP,1866
3921,31952,CASSLNRGSNQPQYF,TTPESANL,1,LNRGSNQP,1259
3922,31959,CASSLSRISNQPQYF,TTPESANL,1,LSRISNQP,2998
3923,31960,CASSLNRGSNQPQYF,TTPESANL,1,LNRGSNQP,1259
3924,31961,CASSLSRVSNQPQYF,TTPESANL,1,LSRVSNQP,4392
3925,31972,CASSQGRLGNQPQYF,TTPESANL,1,QGRLGNQP,1557
3926,31974,CASSLSRGSNQPQYF,TTPESANL,1,LSRGSNQP,3074
3927,31988,CASSQGRQSNQPQYF,TTPESANL,1,QGRQSNQP,1904
3928,31993,CASSLSRQSNQPQYF,TTPESANL,1,LSRQSNQP,1391
3929,31996,CASSLNRLSNQPQYF,TTPESANL,1,LNRLSNQP,1303
3930,32001,CASSLDRVANQPQYF,TTPESANL,1,LDRVANQP,2065
3931,32002,CASSRGRASNQPQYF,TTPESANL,1,RGRASNQP,341
3932,32003,CASSQDRWGASNSPLYF,TTPESANL,1,DRWGASNS,3726
3933,32004,CASSQDVGRLGNNEKLFF,TTPESANL,1,DVGRLGNN,1136
3934,32005,CASSQDRWGASSPLYF,TTPESANL,1,QDRWGASS,2446
3935,32006,CASSLSRPGLGTDPQYF,TTPESANL,1,SRPGLGTD,4306
3936,32007,CASSHDRRSNQPQYF,TTPESANL,1,HDRRSNQP,5211
3937,32008,CASSHITGGWVRTYDYTF,TTPESANL,1,ITGGWVRT,4576
3938,32009,CASSQEWGRTSGNTVYF,TTPESANL,1,EWGRTSGN,4637
3939,32010,CASRWTGGNSPLYF,TTPESANL,1,RWTGGNSP,2618
3940,32011,CASSSSRGSNQPQYF,TTPESANL,1,SSRGSNQP,3888
3941,32018,CASSQGRLGNQPQYF,TTPESANL,1,QGRLGNQP,1557
3942,32023,CASRINRNSNQPQYF,TTPESANL,1,INRNSNQP,1651
3943,32026,CASSQGRQSNQPQYF,TTPESANL,1,QGRQSNQP,1904
3944,32027,CASTLDGLSRNTVYF,TTPESANL,1,LDGLSRNT,4049
3945,32028,CASNRTGFNEQFF,TTPESANL,1,NRTGFNEQ,369
3946,32029,CASSGREDSNQPQYF,TTPESANL,1,GREDSNQP,5056
3947,32030,CASSPDRVSNQPQYF,TTPESANL,1,PDRVSNQP,5000
3948,32031,CASRINRNSNQPQYF,TTPESANL,1,INRNSNQP,1651
3949,32032,CASSIHRLSNQPQYF,TTPESANL,1,IHRLSNQP,5054
3950,32034,CASSQGRGSNQPQYF,TTPESANL,1,QGRGSNQP,5431
3951,32057,CASSEQRNSNQPQYF,TTPESANL,1,EQRNSNQP,1100
3952,32058,CASSLSRGSNQPQYF,TTPESANL,1,LSRGSNQP,3074
3953,32059,CASSLSRQSNQPQYF,TTPESANL,1,LSRQSNQP,1391
3954,32060,CASSLSRVSNQPQYF,TTPESANL,1,LSRVSNQP,4392
3955,32061,CATSGLDDTAQLFF,TTPESANL,1,SGLDDTAQ,2806
3956,32062,CASSLNRNSNQPQYF,TTPESANL,1,LNRNSNQP,1866
3957,32063,CASSYTGGMIAQLFF,TTPESANL,1,YTGGMIAQ,3514
3958,32064,CASSLEEGRLSGNTVYF,TTPESANL,1,EEGRLSGN,3161
3959,32065,CASSQNRNSNQPQYF,TTPESANL,1,QNRNSNQP,5018
3960,32069,CASSLNRVSNQPQYF,TTPESANL,1,LNRVSNQP,2947
3961,32070,CASSANRVSNQPQYF,TTPESANL,1,ANRVSNQP,4191
3962,32079,CASSFNRNSNQPQYF,TTPESANL,1,FNRNSNQP,4886
3963,32080,CASSLSRGSNQPQYF,TTPESANL,1,LSRGSNQP,3074
3964,32081,CASSLSRVSNQPQYF,TTPESANL,1,LSRVSNQP,4392
3965,32082,CASSLFTDNSPLYF,TTPESANL,1,SLFTDNSP,4821
3966,32083,CASSTGIATEAFF,TTPESANL,1,STGIATEA,2303
3967,32084,CASSLNRNSNQPQYF,TTPESANL,1,LNRNSNQP,1866
3968,32085,CASSANRVSNQPQYF,TTPESANL,1,ANRVSNQP,4191
3969,32086,CASKQNRNSNQPQYF,TTPESANL,1,QNRNSNQP,5018
3970,32088,CASSQGRGSNQPQYF,TTPESANL,1,QGRGSNQP,5431
3971,32092,CASSLDRVSNQPQYF,TTPESANL,1,LDRVSNQP,1778
3972,32094,CASSLNRVSNQPQYF,TTPESANL,1,LNRVSNQP,2947
3973,32098,CASSYTGGMIAQLFF,TTPESANL,1,YTGGMIAQ,3514
3974,32106,CASSQGRLGNQPQYF,TTPESANL,1,QGRLGNQP,1557
3975,32110,CASSLSRSSNQPQYF,TTPESANL,1,LSRSSNQP,4230
3976,32113,CASSQNRNSNQPQYF,TTPESANL,1,QNRNSNQP,5018
3977,32117,CASSLSRVSNQPQYF,TTPESANL,1,LSRVSNQP,4392
3978,32118,CASSLSRGSNQTQY,TTPESANL,1,SLSRGSNQ,2293
3979,32119,CASSPRRGSNQPQYF,TTPESANL,1,PRRGSNQP,5578
3980,32122,CASSQGRLGNQPQYF,TTPESANL,1,QGRLGNQP,1557
3981,32123,CASSLSRQSNQPQYF,TTPESANL,1,LSRQSNQP,1391
3982,32130,CASSLDRVSNQPQYF,TTPESANL,1,LDRVSNQP,1778
3983,32147,CASSLSRSSNQPQYF,TTPESANL,1,LSRSSNQP,4230
3984,32148,CASSLSRNSNQPQYF,TTPESANL,1,LSRNSNQP,4424
3985,32149,CASSLNRGSNQPQYF,TTPESANL,1,LNRGSNQP,1259
3986,32150,CASSLNRVSNQPQYF,TTPESANL,1,LNRVSNQP,2947
3987,32161,CASSQGRHSNSPLYF,TTPESANL,1,QGRHSNSP,5098
3988,32162,CASSLSRVSNQPQYF,TTPESANL,1,LSRVSNQP,4392
3989,32163,CASSENRITNQPQYF,TTPESANL,1,ENRITNQP,3967
3990,32164,CASSPRRGSNQPQYF,TTPESANL,1,PRRGSNQP,5578
3991,32165,CASSQGRLGNQPQYF,TTPESANL,1,QGRLGNQP,1557
3992,32168,CASSQGRQSNQPQYF,TTPESANL,1,QGRQSNQP,1904
3993,32169,CASSLNRVSNQPQYF,TTPESANL,1,LNRVSNQP,2947
3994,32173,CASSLDRVSNQPQYF,TTPESANL,1,LDRVSNQP,1778
3995,32175,CASSLSRISNQPQYF,TTPESANL,1,LSRISNQP,2998
3996,32185,CASSLSRQSNQPQYF,TTPESANL,1,LSRQSNQP,1391
3997,32199,CASSLSRGSNQPQYF,TTPESANL,1,LSRGSNQP,3074
3998,32200,CASSLSRVSNQPQYF,TTPESANL,1,LSRVSNQP,4392
3999,32201,CASTVEGTMNTEAFF,TTPESANL,1,VEGTMNTE,2916
4000,32202,CASSYDRRSDQPQYF,TTPESANL,1,YDRRSDQP,1138
4001,32203,CASSLYRGSNQPQYF,TTPESANL,1,LYRGSNQP,29
4002,32204,CASSPSRGSNQPQYF,TTPESANL,1,PSRGSNQP,536
4003,32205,CASSLSRSSNQPQYF,TTPESANL,1,LSRSSNQP,4230
4004,32207,CASSQGRLGNQPQYF,TTPESANL,1,QGRLGNQP,1557
4005,32208,CASSLSRQSNQPQYF,TTPESANL,1,LSRQSNQP,1391
4006,32209,CASSLNRNSNQPQYF,TTPESANL,1,LNRNSNQP,1866
4007,32218,CASSLNRGSNQPQYF,TTPESANL,1,LNRGSNQP,1259
4008,32225,CASSLSRISNQPQYF,TTPESANL,1,LSRISNQP,2998
4009,32226,CASSLNRGSNQPQYF,TTPESANL,1,LNRGSNQP,1259
4010,32227,CASSLSRVSNQPQYF,TTPESANL,1,LSRVSNQP,4392
4011,32238,CASSQGRLGNQPQYF,TTPESANL,1,QGRLGNQP,1557
4012,32240,CASSLSRGSNQPQYF,TTPESANL,1,LSRGSNQP,3074
4013,32254,CASSQGRQSNQPQYF,TTPESANL,1,QGRQSNQP,1904
4014,32259,CASSLSRQSNQPQYF,TTPESANL,1,LSRQSNQP,1391
4015,32262,CASSLNRLSNQPQYF,TTPESANL,1,LNRLSNQP,1303
4016,32267,CASSLSRGSNQPQYF,TTPESANL,1,LSRGSNQP,3074
4017,32268,CASSLSRQSNQPQYF,TTPESANL,1,LSRQSNQP,1391
4018,32269,CASSLSRVSNQPQYF,TTPESANL,1,LSRVSNQP,4392
4019,32270,CATSGLDDTAQLFF,TTPESANL,1,SGLDDTAQ,2806
4020,32271,CASSLNRNSNQPQYF,TTPESANL,1,LNRNSNQP,1866
4021,32272,CASSYTGGMIAQLFF,TTPESANL,1,YTGGMIAQ,3514
4022,32273,CASSLEEGRLSGNTVYF,TTPESANL,1,EEGRLSGN,3161
4023,32274,CASSQNRNSNQPQYF,TTPESANL,1,QNRNSNQP,5018
4024,32278,CASSLNRVSNQPQYF,TTPESANL,1,LNRVSNQP,2947
4025,32279,CASSANRVSNQPQYF,TTPESANL,1,ANRVSNQP,4191
4026,32288,CASSFNRNSNQPQYF,TTPESANL,1,FNRNSNQP,4886
4027,32289,CASSLSRGSNQPQYF,TTPESANL,1,LSRGSNQP,3074
4028,32290,CASSLSRVSNQPQYF,TTPESANL,1,LSRVSNQP,4392
4029,32291,CASSLFTDNSPLYF,TTPESANL,1,SLFTDNSP,4821
4030,32292,CASSTGIATEAFF,TTPESANL,1,STGIATEA,2303
4031,32293,CASSLNRNSNQPQYF,TTPESANL,1,LNRNSNQP,1866
4032,32294,CASSANRVSNQPQYF,TTPESANL,1,ANRVSNQP,4191
4033,32295,CASKQNRNSNQPQYF,TTPESANL,1,QNRNSNQP,5018
4034,32297,CASSQGRGSNQPQYF,TTPESANL,1,QGRGSNQP,5431
4035,32301,CASSLDRVSNQPQYF,TTPESANL,1,LDRVSNQP,1778
4036,32303,CASSLNRVSNQPQYF,TTPESANL,1,LNRVSNQP,2947
4037,32307,CASSYTGGMIAQLFF,TTPESANL,1,YTGGMIAQ,3514
4038,32315,CASSQGRLGNQPQYF,TTPESANL,1,QGRLGNQP,1557
4039,32319,CASSLSRSSNQPQYF,TTPESANL,1,LSRSSNQP,4230
4040,32322,CASSQNRNSNQPQYF,TTPESANL,1,QNRNSNQP,5018
4041,32326,CASSYLPGQGDHYSNQPQHF,FLKEKGGL,2,PGQGDHYS,5547
4042,32327,CASSFEAGQGFFSNQPQHF,FLKEKGGL,2,AGQGFFSN,4897
4043,32328,CASSFEPGQGFYSNQPQHF,FLKEKGGL,2,PGQGFYSN,2770
4044,32329,CASSYEPGQVSHYSNQPQHF,FLKEKGGL,2,PGQVSHYS,5496
4045,32330,CASSALASLNEQFF,FLKEKGGL,2,SALASLNE,3462
4046,32331,CASSYLPGQGDHYSNQPQHF,FLKEQGGL,2,PGQGDHYS,5547
4047,32332,CASSFEAGQGFFSNQPQHF,FLKEQGGL,2,AGQGFFSN,4897
4048,32333,CASSFEPGQGFYSNQPQHF,FLKEQGGL,2,PGQGFYSN,2770
4049,32334,CASSYEPGQVSHYSNQPQHF,FLKEQGGL,2,PGQVSHYS,5496
4050,32335,CASSYLPGQGDHYSNQPQHF,FLKETGGL,2,PGQGDHYS,5547
4051,32336,CASSFEAGQGFFSNQPQHF,FLKETGGL,2,AGQGFFSN,4897
4052,32337,CASSFEPGQGFYSNQPQHF,FLKETGGL,2,PGQGFYSN,2770
4053,32338,CASSYEPGQVSHYSNQPQHF,FLKETGGL,2,PGQVSHYS,5496
4054,32339,CASSYLPGQGDHYSNQPQHF,FLKEMGGL,2,PGQGDHYS,5547
4055,32340,CASSFEAGQGFFSNQPQHF,FLKEMGGL,2,AGQGFFSN,4897
4056,32341,CASSFEPGQGFYSNQPQHF,FLKEMGGL,2,PGQGFYSN,2770
4057,32342,CASSYEPGQVSHYSNQPQHF,FLKEMGGL,2,PGQVSHYS,5496
4058,32343,CASSLLVSGNEQFF,KRWIILGLNK,1,SLLVSGNE,293
4059,32344,CASSTRQNTEAFF,KRWIILGLNK,1,STRQNTEA,3070
4060,32345,CASSQGVGNTIYF,KRWIILGLNK,1,SQGVGNTI,5576
4061,32346,CASSRYQTEAFF,KRWIILGLNK,1,SSRYQTEA,4758
4062,32347,CASSGMRGTEAFF,KRWIILGLNK,1,SGMRGTEA,1919
4063,32348,CSARDLAEGTYEQYF,KRWIILGLNK,1,DLAEGTYE,971
4064,32349,CASSLDVGEQYF,KRWIILGLNK,1,SSLDVGEQ,2228
4065,32354,CASSLLVSGNEQFF,KRWIILGLNK,1,SLLVSGNE,293
4066,32355,CASSSGMRGTEAFF,KRWIILGLNK,1,SSGMRGTE,4088
4067,32356,CASSLDVGEQYF,KRWIILGLNK,1,SSLDVGEQ,2228
4068,32357,CASSLGVNAVEQYF,KRWIILGLNK,1,SLGVNAVE,1641
4069,32358,CSARDLAEGTYEQYF,KRWIILGLNK,1,DLAEGTYE,971
4070,32359,CASGQSGTAYNEQFF,KRWIILGLNK,1,QSGTAYNE,3781
4071,32360,CSARVGLNNEQFF,KRWIILGLNK,1,RVGLNNEQ,5428
4072,32361,CASSLLVSGNEQFF,KRWIILGLNK,1,SLLVSGNE,293
4073,32362,CSARAPAGMYPGNQPQHF,KRWIILGLNK,1,PAGMYPGN,4229
4074,32363,CASSSGMRGTEAFF,KRWIILGLNK,1,SSGMRGTE,4088
4075,32367,CASSLGVNAVEQYF,KRWIILGLNK,1,SLGVNAVE,1641
4076,32371,CASSRYQTEAFF,KRWIILGLNK,1,SSRYQTEA,4758
4077,32375,CSARDPSRGSGVMDEQFF,KRWIILGLNK,1,PSRGSGVM,4013
4078,32378,CASSLDRETGY,KRWIILGLNK,1,SSLDRETG,3054
4079,32379,CASSDRTVRAYEQYF,KRWIILGLNK,1,DRTVRAYE,5379
4080,32380,CASSRSWLAGGLSTDTQYF,KRWIILGLNK,1,WLAGGLST,4153
4081,32385,CASSIGTGGSQPQHF,LPEPLPQGQLTAY,2,IGTGGSQP,3214
4082,32386,CASSKLGTSEETQYF,LPEPLPQGQLTAY,2,KLGTSEET,4092
4083,32387,CASPGLAGEYEQYF,LPEPLPQGQLTAY,3,PGLAGEYE,2231
4084,32388,CASPGETEAFF,LPEPLPQGQLTAY,3,SPGETEAF,999
4085,32389,CASPGETEAFF,LPEPLPQGQLTAY,3,SPGETEAF,999
4086,32390,CASSRTGSTYEQYF,LPEPLPQGQLTAY,2,SRTGSTYE,1143
4087,32391,CASPGLAGEYEQYF,GPEPLPQGQLTAY,3,PGLAGEYE,2231
4088,32392,CASPGLAGEYEQYF,LPEGLPQGQLTAY,3,PGLAGEYE,2231
4089,32393,CASPGLAGEYEQYF,LPEPLGQGQLTAY,3,PGLAGEYE,2231
4090,32394,CASPGLAGEYEQYF,LPEPLPQAQLTAY,3,PGLAGEYE,2231
4091,32395,CASPGLAGEYEQYF,LPEPLPQGGLTAY,3,PGLAGEYE,2231
4092,32396,CASPGLAGEYEQYF,LPEPLPQGQGTAY,3,PGLAGEYE,2231
4093,32397,CASPGLAGEYEQYF,LPEPLPQGQLGAY,3,PGLAGEYE,2231
4094,32398,CASPGLAGEYEQYF,LPEPLPQGQLTGY,3,PGLAGEYE,2231
4095,32399,CASGTGDSNQPQHF,EPLPQGQLTAY,3,GTGDSNQP,5062
4096,32400,CATGTGDSNQPQHF,EPLPQGQLTAY,3,GTGDSNQP,5062
4097,32401,CAISTGDSNQPQHF,EPLPQGQLTAY,3,STGDSNQP,4066
4098,32402,CASSTGDSNQPQHF,EPLPQGQLTAY,3,STGDSNQP,4066
4099,32403,CASSLIGRDEQFF,EPLPQGQLTAY,3,SLIGRDEQ,164
4100,32404,CASAQIGPYEQYF,EPLPQGQLTAY,3,AQIGPYEQ,4500
4101,32405,CANSQPGGIEQFF,EPLPQGQLTAY,3,SQPGGIEQ,5079
4102,32406,CASSLVVAGGPMSEQFF,EPLPQGQLTAY,2,VVAGGPMS,1447
4103,32407,CASSFYDWNTEAFF,EPLPQGQLTAY,2,SFYDWNTE,2223
4104,32408,CASSTGDSNQPQHF,EPLPQGQLTAY,1,STGDSNQP,4066
4105,32409,CAISTGDSNQPQHF,EPLPQGQLTAY,1,STGDSNQP,4066
4106,32410,CAISTGDSNQPQHF,EPLPQGQLTAY,1,STGDSNQP,4066
4107,32411,CAISTGDSNQPQHF,EPLPQGQLTAY,1,STGDSNQP,4066
4108,32413,CAISTGDYEQYF,EPLPQGQLTAY,1,ISTGDYEQ,5274
4109,32414,CAISTGPDSYEQYF,EPLPQGQLTAY,1,STGPDSYE,3410
4110,32415,CAIGTGDSNQPQHF,EPLPQGQLTAY,1,GTGDSNQP,5062
4111,32416,CAIGTGDSNQPQHF,EPLPQGQLTAY,1,GTGDSNQP,5062
4112,32417,CATGTGDSNQPQHF,EPLPQGQLTAY,1,GTGDSNQP,5062
4113,32418,CATSTGDSNQPQHF,EPLPQGQLTAY,1,STGDSNQP,4066
4114,32419,CATSTGDSNQPQHF,EPLPQGQLTAY,1,STGDSNQP,4066
4115,32420,CASGTGDSNQPQHF,EPLPQGQLTAY,1,GTGDSNQP,5062
4116,32423,CASSLIGRDEQFF,EPLPQGQLTAY,1,SLIGRDEQ,164
4117,32425,CASSLISGEGQPQHF,EPLPQGQLTAY,1,LISGEGQP,3577
4118,32426,CASSLVVAGGPMSEQFF,EPLPQGQLTAY,1,VVAGGPMS,1447
4119,32428,CASSLPGAGGDQPQHF,EPLPQGQLTAY,1,LPGAGGDQ,109
4120,32429,CASRPPGGVNEQFF,EPLPQGQLTAY,1,RPPGGVNE,5124
4121,32430,CASRPPGGNEQFF,EPLPQGQLTAY,1,RPPGGNEQ,5533
4122,32431,CASRLPGGYNEQFF,EPLPQGQLTAY,1,RLPGGYNE,3473
4123,32432,CASRQPGGVNEQFF,EPLPQGQLTAY,1,RQPGGVNE,2273
4124,32433,CASRIPGGINEQYF,EPLPQGQLTAY,1,RIPGGINE,3560
4125,32436,CASRPPGANVLTF,EPLPQGQLTAY,1,RPPGANVL,954
4126,32437,CASRTPGVSTEAFF,EPLPQGQLTAY,1,RTPGVSTE,3194
4127,32438,CASSLPGGAQGYTF,EPLPQGQLTAY,1,SLPGGAQG,4342
4128,32439,CASRLPGGYNEQFF,EPLPQGQLTAY,1,RLPGGYNE,3473
4129,32440,CASSLPGRDEQYF,EPLPQGQLTAY,1,SLPGRDEQ,3573
4130,32441,CASSYVTGTGSYGYTGF,NLVPMVATV,2,VTGTGSYG,2001
4131,32442,CASSLEGYTEAFF,NLVPMVATV,1,SLEGYTEA,1978
4132,32443,CACSLRSQGTDTQYF,NLVPMVATV,1,LRSQGTDT,1330
4133,32444,CASSELGGAGTGELFF,NLVPMVATV,1,ELGGAGTG,4629
4134,32445,CASSFLQVTEAFF,NLVPMVATV,1,SFLQVTEA,2994
4135,32446,CASSSANYGYTF,NLVPMVATV,1,SSSANYGY,3390
4136,32447,CASSSANYGYTF,NLVPMVATV,1,SSSANYGY,3390
4137,32448,CASSSAHYGYTF,NLVPMVATV,1,SSSAHYGY,3025
4138,32449,CASSSANYGYTF,NLVPMVATV,1,SSSANYGY,3390
4139,32450,CSAFSGAAFVTDTQYF,NLVPMVATV,1,SGAAFVTD,3393
4140,32451,CATSDLKVHSGNYGYTF,NLVPMVATV,1,LKVHSGNY,4222
4141,32452,CASSSAFYGYTF,NLVPMVATV,1,SSSAFYGY,3304
4142,32453,CASSVGLPYEQYF,NLVPMVATV,1,SVGLPYEQ,767
4143,32454,CASSLFVGGPGNEQFF,NLVPMVATV,1,LFVGGPGN,2175
4144,32455,CASTGTSGALYNEQFF,NLVPMVATV,1,GTSGALYN,1319
4145,32456,CASSYQTGAGGYGYTGF,NLVPMVATV,1,QTGAGGYG,3302
4146,32457,CAWSSRDSMTDTQYF,NLVPMVATV,1,SRDSMTDT,1940
4147,32458,CASSPPAGSYNEQFF,NLVPMVATV,1,PPAGSYNE,1060
4148,32459,CASSPKLQGAWAEKLFF,NLVPMVATV,1,KLQGAWAE,3049
4149,32460,CASSQDPFAVLNTEAFF,NLVPMVATV,1,DPFAVLNT,5427
4150,32461,CASSFQTGASYGYTF,NLVPMVATV,3,FQTGASYG,1018
4151,32463,CASSPQTGTIYGYTGF,NLVPMVATV,2,PQTGTIYG,3757
4152,32464,CASSLEGYTEAFF,NLVPMVATV,2,SLEGYTEA,1978
4153,32465,CASSPVTGGIYGYTGF,NLVPMVATV,3,PVTGGIYG,5380
4154,32466,CASSETGATNYGYTGF,NLVPMVATV,2,ETGATNYG,704
4155,32467,CASSLAPGATNEKLFF,NLVPMVATV,1,LAPGATNE,2010
4156,32471,CASSPVAGGAYNEQFF,NLVPMVATV,2,PVAGGAYN,3952
4157,32473,CASSFQGYTEAFF,NLVPMVATV,2,SFQGYTEA,4098
4158,32476,CASSPVTGGIYGYTGF,NLVPMVATV,3,PVTGGIYG,5380
4159,32477,CASSPVTGGIYGYTGF,NLVPMVATV,3,PVTGGIYG,5380
4160,32478,CASSETGATNYGYTGF,NLVPMVATV,2,ETGATNYG,704
4161,32479,CASSETGATNYGYTGF,NLVPMVATV,2,ETGATNYG,704
4162,32481,CASSPQTGTIYGYTGF,NLVPMVATV,2,PQTGTIYG,3757
4163,32482,CASSLEGYTEAFF,NLVPMVATV,2,SLEGYTEA,1978
4164,32483,CASSLEGYTEAFF,NLVPMVATV,2,SLEGYTEA,1978
4165,32485,CASSYSTGTPGIYTF,NLVPMVATV,1,YSTGTPGI,1839
4166,32486,CASTPAGGAPGELFF,NLVPMVATV,1,PAGGAPGE,5174
4167,32487,CASSLAPGATNEKLFF,NLVPMVATV,1,LAPGATNE,2010
4168,32488,CASSFSGGAPGELFF,NLVPMVATV,1,FSGGAPGE,4300
4169,32491,CASSYQTGTIYGYTF,NLVPMVATV,1,YQTGTIYG,2267
4170,32492,CASSPQTGAIYGYTF,NLVPMVATV,1,PQTGAIYG,5644
4171,32493,CASSALGGGGTGELFF,NLVPMVATV,1,ALGGGGTG,578
4172,32494,CAWIPGTGGAGGL,NLVPMVATV,1,IPGTGGAG,4628
4173,32495,CASSPVQGAFYNSPLHF,NLVPMVATV,1,VQGAFYNS,2316
4174,32496,CSARDFDRTGELFF,NLVPMVATV,1,RDFDRTGE,182
4175,32497,CSVDETGGGETQYF,NLVPMVATV,1,DETGGGET,54
4176,32498,CASSLAPGATNEKLFF,NLVPMVATV,1,LAPGATNE,2010
4177,32500,CASSLAPGTTNEKLFF,NLVPMVATV,1,LAPGTTNE,2595
4178,32501,CASSSLYGDTGELFF,NLVPMVATV,1,SLYGDTGE,1653
4179,32502,CASSLVSGSPTGELFF,NLVPMVATV,1,LVSGSPTG,5091
4180,32503,CASSYATGIGNYGYTF,NLVPMVATV,1,YATGIGNY,735
4181,32508,CASNPSGGYTGELFF,NLVPMVATV,1,PSGGYTGE,4579
4182,32509,CASSLTTGTGSYGYTF,NLVPMVATV,1,LTTGTGSY,1975
4183,32511,CASSLEGYTEAFF,NLVPMVATV,1,SLEGYTEA,1978
4184,32514,CASSSANYGYTF,NLVPMVATV,1,SSSANYGY,3390
4185,32515,CASSSANYGYTF,NLVPMVATV,1,SSSANYGY,3390
4186,32516,CASSSAHYGYTF,NLVPMVATV,1,SSSAHYGY,3025
4187,32517,CASSLLIQGGENTEAFF,NLVPMVATV,1,LIQGGENT,953
4188,32518,CASSVQGYTEAFF,NLVPMVATV,1,SVQGYTEA,584
4189,32520,CASSSAYYGYTF,NLVPMVATV,3,SSSAYYGY,4102
4190,32521,CASSESMIQHF,NLVPMVATV,1,SSESMIQH,1
4191,32522,CASSPRQGGKQPQHF,NLVPMVATV,1,PRQGGKQP,2127
4192,32523,CASHYGGSSYEQYF,NLVPMVATV,1,HYGGSSYE,4604
4193,32524,CAWSVSDIMNTEAFF,NLVPMVATV,1,VSDIMNTE,731
4194,32536,CSVGGTLDTQYF,NLVPMVATV,1,VGGTLDTQ,159
4195,32537,CASSEVGATNYGYTF,NLVPMVATV,1,EVGATNYG,2714
4196,32539,CASSLEGYTEAFF,NLVPMVATV,1,SLEGYTEA,1978
4197,32540,CASSSLGGAGTGELFF,NLVPMVATV,1,SLGGAGTG,1030
4198,32541,CASSSANYGYTF,NLVPMVATV,1,SSSANYGY,3390
4199,32542,CASSRPGQGGYEQYF,NLVPMVATV,1,RPGQGGYE,2656
4200,32546,CSARDRSLGNTIYF,GLCTLVAML,1,RDRSLGNT,809
4201,32547,CASSTSDTQYF,GLCTLVAML,1,SSTSDTQY,4531
4202,32548,CASSHVGGYEQYF,GLCTLVAML,1,SHVGGYEQ,1017
4203,32549,CASSLGNTEAFF,GLCTLVAML,1,SSLGNTEA,4089
4204,32555,CSTQEGGYGYTF,GLCTLVAML,1,TQEGGYGY,551
4205,32556,CASSEGRVLPGELFF,GLCTLVAML,1,EGRVLPGE,55
4206,32557,CSARDRTGNGYTF,GLCTLVAML,2,RDRTGNGY,666
4207,32558,CSARDGTGNGYTF,GLCTLVAML,1,RDGTGNGY,3396
4208,32562,CSVGTGGTNEKLFF,GLCTLVAML,3,GTGGTNEK,3711
4209,32563,CSARDQTGNGYTF,GLCTLVAML,1,RDQTGNGY,1870
4210,32564,CSSQEGGYGYTF,GLCTLVAML,1,SQEGGYGY,880
4211,32566,CSARDGTGNGYTF,GLCTLVAML,1,RDGTGNGY,3396
4212,32567,CSVPFEGGTLETQYF,GLCTLVAML,1,FEGGTLET,1413
4213,32575,CSSQEGGYGYTF,GLCTLVAML,1,SQEGGYGY,880
4214,32576,CSVPFEGGTLETQYF,GLCTLVAML,1,FEGGTLET,1413
4215,32577,CASSFGQQETQYF,GLCTLVAML,1,SFGQQETQ,4489
4216,32578,CASSVAGGDEQYF,GLCTLVAML,1,SVAGGDEQ,3760
4217,32579,CASSFSRDSDEQFF,GLCTLVAML,1,SFSRDSDE,86
4218,32581,CSARDGTGNGYTF,GLCTLVAML,1,RDGTGNGY,3396
4219,32585,CSARDRSLGNTIYF,GLCTLVAML,1,RDRSLGNT,809
4220,32586,CASSTSDTQYF,GLCTLVAML,1,SSTSDTQY,4531
4221,32587,CASSHVGGYEQYF,GLCTLVAML,1,SHVGGYEQ,1017
4222,32588,CASSLGNTEAFF,GLCTLVAML,1,SSLGNTEA,4089
4223,32594,CSARDRSLGNTIYF,GLCTLVAML,1,RDRSLGNT,809
4224,32598,CASTPAGGAPGELFF,NLVPMVATV,1,PAGGAPGE,5174
4225,32599,CASSFEEPQGGLGIYNEQFF,NLVPMVATV,1,EPQGGLGI,877
4226,32600,CASSYSTGTPGIYTF,NLVPMVATV,1,YSTGTPGI,1839
4227,32601,CASTPAGGAPGELFF,NLVPMVATV,1,PAGGAPGE,5174
4228,32602,CASSLLIQGGENTEAFF,NLVPMVATV,1,LIQGGENT,953
4229,32603,CASSIDYYSNQPQHF,NLVPMVATV,1,IDYYSNQP,3994
4230,32604,CASSPRDRANTEAFF,NLVPMVATV,1,PRDRANTE,1293
4231,32605,CASSYSIRRGVNEQFF,NLVPMVATV,1,YSIRRGVN,3340
4232,32606,CASSLDSTGGDGELFF,NLVPMVATV,1,LDSTGGDG,359
4233,32607,CANTRGENTEAFF,NLVPMVATV,1,TRGENTEA,4523
4234,32608,CASSPQAGGGETQYF,NLVPMVATV,1,PQAGGGET,4325
4235,32609,CASSLRSNTGELFF,NLVPMVATV,1,SLRSNTGE,2530
4236,32610,CSVEGYGQGIGYNEQFF,NLVPMVATV,1,YGQGIGYN,5055
4237,32611,CASSSANYGYTF,NLVPMVATV,1,SSSANYGY,3390
4238,32615,CSVGGTLDTQYF,NLVPMVATV,1,VGGTLDTQ,159
4239,32616,CASSLEGYTEAFF,NLVPMVATV,1,SLEGYTEA,1978
4240,32617,CASSSANYGYTF,NLVPMVATV,1,SSSANYGY,3390
4241,32618,CASSEVGATNYGYTF,NLVPMVATV,1,EVGATNYG,2714
4242,32620,CASSSAHYGYTF,NLVPMVATV,1,SSSAHYGY,3025
4243,32623,CASSLAPGATNEKLFF,NLVPMVATV,1,LAPGATNE,2010
4244,32625,CASSLGQAYEQYF,FLRGRAYGL,1,SLGQAYEQ,5661
4245,32626,CASRYRDDSYNEQFF,EENLLDFVRF,1,YRDDSYNE,5551
4246,32627,CASSVRTGELFF,QVPLRPMTYK,1,SSVRTGEL,1867
4247,32628,CASSERDSQYQETQYF,QVPLRPMTYK,1,ERDSQYQE,637
4248,32629,CASSARAFPEGNQPQHF,QVPLRPMTYK,1,RAFPEGNQ,5044
4249,32630,CASSYSGQGAAGELFF,QVPLRPMTYK,1,YSGQGAAG,303
4250,32631,CASSPVLYEQYF,QVPLRPMTYK,1,SSPVLYEQ,2291
4251,32632,CASSVRTGELFF,QVPLRPMTYK,1,SSVRTGEL,1867
4252,32633,CASSERDSQYQETQYF,QVPLRPMTYK,1,ERDSQYQE,637
4253,32634,CASSARAFPEGNQPQHF,QVPLRPMTYK,1,RAFPEGNQ,5044
4254,32635,CASSYSGQGAAGELFF,QVPLRPMTYK,1,YSGQGAAG,303
4255,32636,CASSPVLYEQYF,QVPLRPMTYK,1,SSPVLYEQ,2291
4256,32637,CASGEVGELFF,QVPLRPMTYK,1,SGEVGELF,4529
4257,32638,CASRETGWGNQPQHF,QVPLRPMTYK,1,ETGWGNQP,5264
4258,32639,CASSETNRVEMEAFF,QVPLRPMTYK,1,ETNRVEME,2740
4259,32640,CATSAGRQRDTGELFF,QVPLRPMTYK,1,AGRQRDTG,1714
4260,32641,CASSKYNEQFF,QVPLRPMTYK,1,SSKYNEQF,3032
4261,32643,CASSYSRGSGNTIYF,QVPLRPMTYK,1,YSRGSGNT,1776
4262,32645,CAISAGASFVTRSTDTQYF,QVPLRPMTYK,1,ASFVTRST,4083
4263,32647,CASRQQGFVFEAKNIQYF,QVPLRPMTYK,1,QGFVFEAK,5531
4264,32649,CSAPTSGSAAFF,QVPLRPMTYK,1,APTSGSAA,5233
4265,32654,CASSGGAHFSKIPLAGYNEQFF,QVPLRPMTYK,1,HFSKIPLA,2620
4266,32656,CASSLTGHPYEQYF,QVPLRPMTYK,1,SLTGHPYE,5002
4267,32658,CSARGAGGFTHYEQYF,QVPLRPMTYK,1,GAGGFTHY,4453
4268,32659,CASSLVGFANTGELFF,QVPLRPMTYK,1,LVGFANTG,1680
4269,32660,CASSSSGRGLGIQYF,QVPLRPMTYK,1,SSGRGLGI,5282
4270,32661,CASSVSGFSTDTQYF,QVPLRPMTYK,1,VSGFSTDT,3562
4271,32662,CSVLKVGTSGFNEQFF,QVPLRPMTYK,1,KVGTSGFN,3615
4272,32663,CSVPKVGTSGFNEQFF,QVPLRPMTYK,1,KVGTSGFN,3615
4273,32664,CSVPKTGTSGFNEQFF,QVPLRPMTYK,1,KTGTSGFN,4599
4274,32665,CSVVAGGPGDTQYF,QVPLRPMTYK,1,VAGGPGDT,933
4275,32666,CASNPSWAYSNQPQHF,TPQDLNTML,1,PSWAYSNQ,2270
4276,32671,CASSLAGNRT,TPQDLNTML,1,ASSLAGNR,2506
4277,32674,CASSLPGELFF,TPQDLNTML,1,SSLPGELF,2726
4278,32675,CASKAGGSYNEQFF,TPQDLNTML,1,KAGGSYNE,5049
4279,32676,CASSLGYTEAFF,TPQDLNTML,1,SSLGYTEA,3990
4280,32677,CASSVASGTSGGGQFF,TPQDLNTML,1,VASGTSGG,4312
4281,32685,CASSLAFGTGAGELFF,TPQDLNTML,1,LAFGTGAG,1482
4282,32686,CASSVLGGYTF,TPQDLNTML,1,SSVLGGYT,2289
4283,32702,CASRQGPYEQYF,TPQDLNTML,1,SRQGPYEQ,234
4284,32703,CASSVNSGFEAFF,TPQDLNTML,1,SVNSGFEA,2219
4285,32704,CASSLSSLGEAFF,TPQDLNTML,1,SLSSLGEA,2216
4286,32705,CASSLRTPGQALRNEKLFF,TPQDLNTML,1,TPGQALRN,2327
4287,32706,CASSLGQLREAFF,TPQDLNTML,1,SLGQLREA,1001
4288,32707,CASSFGAINEAFF,TPQDLNTML,1,SFGAINEA,2723
4289,32708,CASSQGSLSEAFF,TPQDLNTML,1,SQGSLSEA,1675
4290,32710,CASSLAGNRT,TPQDLNTML,1,ASSLAGNR,2506
4291,32711,CASSLGGLNTIYF,TPQDLNTML,1,SLGGLNTI,3457
4292,32713,CASSSRRRGMNTEAFF,TPQDLNTML,1,SRRRGMNT,1144
4293,32715,CASSFTGTSGPQETQYF,TPQDLNTML,1,TGTSGPQE,362
4294,32718,CASSLGLNTIYF,TPQDLNTML,1,SSLGLNTI,5534
4295,32720,CASSFSKNTEAFF,TPQDLNTML,1,SFSKNTEA,605
4296,32723,CASSQEGGGGGQPQHF,TPQDLNTML,1,QEGGGGGQ,2224
4297,32724,CASSFSKNTEAFF,TPQDLNTML,1,SFSKNTEA,605
4298,32725,CASSLGLSGRWAFF,TPQDLNTML,1,SLGLSGRW,3350
4299,32728,CASSFSKNTEAFF,TPQDLNTML,1,SFSKNTEA,605
4300,32729,CATREPNTGELFF,TPQDLNTML,1,REPNTGEL,5629
4301,32732,CASSARSGELFF,HPVGEADYFEY,1,SSARSGEL,1819
4302,32733,CASSARSGELFF,HPVGEADYFEY,1,SSARSGEL,1819
4303,32734,CASSAPTGELFF,HPVGEADYFEY,1,SSAPTGEL,5600
4304,32735,CASSARTGELFF,HPVGEADYFEY,1,SSARTGEL,2807
4305,32736,CASSPRRYNEQFF,HPVGEADYFEY,1,SPRRYNEQ,388
4306,32737,CASSGITSGEYTIYF,HPVGEADYFEY,1,GITSGEYT,2850
4307,32738,CASRQDRDYQETQYF,HPVGEADYFEY,1,QDRDYQET,4405
4308,32739,CASSARSGELFF,HPVGEADYFEY,1,SSARSGEL,1819
4309,32740,CASSARSGELFF,HPVGEADYFEY,1,SSARSGEL,1819
4310,32741,CASSARTGELFF,HPVGEADYFEY,1,SSARTGEL,2807
4311,32742,CASSARTGELFF,HPVGEADYFEY,1,SSARTGEL,2807
4312,32743,CASSARTGELFF,HPVGEADYFEY,1,SSARTGEL,2807
4313,32744,CASSARTGELFF,HPVGEADYFEY,1,SSARTGEL,2807
4314,32745,CASSARTGELFF,HPVGEADYFEY,1,SSARTGEL,2807
4315,32746,CASSVRTGELFF,HPVGEADYFEY,1,SSVRTGEL,1867
4316,32747,CASSVRTGELFF,HPVGEADYFEY,1,SSVRTGEL,1867
4317,32748,CASSVRTGELFF,HPVGEADYFEY,1,SSVRTGEL,1867
4318,32749,CASSVRSGELFF,HPVGEADYFEY,1,SSVRSGEL,292
4319,32750,CASSARSGELFF,HPVGEADYFEY,1,SSARSGEL,1819
4320,32751,CASSARSGELFF,HPVGEADYFEY,1,SSARSGEL,1819
4321,32752,CASSSRSGELFF,HPVGEADYFEY,1,SSSRSGEL,4820
4322,32753,CASSAREGKLFF,HPVGEADYFEY,1,SSAREGKL,5260
4323,32754,CASSLKSGELFF,HPVGEADYFEY,1,SSLKSGEL,2856
4324,32755,CASSAPAGELFF,HPVGEADYFEY,1,SSAPAGEL,2575
4325,32757,CASSVRPGLAGGGTGELFF,HPVGEADYFEY,1,PGLAGGGT,417
4326,32758,CASSGREHEQYF,HPVGEADYFEY,1,SSGREHEQ,9
4327,32759,CASSARSGELFF,HPVGEADYFEY,1,SSARSGEL,1819
4328,32760,CASSARSGELFF,HPVGEADYFEY,1,SSARSGEL,1819
4329,32761,CASSAPSGEQFF,HPVGEADYFEY,1,SSAPSGEQ,352
4330,32762,CASSPRRYNLQFF,HPVGEADYFEY,1,SPRRYNLQ,301
4331,32763,CASSGITSGEYTIYF,HPVGEADYFEY,1,GITSGEYT,2850
4332,32764,CAISDPGTLPNYGYTF,HPVGEADYFEY,1,DPGTLPNY,3867
4333,32765,CAISESDPLRGTEAFF,HPVGEADYFEY,1,ESDPLRGT,1831
4334,32766,CASSGQGYGYTF,KAFSPEVIPMF,1,SSGQGYGY,221
4335,32767,CASTGGGYGYTF,KAFSPEVIPMF,1,STGGGYGY,4436
4336,32768,CASSGQGGYTF,KAFSPEVIPMF,1,SSGQGGYT,3031
4337,32769,CASSGQDYGYTF,KAFSPEVIPMF,1,SSGQDYGY,5280
4338,32772,CASTDSYGYTF,KAFSPEVIPMF,1,STDSYGYT,3211
4339,32773,CATTDTYGYTF,KAFSPEVIPMF,1,TTDTYGYT,81
4340,32775,CASSSRQNYGYTF,KAFSPEVIPMF,1,SSRQNYGY,869
4341,32776,CASSGQLYGYTF,KAFSPEVIPMF,1,SSGQLYGY,1787
4342,32777,CATSDLGAGTSGTGELF,KAFSPEVIPMF,1,LGAGTSGT,432
4343,32778,CASSATYGYTF,KAFSPEVIPMF,1,SSATYGYT,4355
4344,32779,CASTGTAYGYTF,KAFSPEVIPMF,1,STGTAYGY,1453
4345,32780,CASTGTDYGYTF,KAFSPEVIPMF,1,STGTDYGY,550
4346,32781,CASSGQNYGYTF,KAFSPEVIPMF,1,SSGQNYGY,1409
4347,32783,CASSGRNYGYTF,KAFSPEVIPMF,1,SSGRNYGY,3140
4348,32785,CAWTGTNYGYTF,KAFSPEVIPMF,1,WTGTNYGY,5437
4349,32786,CASSREVYGYTF,KAFSPEVIPMF,1,SSREVYGY,2999
4350,32787,CASSTSYGYTF,KAFSPEVIPMF,1,SSTSYGYT,652
4351,32789,CAAGGQFYGYTF,KAFSPEVIPMF,1,AGGQFYGY,2464
4352,32790,CASSLTAPDTDAFF,KAFSPEVIPMF,1,SLTAPDTD,5665
4353,32791,CASSGGSYGYTF,KAFSPEVIPMF,1,SSGGSYGY,5570
4354,32792,CATTGSYGYTF,KAFSPEVIPMF,1,TTGSYGYT,2727
4355,32793,CASSGQNYGYTF,KAFSPEVIPMF,1,SSGQNYGY,1409
4356,32795,CASTGGSYGYTF,KAFSPEVIPMF,1,STGGSYGY,5648
4357,32796,CASSGTSYGYTF,KAFSPEVIPMF,1,SSGTSYGY,2070
4358,32797,CSARLRDRGYEQYF,KAFSPEVIPMF,1,RLRDRGYE,5338
4359,32798,CSARPQGQTVALHF,KAFSPEVIPMF,1,RPQGQTVA,5590
4360,32799,CSARPGQGTVALHF,KAFSPEVIPMF,1,RPGQGTVA,2008
4361,32801,CASSPDRARDGYTF,KAFSPEVIPMF,1,SPDRARDG,2339
4362,32803,CASSQLGQSTDTQYF,KAFSPEVIPMF,1,QLGQSTDT,4992
4363,32804,CASSFLLDGYTF,KAFSPEVIPMF,1,SSFLLDGY,4831
4364,32805,CASSSWEGLDTQYF,KAFSPEVIPMF,1,SSWEGLDT,1088
4365,32807,CSVEDPDRPSYGYTF,KAFSPEVIPMF,1,DPDRPSYG,976
4366,32810,CATSDLRGGKF,KAFSPEVIPMF,1,TSDLRGGK,655
4367,32811,CASEDSSDGANYGYTF,KAFSPEVIPMF,1,DSSDGANY,4217
4368,32813,CASEAGNTIYF,KAFSPEVIPMF,1,SEAGNTIY,4514
4369,32814,CASSWSGGQRGYTF,KAFSPEVIPMF,1,SWSGGQRG,2652
4370,32815,CASSRQGFT,KAFSPEVIPMF,1,ASSRQGFT,3341
4371,32816,CASSPRDSKETQYF,KAFSPEVIPMF,1,SPRDSKET,1170
4372,32817,CASSLAGGQETQYF,KAFSPEVIPMF,1,SLAGGQET,1332
4373,32818,CASSYSDGNEAFF,KAFSPEVIPMF,1,SYSDGNEA,2581
4374,32819,CASSLAGTQETQYF,KAFSPEVIPMF,1,SLAGTQET,4888
4375,32822,CVSSLAGTQETQYF,KAFSPEVIPMF,1,SLAGTQET,4888
4376,32823,CASSQRQDSSYNEQFF,KAFSPEVIPMF,1,QRQDSSYN,4361
4377,32824,CASTASYGYTF,KAFSPEVIPMF,1,STASYGYT,4393
4378,32825,CASSPYAGSEQFF,KAFSPEVIPMF,1,SPYAGSEQ,4228
4379,32827,CATSGEGQGGPYGYTF,KAFSPEVIPMF,1,GEGQGGPY,2137
4380,32828,CAGSLSNGYTF,KAFSPEVIPMF,1,GSLSNGYT,1840
4381,32829,CASSGTASFDEQFF,KAFSPEVIPMF,1,SGTASFDE,4146
4382,32830,CASSGTTSFDEQFF,KAFSPEVIPMF,1,SGTTSFDE,4700
4383,32831,CASSVGEGFDIQYF,KAFSPEVIPMF,1,SVGEGFDI,4983
4384,32832,CASSSLIRGLGNQPQHF,KAFSPEVIPMF,1,LIRGLGNQ,5505
4385,32833,CASSESRMGSQANYGYTF,KAFSPEVIPMF,1,SRMGSQAN,3198
4386,32834,CVSSESRMGSQANYGYTF,KAFSPEVIPMF,1,SRMGSQAN,3198
4387,32835,CASSLAGTQETQYF,KAFSPEVIPMF,1,SLAGTQET,4888
4388,32836,CASSLAETSADGYTF,KAFSPEVIPMF,1,LAETSADG,3611
4389,32837,CASSSFLSSGETQYF,KAFSPEVIPMF,1,SFLSSGET,3310
4390,32839,CSVWGTGKTYEQYF,FLKEKGGL,1,WGTGKTYE,757
4391,32840,CSVWGEGRSYEQYF,FLKEKGGL,1,WGEGRSYE,2388
4392,32841,CSATILAGVPYGEQYF,FLKEKGGL,1,ILAGVPYG,4914
4393,32844,CASSFDREVTGELFF,FLKEKGGL,1,FDREVTGE,4551
4394,32846,CASSVGAGTEAFF,FLKEKGGL,1,SVGAGTEA,3655
4395,32856,CASSWGQGQLSYEQYF,FLKEKGGL,1,WGQGQLSY,3426
4396,32865,CASSIFGSPFNQPQHF,FLKEKGGL,1,IFGSPFNQ,5268
4397,32867,CSATILAGVPYGEQYF,FLKEKGGL,1,ILAGVPYG,4914
4398,32869,CASSWGQGQLSYEQYF,FLKEKGGL,1,WGQGQLSY,3426
4399,32870,CASSLGQGLANYGYTF,FLKEKGGL,1,LGQGLANY,864
4400,32871,CSARPMAASGLTYEQYF,FLKEKGGL,1,MAASGLTY,4314
4401,32872,CASSEYGAAVYEQYF,FLKEKGGL,1,EYGAAVYE,922
4402,32873,CASSLNLRGSSGNTIYF,FLKEKGGL,1,NLRGSSGN,4285
4403,32874,CASSSNPGTSGGYSYEQYF,FLKEKGGL,1,PGTSGGYS,1139
4404,32876,CASSLLGQYNEQFF,FLKEKGGL,1,SLLGQYNE,5508
4405,32878,CASSFHPGQGASYSNQPQHF,FLKEKGGL,1,PGQGASYS,4949
4406,32879,CASSYERGGLPKNIQYF,FLKEKGGL,1,ERGGLPKN,963
4407,32880,CASSLGQGRSLGHEQYF,FLKEKGGL,1,GQGRSLGH,5101
4408,32882,CASSSNPGTSGGYSYEQYF,FLKEKGGL,1,PGTSGGYS,1139
4409,32883,CSARQYRTDMNTEAFF,ILKEPVHGV,1,QYRTDMNT,4844
4410,32884,CSVEVGAGETQYF,ILKEPVHGV,1,EVGAGETQ,4352
4411,32887,CASSYEWGGLPKNIQYF,ILKEPVHGV,1,EWGGLPKN,88
4412,32888,CASRLVGIGNSPLHF,ILKEPVHGV,1,LVGIGNSP,921
4413,32889,CAISEDGGETQYF,ILKEPVHGV,1,SEDGGETQ,142
4414,32892,CASSFGGDEQHF,ILKEPVHGV,1,SSFGGDEQ,1484
4415,32893,CASSLGGDTQYF,ILKEPVHGV,1,SSLGGDTQ,4657
4416,32902,CAISEDGGETQYF,ILKEPVHGV,1,SEDGGETQ,142
4417,32903,CASSEPALAEQYYEQYF,FLKEKGGL,1,PALAEQYY,1550
4418,32904,CASSFTPGTGAPYSNQPQHF,FLKEKGGL,1,PGTGAPYS,5480
4419,32905,CSVEGGSAYEQYF,FLKEKGGL,1,EGGSAYEQ,2786
4420,32906,CASSFDREVTGELFF,FLKEKGGL,1,FDREVTGE,4551
4421,32908,CSAHLYRAYGYTF,FLKEKGGL,1,HLYRAYGY,3704
4422,32909,CASSMGQHSNQPQHF,FLKEKGGL,1,MGQHSNQP,5164
4423,32911,CSVWGTGKTYEQYF,FLKEKGGL,1,WGTGKTYE,757
4424,32912,CASKWDPGQGSHYSNQPQHF,FLKEKGGL,1,PGQGSHYS,4999
4425,32913,CSVEPSGRARTYNEQFF,FLKEKGGL,1,SGRARTYN,5537
4426,32914,CAWDVKDRRIGNEQFF,FLKEKGGL,1,VKDRRIGN,5035
4427,32915,CSARDSGRGIENYEQYF,FLKEKGGL,1,SGRGIENY,3725
4428,32916,CSASSQRGGIYEQYF,FLKEKGGL,1,SQRGGIYE,4218
4429,32918,CASSFDREVTGELFF,FLKEKGGL,1,FDREVTGE,4551
4430,32919,CASSLGQGLANYGYTF,FLKEKGGL,1,LGQGLANY,864
4431,32921,CASSLELAGEDYEQYF,FLKEKGGL,1,LELAGEDY,4923
4432,32923,CASSTLTSGGARDEQFF,FLKEKGGL,1,LTSGGARD,157
4433,32924,CASKWDPGQGSHYSNQPQHF,FLKEKGGL,1,PGQGSHYS,4999
4434,32925,CSVRDGYEQYF,EIYKRWII,1,VRDGYEQY,1342
4435,32926,CASSPVRGRTEAFF,EIYKRWII,1,SPVRGRTE,4606
4436,32927,CASSLVGPGGREKLFF,EIYKRWII,1,LVGPGGRE,5368
4437,32928,CASSVLTGGRETQYF,EIYKRWII,1,VLTGGRET,3354
4438,32929,CASSIIKGNQPQHF,EIYKRWII,1,SIIKGNQP,280
4439,32930,CASSSGLPTNEKLFF,EIYKRWII,1,SGLPTNEK,4721
4440,32932,CASSVVGDFRETQYF,EIYKRWII,1,VVGDFRET,5311
4441,32933,CASSYGGTEAFF,EIYKRWII,1,SSYGGTEA,56
4442,32934,CASSLPGQGRTPLHF,EIYKRWII,1,LPGQGRTP,3451
4443,32936,CASSFLPKNEQFF,EIYKRWII,1,SFLPKNEQ,5152
4444,32939,CSARLSYEQYF,EIYKRWII,1,ARLSYEQY,4195
4445,32945,CASSAITSGGARDEQFF,EIYKRWII,1,ITSGGARD,5363
4446,32946,CASSVGGDHREEQHF,EIYKRWII,1,VGGDHREE,1517
4447,32949,CATIRTGFSSYEQYF,EIYKRWII,1,RTGFSSYE,1212
4448,32950,CASSYGGTEAFF,EIYKRWII,1,SSYGGTEA,56
4449,32951,CASSLPGQGRTPLHF,EIYKRWII,1,LPGQGRTP,3451
4450,32952,CASSYSRGSGNTIYF,QVPLRPMTYK,1,YSRGSGNT,1776
4451,32954,CAISAGASFVTRSTDTQYF,QVPLRPMTYK,1,ASFVTRST,4083
4452,32956,CASRQQGFVFEAKNIQYF,QVPLRPMTYK,1,QGFVFEAK,5531
4453,32958,CSAPTSGSAAFF,QVPLRPMTYK,1,APTSGSAA,5233
4454,32961,CASRPGPVKNTGELFF,QVPLRPMTYK,1,PGPVKNTG,176
4455,32963,CASSGGAHFSKIPLAGYNEQFF,QVPLRPMTYK,1,HFSKIPLA,2620
4456,32965,CASSLTGHPYEQYF,QVPLRPMTYK,1,SLTGHPYE,5002
4457,32967,CSVEDRHYEQYF,QVPLRPMTYK,1,VEDRHYEQ,5573
4458,32968,CASSYSRGAGNTIYF,QVPLRPMTYK,1,YSRGAGNT,4379
4459,32971,CASSYSRGSGNTIYF,QVPLRPMTYK,1,YSRGSGNT,1776
4460,32973,CAISAGASFVTRSTDTQYF,QVPLRPMTYK,1,ASFVTRST,4083
4461,32974,CASRPGPVKNTGELFF,QVPLRPMTYK,1,PGPVKNTG,176
4462,32975,CASSGGAHFSKIPLAGYNEQFF,QVPLRPMTYK,1,HFSKIPLA,2620
4463,32976,CASSLTGHPYEQYF,QVPLRPMTYK,1,SLTGHPYE,5002
4464,32977,CSVEDRHYEQYF,QVPLRPMTYK,1,VEDRHYEQ,5573
4465,32978,CASSLTAPDTEAFF,KRWIILGLNK,1,SLTAPDTE,719
4466,32982,CASSRSTGELFF,KRWIILGLNK,1,SSRSTGEL,1101
4467,32984,CASSVRTGELFF,KRWIILGLNK,1,SSVRTGEL,1867
4468,32985,CASSPRTGELFF,KRWIILGLNK,1,SSPRTGEL,3086
4469,32986,CASSLTAPDTEAFF,KRWIILGLNK,1,SLTAPDTE,719
4470,32987,CASSRSTGELFF,KRWIILGLNK,1,SSRSTGEL,1101
4471,32989,CASSGQGYGYTF,KAFSPEVIPMF,1,SSGQGYGY,221
4472,32990,CASTGGGYGYTF,KAFSPEVIPMF,1,STGGGYGY,4436
4473,32991,CASSGQDYGYTF,KAFSPEVIPMF,1,SSGQDYGY,5280
4474,32995,CASTDSYGYTF,KAFSPEVIPMF,1,STDSYGYT,3211
4475,32996,CASSGGSYGYTF,KAFSPEVIPMF,1,SSGGSYGY,5570
4476,32997,CASSGQGYGYTF,KAFSPEVIPMF,1,SSGQGYGY,221
4477,32998,CASSGQDYGYTF,KAFSPEVIPMF,1,SSGQDYGY,5280
4478,32999,CASSGQDYGYTF,KAFSPEVIPMF,1,SSGQDYGY,5280
4479,33000,CASTDSYGYTF,KAFSPEVIPMF,1,STDSYGYT,3211
4480,33001,CASSTGSAPNEKLFF,IPSINVHHY,1,TGSAPNEK,3256
4481,33002,CASSSGTGPNEKLFF,IPSINVHHY,1,SGTGPNEK,4444
4482,33003,CASSSGTGPNEKLFF,IPSINVHHY,1,SGTGPNEK,4444
4483,33004,CASSSGTAPNEKLFF,IPSINVHHY,1,SGTAPNEK,1486
4484,33005,CASTSGTGPNEKLFF,IPSINVHHY,1,SGTGPNEK,4444
4485,33006,CASSPGTGPNEKLFF,IPSINVHHY,1,PGTGPNEK,4115
4486,33007,CASTPGTGPNEKLFF,IPSINVHHY,1,PGTGPNEK,4115
4487,33008,CASSPPTAPNEKLFF,IPSINVHHY,1,PPTAPNEK,3813
4488,33009,CASSPGTAPNEKLFF,IPSINVHHY,1,PGTAPNEK,4939
4489,33010,CASSLPSGPNEKLFF,IPSINVHHY,1,LPSGPNEK,753
4490,33011,CASSLASTPNEKLFF,IPSINVHHY,1,LASTPNEK,1279
4491,33012,CASSPGTEPNEKLFF,IPSINVHHY,1,PGTEPNEK,1405
4492,33013,CASSPSSGPNEKLFF,IPSINVHHY,1,PSSGPNEK,1816
4493,33014,CASSPTTAPNEKLFF,IPSINVHHY,1,PTTAPNEK,2704
4494,33015,CASSLSTAPNEKLFF,IPSINVHHY,1,LSTAPNEK,322
4495,33016,CASTPQTAPNEKLFF,IPSINVHHY,1,PQTAPNEK,1648
4496,33017,CASSPSREPNEKLFF,IPSINVHHY,1,PSREPNEK,4071
4497,33018,CASSAETGPNEKLFF,IPSINVHHY,1,AETGPNEK,1320
4498,33019,CASSASDSPNEKLFF,IPSINVHHY,1,ASDSPNEK,5461
4499,33020,CASSPPANPNEKLFF,IPSINVHHY,1,PPANPNEK,3166
4500,33021,CATSTGETPNEKLFF,IPSINVHHY,1,TGETPNEK,1997
4501,33022,CASSPGTAPNEKLFF,IPSINVHHY,1,PGTAPNEK,4939
4502,33023,CASSSRDRGPHGQYF,TPRVTGGGAM,2,SRDRGPHG,2319
4503,33024,CASSSRDLGEYEQYF,TPRVTGGGAM,2,SRDLGEYE,5615
4504,33025,CASSHDYRGRRSPLHF,TPRVTGGGAM,2,HDYRGRRS,1476
4505,33026,CASSLIGEGTGWHQYF,TPRVTGGGAM,2,LIGEGTGW,4782
4506,33027,CASSLVGVGLLLNEQYF,TPRVTGGGAM,2,VGVGLLLN,4409
4507,33029,CASSFQGYTEAFF,NLVPMVATV,2,SFQGYTEA,4098
4508,33030,CASSPVTGTGHYGYTF,NLVPMVATV,2,PVTGTGHY,4934
4509,33031,CAWVPTGTGGTEAFF,NLVPMVATV,2,PTGTGGTE,1204
4510,33036,CASSSHDYRGRRSPLHF,TPRVTGGGAM,2,HDYRGRRS,1476
4511,33038,CASSNRDRGDYEQYF,TPRVTGGGAM,2,NRDRGDYE,801
4512,33039,CASSSRDRGPHGQYF,TPRVTGGGAM,2,SRDRGPHG,2319
4513,33040,CASSSRDLGEYEQYF,TPRVTGGGAM,2,SRDLGEYE,5615
4514,33046,CASSPVTGTGHYGYTF,NLVPMVATV,2,PVTGTGHY,4934
4515,33047,CASSPGQLGNTIYF,KRWIILGLNK,1,SPGQLGNT,5649
4516,33048,CASRLLGGGQETQYF,KRWIILGLNK,1,LLGGGQET,3578
4517,33049,CASSPGVFGVTQYF,KRWIILGLNK,1,SPGVFGVT,3558
4518,33050,CASRLLGGGQETQYF,KRWIILGLNK,1,LLGGGQET,3578
4519,33051,CASSQGVSSTEAFF,KRWIILGLNK,1,SQGVSSTE,4065
4520,33052,CASSPGVFGVTQYF,KRWIILGLNK,1,SPGVFGVT,3558
4521,33055,CASSPGQLGNTIYF,KRWIILGLNK,1,SPGQLGNT,5649
4522,33057,CSARDLGLAGDTDTQYF,KRWIILGLNK,1,LGLAGDTD,3335
4523,33058,CASSLDSYEQYF,KRWIILGLNK,1,SSLDSYEQ,2766
4524,33061,CASSPLGGHHSGANVLTF,KRWIILGLNK,1,LGGHHSGA,1049
4525,33062,CASSLDSYEQYF,KRWIILGLNK,1,SSLDSYEQ,2766
4526,33063,CSARDLGLAGDTDTQYF,KRWIILGLNK,1,LGLAGDTD,3335
4527,33067,CASSLDVNEQFF,KRWIILGLNK,1,SSLDVNEQ,3834
4528,33068,CASSTGTVYNEQFF,KRWIILGLNK,1,STGTVYNE,1145
4529,33069,CASSYDLNEQYF,KRWIILGLNK,1,SSYDLNEQ,2057
4530,33072,CSARVTSSDEQYF,KRWIILGLNK,1,RVTSSDEQ,1317
4531,33073,CASSLDVNEQFF,KRWIILGLNK,1,SSLDVNEQ,3834
4532,33074,CASSYDNYEQYF,KRWIILGLNK,1,SSYDNYEQ,3255
4533,33075,CASSSDREEQYF,KRWIILGLNK,1,SSSDREEQ,760
4534,33078,CASSTGTVYNEQFF,KRWIILGLNK,1,STGTVYNE,1145
4535,33079,CSARQGLNNEQFF,KRWIILGLNK,1,RQGLNNEQ,3090
4536,33080,CASSPLGDRETQYF,KRWIILGLNK,1,SPLGDRET,286
4537,33081,CASSFIAGTEAFF,KRWIILGLNK,1,SFIAGTEA,4060
4538,33082,CASSLVAGTYNEQFF,KRWIILGLNK,1,LVAGTYNE,5488
4539,33084,CSASDNELPGSSYNEQFF,KRWIILGLNK,1,NELPGSSY,171
4540,33085,CASSPLGDRETQYF,KRWIILGLNK,1,SPLGDRET,286
4541,33086,CSASDNELPGSSYNEQFF,KRWIILGLNK,1,NELPGSSY,171
4542,33087,CSARQGLNNEQFF,KRWIILGLNK,1,RQGLNNEQ,3090
4543,33088,CASSMADLSYEQYF,KRWIILGLNK,1,SMADLSYE,119
4544,33089,CASSGGLPEGYTF,KRWIILGLNK,1,SGGLPEGY,3195
4545,33090,CSASNPLLGQGAGYGYTF,KRWIILGLNK,1,PLLGQGAG,3881
4546,33091,CSGRGVAYNSPLHF,KRWIILGLNK,1,RGVAYNSP,5676
4547,33092,CASSQDITFPKQFF,KRWIILGLNK,1,SQDITFPK,2728
4548,33096,CSVPGLAQNEQFF,KRWIILGLNK,1,PGLAQNEQ,795
4549,33097,CSASNPLLGQGAGYGYTF,KRWIILGLNK,1,PLLGQGAG,3881
4550,33098,CASSPGTGELFF,KRWIILGLNK,1,SSPGTGEL,3910
4551,33099,CASSMADLSYEQYF,KRWIILGLNK,1,SMADLSYE,119
4552,33101,CASSQGQYSHEQYF,KRWIILGLNK,1,SQGQYSHE,2016
4553,33102,CASSQGRLSAEAFF,KRWIILGLNK,1,SQGRLSAE,4068
4554,33103,CASSPGRLGNEQYF,KRWIILGLNK,1,SPGRLGNE,980
4555,33106,CASSPGWGSYEQYF,RLRPGGKKK,1,SPGWGSYE,3849
4556,33107,CASSPQRGFYEQYF,RLRPGGKKK,1,SPQRGFYE,123
4557,33110,CASSPGWGSYEQYF,RLRPGGKKK,1,SPGWGSYE,3849
4558,33112,CASSPGWGSYEQYF,RLRPGGKKK,1,SPGWGSYE,3849
4559,33113,CASSSDRSFYGYTF,RLRPGGKKK,1,SSDRSFYG,5597
4560,33114,CASSLDRGVGGYTF,RLRPGGKKK,1,SLDRGVGG,3661
4561,33115,CASSPGWGNTEAFF,RLRPGGKKK,1,SPGWGNTE,243
4562,33116,CASSHGLAGVGETQYF,RLRPGGKKK,1,HGLAGVGE,4383
4563,33117,CASSLWGERLNTEAFF,RLRPGGKKK,1,LWGERLNT,5408
4564,33118,CASSLGWGPNEQFF,RLRPGGKKK,1,SLGWGPNE,3620
4565,33119,CASATIMGGRASNEQFF,RLRPGGKKK,1,IMGGRASN,1820
4566,33126,CASSQETGDEQYF,GPGMKARVL,1,SQETGDEQ,4611
4567,33127,CASSLELGDEQFF,GPGMKARVL,1,SLELGDEQ,3017
4568,33128,CASSLELGDEQFF,GPGMKARVL,1,SLELGDEQ,3017
4569,33130,CASSQETGDEQYF,GPGMKARVL,1,SQETGDEQ,4611
4570,33131,CASSLELGDEQFF,GPGMKARVL,1,SLELGDEQ,3017
4571,33132,CASSQETGDTQYF,GPGMKARVL,1,SQETGDTQ,501
4572,33133,CASSQETGDTQYF,GPGMKARVL,1,SQETGDTQ,501
4573,33135,CASSLETGDEQYF,GPGMKARVL,1,SLETGDEQ,4708
4574,33136,CASSLETGDEQYF,GPGMKARVL,1,SLETGDEQ,4708
4575,33139,CASSQETGDTQYF,GPGMKARVL,1,SQETGDTQ,501
4576,33140,CASSLETGDEQYF,GPGMKARVL,1,SLETGDEQ,4708
4577,33141,CASSLETGDEQYF,GPGMKARVL,1,SLETGDEQ,4708
4578,33143,CASSFDAEQFF,SLYNTVATL,1,SSFDAEQF,2385
4579,33144,CASSLIGHSNQPQHF,SLYNTVATL,1,LIGHSNQP,4053
4580,33148,CASSFDAEQFF,SLYNTVATL,1,SSFDAEQF,2385
4581,33149,CSAPVLPQETQYF,SLYNTVATL,1,PVLPQETQ,3080
4582,33151,CASSLIGHSNQPQHF,SLYNTVATL,1,LIGHSNQP,4053
4583,33153,CASSFDSEAFF,SLYNTVATL,1,SSFDSEAF,2779
4584,33157,CASSFDSEAFF,SLYNTVATL,1,SSFDSEAF,2779
4585,33158,CATSFDSEAFF,SLYNTVATL,1,TSFDSEAF,4374
4586,33161,CASSFDAEAFF,SLYNTVATL,1,SSFDAEAF,4255
4587,33162,CASTPVGHSNQPQHF,SLYNTVATL,1,PVGHSNQP,3203
4588,33163,CASNLGGPQQPQHF,SLYNTVATL,1,NLGGPQQP,122
4589,33167,CASSAYRGQANEQFF,QVPLRPMTYK,1,AYRGQANE,3774
4590,33170,CASSYSRGVGNTIYF,QVPLRPMTYK,1,YSRGVGNT,2903
4591,33171,CAISDFDRAGTQYF,QVPLRPMTYK,1,SDFDRAGT,1854
4592,33172,CASYPDRGRVNEQFF,QVPLRPMTYK,1,PDRGRVNE,1129
4593,33174,CSARVRAGSYNEQFF,QVPLRPMTYK,1,VRAGSYNE,885
4594,33175,CASSLYTSNNEQFF,QVPLRPMTYK,1,SLYTSNNE,3052
4595,33177,CSARDVVDGNTGELFF,FLKEKGGL,1,DVVDGNTG,118
4596,33178,CASSFLPGQGSYYSNQPQHF,FLKEKGGL,1,PGQGSYYS,4541
4597,33179,CASRPGTASYEQYF,CPSQEPMSIYVY,1,RPGTASYE,2933
4598,33180,CASRPGTASYEQYF,CPSQEPMSIYVY,1,RPGTASYE,2933
4599,33181,CASRPGTSSYEQYF,CPSQEPMSIYVY,1,RPGTSSYE,3029
4600,33182,CASRPGTSSYEQYF,CPSQEPMSIYVY,1,RPGTSSYE,3029
4601,33183,CASRPGTSSYEQYF,CPSQEPMSIYVY,1,RPGTSSYE,3029
4602,33184,CAWSEPQNLPSLYGYTF,FPTKDVAL,1,PQNLPSLY,2621
4603,33185,CAWSVASGANNEQFF,FPTKDVAL,1,VASGANNE,4979
4604,33186,CAWSVAAGILEQFF,FPTKDVAL,1,SVAAGILE,3408
4605,33187,CASSLVAGYGSYNEQFF,FPTKDVAL,1,VAGYGSYN,1306
4606,33188,CASSLVAGYGSYNEQFF,FPTKDVAL,1,VAGYGSYN,1306
4607,33189,CASSLVAGYGSYNEQFF,FPTKDVAL,1,VAGYGSYN,1306
4608,33190,CASSLVAGYGSYNEQFF,FPTKDVAL,1,VAGYGSYN,1306
4609,33191,CASSLVAGYGSYNEQFF,FPTKDVAL,1,VAGYGSYN,1306
4610,33192,CASSQDRASPLHEQFF,FPTKDVAL,1,QDRASPLH,207
4611,33193,CASSQDWGDGYTF,FPTKDVAL,1,SQDWGDGY,663
4612,33194,CASSQVGHEQFF,FPTKDVAL,1,SSQVGHEQ,2690
4613,33195,CAWSPTGDQPQHF,FPTKDVAL,1,SPTGDQPQ,2989
4614,33196,CAWSEPGLDQPQHF,FPTKDVAL,1,SEPGLDQP,2240
4615,33197,CAWSVAAGILEQFF,FPTKDVAL,1,SVAAGILE,3408
4616,33198,CAWSLASGGTDNEQFF,FPTKDVAL,1,LASGGTDN,5082
4617,33202,CASGGEFYGYTF,KAFSPEVIPMF,1,SGGEFYGY,2389
4618,33203,CASPHPDRPNYGYTF,KAFSPEVIPMF,1,HPDRPNYG,1695
4619,33204,CAIGGHDYGYTF,KAFSPEVIPMF,1,IGGHDYGY,4341
4620,33205,CASSSLVNTGELF,KAFSPEVIPMF,1,SSLVNTGE,5210
4621,33206,CALTGGDYGYTF,KAFSPEVIPMF,1,LTGGDYGY,5208
4622,33207,CSARGWVSNNRETQYF,KAFSPEVIPMF,1,GWVSNNRE,3272
4623,33209,CSAREKGSQETQYF,KAFSPEVIPMF,1,REKGSQET,4900
4624,33214,CASELSGNTIYF,KAFSPEVIPMF,1,SELSGNTI,3119
4625,33217,CATEASGNTIYF,KAFSPEVIPMF,1,TEASGNTI,3223
4626,33221,CASYNFGQYGYTF,KAFSPEVIPMF,1,YNFGQYGY,3398
4627,33222,CASSPMDLLDEQYF,KAFSPEVIPMF,1,SPMDLLDE,5409
4628,33223,CASRKGQGDWEAFF,KAFSPEVIPMF,1,RKGQGDWE,2277
4629,33225,CASSLIAGGGEDTQYF,KAFSPEVIPMF,1,LIAGGGED,2109
4630,33227,CASGGANYGYTF,KAFSPEVIPMF,1,SGGANYGY,4843
4631,33231,CASEDFKNIQYF,KAFSPEVIPMF,1,SEDFKNIQ,4241
4632,33232,CASSLGGGYTF,KAFSPEVIPMF,1,SSLGGGYT,1523
4633,33235,CASSPGQTNYGYTF,KAFSPEVIPMF,1,SPGQTNYG,3672
4634,33238,CASSFWGQGTDTQYF,KAFSPEVIPMF,1,FWGQGTDT,1553
4635,33239,CASSQGVTTGGFLNYGYTF,KAFSPEVIPMF,1,VTTGGFLN,1595
4636,33241,CASTDTGYYGYTF,KAFSPEVIPMF,1,TDTGYYGY,3005
4637,33243,CASRGGSGELFF,KAFSPEVIPMF,1,SRGGSGEL,4539
4638,33244,CASSGFRDRVNEQYF,KAFSPEVIPMF,1,GFRDRVNE,4757
4639,33245,CASSSANYGYTF,NLVPMVATV,2,SSSANYGY,3390
4640,33246,CAPRVHTGELFF,NLVPMVATV,2,PRVHTGEL,1568
4641,33247,CASSLVGTGGSYEQYF,NLVPMVATV,2,LVGTGGSY,1617
4642,33248,CASSHSRDSYNEQFF,NLVPMVATV,2,HSRDSYNE,1994
4643,33249,CASSPYGQFYEQYF,NLVPMVATV,2,SPYGQFYE,4676
4644,33250,CASSSATYGYTF,NLVPMVATV,2,SSSATYGY,309
4645,33251,CASSSVNEQYF,NLVPMVATV,2,SSSVNEQY,1023
4646,33252,CASSPGNILYGYTF,NLVPMVATV,2,SPGNILYG,1079
4647,33253,CASSSANYGYTF,NLVPMVATV,2,SSSANYGY,3390
4648,33254,CASSLTGQETQYF,NLVPMVATV,2,SLTGQETQ,5522
4649,33255,CASSVGGPYTGELFF,NLVPMVATV,2,VGGPYTGE,1604
4650,33256,CASSSVNEQYF,NLVPMVATV,2,SSSVNEQY,1023
4651,33257,CASSSASYGYTF,NLVPMVATV,2,SSSASYGY,1891
4652,33258,CASSQWSNEKLFF,NLVPMVATV,2,SQWSNEKL,5630
4653,33259,CASSSANYGYTF,NLVPMVATV,2,SSSANYGY,3390
4654,33260,CASSSANYGYTF,NLVPMVATV,2,SSSANYGY,3390
4655,33261,CASSSANYGYTF,NLVPMVATV,2,SSSANYGY,3390
4656,33262,CASSLIGGRNGYTF,NLVPMVATV,2,SLIGGRNG,1414
4657,33263,CASSSANYGYTF,NLVPMVATV,2,SSSANYGY,3390
4658,33264,CASSSASYGYTF,NLVPMVATV,2,SSSASYGY,1891
4659,33265,CASSSANYGYTF,NLVPMVATV,2,SSSANYGY,3390
4660,33266,CASSSAFYGYTF,NLVPMVATV,2,SSSAFYGY,3304
4661,33267,CASSSVNGAFF,NLVPMVATV,2,SSSVNGAF,3128
4662,33268,CASSSASYGYTF,NLVPMVATV,2,SSSASYGY,1891
4663,33269,CASSPGNILYGYTF,NLVPMVATV,2,SPGNILYG,1079
4664,33270,CASSANLAGDYNEQFF,NLVPMVATV,2,ANLAGDYN,1538
4665,33271,CASSLDVDSYNEQFF,NLVPMVATV,2,LDVDSYNE,5201
4666,33272,CASSSLTGTGYNEQFF,NLVPMVATV,2,SLTGTGYN,1167
4667,33273,CASSSANYGYTF,NLVPMVATV,2,SSSANYGY,3390
4668,33274,CASSSANYGYTF,NLVPMVATV,2,SSSANYGY,3390
4669,33275,CASSSTTGYTF,NLVPMVATV,2,SSSTTGYT,1929
4670,33276,CASSVVGGRYGYTF,NLVPMVATV,2,SVVGGRYG,5370
4671,33277,CASSSANYGYTF,NLVPMVATV,2,SSSANYGY,3390
4672,33278,CASSSVNEAFF,NLVPMVATV,2,SSSVNEAF,754
4673,33279,CASSSVDEAFF,NLVPMVATV,2,SSSVDEAF,1880
4674,33280,CASSSANYGYTF,NLVPMVATV,2,SSSANYGY,3390
4675,33281,CASSSASYGYTF,NLVPMVATV,2,SSSASYGY,1891
4676,33282,CASSSAFYGYTF,NLVPMVATV,2,SSSAFYGY,3304
4677,33283,CASSIVNEQFF,NLVPMVATV,2,SSIVNEQF,1201
4678,33284,CASSSVNEAFF,NLVPMVATV,2,SSSVNEAF,754
4679,33285,CASSLSTAEAFF,NLVPMVATV,2,SSLSTAEA,5237
4680,33286,CASSSANYGYTF,NLVPMVATV,2,SSSANYGY,3390
4681,33287,CASSFANYGYTF,NLVPMVATV,2,SSFANYGY,1064
4682,33288,CASSSVNEAFF,NLVPMVATV,2,SSSVNEAF,754
4683,33291,CASSLDSTGGDGELFF,NLVPMVATV,1,LDSTGGDG,359
4684,33295,CASSIDYYSNQPQHF,NLVPMVATV,1,IDYYSNQP,3994
4685,33298,CASSESMIQHF,NLVPMVATV,1,SSESMIQH,1
4686,33307,CASSPHQADTQYF,NLVPMVATV,1,SPHQADTQ,5352
4687,33309,CASSPHQADTQYF,NLVPMVATV,1,SPHQADTQ,5352
4688,33311,CASSSSTGTGRCLLPNNTEAFF,NLVPMVATV,1,GTGRCLLP,3829
4689,33312,CASSLRSNTGELFF,NLVPMVATV,1,SLRSNTGE,2530
4690,33326,CASSSAHYGYTF,NLVPMVATV,1,SSSAHYGY,3025
4691,33328,CASSSANYGYTF,NLVPMVATV,1,SSSANYGY,3390
4692,33330,CASSSAYYGYTF,NLVPMVATV,3,SSSAYYGY,4102
4693,33334,CASRALAGGQVEQFF,NLVPMVATV,1,ALAGGQVE,3740
4694,33337,CASSKQSGTGYYGYTF,NLVPMVATV,1,KQSGTGYY,521
4695,33338,CASSLQTGAGGFGYTF,NLVPMVATV,1,LQTGAGGF,3517
4696,33339,CASSLTTGTGSYGYTF,NLVPMVATV,1,LTTGTGSY,1975
4697,33342,CASSPQTGAIYGYTF,NLVPMVATV,1,PQTGAIYG,5644
4698,33345,CASSPVTGQGFYGYTF,NLVPMVATV,1,PVTGQGFY,1796
4699,33346,CASSYATGIGNYGYTF,NLVPMVATV,1,YATGIGNY,735
4700,33347,CASSYQTGAAYGYTF,NLVPMVATV,3,YQTGAAYG,691
4701,33351,CASSYQTGTIYGYTF,NLVPMVATV,1,YQTGTIYG,2267
4702,33352,CASSYSTGTPGIYTF,NLVPMVATV,1,YSTGTPGI,1839
4703,33353,CASRGLAGGLGELFF,NLVPMVATV,1,GLAGGLGE,4264
4704,33355,CASSSLYGDTGELFF,NLVPMVATV,1,SLYGDTGE,1653
4705,33357,CASSPVQGAFYNSPLHF,NLVPMVATV,1,VQGAFYNS,2316
4706,33363,CASSLAPGATNEKLFF,NLVPMVATV,1,LAPGATNE,2010
4707,33366,CASSLAPGTTNEKLFF,NLVPMVATV,1,LAPGTTNE,2595
4708,33370,CANTRGENTEAFF,NLVPMVATV,1,TRGENTEA,4523
4709,33373,CASSALGGGGTGELFF,NLVPMVATV,1,ALGGGGTG,578
4710,33375,CASSYGGGEDYGYTF,NLVPMVATV,1,YGGGEDYG,475
4711,33376,CASHYGGSSYEQYF,NLVPMVATV,1,HYGGSSYE,4604
4712,33377,CASSPRDRANTEAFF,NLVPMVATV,1,PRDRANTE,1293
4713,33382,CATSREGPNQPQHF,NLVPMVATV,1,SREGPNQP,1606
4714,33383,CATSSSWDLNQPQHF,NLVPMVATV,1,SSWDLNQP,3868
4715,33387,CATSREGPNQPQHF,NLVPMVATV,1,SREGPNQP,1606
4716,33389,CASSPRQGGKQPQHF,NLVPMVATV,1,PRQGGKQP,2127
4717,33391,CASSIGGTGGIPQHF,NLVPMVATV,1,IGGTGGIP,925
4718,33392,CASSIGGTGGIPQHF,NLVPMVATV,1,IGGTGGIP,925
4719,33396,CASSLEGYTEAFF,NLVPMVATV,1,SLEGYTEA,1978
4720,33397,CASSLLIQGGENTEAFF,NLVPMVATV,1,LIQGGENT,953
4721,33399,CASSLTSGSPYNEQFF,NLVPMVATV,1,LTSGSPYN,5009
4722,33404,CASNPSGGYTGELFF,NLVPMVATV,1,PSGGYTGE,4579
4723,33410,CASSFSGGAPGELFF,NLVPMVATV,1,FSGGAPGE,4300
4724,33412,CASSLVSGSPTGELFF,NLVPMVATV,1,LVSGSPTG,5091
4725,33414,CASTPAGGAPGELFF,NLVPMVATV,1,PAGGAPGE,5174
4726,33417,CASSAVAGAPLEQYF,NLVPMVATV,1,AVAGAPLE,3572
4727,33420,CASSPVAGAPHEQYF,NLVPMVATV,1,PVAGAPHE,5295
4728,33423,CASSFQGYTEAFF,NLVPMVATV,1,SFQGYTEA,4098
4729,33426,CASRSAQRGFTETQYF,NLVPMVATV,1,SAQRGFTE,4186
4730,33428,CAWSVSDIMNTEAFF,NLVPMVATV,1,VSDIMNTE,731
4731,33430,CASSQVWGSGEKLFF,NLVPMVATV,1,QVWGSGEK,127
4732,33432,CASSPQAGGGETQYF,NLVPMVATV,1,PQAGGGET,4325
4733,33433,CASSLAASVNPAYGQYF,NLVPMVATV,1,AASVNPAY,4156
4734,33437,CASSEVGATNYGYTF,NLVPMVATV,1,EVGATNYG,2714
4735,33438,CASSEEPSGGAYEQYF,NLVPMVATV,1,EEPSGGAY,2869
4736,33441,CSARDFDRTGELFF,NLVPMVATV,1,RDFDRTGE,182
4737,33445,CSARDQRGLAGGIGDTQYF,NLVPMVATV,1,RGLAGGIG,3290
4738,33447,CSAKILAGAGSEQYF,NLVPMVATV,1,ILAGAGSE,4301
4739,33452,CSVEGYGQGIGYNEQFF,NLVPMVATV,1,YGQGIGYN,5055
4740,33453,CSVGGTLDTQYF,NLVPMVATV,1,VGGTLDTQ,159
4741,33454,CSVDETGGGETQYF,NLVPMVATV,1,DETGGGET,54
4742,33460,CASSEGRVLPGELFF,GLCTLVAML,1,EGRVLPGE,55
4743,33466,CASSVAGGDEQYF,GLCTLVAML,1,SVAGGDEQ,3760
4744,33472,CASSHVGGYEQYF,GLCTLVAML,1,SHVGGYEQ,1017
4745,33473,CASSFSRDSDEQFF,GLCTLVAML,1,SFSRDSDE,86
4746,33485,CSARDGTGNGYTF,GLCTLVAML,1,RDGTGNGY,3396
4747,33488,CSARDQTGNGYTF,GLCTLVAML,1,RDQTGNGY,1870
4748,33491,CSARDRTGNGYTF,GLCTLVAML,2,RDRTGNGY,666
4749,33496,CSARDRSLGNTIYF,GLCTLVAML,1,RDRSLGNT,809
4750,33498,CSARDRVGNTIYF,GLCTLVAML,3,RDRVGNTI,1063
4751,33506,CASSTSDTQYF,GLCTLVAML,1,SSTSDTQY,4531
4752,33510,CSSQEGGYGYTF,GLCTLVAML,1,SQEGGYGY,880
4753,33511,CSTQEGGYGYTF,GLCTLVAML,1,TQEGGYGY,551
4754,33513,CSVGTGGTNEKLFF,GLCTLVAML,3,GTGGTNEK,3711
4755,33516,CSVPFEGGTLETQYF,GLCTLVAML,1,FEGGTLET,1413
4756,33517,CSVPFEGGTLETQYF,GLCTLVAML,1,FEGGTLET,1413
4757,33539,CASSFGQQETQYF,GLCTLVAML,1,SFGQQETQ,4489
4758,33543,CASSLGIRQFTEAFF,CTPYDINQM,1,LGIRQFTE,4204
4759,33544,CASSFLLQVLGKLFF,CTPYDINQM,1,FLLQVLGK,4037
4760,33545,CASSEQGNSGNTVYF,CTPYDINQM,1,EQGNSGNT,5449
4761,33546,CASSETGNSNQPQYF,CTPYDINQM,1,ETGNSNQP,3180
4762,33547,CASRYQGTGEQFF,CTPYDINQM,1,RYQGTGEQ,3455
4763,33548,CASSQETGGSGKNTQYF,CTPYDINQM,1,ETGGSGKN,1504
4764,33549,CASRKTGGSFSQNTQYF,CTPYDINQM,1,TGGSFSQN,5390
4765,33556,CASSLGIRQFTEAFF,CTPYDINQM,1,LGIRQFTE,4204
4766,33557,CASSFLLQVLGKLFF,CTPYDINQM,1,FLLQVLGK,4037
4767,33558,CASSEQGNSGNTVYF,CTPYDINQM,1,EQGNSGNT,5449
4768,33559,CASSETGNSNQPQYF,CTPYDINQM,1,ETGNSNQP,3180
4769,33564,CASSEAGNSNQPQYF,CTPYDINQM,1,EAGNSNQP,5412
4770,33565,CASKIGGVGEQFF,CTPYDINQM,1,KIGGVGEQ,2771
4771,33566,CASSLSHNTVGASVLTF,CTPYDINQM,1,SHNTVGAS,2276
4772,33567,CASRAGGSRTDPQYF,CTPYDINQM,1,AGGSRTDP,145
4773,33579,CASRAGGSRTDPQYF,CTPYDINQM,1,AGGSRTDP,145
4774,33580,CASSLSQYSNQPQYF,CTPYDINQM,1,LSQYSNQP,642
4775,33581,CASSEAGNSNQPQYF,CTPYDINQM,1,EAGNSNQP,5412
4776,33582,CASSGTANSNQPQYF,CTPYDINQM,1,GTANSNQP,3936
4777,33583,CASSFSAGGLNTQYF,CTPYDINQM,1,FSAGGLNT,4865
4778,33591,CASSEARQGRNTVYF,CTPYDINQM,1,EARQGRNT,1622
4779,33592,CASSASGNSNQPQYF,CTPYDINQM,1,ASGNSNQP,366
4780,33593,CASSFSVNSNQPQYF,CTPYDINQM,1,FSVNSNQP,4833
4781,33594,CASSETVGTQNYNEQFF,CTPYDINQM,1,TVGTQNYN,3152
4782,33595,CASSEALRGGDDYTF,CTPYDINQM,1,EALRGGDD,861
4783,33596,CASSGQGNSNQPQYF,CTPYDINQM,1,GQGNSNQP,5030
4784,33597,CASSTYRDSARKLFF,CTPYDINQM,1,TYRDSARK,868
4785,33598,CASSEAVRADSPLYF,CTPYDINQM,1,EAVRADSP,419
4786,33607,CASSEAGNSNQPQYF,CTPYDINQM,1,EAGNSNQP,5412
4787,33608,CASSGQGNSNQPQYF,CTPYDINQM,1,GQGNSNQP,5030
4788,33610,CASSEAVRADSPLYF,CTPYDINQM,1,EAVRADSP,419
4789,33612,CASSEARQGRNTVYF,CTPYDINQM,1,EARQGRNT,1622
4790,33620,CASSASGNSNQPQYF,CTPYDINQM,1,ASGNSNQP,366
4791,33628,CASSEQGNSGNTVYF,CTPYDINQM,1,EQGNSGNT,5449
4792,33634,CASSQQGNSNQPQYF,CTPYDINQM,1,QQGNSNQP,3856
4793,33635,CASSETDRTISQNTQYF,CTPYDINQM,1,TDRTISQN,2160
4794,33643,CASSLAQTGAGRTHEKLFF,CTPYDINQM,1,QTGAGRTH,1629
4795,33644,CASNAPGAGQNTQYF,CTPYDINQM,1,APGAGQNT,5093
4796,33645,CASSQQGNSNQPQYF,CTPYDINQM,1,QQGNSNQP,3856
4797,33646,CASSFQGNSNQPQYF,CTPYDINQM,1,FQGNSNQP,2158
4798,33659,CASSEQQNSNQPQYF,CTPYDINQM,1,EQQNSNQP,452
4799,33661,CASSEQQNSNQPQYF,CTPYDINQM,1,EQQNSNQP,452
4800,33667,CASSIEAPRNTEAFF,CTPYDINQM,1,IEAPRNTE,4775
4801,33668,CASSQTGNSNQPQYF,CTPYDINQM,1,QTGNSNQP,556
4802,33669,CASSEARQGNQPQYF,CTPYDINQM,1,EARQGNQP,4635
4803,33670,CASSLGGVTDPQYF,CTPYDINQM,1,SLGGVTDP,4024
4804,33671,CASSEARQGNQPQYF,CTPYDINQM,1,EARQGNQP,4635
4805,33672,CASSGTANSNQPQYF,CTPYDINQM,1,GTANSNQP,3936
4806,33673,CASSQGPGNSNQPQYF,CTPYDINQM,1,QGPGNSNQ,3779
4807,33674,CASWGQGNSNQPQYF,CTPYDINQM,1,GQGNSNQP,5030
4808,33675,CASSLGGATDPQYF,CTPYDINQM,1,SLGGATDP,2452
4809,33676,CASIRTGNSNQPQYF,CTPYDINQM,1,RTGNSNQP,1864
4810,33677,CASSLKEGLAQLFF,CTPYDINQM,1,SLKEGLAQ,92
4811,33684,CASSSQEFYNSPLYF,CTPYDINQM,1,SQEFYNSP,1299
4812,33685,CASSIWVSYEQYF,CTPYDINQM,1,SIWVSYEQ,5087
4813,33686,CASSVAGNSNQPQYF,CTPYDINQM,1,VAGNSNQP,2438
4814,33687,CASSGLGVKNEQFF,CTPYDINQM,1,SGLGVKNE,5591
4815,33690,CASSSIWVSYEQYF,CTPYDINQM,1,SSIWVSYE,2210
4816,33691,CASSVAGNSNQPQYF,CTPYDINQM,1,VAGNSNQP,2438
4817,33692,CASSLGADSGNTVYF,CTPYDINQM,1,LGADSGNT,58
4818,33694,CASSEARQGRNTVYF,CTPYDINQM,1,EARQGRNT,1622
4819,33697,CASTKGDPFLYYEQYF,CTPYDINQM,1,KGDPFLYY,3790
4820,33698,CASSQDRVTANTVYF,CTPYDINQM,1,QDRVTANT,4356
4821,33699,CASSLSGNSNQPQYF,CTPYDINQM,1,LSGNSNQP,4832
4822,33700,CASSQVQDRGNRYEQYF,CTPYDINQM,1,VQDRGNRY,904
4823,33702,CASTNRDSYSQNTQYF,CTPYDINQM,1,NRDSYSQN,1591
4824,33704,CASQDRVTANTVYF,CTPYDINQM,1,QDRVTANT,4356
4825,33705,CASTNRDSYSQNTQYF,CTPYDINQM,1,NRDSYSQN,1591
4826,33706,CASSQVQDRGNRYEQYF,CTPYDINQM,1,VQDRGNRY,904
4827,33707,CASSPDRFSSGNTVYF,CTPYDINQM,1,PDRFSSGN,5296
4828,33709,CASTKGDPFLYYEQYF,CTPYDINQM,1,KGDPFLYY,3790
4829,33713,CASSPAQGALVYNEQFF,STPESANL,1,AQGALVYN,4878
4830,33714,CASSPQGISGNTVYF,STPESANL,1,PQGISGNT,3913
4831,33715,CASSEARISNQPQYF,STPESANL,1,EARISNQP,5526
4832,33716,CASSLGRASNQPQYF,STPESANL,1,LGRASNQP,4570
4833,33717,CASKISRTSNQPQYF,STPESANL,1,ISRTSNQP,5421
4834,33718,CASSAYRASNQPQYF,STPESANL,1,AYRASNQP,3695
4835,33729,CASSPAQGALVYNEQFF,STPESANL,1,AQGALVYN,4878
4836,33730,CASSFERGSNQPQYF,STPESANL,1,FERGSNQP,926
4837,33731,CASSPRHGFGTAQLFF,STPESANL,1,PRHGFGTA,2680
4838,33732,CASSQGRLSNQPQYF,STPESANL,1,QGRLSNQP,5254
4839,33741,CASSSSRQSNQPQYF,STPESANL,1,SSRQSNQP,436
4840,33742,CASSLSRQSNQPQYF,STPESANL,1,LSRQSNQP,1391
4841,33743,CASSSVRGSNQPQYF,STPESANL,1,SVRGSNQP,546
4842,33744,CASSVSRVSNQPQYF,STPESANL,1,VSRVSNQP,368
4843,33745,CASSIDKRSNQPQYF,STPESANL,1,IDKRSNQP,4213
4844,33746,CASSQDRVSNQPQYF,STPESANL,1,QDRVSNQP,4671
4845,33747,CASSLRRGSNQPQYF,STPESANL,1,LRRGSNQP,3570
4846,33748,CASSFNRNSNQPQYF,STPESANL,1,FNRNSNQP,4886
4847,33751,CASSLDRRSNQPQYF,STPESANL,1,LDRRSNQP,799
4848,33752,CASSLSRVSNQPQYF,STPESANL,1,LSRVSNQP,4392
4849,33753,CASSFNRNSNQPQYF,STPESANL,1,FNRNSNQP,4886
4850,33756,CASSLSRVSNQPQYF,STPESANL,1,LSRVSNQP,4392
4851,33757,CASSLARTTNQPQYF,STPESANL,1,LARTTNQP,2588
4852,33758,CASSLSRQSNQPQYF,STPESANL,1,LSRQSNQP,1391
4853,33759,CASSLARGSNQPQYF,STPESANL,1,LARGSNQP,4137
4854,33760,CASSLNRNSNQPQYF,STPESANL,1,LNRNSNQP,1866
4855,33761,CASSLSRQTNQPQYF,STPESANL,1,LSRQTNQP,229
4856,33762,CASSLSRNSNQPQYF,STPESANL,1,LSRNSNQP,4424
4857,33765,CASSLSRGSNQPQYF,STPESANL,1,LSRGSNQP,3074
4858,33773,CASSLARTTNQPQYF,STPESANL,1,LARTTNQP,2588
4859,33774,CASSLSRSSNQPQYF,STPESANL,1,LSRSSNQP,4230
4860,33775,CASSLSRVSNQPQYF,STPESANL,1,LSRVSNQP,4392
4861,33776,CASSPSRGSNQPQYF,STPESANL,1,PSRGSNQP,536
4862,33777,CASSVNRVSNQPQYF,STPESANL,1,VNRVSNQP,4388
4863,33778,CASSLNRNSNQPQYF,STPESANL,1,LNRNSNQP,1866
4864,33779,CASSLSRQSNQPQYF,STPESANL,1,LSRQSNQP,1391
4865,33782,CASSFNRNSNQPQYF,STPESANL,1,FNRNSNQP,4886
4866,33783,CASSLSRGSNQPQYF,STPESANL,1,LSRGSNQP,3074
4867,33789,CASSPDRRSNQPQYF,STPESANL,1,PDRRSNQP,2841
4868,33796,CASSLSRNSNQPQYF,STPESANL,1,LSRNSNQP,4424
4869,33803,CASSLDRISNQPQYF,STPESANL,1,LDRISNQP,1835
4870,33804,CASSLSRQSNQPQYF,STPESANL,1,LSRQSNQP,1391
4871,33805,CASSPGRNSNQPQYF,STPESANL,1,PGRNSNQP,3549
4872,33806,CASSGARISNQPQYF,STPESANL,1,GARISNQP,1508
4873,33807,CASSSTRNSNQPQYF,STPESANL,1,STRNSNQP,1158
4874,33808,CASRDRGLPQYF,STPESANL,1,SRDRGLPQ,4906
4875,33831,CASSQGRLSNQPQYF,STPESANL,1,QGRLSNQP,5254
4876,33841,CASSPDRRSNQPQYF,STPESANL,1,PDRRSNQP,2841
4877,33842,CSHTDRGAYNSPLYF,STPESANL,1,DRGAYNSP,2566
4878,33843,CASRIDRFSNQPQYF,STPESANL,1,IDRFSNQP,457
4879,33844,CASSLVRGAKGGEQYF,STPESANL,1,LVRGAKGG,1445
4880,33859,CASSLSRGSNQPQYF,STPESANL,1,LSRGSNQP,3074
4881,33865,CASRIARSSNQPQYF,STPESANL,1,IARSSNQP,4433
4882,33866,CASSLSRTSNQPQYF,STPESANL,1,LSRTSNQP,1258
4883,33867,CASSLSRQNNQPQYF,STPESANL,1,LSRQNNQP,3664
4884,33868,CASSLSRGSNQPQYF,STPESANL,1,LSRGSNQP,3074
4885,33869,CASSEKGTGYGNQPQYF,STPESANL,1,KGTGYGNQ,318
4886,33870,CASSLDRTSNQPQYF,STPESANL,1,LDRTSNQP,485
4887,33878,CASSLSRVSPQPQYF,STPESANL,1,LSRVSPQP,447
4888,33879,CASSLSRGSNQPQYF,STPESANL,1,LSRGSNQP,3074
4889,33880,CASSLIRTGNQPQYF,STPESANL,1,LIRTGNQP,4067
4890,33881,CASSLTRVSNQPQYF,STPESANL,1,LTRVSNQP,1074
4891,33882,CASSLNRLGNQPQYF,STPESANL,1,LNRLGNQP,4822
4892,33883,CASSLSRNSNQPQYF,STPESANL,1,LSRNSNQP,4424
4893,33884,CASSLSRQSNQPQYF,STPESANL,1,LSRQSNQP,1391
4894,33896,CASSLNRNSNQPQYF,STPESANL,1,LNRNSNQP,1866
4895,33897,CASSVNRVSNQPQYF,STPESANL,1,VNRVSNQP,4388
4896,33908,CASSLSRGSNQPQYF,STPESANL,1,LSRGSNQP,3074
4897,33909,CASSPNRLSNQPQYF,STPESANL,1,PNRLSNQP,3546
4898,33910,CASSWDRRGNQPQYF,STPESANL,1,WDRRGNQP,751
4899,33911,CASSKSRLSNQPQYF,STPESANL,1,KSRLSNQP,3673
4900,33912,CASSLSRSSNQPQYF,STPESANL,1,LSRSSNQP,4230
4901,33913,CASSLSRVSNQPQYF,STPESANL,1,LSRVSNQP,4392
4902,33914,CASSGRDRAYTEAFF,STPESANL,1,GRDRAYTE,5151
4903,33915,CASSLTRVSNQPQYF,STPESANL,1,LTRVSNQP,1074
4904,33916,CASSLNRNSNQPQYF,STPESANL,1,LNRNSNQP,1866
4905,33920,CASSTSRLSNQPQYF,STPESANL,1,TSRLSNQP,4505
4906,33921,CASSLSRQSNQPQYF,STPESANL,1,LSRQSNQP,1391
4907,33922,CASSLSRGSNQPQYF,STPESANL,1,LSRGSNQP,3074
4908,33923,CASSQDRVSNQPQYF,STPESANL,1,QDRVSNQP,4671
4909,33924,CASSLNRNSNQPQYF,STPESANL,1,LNRNSNQP,1866
4910,33925,CASSLSRSSNQPQYF,STPESANL,1,LSRSSNQP,4230
4911,33942,CASSPGRNSNQPQYF,STPESANL,1,PGRNSNQP,3549
4912,33943,CASSIARGSQNTQYF,STPESANL,1,IARGSQNT,3893
4913,33944,CASSLFRGSNQPQYF,STPESANL,1,LFRGSNQP,3127
4914,33945,CASSLGRNSNQPQYF,STPESANL,1,LGRNSNQP,3992
4915,33964,CASSIARGSQNTQYF,STPESANL,1,IARGSQNT,3893
4916,33965,CASSQDKNRAGNQPQYF,STPESANL,1,DKNRAGNQ,4124
4917,33966,CASSPGRNSNQPQYF,STPESANL,1,PGRNSNQP,3549
4918,33967,CASSQDRVSNQPQYF,STPESANL,1,QDRVSNQP,4671
4919,33978,CASSLFRGSNQPQYF,STPESANL,1,LFRGSNQP,3127
4920,33980,CAITVMDLNYDYTF,STPESANL,1,TVMDLNYD,1673
4921,33981,CASSRGRGSNQPQYF,STPESANL,1,RGRGSNQP,2338
4922,33982,CASSPGPGSNQPQYF,STPESANL,1,PGPGSNQP,3592
4923,33983,CASSLSRQSNQPQYF,STPESANL,1,LSRQSNQP,1391
4924,33984,CASSLDRGSNQPQYF,STPESANL,1,LDRGSNQP,3997
4925,33985,CASSQGRISNQPQYF,STPESANL,1,QGRISNQP,3557
4926,33986,CASTKARASNQPQYF,STPESANL,1,KARASNQP,298
4927,33987,CASSPGRGGINTAQLFF,STPESANL,1,GRGGINTA,5656
4928,33988,CASSLDRISNQPQYF,STPESANL,1,LDRISNQP,1835
4929,33989,CASSRDRVSNQPQYF,STPESANL,1,RDRVSNQP,3599
4930,34001,CASSQSQGSRNYNEQFF,STPESANL,1,SQGSRNYN,3318
4931,34002,CASSQDRVSNQPQYF,STPESANL,1,QDRVSNQP,4671
4932,34003,CASSQIPRAGYYDYTF,STPESANL,1,QIPRAGYY,3593
4933,34004,CASSQDIGRSGNQPQYF,STPESANL,1,DIGRSGNQ,3949
4934,34005,CASSSDRSSNQPQYF,STPESANL,1,SDRSSNQP,2478
4935,34006,CASSISRQSNQPQY,STPESANL,1,SISRQSNQ,2889
4936,34007,CASSSTGISNQPQYF,STPESANL,1,STGISNQP,5351
4937,34011,CASSQIPRAGYYDYTF,STPESANL,1,QIPRAGYY,3593
4938,34018,CASSLNRNSNQPQYF,STPESANL,1,LNRNSNQP,1866
4939,34022,CASSLSRGSNQPQYF,STPESANL,1,LSRGSNQP,3074
4940,34031,CASSSANYGYTF,NLVPMVATV,2,SSSANYGY,3390
4941,34032,CASSPTGGSPSPLHF,NLVPMVATV,2,PTGGSPSP,4142
4942,34033,CASSVVGDEQYF,YSEHPTFTSQY,2,SSVVGDEQ,1190
4943,34034,CASSADSNGELFF,IPSINVHHY,2,SADSNGEL,2785
4944,34037,CATSEAASSWTGELFF,RPRGEVRFL,2,EAASSWTG,5619
4945,34038,CATSEAASSWTGELFF,RPRGEVRFL,2,EAASSWTG,5619
4946,34039,CASRPQGREETQYF,RPRGEVRFL,2,RPQGREET,1943
4947,34040,CASRIWGGADTQYF,RPRGEVRFL,2,RIWGGADT,3880
4948,34041,CASRIWGGADTQYF,RPRGEVRFL,2,RIWGGADT,3880
4949,34042,CASSEWTVDGYTF,RPRGEVRFL,2,SEWTVDGY,3093
4950,34043,CATSEAASSWTGELFF,RPRGEVRFL,2,EAASSWTG,5619
4951,34044,CATSEAASSWTGELFF,RPRGEVRFL,2,EAASSWTG,5619
4952,34045,CSALRDNYNSPLHF,RPRGEVRFL,2,LRDNYNSP,2006
4953,34046,CSALRDNYNSPLHF,RPRGEVRFL,2,LRDNYNSP,2006
4954,34047,CATSEAASSWTGELFF,RPRGEVRFL,2,EAASSWTG,5619
4955,34048,CASRIWGGADTQYF,RPRGEVRFL,2,RIWGGADT,3880
4956,34049,CATSEAASSWTGELFF,RPRGEVRFL,2,EAASSWTG,5619
4957,34050,CATSEAASSWTGELFF,RPRGEVRFL,2,EAASSWTG,5619
4958,34051,CATSEAASSWTGELFF,RPRGEVRFL,2,EAASSWTG,5619
4959,34052,CATSEAASSWTGELFF,RPRGEVRFL,2,EAASSWTG,5619
4960,34053,CASRLTGEKQETQYF,RPRGEVRFL,2,LTGEKQET,53
4961,34054,CATRIGWGTDTQYF,RPRGEVRFL,2,RIGWGTDT,370
4962,34055,CASSVWGTDTQYF,RPRGEVRFL,2,SVWGTDTQ,428
4963,34056,CASRLIGGGTEAFF,RPRGEVRFL,2,RLIGGGTE,1888
4964,34057,CASSSTPLSTDTQYF,RPRGEVRFL,2,STPLSTDT,5439
4965,34058,CATRIGWGTDTQYF,RPRGEVRFL,2,RIGWGTDT,370
4966,34059,CATRIGWGTDTQYF,RPRGEVRFL,2,RIGWGTDT,370
4967,34060,CATRIGWGTDTQYF,RPRGEVRFL,2,RIGWGTDT,370
4968,34061,CATRIGWGTDTQYF,RPRGEVRFL,2,RIGWGTDT,370
4969,34062,CASRMQGRDNEQFF,RPRGEVRFL,2,RMQGRDNE,3543
4970,34063,CATRIGWGTDTQYF,RPRGEVRFL,2,RIGWGTDT,370
4971,34064,CATRIGWGTDTQYF,RPRGEVRFL,2,RIGWGTDT,370
4972,34065,CATRIGWGTDTQYF,RPRGEVRFL,2,RIGWGTDT,370
4973,34066,CAISDPGDTQYF,RPRGEVRFL,2,ISDPGDTQ,4980
4974,34067,CATRIGWGTDTQYF,RPRGEVRFL,2,RIGWGTDT,370
4975,34068,CATRIGWGTDTQYF,RPRGEVRFL,2,RIGWGTDT,370
4976,34069,CATRIGWGTDTQYF,RPRGEVRFL,2,RIGWGTDT,370
4977,34070,CASRMQGRDNEQFF,RPRGEVRFL,2,RMQGRDNE,3543
4978,34071,CATRIGWGTDTQYF,RPRGEVRFL,2,RIGWGTDT,370
4979,34072,CASRPQGRDQPQHF,RPRGEVRFL,2,RPQGRDQP,4176
4980,34074,CASSPYQTGLDGYTF,RPRGEVRFL,2,PYQTGLDG,2881
4981,34075,CASRLQGINEKLFF,RPRGEVRFL,2,RLQGINEK,40
4982,34076,CASRLQGINEKLFF,RPRGEVRFL,2,RLQGINEK,40
4983,34077,CASSVWGTDTQYF,RPRGEVRFL,2,SVWGTDTQ,428
4984,34078,CASSLGGLGDTQYF,RPRGEVRFL,2,SLGGLGDT,4810
4985,34079,CASSVWGTDTQYF,RPRGEVRFL,2,SVWGTDTQ,428
4986,34080,CASSPYQTGLDGYTF,RPRGEVRFL,2,PYQTGLDG,2881
4987,34081,CASSVWGTDTQYF,RPRGEVRFL,2,SVWGTDTQ,428
4988,34082,CASSVIGATYEQYF,RPRGEVRFL,2,SVIGATYE,3566
4989,34083,CASRLQGINEKLFF,RPRGEVRFL,2,RLQGINEK,40
4990,34084,CASSVQALLAGDWADTQYF,RPRGEVRFL,2,ALLAGDWA,1878
4991,34085,CAISDPSGSSYNEQFF,RPRGEVRFL,2,DPSGSSYN,3719
4992,34086,CAWTETGLSGNTIYF,RPRGEVRFL,2,ETGLSGNT,5498
4993,34087,CASSVWGTDTQYF,RPRGEVRFL,2,SVWGTDTQ,428
4994,34088,CATRIGWGTDTQYF,RPRGEVRFL,2,RIGWGTDT,370
4995,34089,CASSVWGTDTQYF,RPRGEVRFL,2,SVWGTDTQ,428
4996,34090,CASSVWGTDTQYF,RPRGEVRFL,2,SVWGTDTQ,428
4997,34091,CASRLQGINEKLFF,RPRGEVRFL,2,RLQGINEK,40
4998,34092,CASSLASWGNEKLFF,RPRGEVRFL,2,LASWGNEK,1896
4999,34093,CASSVWGTDTQYF,RPRGEVRFL,2,SVWGTDTQ,428
5000,34094,CAWTETGLSGNTIYF,RPRGEVRFL,2,ETGLSGNT,5498
5001,34095,CASRRQGRDNEQFF,RPRGEVRFL,2,RRQGRDNE,908
5002,34096,CASRPQGANEKLFF,RPRGEVRFL,2,RPQGANEK,2343
5003,34097,CASRRQGRDNEQFF,RPRGEVRFL,2,RRQGRDNE,908
5004,34098,CASSVWGTDTQYF,RPRGEVRFL,2,SVWGTDTQ,428
5005,34103,CASRKTGGGEAFF,RPRGEVRFL,2,RKTGGGEA,709
5006,34104,CASRKTGGGEAFF,RPRGEVRFL,2,RKTGGGEA,709
5007,34105,CASSTDSVDEQFF,RPRGEVRFL,2,STDSVDEQ,2676
5008,34106,CASSTDSVDEQFF,RPRGEVRFL,2,STDSVDEQ,2676
5009,34107,CASRRQGRDNEQFF,RPRGEVRFL,2,RRQGRDNE,908
5010,34108,CASRPQGRDNEQFF,RPRGEVRFL,2,RPQGRDNE,3412
5011,34109,CASRPQGRDNEQFF,RPRGEVRFL,2,RPQGRDNE,3412
5012,34114,CASSEEGAWNTGELFF,TLNAWVKVV,1,EEGAWNTG,2527
5013,34116,CASSPRGDWEEKAGELFF,KINAWIKVV,1,RGDWEEKA,2271
5014,34125,CSAFSSGTGGVTGELFF,KINAWIKVV,1,SGTGGVTG,1478
5015,34129,CASSLVPQGEEQYF,TLNAWVKVV,1,SLVPQGEE,4007
5016,34131,CASSYRGQSYEQYF,TLNAWVKVV,1,SYRGQSYE,5103
5017,34135,CSARDAGGDYGYTF,TLNAWVKVV,1,RDAGGDYG,4944
5018,34138,CSASRDSYEQYF,KINAWIKVV,1,ASRDSYEQ,2174
5019,34139,CASGAGTGYAEQFF,SYIGSINNI,1,GAGTGYAE,3582
5020,34140,CASGTGWGNTLYF,SYIGSINNI,1,GTGWGNTL,4682
5021,34141,CASGGGTGYAEQFF,SYIGSINNI,1,GGGTGYAE,2752
5022,34142,CASGTPNSDYTF,SYIGSINNI,1,SGTPNSDY,4023
5023,34203,CASSDWGGYEQYF,NAITNAKII,1,SDWGGYEQ,1408
5024,34204,CASSDWGGSQNTLYF,NAITNAKII,1,DWGGSQNT,936
5025,34205,CASSDWGVGQDTQYF,NAITNAKII,1,DWGVGQDT,4597
5026,34264,CASSSFGPSNQPQHF,KRWIILGLNK,1,SFGPSNQP,4836
5027,34265,CASSRQSGEREQFF,KRWIILGLNK,1,SRQSGERE,5516
5028,34266,CASSEDRNEQFF,KRWIILGLNK,1,SSEDRNEQ,4680
5029,34267,CASRPGQGNNEQFF,KRWIILGLNK,1,RPGQGNNE,5355
5030,34268,CASGEGTLSYEQYF,KRWIILGLNK,1,GEGTLSYE,5481
5031,34270,CASSSFGPSNQPQHF,KRWIILGLNK,1,SFGPSNQP,4836
5032,34275,CASSFGTGGEQYF,KRWIIMGLNK,1,SFGTGGEQ,1628
5033,34276,CASSGGRDRSHEQYF,KRWIIMGLNK,1,GGRDRSHE,172
5034,34277,CASSYPGQGVGGYTF,KRWIIMGLNK,1,YPGQGVGG,2934
5035,34278,CASSSFGPSNQPQHF,KRWIIMGLNK,1,SFGPSNQP,4836
5036,34279,CASSFGTGGEQYF,KRWIIMGLNK,1,SFGTGGEQ,1628
5037,34284,CASSYQTGAAYGYTF,NLVPMVATV,3,YQTGAAYG,691
5038,34285,CASRSAQRGFTETQYF,NLVPMVATV,1,SAQRGFTE,4186
5039,34286,CASSSSTGTGRCLLPNNTEAFF,NLVPMVATV,1,GTGRCLLP,3829
5040,34287,CASSPVTGQGFYGYTF,NLVPMVATV,1,PVTGQGFY,1796
5041,34288,CASSYQTGAAYGYTF,NLVPMVATV,3,YQTGAAYG,691
5042,34289,CASSEEPSGGAYEQYF,NLVPMVATV,1,EEPSGGAY,2869
5043,34290,CASRALAGGQVEQFF,NLVPMVATV,1,ALAGGQVE,3740
5044,34291,CASSYQTGAAYGYTF,NLVPMVATV,3,YQTGAAYG,691
5045,34293,CATSREGPNQPQHF,NLVPMVATV,1,SREGPNQP,1606
5046,34294,CSAKILAGAGSEQYF,NLVPMVATV,1,ILAGAGSE,4301
5047,34295,CASSLAASVNPAYGQYF,NLVPMVATV,1,AASVNPAY,4156
5048,34298,CASSLSAGQGMTDTQYF,KRWIILGLNK,1,SAGQGMTD,2290
5049,34299,CSVEGEEDANYEQYF,KRWIILGLNK,1,GEEDANYE,5514
5050,34300,CASSQAREQFF,KRWIILGLNK,1,SSQAREQF,3147
5051,34301,CASSFGGAGDTEAFF,KRWIILGLNK,1,FGGAGDTE,4863
5052,34302,CAISHTGELFF,KRWIILGLNK,1,ISHTGELF,897
5053,34303,CASSRDTVYNQPQHF,KRWIILGLNK,1,RDTVYNQP,4661
5054,34304,CASSPGTSIDEQFF,KRWIILGLNK,1,SPGTSIDE,406
5055,34305,CASSPGAGENIQYF,KRWIILGLNK,1,SPGAGENI,2427
5056,34310,CASSQVWGSGEKLFF,NLVPMVATV,1,QVWGSGEK,127
5057,34311,CASSLAPGATNEKLFF,NLVPMVATV,1,LAPGATNE,2010
5058,34312,CASRGLAGGLGELFF,NLVPMVATV,1,GLAGGLGE,4264
5059,34313,CASSIGGTGGIPQHF,NLVPMVATV,1,IGGTGGIP,925
5060,34316,CASSLRGGNTDTQYF,KRWIILGLNK,1,LRGGNTDT,4227
5061,34317,CASSQSTGELFF,KRWIILGLNK,1,SSQSTGEL,5565
5062,34318,CASSQGIFAYEQYF,KRWIILGLNK,1,SQGIFAYE,1392
5063,34319,CASSGNSFSAFF,KRWIILGLNK,1,SSGNSFSA,978
5064,34320,CATSETGELFF,KRWIILGLNK,1,TSETGELF,4781
5065,34325,CASSLRGGNTDTQYF,KRWIILGLNK,1,LRGGNTDT,4227
5066,34326,CATSETGELFF,KRWIILGLNK,1,TSETGELF,4781
5067,34327,CASSPGQFGNTIYF,KRWIILGLNK,1,SPGQFGNT,1906
5068,34329,CASSLRGGNTDTQYF,KRWIIMGLNK,1,LRGGNTDT,4227
5069,34330,CASSQGIFAYEQYF,KRWIIMGLNK,1,SQGIFAYE,1392
5070,34331,CAWSLTGMNQPQHF,KRWIIMGLNK,1,SLTGMNQP,1009
5071,34335,CASSLRGGNTDTQYF,KRWIIMGLNK,1,LRGGNTDT,4227
5072,34336,CSARAGLNNEQFF,KRWIIMGLNK,1,RAGLNNEQ,3424
5073,34340,CASSSANYGYTF,NLVPMVATV,1,SSSANYGY,3390
5074,34341,CASSFQGYTEAFF,NLVPMVATV,1,SFQGYTEA,4098
5075,34342,CATSSSWDLNQPQHF,NLVPMVATV,1,SSWDLNQP,3868
5076,34343,CASSYGGGEDYGYTF,NLVPMVATV,1,YGGGEDYG,475
5077,34344,CASSLAPGATNEKLFF,NLVPMVATV,1,LAPGATNE,2010
5078,34345,CASSLEGYTEAFF,NLVPMVATV,1,SLEGYTEA,1978
5079,34346,CASSPHQADTQYF,NLVPMVATV,1,SPHQADTQ,5352
5080,34347,CASSFQGYTEAFF,NLVPMVATV,1,SFQGYTEA,4098
5081,34350,CASSLLGGNPTQYF,KRWIILGLNK,1,SLLGGNPT,4491
5082,34352,CASRPGQGSHEQYF,KRWIILGLNK,1,RPGQGSHE,5281
5083,34356,CASSLLGGNPTQYF,KRWIIMGLNK,1,SLLGGNPT,4491
5084,34357,CASSTPGGGQDTQYF,KRWIIMGLNK,1,TPGGGQDT,3685
5085,34360,CASSLLGGNPTQYF,KRWIIMGLNK,1,SLLGGNPT,4491
5086,34365,CASSLGTSSYEQYF,KRWIILGLNK,1,SLGTSSYE,4754
5087,34367,CANSLGTSSYEQYF,KRWIILGLNK,1,SLGTSSYE,4754
5088,34371,CASSLGTSSYEQYF,KRWIILGLNK,1,SLGTSSYE,4754
5089,34372,CASTEYSGSIEQFF,KRWIILGLNK,1,TEYSGSIE,598
5090,34373,CASSRKTGPYEQYF,KRWIILGLNK,1,SRKTGPYE,5684
5091,34374,CANSLGTSSYEQYF,KRWIILGLNK,1,SLGTSSYE,4754
5092,34378,CASSLGTSSYEQYF,KRWIILGLNK,1,SLGTSSYE,4754
5093,34379,CASSLGTSSYEQYF,KRWIIMGLNK,1,SLGTSSYE,4754
5094,34380,CASSFTTLGEQYF,KRWIIMGLNK,1,SFTTLGEQ,1841
5095,34381,CASSLYGEQYF,KRWIIMGLNK,1,SSLYGEQY,4257
5096,34384,CASSLGTSSYEQYF,KRWIIMGLNK,1,SLGTSSYE,4754
5097,34385,CASSFTTLGEQYF,KRWIIMGLNK,1,SFTTLGEQ,1841
5098,34386,CASAPGLMSYEQYF,KRWIIMGLNK,1,APGLMSYE,5200
5099,34392,CASSLEGYTEAFF,NLVPMVATV,1,SLEGYTEA,1978
5100,34393,CASSLTSGSPYNEQFF,NLVPMVATV,1,LTSGSPYN,5009
5101,34394,CASSLTSGSPYNEQFF,NLVPMVATV,1,LTSGSPYN,5009
5102,34395,CASSPVAGAPHEQYF,NLVPMVATV,1,PVAGAPHE,5295
5103,34397,CASMGGANTEAFF,KRWIILGLNK,1,MGGANTEA,4517
5104,34399,CASSPGQFGNTIYF,KRWIILGLNK,1,SPGQFGNT,1906
5105,34403,CASMGGANTEAFF,KRWIILGLNK,1,MGGANTEA,4517
5106,34404,CASSLVGRGLDEQYF,KRWIIMGLNK,1,LVGRGLDE,4495
5107,34406,CASSLVGRGLDEQYF,KRWIIMGLNK,1,LVGRGLDE,4495
5108,34407,CASSLLGGGGEAFF,KRWIIMGLNK,1,SLLGGGGE,4138
5109,34408,CASSFSSLGEQFF,KRWIIMGLNK,1,SFSSLGEQ,3773
5110,34411,CASSSFGPSNQPQHF,KRWIILGLNK,1,SFGPSNQP,4836
5111,34412,CSAPLAGAPQDTQYF,KRWIILGLNK,1,LAGAPQDT,4790
5112,34413,CASRPGQGSHEQFF,KRWIILGLNK,1,RPGQGSHE,5281
5113,34417,CASSSFGPSNQPQHF,KRWIILGLNK,1,SFGPSNQP,4836
5114,34421,CASSFGPSNQPQHF,KRWIILGLNK,1,SFGPSNQP,4836
5115,34422,CASRPGQGSHEQFF,KRWIILGLNK,1,RPGQGSHE,5281
5116,34423,CASSSFGPSNQPQHF,KRWIIMGLNK,1,SFGPSNQP,4836
5117,34424,CASSLLEHNNGELFF,KRWIIMGLNK,1,LLEHNNGE,3420
5118,34426,CASSSFGPSNQPQHF,KRWIIMGLNK,1,SFGPSNQP,4836
5119,34430,CASSSFGPSNQPQHF,KRWIIMGLNK,1,SFGPSNQP,4836
5120,34431,CASRPGQGSHEQFF,KRWIIMGLNK,1,RPGQGSHE,5281
5121,34432,CASSLLEHNNGELFF,KRWIIMGLNK,1,LLEHNNGE,3420
5122,34433,CASSKQSGTGYYGYTF,NLVPMVATV,1,KQSGTGYY,521
5123,34434,CASSQLGPSAYEQYF,NLVPMVATV,1,QLGPSAYE,3487
5124,34435,CSARDQRGLAGGIGDTQYF,NLVPMVATV,1,RGLAGGIG,3290
5125,34436,CASSLQTGAGGFGYTF,NLVPMVATV,1,LQTGAGGF,3517
5126,34437,CASSAVAGAPLEQYF,NLVPMVATV,1,AVAGAPLE,3572
5127,34438,CASSKQSGTGYYGYTF,NLVPMVATV,1,KQSGTGYY,521
5128,34439,CSARDQRGLAGGIGDTQYF,NLVPMVATV,1,RGLAGGIG,3290
5129,34441,CASSKQSGTGYYGYTF,NLVPMVATV,1,KQSGTGYY,521
5130,34444,CASSPGQFSHEAFF,KRWIILGLNK,1,SPGQFSHE,4915
5131,34445,CASRTGQGAYEQYF,KRWIILGLNK,1,RTGQGAYE,830
5132,34446,CASSRGTSDYEQYF,KRWIILGLNK,1,SRGTSDYE,4839
5133,34447,CASSPGQFSHEAFF,KRWIIMGLNK,1,SPGQFSHE,4915
5134,34448,CASSRGTSDYEQYF,KRWIIMGLNK,1,SRGTSDYE,4839
5135,34449,CASRTGQGAYEQYF,KRWIIMGLNK,1,RTGQGAYE,830
5136,34452,CASSHSRGSGNTIYF,HSKKKCDEL,1,HSRGSGNT,2220
5137,34453,CASSQSRGSGNTIYF,HSKKKCDEL,1,QSRGSGNT,3678
5138,34454,CASSQGPPGLAQETQYF,HSKKKCDEL,1,GPPGLAQE,2501
5139,34455,CASSQGPPGTTRETQYF,HSKKKCDEL,1,GPPGTTRE,687
5140,34456,CASSRLTVDRSDTGELFF,HSKKKCDEL,1,LTVDRSDT,2603
5141,34457,CASSPRQGGTGELFF,HSKKKCDEL,1,PRQGGTGE,1524
5142,34458,CASSPRQGGTGELFF,HSKKKCDEL,1,PRQGGTGE,1524
5143,34459,CASSPRQGGTGELFF,HSKKKCDEL,1,PRQGGTGE,1524
5144,34460,CASSPRQGGTGELFF,HSKKKCDEL,1,PRQGGTGE,1524
5145,34461,CASSPRQGGTGELFF,HSKKKCDEL,1,PRQGGTGE,1524
5146,34462,CASSPRQGGTGELFF,HSKKKCDEL,1,PRQGGTGE,1524
5147,34463,CASSSRQGGTGELFF,HSKKKCDEL,1,SRQGGTGE,3523
5148,34464,CASSSRQGGTGELFF,HSKKKCDEL,1,SRQGGTGE,3523
5149,34465,CASSHRQGGTGELFF,HSKKKCDEL,1,HRQGGTGE,1284
5150,34466,CASSNRQGGTGELFF,HSKKKCDEL,1,NRQGGTGE,4303
5151,34467,CASSPGPQRGGLETQYF,HSKKKCDEL,1,GPQRGGLE,2462
5152,34468,CAISETDKLGFF,HSKKKCDEL,1,ISETDKLG,4640
5153,34469,CAIRTGGDEQFF,HSKKKCDEL,1,IRTGGDEQ,1657
5154,34470,CAIRAGGDEQFF,HSKKKCDEL,1,IRAGGDEQ,2153
5155,34471,CAISGGSGDNEQFF,HSKKKCDEL,1,SGGSGDNE,2760
5156,34472,CAISGGVRSYNEQFF,HSKKKCDEL,1,GGVRSYNE,1630
5157,34473,CAISSGTKSTEAFF,HSKKKCDEL,1,SSGTKSTE,5100
5158,34474,CAISEVQETQYF,HSKKKCDEL,1,ISEVQETQ,5144
5159,34475,CAISERHLTDTQYF,HSKKKCDEL,1,SERHLTDT,2912
5160,34476,CAISESTGPGGDTQYF,HSKKKCDEL,1,ESTGPGGD,420
5161,34477,CAISVSGRSTDTQYF,HSKKKCDEL,1,VSGRSTDT,4574
5162,34478,CAIRTRTGESYTF,HSKKKCDEL,1,RTRTGESY,5061
5163,34479,CAIRTRIGETQYF,HSKKKCDEL,1,RTRIGETQ,626
5164,34480,CAVRLMENYGYTF,HSKKKCDEL,1,RLMENYGY,3637
5165,34481,CAISGMGQRDNEQFF,HSKKKCDEL,1,GMGQRDNE,5466
5166,34482,CAISDEGRNTEAFF,HSKKKCDEL,1,SDEGRNTE,3969
5167,34483,CASSLRGRGDQPQHF,HSKKKCDEL,1,LRGRGDQP,1046
5168,34484,CASSRRGRDDEKLFF,HSKKKCDEL,1,RRGRDDEK,4304
5169,34485,CASSRRQGAMRETQYF,HSKKKCDEL,1,RRQGAMRE,206
5170,34486,CASSRRGATTSTDTQYF,HSKKKCDEL,1,RGATTSTD,3296
5171,34487,CASSRRGAATSTDTQYF,HSKKKCDEL,1,RGAATSTD,505
5172,34488,CASSRRGATTSTDTQYF,HSKKKCDEL,1,RGATTSTD,3296
5173,34489,CASSRRQGAMRETQYF,HSKKKCDEL,1,RRQGAMRE,206
5174,34490,CASSLRGRGDQPQHF,HSKKKCDEL,1,LRGRGDQP,1046
5175,34491,CAISESQGNTEAFF,ATDALMTGY,1,SESQGNTE,3418
5176,34492,CAISEDRALVSYTF,ATDALMTGY,1,SEDRALVS,3764
5177,34493,CAISEDRALNEQFF,ATDALMTGY,1,SEDRALNE,2554
5178,34494,CAVQPGQGMQPQHF,ATDALMTGY,1,QPGQGMQP,892
5179,34495,CAISDGTVNNQPQHF,ATDALMTGY,1,DGTVNNQP,2775
5180,34496,CAISEGAMGNQPQHF,ATDALMTGY,1,EGAMGNQP,1806
5181,34497,CAISEEGIGNQPQHF,ATDALMTGY,1,EEGIGNQP,540
5182,34498,CAAADEEIGNQPQHF,ATDALMTGY,1,DEEIGNQP,683
5183,34499,CAIGDDRAGNQPQHF,ATDALMTGY,1,DDRAGNQP,1169
5184,34500,CAISDQTSGNQPQHF,ATDALMTGY,1,DQTSGNQP,2686
5185,34501,CAISDAGAGNQPQHF,ATDALMTGY,1,DAGAGNQP,3855
5186,34502,CAISEGTGGHQPQHF,ATDALMTGY,1,EGTGGHQP,5070
5187,34503,CAISESTVGNQPQHF,ATDALMTGY,1,ESTVGNQP,5069
5188,34504,CAISESTVGNQPQHF,ATDALMTGY,1,ESTVGNQP,5069
5189,34505,CAISESATGYQPQHF,ATDALMTGY,1,ESATGYQP,1452
5190,34506,CAISESSAGNQPQHF,ATDALMTGY,1,ESSAGNQP,3976
5191,34507,CAISESSIGNQPQHF,ATDALMTGY,1,ESSIGNQP,5366
5192,34508,CAISESSSGNQPQHF,ATDALMTGY,1,ESSSGNQP,70
5193,34509,CAISESSSGSNEQFF,ATDALMTGY,1,ESSSGSNE,4174
5194,34510,CAISDSSSGSNEQFF,ATDALMTGY,1,DSSSGSNE,4800
5195,34511,CAISESSSGANVLTF,ATDALMTGY,1,ESSSGANV,2576
5196,34512,CAISESASGSNEQYF,ATDALMTGY,1,ESASGSNE,2167
5197,34513,CAISESTAGNNEQFF,ATDALMTGY,1,ESTAGNNE,4501
5198,34514,CAIRSGTINTGELFF,ATDALMTGY,1,SGTINTGE,218
5199,34515,CAIGTGTISTETQYF,ATDALMTGY,1,TGTISTET,1366
5200,34516,CAISEGTVGFDEQYF,ATDALMTGY,1,EGTVGFDE,2124
5201,34517,CAISEGVSGGYNEQFF,ATDALMTGY,1,EGVSGGYN,4511
5202,34518,CASSPGDTGANVLTF,ATDALMTGY,1,PGDTGANV,1119
5203,34519,CASSSTDTGANVLTF,ATDALMTGY,1,STDTGANV,2461
5204,34520,CASSSGATGANVLTF,ATDALMTGY,1,SGATGANV,4121
5205,34521,CASSSIATGANVLTF,ATDALMTGY,1,SIATGANV,1694
5206,34522,CASSSGTIGANVLTF,ATDALMTGY,1,SGTIGANV,226
5207,34523,CASSSGVSGANVLTF,ATDALMTGY,1,SGVSGANV,3954
5208,34524,CASSFTTMGNQPQHF,ATDALMTGY,1,FTTMGNQP,2711
5209,34525,CASQGGEIGNNEQFF,ATDALMTGY,1,GGEIGNNE,1205
5210,34526,CASSLRQGGLTEAFF,ATDALMTGY,1,LRQGGLTE,2973
5211,34527,CASGGRGGGETQYF,ATDALMTGY,1,GGRGGGET,3962
5212,34528,CASSPRVVGSETQYF,ATDALMTGY,1,PRVVGSET,2012
5213,34529,CASKNRDVGYNEQFF,ATDALMTGY,1,NRDVGYNE,1223
5214,34530,CASSLRPQLGETQYF,ATDALMTGY,1,LRPQLGET,4057
5215,34531,CASSFLAGFTDTQYF,ATDALMTGY,1,FLAGFTDT,104
5216,34532,CASSPISISSGLPEYF,ATDALMTGY,1,PISISSGL,3715
5217,34533,CASSSSISGMRPRIYEQYF,ATDALMTGY,1,ISGMRPRI,2013
5218,34534,CASSMGTGAHEQYF,ATDALMTGY,1,SMGTGAHE,1649
5219,34535,CASSPREIGNQPQHF,ATDALMTGY,1,PREIGNQP,898
5220,34536,CATTVGVIGNQPQHF,ATDALMTGY,1,VGVIGNQP,2354
5221,34537,CASTTGTIGNQPQHF,ATDALMTGY,1,TGTIGNQP,740
5222,34538,CASIDRTIGNQPQHF,ATDALMTGY,1,DRTIGNQP,4856
5223,34539,CASSIRDAGNQPQHF,ATDALMTGY,1,IRDAGNQP,74
5224,34540,CATRGTVINTGELFF,ATDALMTGY,1,GTVINTGE,3368
5225,34541,CASTPDLSSYNEQFF,ATDALMTGY,1,PDLSSYNE,3273
5226,34542,CASSIRHSEYTDTQYF,ATDALMTGY,1,IRHSEYTD,2020
5227,34543,CASRALDITLGNVLTF,ATDALMTGY,1,ALDITLGN,5541
5228,34544,CASILRDFSSGNTIYF,ATDALMTGY,1,LRDFSSGN,4359
5229,34545,CASSIGGWRAEATNEKLFF,ATDALMTGY,1,GWRAEATN,2939
5230,34546,CASSVVGGVDEQFF,ATDALMTGY,1,SVVGGVDE,2451
5231,34547,CASGSQGSTDTQYF,ATDALMTGY,1,GSQGSTDT,2691
5232,34548,CASSLPDINTGELFF,ATDALMTGY,1,LPDINTGE,641
5233,34549,CASRGGTINTGELFF,ATDALMTGY,1,GGTINTGE,547
5234,34550,CASSAGTINTGELFF,ATDALMTGY,1,AGTINTGE,676
5235,34551,CASSSGTINTGELFF,ATDALMTGY,1,SGTINTGE,218
5236,34552,CASSSGTVNTGELFF,ATDALMTGY,1,SGTVNTGE,2071
5237,34553,CASEAGTVNTNTQYF,ATDALMTGY,1,AGTVNTNT,3439
5238,34554,CASSVATVMTGELFF,ATDALMTGY,1,VATVMTGE,4621
5239,34555,CASSTGTSNTGELFF,ATDALMTGY,1,TGTSNTGE,1780
5240,34556,CASSVATLNTGELFF,ATDALMTGY,1,VATLNTGE,3576
5241,34557,CASSVAETNTGELFF,ATDALMTGY,1,VAETNTGE,1717
5242,34558,CASSSGVTNTGELFF,ATDALMTGY,1,SGVTNTGE,5553
5243,34559,CASTAPATNTGELFF,ATDALMTGY,1,APATNTGE,1938
5244,34560,CASMSRDLNTGELFF,ATDALMTGY,1,SRDLNTGE,1289
5245,34561,CASSSPASSTDTQYF,ATDALMTGY,1,SPASSTDT,1133
5246,34562,CASRETYEQYF,ATDALMTGY,1,SRETYEQY,851
5247,34563,CASRDTYEQYF,ATDALMTGY,1,SRDTYEQY,3197
5248,34564,CASSERRYTGELFF,ATDALMTGY,1,SERRYTGE,708
5249,34565,CASSGGTASTDTQYF,ATDALMTGY,1,GGTASTDT,4414
5250,34566,CASSDGTANNQPQHF,ATDALMTGY,1,DGTANNQP,3534
5251,34567,CASRSGTSNTGELFF,ATDALMTGY,1,SGTSNTGE,2987
5252,34568,CASRSGTSNTGELFF,ATDALMTGY,1,SGTSNTGE,2987
5253,34569,CASRSGDTNTGELFF,ATDALMTGY,1,SGDTNTGE,1828
5254,34570,CASRSGTSNTGELFF,ATDALMTGY,1,SGTSNTGE,2987
5255,34571,CASRTGTSNTGELFF,ATDALMTGY,1,TGTSNTGE,1780
5256,34572,CASRAGTSNTGELFF,ATDALMTGY,1,AGTSNTGE,2666
5257,34573,CASRAGTSNTGELFF,ATDALMTGY,1,AGTSNTGE,2666
5258,34574,CASRTGISNTGELFF,ATDALMTGY,1,TGISNTGE,2189
5259,34575,CASRTGTINTGELFF,ATDALMTGY,1,TGTINTGE,3071
5260,34576,CARSRGGINTGELFF,ATDALMTGY,1,RGGINTGE,1798
5261,34577,CASSEGNGGINIQYF,ATDALMTGY,1,EGNGGINI,3114
5262,34578,CASRDILTSYNEQFF,ATDALMTGY,1,DILTSYNE,4967
5263,34579,CASSEAVISYNEQFF,ATDALMTGY,1,EAVISYNE,617
5264,34580,CASSEYPGPGANVLTF,ATDALMTGY,1,EYPGPGAN,3521
5265,34581,CASSDPDLLISTDTQYF,ATDALMTGY,1,PDLLISTD,1709
5266,34582,CASSGDRDAGSSYEQYF,ATDALMTGY,1,DRDAGSSY,5307
5267,34583,CASSTGGSGNFSYEQYF,ATDALMTGY,1,GGSGNFSY,1691
5268,34584,CASSLSSHYGYTF,ATDALMTGY,1,SLSSHYGY,2865
5269,34585,CASSLTTGYGYTF,ATDALMTGY,1,SLTTGYGY,1613
5270,34586,CASSEVGLLNEQFF,ATDALMTGY,1,SEVGLLNE,98
5271,34587,CASSLVGGAGEQFF,ATDALMTGY,1,SLVGGAGE,1690
5272,34588,CASRPSGQLDEQFF,ATDALMTGY,1,RPSGQLDE,4494
5273,34589,CASSPSGQLDEQFF,ATDALMTGY,1,SPSGQLDE,2835
5274,34590,CASSQSGQLDTQYF,ATDALMTGY,1,SQSGQLDT,4747
5275,34591,CASSSLGQLETQYF,ATDALMTGY,1,SSLGQLET,3429
5276,34592,CASSLLGQLYEQYF,ATDALMTGY,1,SLLGQLYE,5358
5277,34593,CASNPAGQLETQYF,ATDALMTGY,1,NPAGQLET,810
5278,34594,CASSQTGQLDEQYF,ATDALMTGY,1,SQTGQLDE,371
5279,34595,CASSPTGQLETQYF,ATDALMTGY,1,SPTGQLET,2845
5280,34596,CASRPTGQLETQYF,ATDALMTGY,1,RPTGQLET,215
5281,34597,CASSPSGQLETQYF,ATDALMTGY,1,SPSGQLET,1954
5282,34598,CASSLVGQLETQYF,ATDALMTGY,1,SLVGQLET,4096
5283,34599,CASSLVGQLETQYF,ATDALMTGY,1,SLVGQLET,4096
5284,34600,CASSLVGQLETQYF,ATDALMTGY,1,SLVGQLET,4096
5285,34601,CASSLVGQLDEQYF,ATDALMTGY,1,SLVGQLDE,3064
5286,34602,CASSEVGQLETQYF,ATDALMTGY,1,SEVGQLET,1361
5287,34603,CASSFSGQLDTIYF,ATDALMTGY,1,SFSGQLDT,2597
5288,34604,CASSPDPGQLYEQYF,ATDALMTGY,1,PDPGQLYE,3605
5289,34605,CASSPFGTGPYEQYF,ATDALMTGY,1,PFGTGPYE,3541
5290,34606,CASSLGTGPSYEQYF,ATDALMTGY,1,LGTGPSYE,3744
5291,34607,CASSPSTANTQPQHF,ATDALMTGY,1,PSTANTQP,3909
5292,34608,CASSLMQGQGRNGYTF,ATDALMTGY,1,LMQGQGRN,2484
5293,34609,CASSLGLAGGEETQYF,ATDALMTGY,1,LGLAGGEE,3908
5294,34610,CASRHQLAQSSYNEQFF,ATDALMTGY,1,QLAQSSYN,5671
5295,34611,CASSYVGQLDEQFF,ATDALMTGY,1,SYVGQLDE,4554
5296,34612,CASSYRGQLNEQFF,ATDALMTGY,1,SYRGQLNE,2382
5297,34613,CASSSRGQLDTQYF,ATDALMTGY,1,SSRGQLDT,5429
5298,34614,CASSSSGQLDEQFF,ATDALMTGY,1,SSSGQLDE,3752
5299,34615,CASSLSGQLDEQFF,ATDALMTGY,1,SLSGQLDE,4889
5300,34616,CASSLSGQLDEQYF,ATDALMTGY,1,SLSGQLDE,4889
5301,34617,CASSLSGQLDTQYF,ATDALMTGY,1,SLSGQLDT,2610
5302,34618,CASSLVGQLETQYF,ATDALMTGY,1,SLVGQLET,4096
5303,34619,CASSLVGQLETQYF,ATDALMTGY,1,SLVGQLET,4096
5304,34620,CASSLVGQLYEQYF,ATDALMTGY,1,SLVGQLYE,1496
5305,34621,CASSLVGQLDEQYF,ATDALMTGY,1,SLVGQLDE,3064
5306,34622,CASSEAGQLNEQFF,ATDALMTGY,1,SEAGQLNE,4714
5307,34623,CASRWTGQLDEQFF,ATDALMTGY,1,RWTGQLDE,3394
5308,34624,CASSPSGQLETQYF,ATDALMTGY,1,SPSGQLET,1954
5309,34625,CASSLLAGGWDEQFF,ATDALMTGY,1,LLAGGWDE,4823
5310,34626,CASSPLEAEAKNIQYF,ATDALMTGY,1,PLEAEAKN,5552
5311,34627,CASSLDLGDRGGYGYTF,ATDALMTGY,1,DLGDRGGY,4014
5312,34628,CASSHLLGVLAGGTDTQYF,ATDALMTGY,1,LGVLAGGT,3313
5313,34629,CASSSHVGGGGASIDTQYF,ATDALMTGY,1,VGGGGASI,2957
5314,34630,CASSLAPLAGGAFSYNEQFF,ATDALMTGY,1,PLAGGAFS,115
5315,34631,CASSSILGQGEHPVTDTQYF,ATDALMTGY,1,LGQGEHPV,3172
5316,34632,CASSLRQGANTGELFF,TPRVTGGGAM,1,LRQGANTG,3266
5317,34634,CASSLRQGINTGELFF,TPRVTGGGAM,1,LRQGINTG,3895
5318,34635,CASSSHDLAGVKSEQFF,TPRVTGGGAM,1,HDLAGVKS,4042
5319,34637,CASSAGTGIYDEAFF,TPRVTGGGAM,1,AGTGIYDE,5192
5320,34639,CASSLIGVSSYNEQFF,TPRVTGGGAM,1,LIGVSSYN,4389
5321,34640,CASSLRGENRDDYEQYF,TPRVTGGGAM,1,RGENRDDY,2076
5322,34641,CASSLRGESLVNEQFF,TPRVTGGGAM,1,LRGESLVN,2487
5323,34642,CASSLKGVGQSDEQYF,TPRVTGGGAM,1,LKGVGQSD,2651
5324,34643,CASSLISGRARNEQFF,TPRVTGGGAM,1,LISGRARN,3507
5325,34644,CASSFRGEGHPDTQYF,TPRVTGGGAM,1,FRGEGHPD,772
5326,34645,CASSSHEDRGSSSPLHF,TPRVTGGGAM,1,HEDRGSSS,2011
5327,34646,CASSSHDKQGARSPLHF,TPRVTGGGAM,1,HDKQGARS,170
5328,34647,CASSARQGIDTGELFF,TPRVTGGGAM,1,ARQGIDTG,2120
5329,34648,CASSLIGQGLGDEQFF,TPRVTGGGAM,1,LIGQGLGD,4557
5330,34649,CASSLLQGARTEAFF,TPRVTGGGAM,1,LLQGARTE,2463
5331,34650,CASSLLQGARTEAFF,TPRVTGGGAM,1,LLQGARTE,2463
5332,34651,CASSSRDRGAYEQYF,TPRVTGGGAM,1,SRDRGAYE,2095
5333,34652,CASSRRGESSYNEQFF,TPRVTGGGAM,1,RRGESSYN,1738
5334,34653,CASSLRGVSSYNEQFF,TPRVTGGGAM,1,LRGVSSYN,1832
5335,34654,CASSDQSQETQYF,TPRVTGGGAM,1,SDQSQETQ,5214
5336,34655,CASSYSTVNEQFF,TPRVTGGGAM,1,SYSTVNEQ,1506
5337,34656,CASRVGGAGNSPLHF,TPRVTGGGAM,1,VGGAGNSP,1509
5338,34657,CASSLSWGGFYNEQFF,TPRVTGGGAM,1,LSWGGFYN,5125
5339,34661,CASRQGAGGNQPQHF,TPRVTGGGAM,1,QGAGGNQP,3388
5340,34662,CASRLGPGQPYEQYF,TPRVTGGGAM,1,LGPGQPYE,5666
5341,34663,CASSLGSSGTRQYF,TPRVTGGGAM,1,SLGSSGTR,3559
5342,34664,CASSLLGLQGSYNEQFF,TPRVTGGGAM,1,LGLQGSYN,3409
5343,34667,CASSLGSSGNEQFF,TPRVTGGGAM,1,SLGSSGNE,1442
5344,34668,CASSLGAGNYGYTF,TPRVTGGGAM,1,SLGAGNYG,4917
5345,34670,CASSLSTSSRNYGYTF,TPRVTGGGAM,1,LSTSSRNY,874
5346,34671,CASRTGAANIYEQYF,TPRVTGGGAM,1,TGAANIYE,3130
5347,34672,CASRTGAANIYEQHF,TPRVTGGGAM,1,TGAANIYE,3130
5348,34673,CASSLSPSTGNYGYTF,TPRVTGGGAM,1,LSPSTGNY,560
5349,34674,CASSLGPGNYEQYF,TPRVTGGGAM,1,SLGPGNYE,3026
5350,34675,CASNTGGANTDTQYF,TPRVTGGGAM,1,TGGANTDT,2871
5351,34676,CASSLGGSPNYGYTF,TPRVTGGGAM,1,LGGSPNYG,902
5352,34677,CASRLGAAGSQPQHF,TPRVTGGGAM,1,LGAAGSQP,3464
5353,34679,CASSVAGSATGELFF,NLVPMVATV,1,VAGSATGE,5137
5354,34680,CASSVGSEAYTYEQYF,NLVPMVATV,1,VGSEAYTY,2199
5355,34682,CASSVGAGVFTDTQYF,NLVPMVATV,1,VGAGVFTD,4143
5356,34683,CASSGVGGTDTQYF,NLVPMVATV,1,SGVGGTDT,5479
5357,34684,CASFRGHEQFF,NLVPMVATV,1,SFRGHEQF,2804
5358,34685,CASSLGLAATYNEQFF,NLVPMVATV,1,LGLAATYN,3640
5359,34686,CASSWAGGPRDEQYF,NLVPMVATV,1,WAGGPRDE,1674
5360,34687,CASSTSLLAGNNEQFF,NLVPMVATV,1,TSLLAGNN,4616
5361,34688,CASSLMGPGQPQHF,NLVPMVATV,1,SLMGPGQP,3627
5362,34689,CASSLRQGEGMGEQFF,NLVPMVATV,1,LRQGEGMG,2521
5363,34695,CASMNDGATYEQYF,NLVPMVATV,1,MNDGATYE,4144
5364,34697,CASRSGTYDNSPLHF,NLVPMVATV,1,SGTYDNSP,1480
5365,34698,CASRALRGDNEQFF,NLVPMVATV,1,RALRGDNE,914
5366,34699,CASSDPDRAVTEAFF,NLVPMVATV,1,DPDRAVTE,1095
5367,34700,CASSLDRDRGRPEAFF,NLVPMVATV,1,LDRDRGRP,4419
5368,34701,CASSLAERSYEQYF,NLVPMVATV,1,SLAERSYE,2380
5369,34702,CASSLAPGATNEKLFF,NLVPMVATV,1,LAPGATNE,2010
5370,34703,CASSFGQAWETQYF,NLVPMVATV,1,SFGQAWET,1248
5371,34704,CASSFGQAWYEQYF,NLVPMVATV,1,SFGQAWYE,537
5372,34705,CASSFGQAWYEQYF,NLVPMVATV,1,SFGQAWYE,537
5373,34707,CASSLSDRGGDEQFF,NLVPMVATV,1,LSDRGGDE,2235
5374,34708,CASRLGLGYEQYF,NLVPMVATV,1,RLGLGYEQ,2735
5375,34709,CASSFYSSGRNSYF,NLVPMVATV,1,SFYSSGRN,1153
5376,34710,CASSLRPLDMNTEAFF,NLVPMVATV,1,LRPLDMNT,4720
5377,34713,CASSSVNEQFF,NLVPMVATV,1,SSSVNEQF,2027
5378,34714,CASSPGSSFYGYPF,NLVPMVATV,1,SPGSSFYG,3865
5379,34715,CASSLTSEQFF,NLVPMVATV,1,SSLTSEQF,2644
5380,34716,CASSPGTLKETQYF,NLVPMVATV,1,SPGTLKET,1278
5381,34717,CASSVVNEQFF,NLVPMVATV,1,SSVVNEQF,4280
5382,34718,CASSLTSEQFF,NLVPMVATV,1,SSLTSEQF,2644
5383,34719,CASSLTNEQFF,NLVPMVATV,1,SSLTNEQF,2657
5384,34720,CASSPLTGTGHYGYTF,NLVPMVATV,1,PLTGTGHY,5403
5385,34721,CASREGEYYGYTF,NLVPMVATV,1,REGEYYGY,1824
5386,34722,CASSYQTGASYGYTF,NLVPMVATV,1,YQTGASYG,96
5387,34723,CASSYSTGIGGGYTF,NLVPMVATV,1,YSTGIGGG,2948
5388,34724,CASTPQTGTGTYGYTF,NLVPMVATV,1,PQTGTGTY,1802
5389,34725,CSVGQGEDGPQHF,RAKFKQLL,1,GQGEDGPQ,2241
5390,34726,CSTGSGEGYEQYF,RAKFKQLL,1,GSGEGYEQ,2683
5391,34727,CSVGSGEDNEQFF,RAKFKQLL,1,GSGEDNEQ,2181
5392,34729,CSVTSERTGTNWGYTF,RAKFKQLL,1,SERTGTNW,5031
5393,34730,CSAGTGEGGEQFF,RAKFKQLL,1,GTGEGGEQ,357
5394,34731,CSVGAGDYEQYF,RAKFKQLL,1,VGAGDYEQ,3619
5395,34732,CSSGTGDGGEQFF,RAKFKQLL,1,GTGDGGEQ,333
5396,34733,CSAGTGEGGEQFF,RAKFKQLL,1,GTGEGGEQ,357
5397,34734,CSVGFGEGYEQYF,RAKFKQLL,1,GFGEGYEQ,193
5398,34735,CSVGQGGNYGYTF,RAKFKQLL,1,GQGGNYGY,18
5399,34736,CSVKGGFPYNEQFF,RAKFKQLL,1,KGGFPYNE,3686
5400,34737,CSTGQGPYEQYF,RAKFKQLL,1,TGQGPYEQ,5325
5401,34738,CSVGGVSSGVYNEQFF,RAKFKQLL,1,GVSSGVYN,5535
5402,34739,CSVGGGTEAFF,RAKFKQLL,1,VGGGTEAF,3153
5403,34740,CSGGQGEGEQFF,RAKFKQLL,1,GGQGEGEQ,5698
5404,34741,CSGGQGEGEQFF,RAKFKQLL,1,GGQGEGEQ,5698
5405,34742,CSGGQGEGEQYF,RAKFKQLL,1,GGQGEGEQ,5698
5406,34744,CSVGTGDNSPLHF,RAKFKQLL,1,GTGDNSPL,2221
5407,34745,CSVGSGEDNEQFF,RAKFKQLL,1,GSGEDNEQ,2181
5408,34747,CSAGQGEGEQYF,RAKFKQLL,1,AGQGEGEQ,279
5409,34753,CSVGPGENGPQHF,RAKFKQLL,1,GPGENGPQ,233
5410,34754,CSVGAGEGYEQYF,RAKFKQLL,1,GAGEGYEQ,3271
5411,34755,CSVGAGEGGPQHF,RAKFKQLL,1,GAGEGGPQ,5442
5412,34756,CASSSLNTEAFF,RAKFKQLL,1,SSSLNTEA,2552
5413,34757,CASSLDGRQVNQPQHF,RAKFKQLL,1,LDGRQVNQ,3101
5414,34758,CASSSLNTEAFF,RAKFKQLL,1,SSSLNTEA,2552
5415,34759,CASSSLNTEAFF,RAKFKQLL,1,SSSLNTEA,2552
5416,34760,CASSPSGANVLTF,RAKFKQLL,1,SPSGANVL,469
5417,34761,CASSSPNTEAFF,RAKFKQLL,1,SSSPNTEA,4251
5418,34762,CASSSLNTEAFF,RAKFKQLL,1,SSSLNTEA,2552
5419,34763,CASSSLNTEAFF,RAKFKQLL,1,SSSLNTEA,2552
5420,34764,CASSSLDTEAFF,RAKFKQLL,1,SSSLDTEA,3422
5421,34765,CASSLLGGGYAYEQYF,RAKFKQLL,1,LLGGGYAY,1181
5422,34766,CASSSLNTEAFF,RAKFKQLL,1,SSSLNTEA,2552
5423,34767,CASSSLNTEAFF,RAKFKQLL,1,SSSLNTEA,2552
5424,34772,CASSLLTGHEQFF,RAKFKQLL,1,SLLTGHEQ,2508
5425,34773,CASSPSGANVLTF,RAKFKQLL,1,SPSGANVL,469
5426,34774,CASSLIPGDYYGYTF,RAKFKQLL,1,LIPGDYYG,3977
5427,34775,CASSPLTDTQYF,RAKFKQLL,1,SSPLTDTQ,5559
5428,34776,CSARDGTGNGYTF,GLCTLVAML,1,RDGTGNGY,3396
5429,34777,CSARDGTGNGYTF,GLCTLVAML,1,RDGTGNGY,3396
5430,34778,CSARDGTGNGYTF,GLCTLVAML,1,RDGTGNGY,3396
5431,34779,CSARGGTGNGYTF,GLCTLVAML,1,RGGTGNGY,2413
5432,34780,CSARSGVGNTIYF,GLCTLVAML,1,RSGVGNTI,3662
5433,34781,CSARDRVGNTIYF,GLCTLVAML,1,RDRVGNTI,1063
5434,34782,CSARDRTGNTIYF,GLCTLVAML,1,RDRTGNTI,979
5435,34783,CSARSEVGNTIYF,GLCTLVAML,1,RSEVGNTI,2474
5436,34784,CSARDRTGNGYTF,GLCTLVAML,1,RDRTGNGY,666
5437,34785,CSARVEPGNGYTF,GLCTLVAML,1,RVEPGNGY,3946
5438,34788,CSAHRTENTEAFF,GLCTLVAML,1,HRTENTEA,4276
5439,34789,CSARDGTGNGYTF,GLCTLVAML,1,RDGTGNGY,3396
5440,34790,CSVGGTFYGYTF,GLCTLVAML,1,VGGTFYGY,4793
5441,34791,CSVGTGGTNEKLFF,GLCTLVAML,1,GTGGTNEK,3711
5442,34792,CSVPGTDYNEQFF,GLCTLVAML,1,PGTDYNEQ,2288
5443,34793,CSVDLANTEAFF,GLCTLVAML,1,VDLANTEA,4838
5444,34794,CSVDLANTEAFF,GLCTLVAML,1,VDLANTEA,4838
5445,34796,CSVGTGGTNEKLFF,GLCTLVAML,1,GTGGTNEK,3711
5446,34797,CSVGQGGTNEKLFF,GLCTLVAML,1,GQGGTNEK,2439
5447,34799,CSVGSGGTNEKLFF,GLCTLVAML,1,GSGGTNEK,745
5448,34800,CSVGSGGTNERLFF,GLCTLVAML,1,GSGGTNER,4580
5449,34801,CSVGGTFYGYTF,GLCTLVAML,1,VGGTFYGY,4793
5450,34802,CSVEASGGLFNEQFF,GLCTLVAML,1,ASGGLFNE,3156
5451,34803,CSATDSMNTEAFF,GLCTLVAML,1,TDSMNTEA,3286
5452,34804,CSVPGQVLETQYF,GLCTLVAML,1,PGQVLETQ,3115
5453,34805,CSVEYSPTLYNEQFF,GLCTLVAML,1,YSPTLYNE,2407
5454,34806,CSVPSLLNTEAFF,GLCTLVAML,1,PSLLNTEA,1078
5455,34807,CSVGTGGTNEKLFF,GLCTLVAML,1,GTGGTNEK,3711
5456,34810,CASSPSAAAYEQYF,FLRGRAYGL,1,SPSAAAYE,4679
5457,34811,CASSPRTLGTEAFF,FLRGRAYGL,1,SPRTLGTE,5283
5458,34812,CASSLGQAYEQYF,FLRGRAYGL,1,SLGQAYEQ,5661
5459,34813,CASSLGQAYEQYF,FLRGRAYGL,1,SLGQAYEQ,5661
5460,34814,CASSLGQAYEQYF,FLRGRAYGL,1,SLGQAYEQ,5661
5461,34815,CASSLGQAYEQYF,FLRGRAYGL,1,SLGQAYEQ,5661
5462,34816,CASSLGQAYEQYF,FLRGRAYGL,1,SLGQAYEQ,5661
5463,34817,CASSLGQAYEQYF,FLRGRAYGL,1,SLGQAYEQ,5661
5464,34818,CASSTGQAYEQYF,FLRGRAYGL,1,STGQAYEQ,1028
5465,34819,CASRRQRTDTEAFF,TPRVTGGGAM,1,RRQRTDTE,2282
5466,34822,CASSQRLAGAHEQYF,TPRVTGGGAM,1,QRLAGAHE,1654
5467,34823,CSVIGGFGTGELFF,TPRVTGGGAM,1,IGGFGTGE,345
5468,34824,CSVEERVRGGEQYF,TPRVTGGGAM,1,EERVRGGE,66
5469,34825,CSVEERVWGGEQYF,TPRVTGGGAM,1,EERVWGGE,3897
5470,34826,CSVEERVWGGEQYF,TPRVTGGGAM,1,EERVWGGE,3897
5471,34827,CASSLRQGANTGELFF,TPRVTGGGAM,1,LRQGANTG,3266
5472,34829,CASSLRQGINTGELFF,TPRVTGGGAM,1,LRQGINTG,3895
5473,34830,CASSSHDLAGVKSEQFF,TPRVTGGGAM,1,HDLAGVKS,4042
5474,34832,CASSYVIYEQYF,TPRVTGGGAM,1,SSYVIYEQ,3951
5475,34833,CASSYVIYEQYF,TPRVTGGGAM,1,SSYVIYEQ,3951
5476,34835,CASSQKGLDTEAFF,TPRVTGGGAM,1,SQKGLDTE,5513
5477,34836,CASGQKGLDTEAFF,TPRVTGGGAM,1,GQKGLDTE,2111
5478,34837,CASSYSSGELFF,TPRVTGGGAM,1,SSYSSGEL,2605
5479,34838,CASRVGGAGNSPLHF,TPRVTGGGAM,1,VGGAGNSP,1509
5480,34839,CASSLSWGGFYNEQFF,TPRVTGGGAM,1,LSWGGFYN,5125
5481,34843,CATSDDRDTGELFF,TPRVTGGGAM,1,SDDRDTGE,4575
5482,34844,CASNQETQYF,FLRGRAYGL,1,ASNQETQY,3190
5483,34846,CASSLGQAYEQYF,FLRGRAYGL,1,SLGQAYEQ,5661
5484,34847,CASSLGQAYEQYF,FLRGRAYGL,1,SLGQAYEQ,5661
5485,34848,CASSLGQAYEQYF,FLRGRAYGL,1,SLGQAYEQ,5661
5486,34849,CASSWGPEAFF,FLRGRAYGL,1,SSWGPEAF,2406
5487,34850,CASSQAGFNEQFF,FLRGRAYGL,1,SQAGFNEQ,1531
5488,34851,CSARDRGAANTGELFF,RAKFKQLL,1,DRGAANTG,4463
5489,34852,CSARDRGAENTGELFF,RAKFKQLL,1,DRGAENTG,2318
5490,34853,CSAKDRGAENTGELFF,RAKFKQLL,1,DRGAENTG,2318
5491,34854,CSARDREGGNSPLHF,RAKFKQLL,1,DREGGNSP,5308
5492,34855,CSARDREGGNSPLHF,RAKFKQLL,1,DREGGNSP,5308
5493,34856,CSTGQGPYEQYF,RAKFKQLL,1,TGQGPYEQ,5325
5494,34857,CSVGGVSSGVYNEQFF,RAKFKQLL,1,GVSSGVYN,5535
5495,34858,CASSYSGGVFEQFF,RAKFKQLL,1,SYSGGVFE,4030
5496,34859,CASSLTAGNNYGYTF,RAKFKQLL,1,LTAGNNYG,5339
5497,34860,CASSLTAGNNCGYTF,RAKFKQLL,1,LTAGNNCG,4420
5498,34861,CASSWLAGTREEQYF,RAKFKQLL,1,WLAGTREE,5290
5499,34862,CASSGSGLVNTGELFF,RAKFKQLL,1,GSGLVNTG,1015
5500,34863,CASSSTRTGDGQPQHF,RAKFKQLL,1,STRTGDGQ,4084
5501,34864,CASSFGQGEGYEQYF,RAKFKQLL,1,FGQGEGYE,1879
5502,34865,CASSPGTGEGYEQYF,RAKFKQLL,1,PGTGEGYE,4975
5503,34866,CASSQEGQLSYEQYF,RAKFKQLL,1,QEGQLSYE,5620
5504,34867,CASSPLAGVGETQYF,RAKFKQLL,1,PLAGVGET,4797
5505,34868,CASSLIRGTGELFF,RAKFKQLL,1,SLIRGTGE,2314
5506,34869,CASSYPRGGEGSPLHF,RAKFKQLL,1,YPRGGEGS,2946
5507,34870,CASSYPWGGEGSPLHF,RAKFKQLL,1,YPWGGEGS,1599
5508,34871,CASNYPRGGEGSPLHF,RAKFKQLL,1,YPRGGEGS,2946
5509,34872,CASSPGGRQGDYNEQFF,RAKFKQLL,1,GGRQGDYN,5154
5510,34873,CASSLLAGQETQYF,RAKFKQLL,1,SLLAGQET,3371
5511,34874,CASSLSAGQETQYF,RAKFKQLL,1,SLSAGQET,5247
5512,34875,CASSELAGVGETQYF,RAKFKQLL,1,ELAGVGET,5376
5513,34876,CASSELAGVGETQYF,RAKFKQLL,1,ELAGVGET,5376
5514,34878,CASSSSSGASYNEQFF,RAKFKQLL,1,SSSGASYN,1715
5515,34879,CASSEQSGANVLTF,RAKFKQLL,1,SEQSGANV,482
5516,34881,CASSVSTGEAYGYTF,GPGHKARVL,1,VSTGEAYG,408
5517,34884,CASSVSTGEAYGYTF,GPGHKARVL,1,VSTGEAYG,408
5518,34885,CASSFGGATGPGELFF,GPGHKARVL,1,FGGATGPG,4076
5519,34887,CASSASTGEAYGYTF,GPGHKARVL,1,ASTGEAYG,57
5520,34889,CASSVAAGLSHEQFF,GPGHKARVL,1,VAAGLSHE,1047
5521,34890,CASSVSTGEAYGYTF,GPGHKARVL,1,VSTGEAYG,408
5522,34891,CASSFGGATGPGELFF,GPGHKARVL,1,FGGATGPG,4076
5523,34892,CSVVETVGETQYF,GPGHKARVL,1,VETVGETQ,4175
5524,34893,CSVDLGVAGGPNTGELFF,GPGHKARVL,1,GVAGGPNT,1199
5525,34894,CSVGQNSANTGELFF,GPGHKARVL,1,QNSANTGE,2555
5526,34895,CASVGGLALYNEQFF,GPGHKARVL,1,GGLALYNE,2067
5527,34896,CSVEDLGLAGATEQFF,GPGHKARVL,1,DLGLAGAT,920
5528,34897,CSVTGGGRTYEQYF,GPGHKARVL,1,TGGGRTYE,361
5529,34898,CASGYRDRGVAFF,GPGHKARVL,1,GYRDRGVA,1359
5530,34899,CASSPSGYNNEQFF,GPGHKARVL,1,SPSGYNNE,1362
5531,34900,CASSSTGYVNEQYF,GPGHKARVL,1,SSTGYVNE,4867
5532,34902,CASSLAGDGANVLTF,GPGHKARVL,1,LAGDGANV,3780
5533,34903,CASSLRGETQYF,GPGHKARVL,1,SSLRGETQ,3674
5534,34904,CASSLNTGVKNIQYF,GPGHKARVL,1,LNTGVKNI,4492
5535,34905,CASFRTGTSETQYF,GPGHKARVL,1,FRTGTSET,224
5536,34906,CASSFRGQQNNEQFF,GPGHKARVL,1,FRGQQNNE,1209
5537,34907,CASSFRGQQNNEQFF,GPGHKARVL,1,FRGQQNNE,1209
5538,34908,CASSLETGTEAFF,GPGHKARVL,1,SLETGTEA,2879
5539,34909,CASSLGLEPQHF,GPGHKARVL,1,SSLGLEPQ,3199
5540,34910,CAQPVVYSYEQYF,GPGHKARVL,1,PVVYSYEQ,3798
5541,34913,CAQPVVYSYEQYF,GPGHKARVL,1,PVVYSYEQ,3798
5542,34914,CASSLGDSWNSPLHF,GPGHKARVL,1,LGDSWNSP,911
5543,34915,CASSGQDSTQYF,GPGHKARVL,1,SSGQDSTQ,3281
5544,34917,CASSQDEPSEQYF,GPGHKARVL,1,SQDEPSEQ,2112
5545,34918,CASSQVLAPIQYF,GPGHKARVL,1,SQVLAPIQ,4429
5546,34920,CASSQAAASGPYEQYF,GPGHKARVL,1,QAAASGPY,3950
5547,34922,CASSQDGVYTQYF,GPGHKARVL,1,SQDGVYTQ,4615
5548,34923,CASSPTGGPGELFF,GPGHKARVL,1,SPTGGPGE,1718
5549,34924,CASSQDEPSEQYF,GPGHKARVL,1,SQDEPSEQ,2112
5550,34925,CASSQAERKETQYF,GPGHKARVL,1,SQAERKET,1419
5551,34926,CASSQAATGSYEQYF,GPGHKARVL,1,QAATGSYE,2308
5552,34930,CASSQDGVYTQYF,GPGHKARVL,1,SQDGVYTQ,4615
5553,34931,CASRDYEQYF,GPGHKARVL,1,ASRDYEQY,328
5554,34932,CATRDYEQYF,GPGHKARVL,1,ATRDYEQY,3353
5555,34933,CASRDYEQYF,GPGHKARVL,1,ASRDYEQY,328
5556,34934,CASRDYEQHF,GPGHKARVL,1,ASRDYEQH,909
5557,34935,CASSIAEREAFF,GPGHKARVL,1,SSIAEREA,4085
5558,34936,CASSILAGLNEQYF,GPGHKARVL,1,SILAGLNE,1558
5559,34937,CASTTGQINYGYTF,GPGHKARVL,1,TTGQINYG,694
5560,34938,CASSIPPSGEQFF,GPGHKARVL,1,SIPPSGEQ,698
5561,34939,CASSAFAGTGELFF,GPGHKARVL,1,SAFAGTGE,2762
5562,34940,CASSIETSPGDTQYF,GPGHKARVL,1,IETSPGDT,1006
5563,34941,CACLLPYEQYF,GPGHKARVL,1,CLLPYEQY,5071
5564,34942,CAWNRGMNTEAFF,GPGHKARVL,1,NRGMNTEA,3204
5565,34943,CALAVPYEQYF,GPGHKARVL,1,LAVPYEQY,1207
5566,34944,CASSLEAGATYNEQFF,GPGHKARVL,1,LEAGATYN,3508
5567,34945,CASSLESGSSYNEQFF,GPGHKARVL,1,LESGSSYN,2278
5568,34946,CASSSRTGASGNTIYF,GPGHKARVL,1,SRTGASGN,320
5569,34947,CASSLGTSGSYEQYF,GPGHKARVL,1,LGTSGSYE,1603
5570,34948,CASSLIYRGGDGYTF,GPGHKARVL,1,LIYRGGDG,3955
5571,34949,CASSPSGTPYEQYF,GPGHKARVL,1,SPSGTPYE,4343
5572,34951,CASSPSGTPYEQYF,GPGHKARVL,1,SPSGTPYE,4343
5573,34952,CASSPSGTPYERYF,GPGHKARVL,1,SPSGTPYE,4343
5574,34953,CATSRLDITPNSPLHF,GPGHKARVL,1,RLDITPNS,4198
5575,34954,CATSREEPIQPGEQFF,GPGHKARVL,1,REEPIQPG,5511
5576,34955,CATRSTDTQYF,GPGHKARVL,1,TRSTDTQY,1742
5577,34956,CATSRVGQWNTEAFF,GPGHKARVL,1,RVGQWNTE,3690
5578,34957,CATSSRGGETQYF,GPGHKARVL,1,SSRGGETQ,2212
5579,34958,CATGRLAGETQYF,GPGHKARVL,1,GRLAGETQ,3971
5580,34959,CATSRLDITPNSPLHF,GPGHKARVL,1,RLDITPNS,4198
5581,34961,CATSREPGSIVNEQFF,GPGHKARVL,1,REPGSIVN,3828
5582,34962,CASSFDVEQFF,SLYNTVATL,1,SSFDVEQF,1395
5583,34964,CASSPRTEKYTQYF,SLYNTVATL,1,SPRTEKYT,1152
5584,34965,CASLSGGAFYHTGELFF,SLYNTVATL,1,GGAFYHTG,763
5585,34966,CASSFDVEQFF,SLYNTVATL,1,SSFDVEQF,1395
5586,34967,CASSYSTHYSLESDTQYF,SLYNTVATL,1,STHYSLES,4166
5587,34968,CASSEARWVAGVWTGELFF,SLYNTVATL,1,RWVAGVWT,2876
5588,34969,CASRPYSGRAGAYTGELFF,SLYNTVATL,1,SGRAGAYT,2919
5589,34970,CASSYRGLKEQYF,SLYNTVATL,1,SYRGLKEQ,672
5590,34972,CASSYVTPDYGYTF,SLYNTVATL,1,SYVTPDYG,2032
5591,34973,CASSLGRGSGANVPTF,SLYNTVATL,1,LGRGSGAN,3043
5592,34974,CASSLGRGSGANVLTF,SLYNTVATL,1,LGRGSGAN,3043
5593,34975,CASSGVGYQPQHF,SLYNTVATL,1,SGVGYQPQ,4699
5594,34976,CASSIFPGGGYGYTF,SLYNTVATL,1,IFPGGGYG,3788
5595,34977,CASSMIGHSNQPQHF,SLYNTVATL,1,MIGHSNQP,129
5596,34978,CASSGVGYQPQHF,SLYNTVATL,1,SGVGYQPQ,4699
5597,34979,CASSMIGHSNQPQHF,SLYNTVATL,1,MIGHSNQP,129
5598,34980,CASSIDGAGNQPQHF,SLYNTVATL,1,IDGAGNQP,3349
5599,34981,CATSGTDRGGGETQYF,SLYNTVATL,1,GTDRGGGE,3960
5600,34982,CATSGTDRGGGETQYF,SLYNTVATL,1,GTDRGGGE,3960
5601,34983,CAISERAIRGTSGLTDTQYF,TQGYFPDWQNY,1,AIRGTSGL,1440
5602,34985,CAISERAIRGTSGLTDTQYF,TQGYFPDWQNY,1,AIRGTSGL,1440
5603,34986,CASSQAAGGRAFF,TQGYFPDWQNY,1,SQAAGGRA,887
5604,34990,CASSLDSGFLEQYF,GLNKIVRMY,1,SLDSGFLE,121
5605,34991,CAISESGGRVDEQYF,GLNKIVRMY,1,ESGGRVDE,3307
5606,34993,CASSLQGAPEQFF,GLNKIVRMY,1,SLQGAPEQ,1335
5607,34995,CASSLYGEYEQYF,KRWIILGLNK,1,SLYGEYEQ,2481
5608,34996,CASSQGTTDTQYF,KRWIILGLNK,1,SQGTTDTQ,3262
5609,34997,CASRPGQGGYEQYF,ISPRTLNAW,1,RPGQGGYE,2656
5610,35000,CASSLAQGWKTQYF,ISPRTLNAW,1,SLAQGWKT,3980
5611,35005,CASRTQRWETQYF,QASQEVKNW,1,RTQRWETQ,3824
5612,35006,CASSQGPGERAGFNYEQYF,QASQEVKNW,1,PGERAGFN,4563
5613,35007,CASSLGYGYTF,QASQEVKNW,1,SSLGYGYT,4973
5614,35008,CASSKGRYNEQFF,QASQEVKNW,1,SKGRYNEQ,3933
5615,35009,CASPHPDRPNYGYTF,KAFSPEVIPMF,1,HPDRPNYG,1695
5616,35010,CASGGEFYGYTF,KAFSPEVIPMF,1,SGGEFYGY,2389
5617,35014,CASSIAGGGEDTQYF,KRWIILGLNK,1,IAGGGEDT,85
5618,35016,CSARGWVSNNQETQYF,KRWIILGLNK,1,GWVSNNQE,3183
5619,35020,CASSFIPGQGTHYSNQPQHF,FLKEKGGL,1,PGQGTHYS,1747
5620,35021,CAIRPFLGQDDNYGYTF,FLKEKGGL,1,FLGQDDNY,548
5621,35022,CASSLRGTGELFF,FLKEKGGL,1,SLRGTGEL,5197
5622,35023,CAIGGHDYGYTF,KAFSPEVIPMF,1,IGGHDYGY,4341
5623,35024,CASSSLVNTGELFF,KAFSPEVIPMF,1,SSLVNTGE,5210
5624,35025,CALTGGDYGYTF,KAFSPEVIPMF,1,LTGGDYGY,5208
5625,35026,CSARGWVSNNRETQYF,KAFSPEVIPMF,1,GWVSNNRE,3272
5626,35028,CSAREKGSQETQYF,KAFSPEVIPMF,1,REKGSQET,4900
5627,35030,CASSELGARVYEQYF,FLKEKGGL,1,ELGARVYE,3731
5628,35031,CASSESSREVSYNSPLHF,FLKEKGGL,1,SSREVSYN,79
5629,35034,CASTGGRGSPLHF,EIYKRWII,1,TGGRGSPL,2751
5630,35035,CASSQDRIHTEAFF,ISPRTLNAW,1,SQDRIHTE,1238
5631,35037,CASSLGGGYTF,KAFSPEVIPMF,1,SSLGGGYT,1523
5632,35038,CASEDFKNIQYF,KAFSPEVIPMF,1,SEDFKNIQ,4241
5633,35039,CASSPGQTNYGYTF,KAFSPEVIPMF,1,SPGQTNYG,3672
5634,35047,CASYNFGQYGYTF,KAFSPEVIPMF,1,YNFGQYGY,3398
5635,35048,CASSPMDLLDEQYF,KAFSPEVIPMF,1,SPMDLLDE,5409
5636,35049,CASSELGATIYEQYF,FLKEKGGL,1,ELGATIYE,3497
5637,35050,CASSQEMNRVVGNEQFF,FLKEKGGL,1,EMNRVVGN,1086
5638,35051,CASTRPGQGTYNEFQ,FLKEKGGL,1,RPGQGTYN,3292
5639,35052,CASRGGSGELFF,KAFSPEVIPMF,1,SRGGSGEL,4539
5640,35053,CASSGFRDRVNEQYF,KAFSPEVIPMF,1,GFRDRVNE,4757
5641,35054,CASSVVGDSRETQYF,EIYKRWII,1,VVGDSRET,3548
5642,35057,CASSTLGDSREKLFF,EIYKRWII,1,TLGDSREK,2470
5643,35061,CASSEPPGVRGEAFF,EIYKRWII,1,EPPGVRGE,3094
5644,35062,CAGSQEFLNRRYF,EIYKRWII,1,SQEFLNRR,1383
5645,35063,CASSLSGSGWQETQYF,EIYKRWII,1,LSGSGWQE,2757
5646,35066,CASSEAGGTEAFF,GLNKIVRMY,1,SEAGGTEA,3530
5647,35067,CASSVEGTILTDTQYF,GLNKIVRMY,1,VEGTILTD,4172
5648,35068,CASSVEGTIHTDTQYF,GLNKIVRMY,1,VEGTIHTD,4477
5649,35069,CASSLQQTLGAFF,GLNKIVRMY,1,SLQQTLGA,4641
5650,35070,CASSPQQTLGAFF,GLNKIVRMY,1,SPQQTLGA,2048
5651,35079,CASSDNGGDRSPGELFF,GLNKIVRMY,1,NGGDRSPG,3542
5652,35080,CASSPSFPPDTQYF,GLNKIVRMY,1,SPSFPPDT,3841
5653,35082,CASSSPGGVTEAFF,GLNKIVRMY,1,SSPGGVTE,3182
5654,35084,CSARDRADRVLIPDTQYF,GLNKIVRMY,1,RADRVLIP,2945
5655,35085,CSASPVGGAYEQYF,GLNKIVRMY,1,SPVGGAYE,3878
5656,35089,CASELSGNTIYF,KAFSPEVIPMF,1,SELSGNTI,3119
5657,35092,CATEASGNTIYF,KAFSPEVIPMF,1,TEASGNTI,3223
5658,35099,CATSEAANTGELFF,QASQEVKNW,1,SEAANTGE,316
5659,35101,CASSMIQGADTQYF,TPQDLNTML,1,SMIQGADT,623
5660,35121,CASSYGGTGPEGSSYEQYF,TPQDLNTML,1,GTGPEGSS,160
5661,35123,CASSMIQGADTQYF,TPQDLNTML,1,SMIQGADT,623
5662,35140,CASNPGTGTDTQYF,IPSINVHHY,1,NPGTGTDT,4177
5663,35141,CASNPGTGADEQYF,IPSINVHHY,1,NPGTGADE,4940
5664,35142,CASNAGTGNEQYF,IPSINVHHY,1,NAGTGNEQ,3241
5665,35143,CASNAGTGTDTQYF,IPSINVHHY,1,NAGTGTDT,1275
5666,35144,CAISVAARGEQFF,IPSINVHHY,1,SVAARGEQ,5319
5667,35145,CAISETTRGDSPLHF,IPSINVHHY,1,ETTRGDSP,1273
5668,35146,CAISGRGDTEAFF,IPSINVHHY,1,SGRGDTEA,1426
5669,35147,CASSLGAGTFKTNEKLFF,IPSINVHHY,1,GAGTFKTN,3380
5670,35148,CASSLTDGDQPQHF,IPSINVHHY,1,SLTDGDQP,3142
5671,35149,CASSLVASQETQYF,IPSINVHHY,1,SLVASQET,304
5672,35150,CASSFTSGTDTQYF,FLGKIWPSHK,1,SFTSGTDT,4748
5673,35151,CASSYVGGDGYTF,FLGKIWPSHK,1,SYVGGDGY,1536
5674,35152,CASSLAAGGDEQYF,FLGKIWPSHK,1,SLAAGGDE,752
5675,35153,CASSIAIADEKLFF,FLGKIWPSHK,1,SIAIADEK,5507
5676,35155,CASSYVGGDGYTF,FLGKIWPSHK,1,SYVGGDGY,1536
5677,35156,CASSLSGGGDTQYF,FLGKIWPSHK,1,SLSGGGDT,1912
5678,35157,CASSIAIADEKLFF,FLGKIWPSHK,1,SIAIADEK,5507
5679,35158,CASSYVGGDGYTF,FLGKIWPSHK,1,SYVGGDGY,1536
5680,35159,CASSEGSQEVFF,FLGKIWPSHK,1,SSEGSQEV,1237
5681,35160,CASSFTSGTDTQYF,FLGKIWPSHK,1,SFTSGTDT,4748
5682,35161,CASSEGLQEVFF,FLGKIWPSHK,1,SSEGLQEV,3511
5683,35162,CASSIAIADEKLFF,FLGKIWPSHK,1,SIAIADEK,5507
5684,35163,CASSYVGGDGYTF,FLGKIWPSHK,1,SYVGGDGY,1536
5685,35164,CASSLTGSADTQVF,FLGKIWPSHK,1,SLTGSADT,1155
5686,35165,CASSLERETEAFF,RLRPGGKKR,1,SLERETEA,1189
5687,35166,CASSLDWGTFGEQYF,RLRPGGKKR,1,LDWGTFGE,552
5688,35167,CASSEDESYEQYF,RLRPGGKKR,1,SEDESYEQ,5583
5689,35168,CASSEWNTEAFF,RLRPGGKKR,1,SSEWNTEA,738
5690,35169,CASSLDRAGDTQYF,RLRPGGKKR,1,SLDRAGDT,1753
5691,35170,CATSDDGASDGNEQFF,RLRPGGKKR,1,DDGASDGN,3519
5692,35174,CASSLDWGTFGEQYF,RLRPGGKKR,1,LDWGTFGE,552
5693,35175,CASSQDPAGVGTDTQYF,RLRPGGKKR,1,DPAGVGTD,5076
5694,35176,CATSDDGASDGNEQFF,RLRPGGKKR,1,DDGASDGN,3519
5695,35177,CASSLGVDSLTDTQYF,RLRPGGKKR,1,LGVDSLTD,337
5696,35178,CASSLERETEAFF,RLRPGGKKR,1,SLERETEA,1189
5697,35181,CASSEDESYEQTF,RLRPGGKKR,1,SEDESYEQ,5583
5698,35184,CASSLERETEAFF,RLRPGGKKR,1,SLERETEA,1189
5699,35185,CASSLDWGTFGEQYF,RLRPGGKKR,1,LDWGTFGE,552
5700,35186,CASSEDESYEQYF,RLRPGGKKR,1,SEDESYEQ,5583
5701,35187,CASSLDRAGDTQYF,RLRPGGKKR,1,SLDRAGDT,1753
5702,35188,CASSEGQLYSYEQTF,RLRPGGKKR,1,EGQLYSYE,305
5703,35189,CATSDDGASDGNEQFF,RLRPGGKKR,1,DDGASDGN,3519
5704,35190,CASSEWNTEAFF,RLRPGGKKR,1,SSEWNTEA,738
5705,35192,CASSLERETEAFF,RLRPGGKKR,1,SLERETEA,1189
5706,35193,CASSLDRAGDTQYF,RLRPGGKKR,1,SLDRAGDT,1753
5707,35194,CASSAGNGSYEQYF,RLRPGGKKR,1,SAGNGSYE,4054
5708,35195,CASSEDESYEQTF,RLRPGGKKR,1,SEDESYEQ,5583
5709,35197,CASSEDESYEQTF,RLRPGGKKR,1,SEDESYEQ,5583
5710,35198,CASSLDRAGDTQYF,RLRPGGKKR,1,SLDRAGDT,1753
5711,35199,CASSQDPAGWGTDTQYF,RLRPGGKKR,1,DPAGWGTD,5266
5712,35200,CASSNGVGIAEAFF,RLRPGGKKR,1,SNGVGIAE,4189
5713,35201,CASSLERETEAFF,RLRPGGKKR,1,SLERETEA,1189
5714,35203,CASSVLRAAFF,FLKEKGGL,1,SSVLRAAF,442
5715,35205,CASSVLRAAFF,FLKEKGGL,1,SSVLRAAF,442
5716,35206,CASRTGGAYNEQFF,FLKEKGGL,1,RTGGAYNE,1210
5717,35207,CASSESPGTSGSPLENQFF,FLKEKGGL,1,PGTSGSPL,4544
5718,35208,CASSLKGTYNEGFF,FLKEKGGL,1,SLKGTYNE,4237
5719,35209,CASSRGQTLSYEQYF,FLKEKGGL,1,RGQTLSYE,1322
5720,35213,CASSVLRAAFF,FLKEKGGL,1,SSVLRAAF,442
5721,35214,CASSLSQLVETQVF,FLKEKGGL,1,SLSQLVET,5003
5722,35215,CASSPLARVDEQFF,TPGPGVRYPL,1,SPLARVDE,1698
5723,35216,CSASPRGRYNEQFF,TPGPGVRYPL,1,SPRGRYNE,1638
5724,35217,CASSQVGRRDTQYF,TPGPGVRYPL,1,SQVGRRDT,3915
5725,35218,CATSSPGTSGRHNEQFF,TPGPGVRYPL,1,PGTSGRHN,1206
5726,35219,CASSPRGGYNEQFF,TPGPGVRYPL,1,SPRGGYNE,931
5727,35221,CSASSRGRVDEQFF,TPGPGVRYPL,1,SSRGRVDE,1744
5728,35225,CSASPRGRYNEQFF,TPGPGVRYPL,1,SPRGRYNE,1638
5729,35228,CASSPLARVDEQFF,TPGPGVRYPL,1,SPLARVDE,1698
5730,35229,CSASSRGRVDEQFF,TPGPGVRYPL,1,SSRGRVDE,1744
5731,35230,CASSTGLAGEGRHNEQFF,TPGPGVRYPL,1,GLAGEGRH,4585
5732,35231,CASTGSTSGPSRYNEQFF,TPGPGVRYPL,1,STSGPSRY,656
5733,35232,CASSSPLTSGRLNEQFF,TPGPGVRYPL,1,PLTSGRLN,559
5734,35233,CSASPRGRYNEQFF,TPGPGVRYPL,1,SPRGRYNE,1638
5735,35234,CATSDEVAGGRHHEQFF,TPGPGVRYPL,1,EVAGGRHH,878
5736,35235,CATRDRQGRYNEQFF,TPGPGVRYPL,1,DRQGRYNE,2803
5737,35236,CASSPPPGGLGGYTF,TPGPGVRYPL,1,PPPGGLGG,3135
5738,35240,CSASSRGRVDEQFF,TPGPGVRYPL,1,SSRGRVDE,1744
5739,35241,CSASPRGRYNEQFF,TPGPGVRYPL,1,SPRGRYNE,1638
5740,35242,CASSTPGLAGRHNEQFF,TPGPGVRYPL,1,PGLAGRHN,2569
5741,35243,CASSPLARVDEQFF,TPGPGVRYPL,1,SPLARVDE,1698
5742,35244,CATSDEVAGGRHHEQFF,TPGPGVRYPL,1,EVAGGRHH,878
5743,35245,CSASSRGRVDEQFF,TPGPGVRYPL,1,SSRGRVDE,1744
5744,35250,CASSPRGRDETQYF,FPQGEAREL,1,SPRGRDET,4582
5745,35251,CASSPRGREETQYF,FPQGEAREL,1,SPRGREET,1135
5746,35255,CASSPRGRDETQYF,FPQGEAREL,1,SPRGRDET,4582
5747,35256,CASSPRGREETQYF,FPQGEAREL,1,SPRGREET,1135
5748,35260,CASSPRGREETQYF,FPQGEAREL,1,SPRGREET,1135
5749,35261,CATSNDRDLDEQFF,RLRPGGKKK,1,SNDRDLDE,2646
5750,35262,CASSFGWGGSYNEGFF,RLRPGGKKK,1,FGWGGSYN,2930
5751,35265,CASSPGLDGEQYF,RLRPGGKKK,1,SPGLDGEQ,2811
5752,35266,CASSFFLSRERDEQFF,RLRPGGKKK,1,FFLSRERD,594
5753,35267,CASSLSGEAGGRYNEQFF,RLRPGGKKK,1,SGEAGGRY,3885
5754,35268,CASSPGLDGEQYF,RLRPGGKKK,1,SPGLDGEQ,2811
5755,35269,CASSLDRNTGELFF,RLRPGGKKK,1,SLDRNTGE,2369
5756,35270,CASRDSSYEQYF,RLRPGGKKK,1,SRDSSYEQ,3015
5757,35271,CASSPGWGLDEQFF,RLRPGGKKK,1,SPGWGLDE,4475
5758,35272,CATSDDGTPNNEQFF,RLRPGGKKK,1,DDGTPNNE,63
5759,35273,CASSVGWGSETQYF,RLRPGGKKK,1,SVGWGSET,1969
5760,35275,CASSLDRNTGELFF,RLRPGGKKK,1,SLDRNTGE,2369
5761,35276,CASRDSSYEQYF,RLRPGGKKK,1,SRDSSYEQ,3015
5762,35277,CASSDTLNTEAFF,RLRPGGKKK,1,SDTLNTEA,4802
5763,35278,CASSVGWGSETQYF,RLRPGGKKK,1,SVGWGSET,1969
5764,35279,CATSDDGTPNNEQFF,RLRPGGKKK,1,DDGTPNNE,63
5765,35281,CASRDSSYEQYF,RLRPGGRKR,1,SRDSSYEQ,3015
5766,35282,CATSDDGTPNNEQFF,RLRPGGRKR,1,DDGTPNNE,63
5767,35285,CASSDTLNTEAFF,RLRPGGRKR,1,SDTLNTEA,4802
5768,35286,CASSPLGGLGNEQFF,RLRPGGRKR,1,PLGGLGNE,4118
5769,35287,CASSPGWGLDQPQHF,RLRPGGRKR,1,PGWGLDQP,1231
5770,35288,CASRDSSYEQYF,RLRPGGRKR,1,SRDSSYEQ,3015
5771,35289,CATSDDGTPNNEQFF,RLRPGGRKR,1,DDGTPNNE,63
5772,35290,CASSLGWGLDQPQHF,RLRPGGRKR,1,LGWGLDQP,850
5773,35291,CASSHTTGGRTEAFF,GEIYKRWII,1,HTTGGRTE,5651
5774,35292,CASSTKAGGLADTQYF,GEIYKRWII,1,TKAGGLAD,3850
5775,35293,CASSPRTGTTDTQVF,NLVPMVATV,1,PRTGTTDT,3821
5776,35294,CASSPRTGTTDTQVF,NLVPMVATV,1,PRTGTTDT,3821
5777,35295,CASSPRTGTTDTQVF,NLVPMVATV,1,PRTGTTDT,3821
5778,35296,CASSPRTGTTDTQVF,NLVPMVATV,1,PRTGTTDT,3821
5779,35297,CASSYSPLNTEAFF,TPRVTGGGAM,1,SYSPLNTE,381
5780,35299,CASSYSPLNTEAFF,TPRVTGGGAM,1,SYSPLNTE,381
5781,35300,CASSLHDYTGFGTEAFF,TPRVTGGGAM,1,HDYTGFGT,1702
5782,35301,CASSYSPLNTEAFF,TPRVTGGGAM,1,SYSPLNTE,381
5783,35303,CASSYSPLNTEAFF,TPRVTGGGAM,1,SYSPLNTE,381
5784,35305,CASSYSPLNTEAFF,TPRVTGGGAM,1,SYSPLNTE,381
5785,35306,CASSLGSSPREQFF,TPRVTGGGAM,1,SLGSSPRE,2687
5786,35307,CASSLGTPNEQFF,TPRVTGGGAM,1,SLGTPNEQ,3540
5787,35308,CASSLVGVSKDNEQFF,TPRVTGGGAM,1,LVGVSKDN,5673
5788,35309,CASSLGSSPREQFF,TPRVTGGGAM,1,SLGSSPRE,2687
5789,35310,CASSYSSGELFF,TPRVTGGGAM,2,SSYSSGEL,2605
5790,35311,CASSLGTPNEQFF,TPRVTGGGAM,1,SLGTPNEQ,3540
5791,35312,CASSLRDPSYEQVF,TPRVTGGGAM,1,SLRDPSYE,5245
5792,35313,CASSLHGQGVRSPLHF,TPRVTGGGAM,1,LHGQGVRS,136
5793,35318,CASSLHGQGVRSPLHF,TPRVTGGGAM,1,LHGQGVRS,136
5794,35319,CASSYSSGELFF,TPRVTGGGAM,2,SSYSSGEL,2605
5795,35320,CASSLGSSPREQFF,TPRVTGGGAM,1,SLGSSPRE,2687
5796,35321,CASSSAEPYNSPLHF,TPRVTGGGAM,1,SAEPYNSP,2619
5797,35322,CASSSHDRAGINSPLHF,TPRVTGGGAM,1,HDRAGINS,3037
5798,35323,CASSNRTGVPTGELFF,TPRVTGGGAM,1,NRTGVPTG,3675
5799,35329,CASSLGSSPREQFF,TPRVTGGGAM,1,SLGSSPRE,2687
5800,35330,CASSYSSGELFF,TPRVTGGGAM,2,SSYSSGEL,2605
5801,35331,CASSLGTPNEQFF,TPRVTGGGAM,1,SLGTPNEQ,3540
5802,35332,CASSLHTQGARFF,TPRVTGGGAM,1,SLHTQGAR,2237
5803,35336,CASSLIGQGLGDEQFF,TPRVTGGGAM,1,LIGQGLGD,4557
5804,35337,CASSQDSLTGQANSPLHF,TPRVTGGGAM,1,DSLTGQAN,2647
5805,35338,CASSSIGQGLGDEQFF,TPRVTGGGAM,1,SIGQGLGD,3571
5806,35342,CASSLIGQGLGDEQFF,TPRVTGGGAM,1,LIGQGLGD,4557
5807,35343,CASSQDSLTGQANSPLHF,TPRVTGGGAM,1,DSLTGQAN,2647
5808,35344,CASSSHESQGARSPLHF,TPRVTGGGAM,1,HESQGARS,4638
5809,35345,CASSLRGESSYNEQFF,TPRVTGGGAM,2,LRGESSYN,1945
5810,35349,CASSLRGGGASYNEQFF,ISPRTLNAW,1,RGGGASYN,5146
5811,35350,CASSPWTYGTGTLNEKLFF,ISPRTLNAW,1,TYGTGTLN,4592
5812,35351,CASSLKLADEQFF,ISPRTLNAW,1,SLKLADEQ,2604
5813,35352,CASSQDGLLNSYEQYF,ISPRTLNAW,1,QDGLLNSY,3287
5814,35353,CASGLGRGWNTEAFF,ISPRTLNAW,1,LGRGWNTE,4951
5815,35361,CASGTKYYGYTF,QASQEVKNW,1,SGTKYYGY,1615
5816,35362,CASSSQGYGRAQHF,QASQEVKNW,1,SSQGYGRA,3668
5817,35371,CASSHGQGMKTQYF,ISPRTLNAW,1,SHGQGMKT,4749
5818,35372,CSALQLGGAGANEQFF,ISPRTLNAW,1,QLGGAGAN,1949
5819,35377,CASTYDRGFTGELFF,ISPRTLNAW,1,YDRGFTGE,3564
5820,35379,CASSMTYGYTF,KAFSPEVIPMF,1,SSMTYGYT,307
5821,35380,CASSGSYGYTF,KAFSPEVIPMF,1,SSGSYGYT,3196
5822,35383,CASSLMSGTDTQYF,KAFSPEVIPMF,1,SLMSGTDT,1972
5823,35384,CASSDRSQYGYTF,KAFSPEVIPMF,1,SDRSQYGY,22
5824,35390,CASRPGQGGYEQYF,ISPRTLNAW,1,RPGQGGYE,2656
5825,35391,CASSQDPSGNPMETQYF,ISPRTLNAW,1,DPSGNPME,3601
5826,35396,CASTQGRGGSGYTF,QASQEVKNW,1,TQGRGGSG,3411
5827,35402,CASSGTSYGYTF,KAFSPEVIPMF,1,SSGTSYGY,2070
5828,35403,CASSLRRDSGPPSNQPQHF,KAFSPEVIPMF,1,RDSGPPSN,5364
5829,35404,CATTGQDYGYTF,KAFSPEVIPMF,1,TTGQDYGY,4528
5830,35405,CASSLLGTVGNQPQHF,KAFSPEVIPMF,1,LLGTVGNQ,473
5831,35407,CASTGGSYGYTF,KAFSPEVIPMF,1,STGGSYGY,5648
5832,35411,CASSGQDYGYTF,KAFSPEVIPMF,1,SSGQDYGY,5280
5833,35413,CASSGTDYGYTF,KAFSPEVIPMF,1,SSGTDYGY,4879
5834,35414,CAQGGSNYGYTF,KAFSPEVIPMF,1,QGGSNYGY,24
5835,35415,CASSSERPSNEQYF,KAFSPEVIPMF,1,SSERPSNE,1130
5836,35423,CASSPGQGFKTQYF,KAFSPEVIPMF,1,SPGQGFKT,2171
5837,35424,CASSPGQGGYEQYF,KAFSPEVIPMF,1,SPGQGGYE,5476
5838,35425,CASSYGQAGEQYF,KAFSPEVIPMF,1,SYGQAGEQ,1892
5839,35428,CASTGQGYGYTF,KAFSPEVIPMF,1,STGQGYGY,4026
5840,35429,CAEGGRDYGYTF,KAFSPEVIPMF,1,EGGRDYGY,1081
5841,35430,CASSGRNEQFF,KAFSPEVIPMF,1,SSGRNEQF,3170
5842,35431,CASSLGDRAFRNIQYF,KAFSPEVIPMF,1,LGDRAFRN,4538
5843,35432,CASTGSYGYTF,KAFSPEVIPMF,1,STGSYGYT,4256
5844,35433,CASSQETPRGPPLAKNIQYF,KAFSPEVIPMF,1,TPRGPPLA,3163
5845,35434,CASTGQGYGYTF,KAFSPEVIPMF,1,STGQGYGY,4026
5846,35435,CASSISYEQYF,KAFSPEVIPMF,1,SSISYEQY,3379
5847,35441,CATTGGNYGYTF,KAFSPEVIPMF,1,TTGGNYGY,3107
5848,35443,CASSPWGDGTDTQYF,KAFSPEVIPMF,1,PWGDGTDT,3491
5849,35444,CASSAPDSQETQYF,KAFSPEVIPMF,1,SAPDSQET,2872
5850,35448,CASSFGTGGVGELFF,ISPRTLNAW,1,FGTGGVGE,2131
5851,35449,CASSSATGITGELFF,ISPRTLNAW,1,SATGITGE,3961
5852,35450,CASSARQGSRTDTQYF,ISPRTLNAW,1,ARQGSRTD,1993
5853,35451,CASSQATGNTGELFF,ISPRTLNAW,1,QATGNTGE,3770
5854,35458,CASSAGQGWKEQYF,ISPRTLNAW,1,SAGQGWKE,3714
5855,35459,CASSGTQVQPQHF,ISPRTLNAW,1,SGTQVQPQ,4675
5856,35460,CASNAGQGWKEQYF,ISPRTLNAW,1,NAGQGWKE,649
5857,35461,CASSAGQGWKGQYF,ISPRTLNAW,1,SAGQGWKG,3181
5858,35462,CASSLIWDRGNYGYTF,KAFSPEVIPMF,1,LIWDRGNY,1501
5859,35463,CASSGSGTGYGYTF,KAFSPEVIPMF,1,SGSGTGYG,5636
5860,35464,CASSLMQGTDTQYF,KAFSPEVIPMF,1,SLMQGTDT,2634
5861,35465,CASSGQGYGYTF,KAFSPEVIPMF,1,SSGQGYGY,221
5862,35466,CSTGTYGYTF,KAFSPEVIPMF,1,STGTYGYT,5132
5863,35467,CATSDPNRDTDTQYF,KAFSPEVIPMF,1,DPNRDTDT,5361
5864,35469,CASSRYEQYF,ISPRTLNAW,1,ASSRYEQY,1808
5865,35470,CASFLNTEAFF,ISPRTLNAW,1,SFLNTEAF,4051
5866,35475,CASTGSYGYTF,KAFSPEVIPMF,1,STGSYGYT,4256
5867,35476,CASSGGSYGYTF,KAFSPEVIPMF,1,SSGGSYGY,5570
5868,35477,CASSGTYGYTF,KAFSPEVIPMF,1,SSGTYGYT,131
5869,35478,CATTGGNYGYTF,KAFSPEVIPMF,1,TTGGNYGY,3107
5870,35479,CASSDPGQYGYTF,KAFSPEVIPMF,1,SDPGQYGY,1076
5871,35484,CASSYSGGVGETQYF,PKYVKQNTLKLAT,1,YSGGVGET,2529
5872,35496,CASTPGTGDVQPQHF,PKYVKQNTLKLAT,1,PGTGDVQP,4056
5873,35507,CASSPHRNTEAFF,RPHERNGFTVL,2,SPHRNTEA,5645
5874,35508,CASSPNRNTEAFF,RPHERNGFTVL,2,SPNRNTEA,3309
5875,35509,CASSPSRNTEAFF,RPHERNGFTVL,2,SPSRNTEA,1321
5876,35510,CASSPARNTEAFF,RPHERNGFTVL,2,SPARNTEA,4131
5877,35511,CASSPSRNTEAFF,RPHERNGFTVL,2,SPSRNTEA,1321
5878,35512,CASSPHRNTEAFF,RPHERNGFTVL,2,SPHRNTEA,5645
5879,35513,CASSPQRNTEAFF,RPHERNGFTVL,2,SPQRNTEA,5016
5880,35514,CASSPSRNTEAFF,RPHERNGFTVL,2,SPSRNTEA,1321
5881,35515,CASSPYRNTEAFF,RPHERNGFTVL,1,SPYRNTEA,855
5882,35516,CASSPHRNTEAFF,RPHERNGFTVL,2,SPHRNTEA,5645
5883,35517,CASSPARNTEAFF,RPHERNGFTVL,2,SPARNTEA,4131
5884,35518,CASSPQRNTEAFF,RPHERNGFTVL,2,SPQRNTEA,5016
5885,35519,CASSPTRNTEAFF,RPHERNGFTVL,2,SPTRNTEA,4746
5886,35520,CASSPSRNTEAFF,RPHERNGFTVL,2,SPSRNTEA,1321
5887,35521,CASSPSRNTEAFF,RPHERNGFTVL,2,SPSRNTEA,1321
5888,35522,CASSPQRNTEAFF,RPHERNGFTVL,2,SPQRNTEA,5016
5889,35523,CASSPQRNTEAFF,RPHERNGFTVL,2,SPQRNTEA,5016
5890,35524,CASSPSRNTEAFF,RPHERNGFTVL,2,SPSRNTEA,1321
5891,35525,CASSPQRNTEAFF,RPHERNGFTVL,2,SPQRNTEA,5016
5892,35526,CASSPARNTEAFF,RPHERNGFTVL,2,SPARNTEA,4131
5893,35527,CASSPTRNTEAFF,RPHERNGFTVL,2,SPTRNTEA,4746
5894,35528,CASSPSRNTEAFF,RPHERNGFTVL,2,SPSRNTEA,1321
5895,35529,CASSKGAAITVGLETQYF,RPHERNGFTVL,1,GAAITVGL,1908
5896,35530,CSARDLKAGSWVEQYF,RPHERNGFTVL,1,DLKAGSWV,1192
5897,35531,CASSQGLAGGPRTDTQYF,RPHERNGFTVL,1,GLAGGPRT,5396
5898,35532,CAISEGDLNTEAFF,RPHERNGFTVL,1,SEGDLNTE,3708
5899,35533,CASSPQSDQNQGTQYF,RPHERNGFTVL,1,PQSDQNQG,1472
5900,35534,CASSGDPEHGYNYGYTF,RPHERNGFTVL,1,DPEHGYNY,5387
5901,35535,CASSLASDGPQETQYF,RPHERNGFTVL,1,LASDGPQE,1126
5902,35536,CSGIDKPVTDTQYF,RPHERNGFTVL,1,IDKPVTDT,235
5903,35537,CSASLASTSNYGYTF,RPHERNGFTVL,1,LASTSNYG,5085
5904,35538,CASSEGIGYNSPLHF,RPHERNGFTVL,1,EGIGYNSP,1631
5905,35539,CASSWAPNTGELFF,RPHERNGFTVL,1,SWAPNTGE,516
5906,35540,CSATPARASNTEAFF,RPHERNGFTVL,1,PARASNTE,2653
5907,35541,CSARDPQGVTEAFF,RPHERNGFTVL,1,RDPQGVTE,3374
5908,35542,CSARDSSGGAKNIQYF,RPHERNGFTVL,1,DSSGGAKN,5059
5909,35543,CASSPYRNTEAFF,RPHERNGFTVL,1,SPYRNTEA,855
5910,35544,CASSTGDHSNQPQHFG,YSEHPTFTSQY,1,TGDHSNQP,4454
5911,35545,CASSLGVDFNYGYTF,YSEHPTFTSQY,1,LGVDFNYG,4765
5912,35546,CSVTGTSYEQYF,YSEHPTFTSQY,1,VTGTSYEQ,823
5913,35547,CATSSPGLASDEQFF,YSEHPTFTSQY,1,SPGLASDE,1339
5914,35552,CASSFNGPNTEAFF,ELRRKMMYM,1,SFNGPNTE,460
5915,35553,CAISEFGLAGSDEQFF,ELRRKMMYM,1,EFGLAGSD,3801
5916,35554,CASSLFDGTGSTEAFF,ELRRKMMYM,1,LFDGTGST,3247
5917,35558,CASSPTPGQRNGYTF,QIKVRVDMV,1,PTPGQRNG,984
5918,35559,CASSLKPGLSIDTQYF,QIKVRVDMV,1,LKPGLSID,493
5919,35560,CATSVPSGRSYNEQFF,QIKVRVDMV,1,VPSGRSYN,1519
5920,35561,CASSRAGAYNEQFF,QIKVRVDMV,1,SRAGAYNE,4047
5921,35566,CASNRESAYTF,HPVGEADYFEY,1,SNRESAYT,4907
5922,35567,CASREKGYDEQFF,HPVGEADYFEY,1,REKGYDEQ,5543
5923,35568,CATSGRYGEQFF,HPVGEADYFEY,1,TSGRYGEQ,706
5924,35573,CAISTGDSNQPQHF,EPLPQGQLTAY,1,STGDSNQP,4066
5925,35574,CASSTGDHSNQPQHF,EPLPQGQLTAY,1,TGDHSNQP,4454
5926,35575,CATGTGDSNQPQHF,EPLPQGQLTAY,1,GTGDSNQP,5062
5927,35578,CASSHTGAEAFF,IPSINVHHY,1,SSHTGAEA,1357
5928,35579,CASSPTTAYEQYF,IPSINVHHY,1,SPTTAYEQ,1295
5929,35580,CASSPALDAQYF,IPSINVHHY,1,SSPALDAQ,2828
5930,35581,CASSPDLGSTEAFF,IPSINVHHY,1,SPDLGSTE,620
5931,35582,CASSLDLGSTEAFF,IPSINVHHY,1,SLDLGSTE,985
5932,35600,CASKGQGARDGYTF,IPSINVHHY,3,KGQGARDG,2449
5933,35601,CASRVGTGNLYEQYF,TPRVTGGGAM,3,VGTGNLYE,1706
5934,35602,CASSEVTGTAWGYTF,NLVPMVATV,1,EVTGTAWG,1721
5935,35603,CASSFTWTSGGTTDTQYF,NLVPMVATV,1,TWTSGGTT,796
5936,35604,CASSHWDRETSGNTIYF,NLVPMVATV,3,WDRETSGN,2145
5937,35605,CASSLALGVAKNIQYF,TPRVTGGGAM,3,LALGVAKN,2264
5938,35606,CASSLDPAGQGYEQYF,IPSINVHHY,2,LDPAGQGY,3200
5939,35607,CASSLDSQSSGNTIYF,VLEETSVML,3,LDSQSSGN,1962
5940,35608,CASSLELAMGETQYF,IPSINVHHY,1,LELAMGET,239
5941,35609,CASSLIGQGGPDTQYF,TPRVTGGGAM,1,LIGQGGPD,1843
5942,35610,CASSLQRGRTDTQYF,VLEETSVML,3,LQRGRTDT,2397
5943,35611,CASSLQTGLNTEAFF,TPRVTGGGAM,1,LQTGLNTE,269
5944,35612,CASSLSPPTYEQYF,TPRVTGGGAM,1,SLSPPTYE,2263
5945,35613,CASSLVGEGLRDEQFF,TPRVTGGGAM,1,LVGEGLRD,2404
5946,35614,CASSPSHGPNEKLFF,IPSINVHHY,1,PSHGPNEK,1250
5947,35615,CASSRELSMGETQYF,IPSINVHHY,1,RELSMGET,317
5948,35616,CASSSSSAPNEKLFF,IPSINVHHY,1,SSSAPNEK,2349
5949,35617,CASSYQTGAAYGYTF,NLVPMVATV,3,YQTGAAYG,691
5950,35618,CASSYSGNTEAFF,TPRVTGGGAM,2,SYSGNTEA,624
5951,35619,CASSYSTGTHLEQYF,NLVPMVATV,3,YSTGTHLE,1941
5952,35620,CASSYSTGVPGELFF,NLVPMVATV,1,YSTGVPGE,1025
5953,35621,CATSDRTGRHEQYF,IPSINVHHY,1,SDRTGRHE,807
5954,35622,CSVEEGVLYEQYF,IPSINVHHY,3,EEGVLYEQ,1722
5955,35623,CAISATGAVTEAFF,RAKFKQLL,1,SATGAVTE,2523
5956,35624,CASGWGSQPQHF,AVFDRKSDAK,3,SGWGSQPQ,139
5957,35625,CASIPEGGRETQYF,GLCTLVAML,1,IPEGGRET,2887
5958,35626,CASREGDINTGELFF,IVTDFSVIK,3,EGDINTGE,4428
5959,35627,CASRTLAGPNTGELFF,RPPIFIRRL,3,TLAGPNTG,3682
5960,35628,CASRTLLGGASEQYF,YVLDHLIVV,1,TLLGGASE,770
5961,35629,CASSAAGELETQYF,RPPIFIRRL,1,SAAGELET,3141
5962,35630,CASSASAGGYYNEQFF,IVTDFSVIK,1,ASAGGYYN,2342
5963,35631,CASSDGKIAPSEQYF,GLCTLVAML,1,DGKIAPSE,1933
5964,35632,CASSDLNSPLHF,RAKFKQLL,3,SSDLNSPL,4825
5965,35633,CASSEAAGGFYNEQFF,IVTDFSVIK,1,EAAGGFYN,1166
5966,35634,CASSEGEGQGHYGYTF,VSFIEFVGW,1,EGEGQGHY,5391
5967,35635,CASSFSGSLTTEAFF,RAKFKQLL,3,FSGSLTTE,4677
5968,35636,CASSFSPTAQGLEQYF,YPLHEQHGM,3,FSPTAQGL,2188
5969,35637,CASSIGQAYEQYF,FLRGRAYGL,1,SIGQAYEQ,1110
5970,35638,CASSLAVLSSYNEQFF,RAKFKQLL,3,LAVLSSYN,1150
5971,35639,CASSLETGSYEQYF,RPPIFIRRL,1,SLETGSYE,835
5972,35640,CASSLGVSQETQYF,YVLDHLIVV,1,SLGVSQET,613
5973,35641,CASSLNGGHYEQYF,IVTDFSVIK,1,SLNGGHYE,570
5974,35642,CASSLNRGAREKLFF,AVFDRKSDAK,1,LNRGAREK,2550
5975,35643,CASSLQGSNQPQHF,YVLDHLIVV,1,SLQGSNQP,2635
5976,35644,CASSLRTLDGYTF,YPLHEQHGM,1,SLRTLDGY,1979
5977,35645,CASSLRTTNEKLFF,YPLHEQHGM,1,SLRTTNEK,3590
5978,35646,CASSLTSAAGELFF,AVFDRKSDAK,1,SLTSAAGE,995
5979,35647,CASSLVLSSPTYYEQYF,RAKFKQLL,1,VLSSPTYY,4841
5980,35648,CASSLVSSGANVLTF,RAKFKQLL,3,LVSSGANV,2738
5981,35649,CASSMLGGGRDEQFF,VSFIEFVGW,1,MLGGGRDE,4260
5982,35650,CASSPDGELFF,VSFIEFVGW,1,SSPDGELF,3691
5983,35651,CASSPFQRSSGNTIYF,YVLDHLIVV,1,PFQRSSGN,3769
5984,35652,CASSPLGHRDTEAFF,VSFIEFVGW,1,PLGHRDTE,5204
5985,35653,CASSQDRLTGGYTF,RPPIFIRRL,3,SQDRLTGG,202
5986,35654,CASSQETGASGTQYF,RPPIFIRRL,1,QETGASGT,36
5987,35655,CASSQETGSYEQFF,RPPIFIRRL,3,SQETGSYE,1782
5988,35656,CASSQETGSYEQYF,RPPIFIRRL,3,SQETGSYE,1782
5989,35657,CASSQETSLYNEQFF,RPPIFIRRL,1,QETSLYNE,5506
5990,35658,CASSQGFGGGETQYF,YVLDHLIVV,1,QGFGGGET,2434
5991,35659,CASSQGVGENTEAFF,RAKFKQLL,3,QGVGENTE,3717
5992,35660,CASSQSPGGIQYF,GLCTLVAML,1,SQSPGGIQ,4058
5993,35661,CASSQVRGRGEQYF,RAKFKQLL,3,SQVRGRGE,4430
5994,35662,CASSRTSATGELFF,AVFDRKSDAK,3,SRTSATGE,3106
5995,35663,CASSSGQAYEQYF,FLRGRAYGL,3,SSGQAYEQ,37
5996,35664,CASSSLRGSNQPQHF,YVLDHLIVV,3,SLRGSNQP,4569
5997,35665,CASSSLTGSGQPQHF,YVLDHLIVV,3,SLTGSGQP,827
5998,35666,CASSSTEQATYGYTF,RAKFKQLL,1,STEQATYG,781
5999,35667,CASSVGQAYEQYF,FLRGRAYGL,1,SVGQAYEQ,2238
6000,35668,CASSVLAGDTQYF,RAKFKQLL,3,SVLAGDTQ,4753
6001,35669,CASSWGGGSNYGYTF,IVTDFSVIK,1,WGGGSNYG,4767
6002,35670,CASSWGQGSNYGYTF,IVTDFSVIK,3,WGQGSNYG,968
6003,35671,CASTGWVTDTQYF,VSFIEFVGW,1,TGWVTDTQ,467
6004,35672,CASTQTSAAGELFF,AVFDRKSDAK,1,TQTSAAGE,3945
6005,35673,CASTVQGRETQYF,YVLDHLIVV,1,TVQGRETQ,1551
6006,35674,CASYWGLAVNEQFF,RPPIFIRRL,3,YWGLAVNE,728
6007,35675,CSAEIIAEAIYNEQFF,GLCTLVAML,1,IIAEAIYN,3324
6008,35676,CSAPEVRGVWGYTF,YPLHEQHGM,1,PEVRGVWG,988
6009,35677,CSARDGLGLAYEQYF,IVTDFSVIK,1,DGLGLAYE,1788
6010,35678,CSARGEAITEKLFF,GLCTLVAML,3,RGEAITEK,73
6011,35679,CSARGEGGSYNEQFF,VSFIEFVGW,1,GEGGSYNE,227
6012,35680,CSARQEGGSYNEQFF,VSFIEFVGW,1,QEGGSYNE,4215
6013,35681,CSARSETGNTIYF,GLCTLVAML,1,RSETGNTI,1815
6014,35682,CSVGADGTNEKLFF,GLCTLVAML,1,GADGTNEK,5419
6015,35683,CSVGSGGTNEKLFF,GLCTLVAML,3,GSGGTNEK,745
6016,35684,CSVGTGGTNEKLFF,GLCTLVAML,3,GTGGTNEK,3711
6017,35685,CASSLAPGATNEKLFF,NLVPMVATV,1,LAPGATNE,2010
6018,35686,CASSLLQGARTEAFF,TPRVTGGGAM,1,LLQGARTE,2463
6019,35687,CASSLIGVSSYNEQFF,TPRVTGGGAM,2,LIGVSSYN,4389
6020,35688,CASSLGQAYEQYF,FLRGRAYGL,2,SLGQAYEQ,5661
6021,35692,CASILERGSSYNEQFF,IPSINVHHY,2,LERGSSYN,1724
6022,35693,CASKLGPAAYEQYF,TPRVTGGGAM,1,KLGPAAYE,4336
6023,35695,CASRVGAGNTEAFF,TPRVTGGGAM,3,RVGAGNTE,2177
6024,35696,CASSCQTGAACGYTF,NLVPMVATV,2,CQTGAACG,5196
6025,35697,CASSFRDRGHYEQYF,TPRVTGGGAM,1,FRDRGHYE,385
6026,35698,CASSIPDTEAFF,NLVPMVATV,1,SSIPDTEA,4139
6027,35703,CASSLLPYNALVSGTDTQYF,TPRVTGGGAM,2,PYNALVSG,4977
6028,35704,CASSLQTGQETQYF,TPRVTGGGAM,1,SLQTGQET,2106
6029,35705,CASSLRQGIDTGELFF,TPRVTGGGAM,1,LRQGIDTG,750
6030,35707,CASSLVTGTGKYGYTF,NLVPMVATV,3,LVTGTGKY,89
6031,35709,CASSPTSGVAGELFF,NLVPMVATV,1,PTSGVAGE,1905
6032,35710,CASSPVGGSMAKNIQYF,VLEETSVML,2,VGGSMAKN,1984
6033,35713,CASSQHDRGFSTEAFF,TPRVTGGGAM,3,QHDRGFST,231
6034,35714,CASSRENSNQPQHF,IPSINVHHY,2,SRENSNQP,3591
6035,35717,CASSSHDRDGGYSPLHF,TPRVTGGGAM,3,HDRDGGYS,2336
6036,35718,CASSSHDRQGQNSPLHF,TPRVTGGGAM,2,HDRQGQNS,2458
6037,35719,CASSSHERQGQNSPLHF,TPRVTGGGAM,3,HERQGQNS,4674
6038,35721,CASSYDWHEQFF,IPSINVHHY,1,SSYDWHEQ,2600
6039,35724,CSATGGGEQYF,IPSINVHHY,1,ATGGGEQY,2194
6040,35728,CAGGTGETSPGELFF,GLCTLVAML,2,TGETSPGE,4400
6041,35729,CAGPQGRETQYF,YVLDHLIVV,1,GPQGRETQ,34
6042,35730,CAGRPRLAGGNNEQFF,RAKFKQLL,2,PRLAGGNN,470
6043,35732,CASKMRGDVYEQYF,RAKFKQLL,3,KMRGDVYE,1198
6044,35734,CASLFTGTSPTDTQYF,RAKFKQLL,2,FTGTSPTD,2150
6045,35735,CASLRGLGTDTQYF,RAKFKQLL,2,LRGLGTDT,1034
6046,35736,CASLYRSSTDTQYF,RPPIFIRRL,1,LYRSSTDT,3746
6047,35737,CASMGGASYNEQFF,YVLDHLIVV,2,MGGASYNE,621
6048,35738,CASQRDYTGELFF,YVLDHLIVV,1,QRDYTGEL,554
6049,35739,CASRAGLAEVSYEQYF,RAKFKQLL,1,AGLAEVSY,4181
6050,35741,CASRGFLGGGQPQHF,YVLDHLIVV,1,GFLGGGQP,2193
6051,35742,CASRGLLGGITEAFF,YVLDHLIVV,2,GLLGGITE,4954
6052,35743,CASRGMTPPTQYF,VSFIEFVGW,1,RGMTPPTQ,786
6053,35744,CASRPLMGGASEAFF,YVLDHLIVV,1,PLMGGASE,5647
6054,35745,CASSAASGTDTQYF,FLRGRAYGL,2,SAASGTDT,5068
6055,35750,CASSDTGGNQPQHF,VSFIEFVGW,1,SDTGGNQP,2829
6056,35752,CASSEILGMNTEAFF,RPPIFIRRL,3,EILGMNTE,615
6057,35753,CASSELTGGPYEQYF,YPLHEQHGM,1,ELTGGPYE,1164
6058,35756,CASSFFLPTQREYEQYF,GLCTLVAML,1,FLPTQREY,274
6059,35757,CASSFGGGSNYGYTF,IVTDFSVIK,1,FGGGSNYG,4219
6060,35761,CASSFQGSNEKLFF,RAKFKQLL,3,SFQGSNEK,1636
6061,35763,CASSFRLAVKNEQFF,RPPIFIRRL,2,FRLAVKNE,416
6062,35765,CASSGTHNEQFF,RPPIFIRRL,3,SSGTHNEQ,4866
6063,35768,CASSIDGTAYEQYF,GLCTLVAML,3,SIDGTAYE,4655
6064,35769,CASSIQDSLYNEQFF,YPLHEQHGM,1,IQDSLYNE,2320
6065,35770,CASSIVGAHTEAFF,IVTDFSVIK,2,SIVGAHTE,1585
6066,35772,CASSKQGRGTDTQYF,RAKFKQLL,2,KQGRGTDT,4472
6067,35773,CASSLAPSYEQYF,RAKFKQLL,2,SLAPSYEQ,3460
6068,35774,CASSLASSGYTGELFF,YPLHEQHGM,2,LASSGYTG,1171
6069,35775,CASSLEAGVSYEQYF,RPPIFIRRL,2,LEAGVSYE,2961
6070,35776,CASSLEGSYEQYF,RAKFKQLL,2,SLEGSYEQ,585
6071,35778,CASSLGASTDTQYF,RPPIFIRRL,2,SLGASTDT,3916
6072,35780,CASSLGLENEQFF,GLCTLVAML,3,SLGLENEQ,958
6073,35781,CASSLGLGVNNEQFF,RAKFKQLL,2,LGLGVNNE,4926
6074,35783,CASSLGTGHNEQFF,RAKFKQLL,2,SLGTGHNE,3516
6075,35784,CASSLGTSFRTDTQYF,YVLDHLIVV,3,LGTSFRTD,2513
6076,35785,CASSLIASGGYNEQFF,RAKFKQLL,2,LIASGGYN,2248
6077,35787,CASSLLGEKAYEQYF,RAKFKQLL,2,LLGEKAYE,1748
6078,35788,CASSLLGHPSGELFF,RAKFKQLL,2,LLGHPSGE,3378
6079,35789,CASSLLIGANNEQFF,RAKFKQLL,2,LLIGANNE,4588
6080,35791,CASSLPGTSGISQDTQYF,RAKFKQLL,2,PGTSGISQ,4116
6081,35792,CASSLPRGRDNEQFF,RAKFKQLL,2,LPRGRDNE,2058
6082,35794,CASSLSQGIQNIQYF,RPPIFIRRL,3,LSQGIQNI,2056
6083,35795,CASSLSSATGELFF,AVFDRKSDAK,1,SLSSATGE,4434
6084,35796,CASSLSSPGNQPQHF,RAKFKQLL,2,LSSPGNQP,1716
6085,35797,CASSLTAPGIQPQHF,RAKFKQLL,2,LTAPGIQP,1809
6086,35798,CASSLTEAGNQPHHF,RAKFKQLL,2,LTEAGNQP,4639
6087,35799,CASSLTGAGDQPQHF,RAKFKQLL,2,LTGAGDQP,1371
6088,35800,CASSLTGGTYEQYF,RPPIFIRRL,2,SLTGGTYE,1032
6089,35801,CASSLTGPGDQPQHF,RAKFKQLL,3,LTGPGDQP,1853
6090,35802,CASSLTLLGNNEQYF,RAKFKQLL,2,LTLLGNNE,4875
6091,35803,CASSLTSATGELFF,AVFDRKSDAK,2,SLTSATGE,998
6092,35807,CASSLYSDTQYF,YVLDHLIVV,2,SSLYSDTQ,2078
6093,35808,CASSMLLGGGQPQHF,YVLDHLIVV,2,MLLGGGQP,2937
6094,35812,CASSPGQVTPLHF,RAKFKQLL,2,SPGQVTPL,3323
6095,35815,CASSPGTSGGGDEETQYF,RAKFKQLL,2,GTSGGGDE,4512
6096,35816,CASSPGVTSGRMGEQYF,YVLDHLIVV,1,GVTSGRMG,3067
6097,35817,CASSPITRIVGDTQYF,RAKFKQLL,2,PITRIVGD,5133
6098,35818,CASSPLIGTSGTEAFF,RAKFKQLL,2,PLIGTSGT,1269
6099,35819,CASSPLPGTTGTDTQYF,YVLDHLIVV,1,LPGTTGTD,4270
6100,35820,CASSPPGPTGRGWYDTF,RAKFKQLL,3,PGPTGRGW,4734
6101,35821,CASSPSKPGDNEQFF,RAKFKQLL,2,PSKPGDNE,80
6102,35822,CASSPSKPGDNEQFF,RAKFKQLL,2,PSKPGDNE,80
6103,35823,CASSPSLVGSADTQYF,YVLDHLIVV,2,PSLVGSAD,4412
6104,35825,CASSPTGTSHTGELFF,VSFIEFVGW,1,PTGTSHTG,775
6105,35826,CASSPTNPAGDTETQYF,RPPIFIRRL,3,TNPAGDTE,3123
6106,35830,CASSQAGQGNSPLHF,RAKFKQLL,3,QAGQGNSP,1903
6107,35831,CASSQAQGMGNSPLHF,RAKFKQLL,3,QAQGMGNS,2531
6108,35837,CASSQEGTGSYEQYF,AVFDRKSDAK,3,QEGTGSYE,611
6109,35838,CASSQETGSASQHF,RPPIFIRRL,1,SQETGSAS,5335
6110,35839,CASSQGALTGQPQHF,YPLHEQHGM,2,QGALTGQP,4876
6111,35840,CASSQGPGQEHYGYTF,VSFIEFVGW,1,QGPGQEHY,1521
6112,35841,CASSQGSGATNEQFF,VSFIEFVGW,1,QGSGATNE,2473
6113,35843,CASSQGVLLNEQFF,YVLDHLIVV,1,SQGVLLNE,5532
6114,35844,CASSQIVTSAAQYF,RAKFKQLL,2,SQIVTSAA,890
6115,35845,CASSQTLAGGGETQYF,YVLDHLIVV,2,QTLAGGGE,4809
6116,35846,CASSQTTSVNTEAFF,RAKFKQLL,3,QTTSVNTE,833
6117,35847,CASSQVQGTSGGEQYF,RAKFKQLL,2,QVQGTSGG,857
6118,35848,CASSQVRGGYEQFF,RAKFKQLL,2,SQVRGGYE,1432
6119,35850,CASSRFFPGQGDHAKNIQYF,FLRGRAYGL,1,FPGQGDHA,945
6120,35851,CASSRGTGEGYEQYF,RAKFKQLL,3,RGTGEGYE,277
6121,35853,CASSRTDDTEAFF,RAKFKQLL,2,SRTDDTEA,3358
6122,35857,CASSSMVAGEYEQFF,RAKFKQLL,2,SMVAGEYE,1775
6123,35858,CASSSNRDRNTIYF,RAKFKQLL,2,SSNRDRNT,2520
6124,35859,CASSSPGDYTYEQYF,YVLDHLIVV,2,SPGDYTYE,5420
6125,35860,CASSSSLGFGELFF,YVLDHLIVV,1,SSSLGFGE,5682
6126,35861,CASSSTGPGNSPLHF,RAKFKQLL,2,STGPGNSP,3792
6127,35865,CASSVASGTDTQYF,FLRGRAYGL,3,SVASGTDT,2197
6128,35866,CASSVELGSGRETQYF,YPLHEQHGM,1,VELGSGRE,3467
6129,35869,CASSYLGDSTNSPLHF,RAKFKQLL,2,YLGDSTNS,852
6130,35872,CASTELGDTHNEQFF,IVTDFSVIK,1,ELGDTHNE,5567
6131,35873,CASTGGSGYTF,YVLDHLIVV,1,STGGSGYT,4938
6132,35874,CASTPGSKLPDTQYF,GLCTLVAML,1,PGSKLPDT,232
6133,35877,CASTREGLNTGELFF,GLCTLVAML,3,REGLNTGE,146
6134,35879,CATATGTGSNTEAFF,RPPIFIRRL,2,TGTGSNTE,1337
6135,35880,CATLAGEGEQFF,RPPIFIRRL,2,TLAGEGEQ,2730
6136,35881,CATLISQGSRAGELFF,VSFIEFVGW,1,ISQGSRAG,1033
6137,35887,CATSWTGTYEQYF,YVLDHLIVV,2,SWTGTYEQ,2859
6138,35888,CATTQYGTDTQYF,RAKFKQLL,2,TQYGTDTQ,487
6139,35891,CSAPIPPYNEQFF,YVLDHLIVV,2,PIPPYNEQ,3921
6140,35894,CSARDRVGNGYTF,GLCTLVAML,2,RDRVGNGY,1082
6141,35895,CSAREIGGRHQPQHF,VSFIEFVGW,1,EIGGRHQP,5646
6142,35896,CSARGAGFSGANVLTF,YVLDHLIVV,2,GAGFSGAN,5118
6143,35897,CSASNQESYGYTF,YVLDHLIVV,2,SNQESYGY,603
6144,35901,CSTGTGEGGTQYF,RAKFKQLL,2,GTGEGGTQ,2286
6145,35903,CSVEGGPGTAYNEQFF,IVTDFSVIK,1,GGPGTAYN,365
6146,35905,CSVGGAYEQYF,RPPIFIRRL,3,VGGAYEQY,4920
6147,35907,CSVSAGEEDTQYF,RAKFKQLL,2,SAGEEDTQ,2454
6148,35908,CSVGTGGTNEKLFF,GLCTLVAML,3,GTGGTNEK,3711
6149,35909,CSVVLAPVQEQFF,YVLDHLIVV,1,VLAPVQEQ,3382
6150,35910,CSVGAGDYEQYF,RAKFKQLL,2,VGAGDYEQ,3619
6151,35911,CSARDRTGNGYTF,GLCTLVAML,2,RDRTGNGY,666
6152,35912,CASSSAYYGYTF,NLVPMVATV,3,SSSAYYGY,4102
6153,35913,CASSSLNTEAFF,RAKFKQLL,3,SSSLNTEA,2552
6154,35914,CSGGQGEGEQYF,RAKFKQLL,2,GGQGEGEQ,5698
6155,35915,CASSFSTDTQYF,GLCTLVAML,1,SSFSTDTQ,3632
6156,35916,CSARDRVGNTIYF,GLCTLVAML,3,RDRVGNTI,1063
6157,35917,CSVGTGGTNEKLFF,GLCTLVAML,3,GTGGTNEK,3711
6158,35918,CASSQDRLTGGYTF,RPPIFIRRL,3,SQDRLTGG,202
6159,35919,CASSVGQAYEQYF,FLRGRAYGL,1,SVGQAYEQ,2238
6160,35921,CSARDQTGNGYTF,GLCTLVAML,1,RDQTGNGY,1870
6161,35923,CASSLTGPGDQPQHF,RAKFKQLL,3,LTGPGDQP,1853
6162,35924,CASSLGQAYEQYF,FLRGRAYGL,2,SLGQAYEQ,5661
6163,35925,CASSPLTDTQYF,RAKFKQLL,2,SSPLTDTQ,5559
6164,35926,CSVGSGGTNEKLFF,GLCTLVAML,3,GSGGTNEK,745
6165,35927,CASSYSGNTEAFF,TPRVTGGGAM,2,SYSGNTEA,624
6166,35928,CSARDGTGNGYTF,GLCTLVAML,1,RDGTGNGY,3396
6167,35930,CSVGAGDYEQYF,RAKFKQLL,2,VGAGDYEQ,3619
6168,35931,CASSSSSQEQFF,KRWIILGLNK,1,SSSSSQEQ,1249
6169,35932,CASSLEPGTSSYNEQFF,KRWIILGLNK,1,EPGTSSYN,1219
6170,35933,CSARDINPGLAYEQFF,KRWIILGLNK,1,DINPGLAY,1467
6171,35934,CASSPDSNNEQFF,KRWIILGLNK,1,SPDSNNEQ,5344
6172,35935,CASSQGLQGSEQFF,KRWIILGLNK,1,SQGLQGSE,3056
6173,35936,CASSFVDSLSNQPQHF,KRWIILGLNK,1,FVDSLSNQ,3154
6174,35939,CASGDRQNSPLHF,KRWIILGLNK,1,GDRQNSPL,5556
6175,35940,CASSSSSQEQFF,KRWIILGLNK,1,SSSSSQEQ,1249
6176,35942,CASSLDRNEQFF,KRWIILGLNK,1,SSLDRNEQ,729
6177,35943,CASSFVDSLSNQPQHF,KRWIILGLNK,1,FVDSLSNQ,3154
6178,35948,CASSLRGLAFTSSYNEQFF,KRWIILGLNK,1,GLAFTSSY,1470
6179,35949,CASSQGQFGNEQFF,KRWIILGLNK,1,SQGQFGNE,2400
6180,35950,CASSHGDYEQYF,KRWIILGLNK,1,SSHGDYEQ,1574
6181,35951,CASKKSTGGNTDTQYF,KRWIILGLNK,1,KSTGGNTD,3644
6182,35955,CASSFVDSLSNQPQHF,KRWIILGLNK,1,FVDSLSNQ,3154
6183,35956,CASSSRQNTEAFF,KRWIILGLNK,1,SSRQNTEA,1477
6184,35957,CASSDRQNTEAFF,KRWIILGLNK,1,SDRQNTEA,563
6185,35958,CASSHRTGELFF,KRWIILGLNK,1,SSHRTGEL,3137
6186,35959,CASGDRQNSPLHF,KRWIILGLNK,1,GDRQNSPL,5556
6187,35960,CASSQGQFGNEQFF,KRWIILGLNK,1,SQGQFGNE,2400
6188,35963,CASSSSSQEQFF,KRWIILGLNK,1,SSSSSQEQ,1249
6189,35967,CASGDRQNSPLHF,KRWIILGLNK,1,GDRQNSPL,5556
6190,35968,CASSQGQFGNEQFF,KRWIILGLNK,1,SQGQFGNE,2400
6191,35969,CASSPGQYSHEQYF,KRWIILGLNK,1,SPGQYSHE,1682
6192,35970,CASSRNNIEAFF,KRWIILGLNK,1,SSRNNIEA,4123
6193,35971,CSVPEQFF,KRWIILGLNK,1,CSVPEQFF,5331
6194,35972,CASSFVDSLSNQPQHF,KRWIILGLNK,1,FVDSLSNQ,3154
6195,35980,CASSSRQNTEAFF,KRWIILGLNK,1,SSRQNTEA,1477
6196,35982,CASREGQGGTEAFF,KRWIIMGLNK,1,REGQGGTE,1546
6197,35983,CASSLGTSSSYEQYF,KRWIIMGLNK,1,LGTSSSYE,1052
6198,35984,CASTLGTKRF,KRWIIMGLNK,1,ASTLGTKR,2830
6199,35987,CASSSQENTEAFF,KRWIILGLNK,1,SSQENTEA,633
6200,35988,CASSDRQNSPLHF,KRWIILGLNK,1,SDRQNSPL,3724
6201,35989,CASSLDRNEQFF,KRWIILGLNK,1,SSLDRNEQ,729
6202,35991,CASSSRQNTEAFF,KRWIILGLNK,1,SSRQNTEA,1477
6203,35992,CASSQGQLNTQYF,KRWIILGLNK,1,SQGQLNTQ,1777
6204,35993,CASSLGEQPQHF,KRWIILGLNK,1,SSLGEQPQ,4796
6205,35994,CASSSRQNTEAFF,KRWIILGLNK,1,SSRQNTEA,1477
6206,35995,CASSTRQNTEAFF,KRWIILGLNK,1,STRQNTEA,3070
6207,36000,CASRGGQGSTEAFF,KRWIIMGLNK,1,RGGQGSTE,82
6208,36001,CASSPYSGSYEQYF,KRWIILGLNK,1,SPYSGSYE,1083
6209,36002,CASGLGPSGTEAFF,KRWIILGLNK,1,GLGPSGTE,167
6210,36003,CSARTLEGILTTGETQYF,KRWIILGLNK,1,LEGILTTG,4705
6211,36004,CASSPRTGELFF,KRWIILGLNK,1,SSPRTGEL,3086
6212,36005,CASSLGTSAYEQYF,KRWIILGLNK,1,SLGTSAYE,4446
6213,36006,CTRAYNQPQHF,KRWIILGLNK,1,RAYNQPQH,3366
6214,36007,CASTIPPGTSVSGELFF,KRWIILGLNK,1,PPGTSVSG,410
6215,36009,CASGSGLANNEQFF,KRWIILGLNK,1,GSGLANNE,2416
6216,36017,CASSRADLSYEQYF,KRWIILGLNK,1,SRADLSYE,4231
6217,36023,CASSQRTGELFF,KRWIILGLNK,1,SSQRTGEL,5492
6218,36024,CASSFDSYEQYF,KRWIILGLNK,1,SSFDSYEQ,5050
6219,36025,CASSPYSGSYEQYF,KRWIILGLNK,1,SPYSGSYE,1083
6220,36026,CASSPRSLSYEQYF,KRWIILGLNK,1,SPRSLSYE,3048
6221,36027,CASSQGTSDYEQYF,KRWIILGLNK,1,SQGTSDYE,500
6222,36028,CASSQRTGELFF,KRWIILGLNK,1,SSQRTGEL,5492
6223,36029,CASSGNTGELFF,KRWIILGLNK,1,SSGNTGEL,2658
6224,36030,CASSFDSYEQYF,KRWIILGLNK,1,SSFDSYEQ,5050
6225,36031,CSARTLEGILTTGETQYF,KRWIILGLNK,1,LEGILTTG,4705
6226,36032,CASTIPPGTSVSGELFF,KRWIILGLNK,1,PPGTSVSG,410
6227,36034,CASGSGLANNEQFF,KRWIILGLNK,1,GSGLANNE,2416
6228,36035,CASSYRTGELFF,KRWIILGLNK,1,SSYRTGEL,792
6229,36046,CASSRADLSYEQYF,KRWIILGLNK,1,SRADLSYE,4231
6230,36047,CASSPYSGSYEQYF,KRWIILGLNK,1,SPYSGSYE,1083
6231,36062,CASSYRTGELFF,KRWIILGLNK,1,SSYRTGEL,792
6232,36063,CSARTLEGILTTGETQYF,KRWIILGLNK,1,LEGILTTG,4705
6233,36064,CASSRADLSYEQYF,KRWIILGLNK,1,SRADLSYE,4231
6234,36065,CASSQGLAGREQYF,KRWIILGLNK,1,SQGLAGRE,222
6235,36066,CATSDVNGAYEQYF,KRWIILGLNK,1,SDVNGAYE,4586
6236,36067,CASGSGLANNEQFF,KRWIILGLNK,1,GSGLANNE,2416
6237,36072,CASSQGTSDYEQYF,KRWIILGLNK,1,SQGTSDYE,500
6238,36079,CSARGGSVFYEQYF,KRWIIMGLNK,1,RGGSVFYE,2823
6239,36080,CSARGGERFYEQYF,KRWIIMGLNK,1,RGGERFYE,4421
6240,36081,CASSASTSDYSYEQYF,KRWIIMGLNK,1,ASTSDYSY,3733
6241,36082,CASSDLTGTAYNEQFF,KRWIIMGLNK,1,DLTGTAYN,2986
6242,36090,CASSGEGAKTTNTEAFF,QIKVRVDMV,2,EGAKTTNT,2938
6243,36092,CASSDHSVTGISSPLHF,TPRVTGGGAM,1,HSVTGISS,5584
6244,36093,CASSLIGVSSYNEQFF,TPRVTGGGAM,1,LIGVSSYN,4389
6245,36094,CASSYSGQGSAAGETQYF,ELRRKMMYM,2,SGQGSAAG,1625
6246,36099,CASSRLAGGTDTQYF,QIKVRVDMV,1,RLAGGTDT,4577
6247,36100,CASSRLAASTDTQYF,QIKVRVDMV,1,RLAASTDT,5315
6248,36106,CASSWWDTGELFF,RMFPNAPYL,3,SWWDTGEL,228
6249,36107,CAWGTLATEQYF,RMFPNAPYL,3,WGTLATEQ,4787
6250,36108,CASSLEIFGGIADTDTQYF,KIFGSLAFL,2,IFGGIADT,209
6251,36109,CASSDPGDSLNGYTF,QYDPVAALF,1,DPGDSLNG,425
6252,36110,CASSSTGGGGTEAFF,QYDPVAALF,1,STGGGGTE,4183
6253,36112,CSARFSGQGTEAFF,QYDPVAALF,1,RFSGQGTE,5542
6254,36113,CASSSNQGATQYF,QYDPVAALF,1,SSNQGATQ,967
6255,36115,CASTPRDRSNYEQYF,QYDPVAALF,1,PRDRSNYE,4390
6256,36118,CAGTGIRSAGELFF,QYDPVAALF,1,TGIRSAGE,4162
6257,36121,CASSSIQGAAGELFF,QYDPVAALF,1,SIQGAAGE,5327
6258,36122,CASSQVSTGETQYF,QYDPVAALF,1,SQVSTGET,5406
6259,36123,CASRGQVSSQETQYF,QYDPVAALF,1,GQVSSQET,5523
6260,36125,CASSSTGGGGAEAFF,QYDPVAALF,1,STGGGGAE,1852
6261,36126,CASDRGGNTGELFF,QYDPVAALF,1,DRGGNTGE,1020
6262,36134,CASSEALLGRANYGYTF,NLVPMVATV,2,ALLGRANY,5072
6263,36135,CASSLAPGTTNEKLFF,NLVPMVATV,2,LAPGTTNE,2595
6264,36136,CASSPLTGTGVYGYTF,NLVPMVATV,3,PLTGTGVY,4187
6265,36137,CASSSSFPGGGNEQFF,NLVPMVATV,2,SSFPGGGN,1007
6266,36138,CASSYATGASYGYTF,NLVPMVATV,2,YATGASYG,3397
6267,36139,CASSYQTGAAYGYTF,NLVPMVATV,2,YQTGAAYG,691
6268,36140,CASSYQTGASYGYTF,NLVPMVATV,3,YQTGASYG,96
6269,36141,CASTLLGGAGYNEQFF,NLVPMVATV,2,LLGGAGYN,1569
6270,36142,CQQLLFSGGGNEQFF,NLVPMVATV,2,LFSGGGNE,3999
6271,36143,CSARGEAITEKLFF,GLCTLVAML,3,RGEAITEK,73
6272,36144,CASSIDGTAYEQYF,GLCTLVAML,3,SIDGTAYE,4655
6273,36145,CASTREGLNTGELFF,GLCTLVAML,3,REGLNTGE,146
6274,36146,CASSLGLENEQFF,GLCTLVAML,3,SLGLENEQ,958
6275,36147,CAGGTGETSPGELFF,GLCTLVAML,2,TGETSPGE,4400
6276,36148,CSVGGTFYGYTF,GLCTLVAML,2,VGGTFYGY,4793
6277,36149,CASSAGRVSPGELFF,GLCTLVAML,2,AGRVSPGE,566
6278,36150,CASSPGTLSAGELFF,GLCTLVAML,2,PGTLSAGE,1448
6279,36151,CASSVAGGDEQFF,GLCTLVAML,2,SVAGGDEQ,3760
6280,36152,CSARSRVGNTIYF,GLCTLVAML,2,RSRVGNTI,5284
6281,36153,CASTAGQTTNFNEQFF,GLCTLVAML,2,AGQTTNFN,2578
6282,36154,CSVGTGGTNEKLFF,GLCTLVAML,3,GTGGTNEK,3711
6283,36155,CSARDRTGNGYTF,GLCTLVAML,2,RDRTGNGY,666
6284,36156,CSARDEVGNTIYF,GLCTLVAML,2,RDEVGNTI,4017
6285,36157,CASSELGRFIIQPQHF,GLCTLVAML,2,ELGRFIIQ,845
6286,36158,CASSKWTGGNQWFF,GLCTLVAML,2,SKWTGGNQ,5057
6287,36159,CASSEGRVLSGELFF,GLCTLVAML,2,EGRVLSGE,444
6288,36160,CSVGSGGTNEKLFF,GLCTLVAML,3,GSGGTNEK,745
6289,36161,CSVGTGGTNEKLFF,GLCTLVAML,3,GTGGTNEK,3711
6290,36162,CSVGTGGTNEKLFF,GLCTLVAML,3,GTGGTNEK,3711
6291,36163,CSVGSGGTNEKLFF,GLCTLVAML,3,GSGGTNEK,745
6292,36164,CSVGTGGTNEKLFF,GLCTLVAML,3,GTGGTNEK,3711
6293,36165,CSVGSGGTNEKLFF,GLCTLVAML,3,GSGGTNEK,745
6294,36166,CSGGTDGTNEKLFF,GLCTLVAML,2,GTDGTNEK,1872
6295,36167,CASSTGRVAPGELFF,GLCTLVAML,2,TGRVAPGE,195
6296,36168,CSARDRVGNGYTF,GLCTLVAML,2,RDRVGNGY,1082
6297,36169,CASSSLTGSGQPQHF,YVLDHLIVV,3,SLTGSGQP,827
6298,36170,CASSSLRGSNQPQHF,YVLDHLIVV,3,SLRGSNQP,4569
6299,36171,CASSLGTSFRTDTQYF,YVLDHLIVV,3,LGTSFRTD,2513
6300,36172,CSASNQESYGYTF,YVLDHLIVV,2,SNQESYGY,603
6301,36173,CSAPIPPYNEQFF,YVLDHLIVV,2,PIPPYNEQ,3921
6302,36174,CASSYMGVEQFF,YVLDHLIVV,2,SSYMGVEQ,5234
6303,36175,CASMGGASYNEQFF,YVLDHLIVV,2,MGGASYNE,621
6304,36176,CASSSPGDYTYEQYF,YVLDHLIVV,2,SPGDYTYE,5420
6305,36177,CASSMLLGGGQPQHF,YVLDHLIVV,2,MLLGGGQP,2937
6306,36178,CASRGLLGGITEAFF,YVLDHLIVV,2,GLLGGITE,4954
6307,36179,CASSPSLVGSADTQYF,YVLDHLIVV,2,PSLVGSAD,4412
6308,36180,CATSWTGTYEQYF,YVLDHLIVV,2,SWTGTYEQ,2859
6309,36181,CSARGAGFSGANVLTF,YVLDHLIVV,2,GAGFSGAN,5118
6310,36182,CASSQTLAGGGETQYF,YVLDHLIVV,2,QTLAGGGE,4809
6311,36183,CASSLYSDTQYF,YVLDHLIVV,2,SSLYSDTQ,2078
6312,36184,CASRTTSGGASEQFF,YVLDHLIVV,2,TTSGGASE,3657
6313,36185,CASSDLANEQFF,YVLDHLIVV,2,SSDLANEQ,19
6314,36186,CATSDWAGEMETQYF,YVLDHLIVV,2,DWAGEMET,5095
6315,36187,CASTTEGGLIHEKLFF,YVLDHLIVV,2,TEGGLIHE,2765
6316,36188,CSQTNREYNEQFF,YVLDHLIVV,2,TNREYNEQ,288
6317,36189,CASRATMGGGTEAFF,YVLDHLIVV,2,ATMGGGTE,446
6318,36190,CASSRGQGSADTQYF,YVLDHLIVV,2,RGQGSADT,5611
6319,36191,CASSPGAGLYNEQFF,YVLDHLIVV,2,PGAGLYNE,219
6320,36192,CASSLHFEVEKLFF,YVLDHLIVV,2,SLHFEVEK,3118
6321,36193,CSANDRSYNEQFF,YVLDHLIVV,2,NDRSYNEQ,1736
6322,36194,CSAIPSYLSIGEQFF,YVLDHLIVV,2,PSYLSIGE,4442
6323,36195,CASSLAVEGVSRMNTEAFF,YVLDHLIVV,2,VEGVSRMN,2391
6324,36196,CASSLTTGIQYF,YVLDHLIVV,2,SSLTTGIQ,1108
6325,36197,CASSFRLGQGHYGYTF,YVLDHLIVV,2,FRLGQGHY,2198
6326,36198,CSARPTSNYEQFF,YVLDHLIVV,2,RPTSNYEQ,1073
6327,36199,CASSSLQGNGQPQHF,YVLDHLIVV,2,SLQGNGQP,4021
6328,36200,CASSLDLSSGANVLTF,YVLDHLIVV,2,LDLSSGAN,541
6329,36201,CASSPPLGLHTGELFF,YVLDHLIVV,2,PPLGLHTG,4206
6330,36202,CASSFSLGAAGELFF,YVLDHLIVV,2,FSLGAAGE,5086
6331,36203,CASSLSVSTSLDTQYF,YVLDHLIVV,2,LSVSTSLD,1124
6332,36204,CASMGGASYNEQFF,YVLDHLIVV,2,MGGASYNE,621
6333,36205,CASSSPGGRGNTEAFF,YVLDHLIVV,2,SPGGRGNT,4100
6334,36206,CAWSGLSGSYNEQFF,YVLDHLIVV,2,GLSGSYNE,1376
6335,36207,CASGWGSQPQHF,AVFDRKSDAK,3,SGWGSQPQ,139
6336,36208,CVSGWGSQPQHF,AVFDRKSDAK,2,SGWGSQPQ,139
6337,36209,CASSRTSATGELFF,AVFDRKSDAK,3,SRTSATGE,3106
6338,36210,CASSQEGTGSYEQYF,AVFDRKSDAK,3,QEGTGSYE,611
6339,36211,CASSLTSATGELFF,AVFDRKSDAK,2,SLTSATGE,998
6340,36212,CASSRTSATGELFF,AVFDRKSDAK,3,SRTSATGE,3106
6341,36213,CASSLTSATGELFF,AVFDRKSDAK,2,SLTSATGE,998
6342,36214,CASKGQGARDGYTF,IPSINVHHY,3,KGQGARDG,2449
6343,36215,CSVEEGVLYEQYF,IPSINVHHY,3,EEGVLYEQ,1722
6344,36216,CASSRENSNQPQHF,IPSINVHHY,2,SRENSNQP,3591
6345,36217,CASILERGSSYNEQFF,IPSINVHHY,2,LERGSSYN,1724
6346,36218,CASSYPFGGAWDEQFF,IPSINVHHY,2,YPFGGAWD,4873
6347,36219,CASSLFTDNRDGYTF,IPSINVHHY,2,LFTDNRDG,5405
6348,36220,CASSYATAYEQYF,IPSINVHHY,2,SYATAYEQ,3210
6349,36221,CSAQPGQENIQYF,IPSINVHHY,2,QPGQENIQ,812
6350,36222,CASSLFTDRRDGYTF,IPSINVHHY,2,LFTDRRDG,1459
6351,36223,CASNGQGARDGYTF,IPSINVHHY,2,NGQGARDG,1593
6352,36224,CASSLDPAGQGYEQYF,IPSINVHHY,2,LDPAGQGY,3200
6353,36225,CASSVEAEGFGAPISPPEAFF,IPSINVHHY,2,EGFGAPIS,1923
6354,36226,CASGRTGSEAFF,IPSINVHHY,2,SGRTGSEA,4112
6355,36227,CASSQGLAEWDEQFF,IPSINVHHY,2,QGLAEWDE,3883
6356,36228,CASSLALDEAFF,IPSINVHHY,2,SSLALDEA,2543
6357,36229,CASRVGTGNLYEQYF,TPRVTGGGAM,3,VGTGNLYE,1706
6358,36230,CASSLALGVAKNIQYF,TPRVTGGGAM,3,LALGVAKN,2264
6359,36231,CASSSHDRDGGYSPLHF,TPRVTGGGAM,3,HDRDGGYS,2336
6360,36232,CASSSHERQGQNSPLHF,TPRVTGGGAM,3,HERQGQNS,4674
6361,36233,CASRVGAGNTEAFF,TPRVTGGGAM,3,RVGAGNTE,2177
6362,36234,CASSQHDRGFSTEAFF,TPRVTGGGAM,3,QHDRGFST,231
6363,36235,CASSSHDRQGQNSPLHF,TPRVTGGGAM,2,HDRQGQNS,2458
6364,36236,CASSLLPYNALVSGTDTQYF,TPRVTGGGAM,2,PYNALVSG,4977
6365,36237,CASSLSWGGFYNEQFF,TPRVTGGGAM,2,LSWGGFYN,5125
6366,36238,CASSSHERQGQNSPLHF,TPRVTGGGAM,3,HERQGQNS,4674
6367,36239,CASSLARGFSDHTQYF,TPRVTGGGAM,2,LARGFSDH,1182
6368,36240,CASSLIGVGLTDTQYF,TPRVTGGGAM,2,LIGVGLTD,1710
6369,36241,CASRVGTGNLYEQYF,TPRVTGGGAM,3,VGTGNLYE,1706
6370,36242,CASSSSWGYGYTF,TPRVTGGGAM,2,SSSWGYGY,4016
6371,36243,CASRPNLGGTTEAFF,TPRVTGGGAM,2,PNLGGTTE,1988
6372,36244,CASSIHSETGVGSPLHF,TPRVTGGGAM,2,HSETGVGS,3618
6373,36245,CASSLSASTARYGYTF,TPRVTGGGAM,2,LSASTARY,1578
6374,36246,CASKQEWGNTEAFF,TPRVTGGGAM,2,KQEWGNTE,5212
6375,36247,CASSLIGAGGPDEQFF,TPRVTGGGAM,2,LIGAGGPD,5402
6376,36248,CASSYSTGTHLEQYF,NLVPMVATV,3,YSTGTHLE,1941
6377,36249,CASSSAYYGYTF,NLVPMVATV,3,SSSAYYGY,4102
6378,36250,CASSLVTGTGKYGYTF,NLVPMVATV,3,LVTGTGKY,89
6379,36251,CASSSLPGGTEAFF,NLVPMVATV,2,SSLPGGTE,4470
6380,36252,CASSYQTGAAYGYTF,NLVPMVATV,3,YQTGAAYG,691
6381,36253,CASSHWDRETSGNTIYF,NLVPMVATV,3,WDRETSGN,2145
6382,36254,CASSCQTGAACGYTF,NLVPMVATV,2,CQTGAACG,5196
6383,36255,CASSSLPGGTEAFF,NLVPMVATV,2,SSLPGGTE,4470
6384,36256,CASSPTTGTGHYGYTF,NLVPMVATV,2,PTTGTGHY,595
6385,36257,CASNPMGQGILFF,NLVPMVATV,2,NPMGQGIL,3492
6386,36258,CASSSVNEQFF,NLVPMVATV,2,SSSVNEQF,2027
6387,36259,CASSLQRGRTDTQYF,VLEETSVML,3,LQRGRTDT,2397
6388,36260,CASSLDSIASGNTIYF,VLEETSVML,2,LDSIASGN,5672
6389,36261,CASSPDSQSSGNTIYTF,VLEETSVML,2,DSQSSGNT,1602
6390,36262,CASSLDSQSSGNTIYF,VLEETSVML,3,LDSQSSGN,1962
6391,36263,CASSPVGGSMAKNIQYF,VLEETSVML,2,VGGSMAKN,1984
6392,36264,CASSLVSGGWTEAFF,VLEETSVML,2,LVSGGWTE,1399
6393,36265,CASSQETDLRSQPQHF,VLEETSVML,2,QETDLRSQ,4805
6394,36266,CASKWGRDLWQPQHF,VLEETSVML,2,WGRDLWQP,5058
6395,36267,CASSWGQGSNYGYTF,IVTDFSVIK,3,WGQGSNYG,968
6396,36268,CASREGDINTGELFF,IVTDFSVIK,3,EGDINTGE,4428
6397,36269,CASSIVGAHTEAFF,IVTDFSVIK,2,SIVGAHTE,1585
6398,36270,CASSEASGGFYNEQFF,IVTDFSVIK,2,EASGGFYN,462
6399,36271,CASSLAGGSYNSPLHF,IVTDFSVIK,2,LAGGSYNS,3579
6400,36272,CASSAWDINTGELFF,IVTDFSVIK,2,AWDINTGE,5111
6401,36273,CASSRTSGGFYNEQFF,IVTDFSVIK,2,RTSGGFYN,1926
6402,36274,CASSGSSGGYYNEQFF,IVTDFSVIK,2,GSSGGYYN,803
6403,36275,CASSLGSGNYGYTF,IVTDFSVIK,2,SLGSGNYG,5493
6404,36276,CASSVGDWAQGNTIYF,IVTDFSVIK,2,VGDWAQGN,1016
6405,36277,CASSEASGGFYNEQFF,IVTDFSVIK,2,EASGGFYN,462
6406,36278,CASYWGLAVNEQFF,RPPIFIRRL,3,YWGLAVNE,728
6407,36279,CASSQDRLTGGYTF,RPPIFIRRL,3,SQDRLTGG,202
6408,36280,CASRTLAGPNTGELFF,RPPIFIRRL,3,TLAGPNTG,3682
6409,36281,CASSEILGMNTEAFF,RPPIFIRRL,3,EILGMNTE,615
6410,36282,CASSQETGSASQHF,RPPIFIRRL,3,SQETGSAS,5335
6411,36283,CASSPTNPAGDTETQYF,RPPIFIRRL,3,TNPAGDTE,3123
6412,36284,CSVGGAYEQYF,RPPIFIRRL,3,VGGAYEQY,4920
6413,36285,CASSGTHNEQFF,RPPIFIRRL,3,SSGTHNEQ,4866
6414,36286,CASSLSQGIQNIQYF,RPPIFIRRL,3,LSQGIQNI,2056
6415,36287,CASSFRLAVKNEQFF,RPPIFIRRL,2,FRLAVKNE,416
6416,36288,CATLAGEGEQFF,RPPIFIRRL,2,TLAGEGEQ,2730
6417,36289,CASSLEAGVSYEQYF,RPPIFIRRL,2,LEAGVSYE,2961
6418,36290,CASSLGASTDTQYF,RPPIFIRRL,2,SLGASTDT,3916
6419,36291,CASSQDRYTGGYTF,RPPIFIRRL,2,SQDRYTGG,2848
6420,36292,CASSQETGSYEQYF,RPPIFIRRL,3,SQETGSYE,1782
6421,36293,CASSQDRLTGGYTF,RPPIFIRRL,3,SQDRLTGG,202
6422,36294,CAGSQDRLTGGYTF,RPPIFIRRL,2,SQDRLTGG,202
6423,36295,CASSQETGSYEQFF,RPPIFIRRL,3,SQETGSYE,1782
6424,36296,CASSLTGGTYEQYF,RPPIFIRRL,2,SLTGGTYE,1032
6425,36297,CATATGTGSNTEAFF,RPPIFIRRL,2,TGTGSNTE,1337
6426,36298,CASSISSGITYEQFF,RPPIFIRRL,2,ISSGITYE,2899
6427,36299,CASSSGQAYEQYF,FLRGRAYGL,3,SSGQAYEQ,37
6428,36300,CASSVASGTDTQYF,FLRGRAYGL,3,SVASGTDT,2197
6429,36301,CASSAASGTDTQYF,FLRGRAYGL,2,SAASGTDT,5068
6430,36302,CASSLGQAYEQYF,FLRGRAYGL,2,SLGQAYEQ,5661
6431,36303,CASSFSPTAQGLEQYF,YPLHEQHGM,3,FSPTAQGL,2188
6432,36304,CASSQGALTGQPQHF,YPLHEQHGM,2,QGALTGQP,4876
6433,36305,CASSLASSGYTGELFF,YPLHEQHGM,2,LASSGYTG,1171
6434,36306,CASSLVLSSPTYEQYF,RAKFKQLL,3,LVLSSPTY,2494
6435,36307,CASSQTTSVNTEAFF,RAKFKQLL,3,QTTSVNTE,833
6436,36308,CASSSLNTEAFF,RAKFKQLL,3,SSSLNTEA,2552
6437,36309,CASSSHVINQFF,RAKFKQLL,2,SSSHVINQ,2965
6438,36310,CASSLPRGRDNEQFF,RAKFKQLL,2,LPRGRDNE,2058
6439,36311,CASSLGTGHNEQFF,RAKFKQLL,2,SLGTGHNE,3516
6440,36312,CASSSNRDRNTIYF,RAKFKQLL,2,SSNRDRNT,2520
6441,36313,CASSLGLGVNNEQFF,RAKFKQLL,2,LGLGVNNE,4926
6442,36314,CASSSTGPGNSPLHF,RAKFKQLL,2,STGPGNSP,3792
6443,36315,CSVSAGEEDTQYF,RAKFKQLL,2,SAGEEDTQ,2454
6444,36316,CASSQVQGTSGGEQYF,RAKFKQLL,2,QVQGTSGG,857
6445,36317,CASSSMVAGEYEQFF,RAKFKQLL,2,SMVAGEYE,1775
6446,36318,CASSLWIQETQYF,RAKFKQLL,2,SLWIQETQ,1191
6447,36319,CASSPSKPGDNEQFF,RAKFKQLL,2,PSKPGDNE,80
6448,36320,CASSPSKPGDNEQFF,RAKFKQLL,2,PSKPGDNE,80
6449,36321,CASSPTGAGNQPQHF,RAKFKQLL,2,PTGAGNQP,4471
6450,36322,CASSGSAGGVWDNEQFF,RAKFKQLL,2,SAGGVWDN,2266
6451,36323,CASTSAGTPDNEQFF,RAKFKQLL,2,SAGTPDNE,2905
6452,36324,CASSLTVAGDTEAFF,RAKFKQLL,2,LTVAGDTE,5159
6453,36325,CASSQGPNLQETQYF,RAKFKQLL,2,QGPNLQET,4642
6454,36326,CASSTTRAGDQPQHF,RAKFKQLL,2,TTRAGDQP,396
6455,36327,CASSQSIGGELFF,RAKFKQLL,2,SQSIGGEL,1719
6456,36328,CASSPLTDTQYF,RAKFKQLL,2,SSPLTDTQ,5559
6457,36329,CASSSHVINQFF,RAKFKQLL,2,SSSHVINQ,2965
6458,36330,CASSLVTGEGLGEQFF,RAKFKQLL,2,LVTGEGLG,3631
6459,36331,CASSQGVGENTEAFF,RAKFKQLL,3,QGVGENTE,3717
6460,36332,CASSLAVLSSYNEQFF,RAKFKQLL,3,LAVLSSYN,1150
6461,36333,CASSRGTGEGYEQYF,RAKFKQLL,3,RGTGEGYE,277
6462,36334,CASSPPGPTGRGWYDTF,RAKFKQLL,3,PGPTGRGW,4734
6463,36335,CASSQAQGMGNSPLHF,RAKFKQLL,3,QAQGMGNS,2531
6464,36336,CASSLTGPGDQPQHF,RAKFKQLL,3,LTGPGDQP,1853
6465,36337,CASSLTGAGDQPQHF,RAKFKQLL,2,LTGAGDQP,1371
6466,36338,CASSLTAPGIQPQHF,RAKFKQLL,2,LTAPGIQP,1809
6467,36339,CASSPLTDTQYF,RAKFKQLL,2,SSPLTDTQ,5559
6468,36340,CASSSVGPGDQPPAF,RAKFKQLL,2,SVGPGDQP,739
6469,36341,CASSKQGRGTDTQYF,RAKFKQLL,2,KQGRGTDT,4472
6470,36342,CASSLTLLGNNEQYF,RAKFKQLL,2,LTLLGNNE,4875
6471,36343,CASSLLIGANNEQFF,RAKFKQLL,2,LLIGANNE,4588
6472,36344,CASSLEGSYEQYF,RAKFKQLL,2,SLEGSYEQ,585
6473,36345,CASSPITRIVGDTQYF,RAKFKQLL,2,PITRIVGD,5133
6474,36346,CASSLIASGGYNEQFF,RAKFKQLL,2,LIASGGYN,2248
6475,36347,CASSLAVLSSYNEQFF,RAKFKQLL,2,LAVLSSYN,1150
6476,36348,CSVGAGDYEQYF,RAKFKQLL,2,VGAGDYEQ,3619
6477,36349,CASSQVRGGYEQFF,RAKFKQLL,2,SQVRGGYE,1432
6478,36350,CASSFMQGDSPLHF,RAKFKQLL,2,SFMQGDSP,5350
6479,36351,CASSQGTGGGYGYTF,RAKFKQLL,2,QGTGGGYG,141
6480,36352,CASSLMGNSPLHF,RAKFKQLL,2,SLMGNSPL,5605
6481,36353,CASSPTGAGNQPQHF,RAKFKQLL,2,PTGAGNQP,4471
6482,36354,CASSLMASGGYNEQFF,RAKFKQLL,2,LMASGGYN,2914
6483,36355,CASSLWAGGLYEQFF,RAKFKQLL,2,LWAGGLYE,3815
6484,36356,CASSFVGEGYEQYF,RAKFKQLL,2,SFVGEGYE,2846
6485,36357,CASSLVSSGANVLTF,RAKFKQLL,3,LVSSGANV,2738
6486,36358,CASSFSGSLTTEAFF,RAKFKQLL,3,FSGSLTTE,4677
6487,36359,CASKMRGDVYEQYF,RAKFKQLL,3,KMRGDVYE,1198
6488,36360,CASSQAGQGNSPLHF,RAKFKQLL,3,QAGQGNSP,1903
6489,36361,CASSFQGSNEKLFF,RAKFKQLL,3,SFQGSNEK,1636
6490,36362,CATTQYGTDTQYF,RAKFKQLL,2,TQYGTDTQ,487
6491,36363,CASSLLGHPSGELFF,RAKFKQLL,2,LLGHPSGE,3378
6492,36364,CASLFTGTSPTDTQYF,RAKFKQLL,2,FTGTSPTD,2150
6493,36365,CASSLAPSYEQYF,RAKFKQLL,2,SLAPSYEQ,3460
6494,36366,CASSYLGDSTNSPLHF,RAKFKQLL,2,YLGDSTNS,852
6495,36367,CASSRTDDTEAFF,RAKFKQLL,2,SRTDDTEA,3358
6496,36368,CASSLPGTSGISQDTQYF,RAKFKQLL,2,PGTSGISQ,4116
6497,36369,CASSPGTSGGGDEETQYF,RAKFKQLL,2,GTSGGGDE,4512
6498,36370,CASSLLGEKAYEQYF,RAKFKQLL,2,LLGEKAYE,1748
6499,36371,CATSSFPRLEWDEQFF,RAKFKQLL,2,SFPRLEWD,4946
6500,36372,CASSPGTGSYEQYF,RAKFKQLL,2,SPGTGSYE,4268
6501,36373,CASRYTGQETYEQYF,RAKFKQLL,2,YTGQETYE,4508
6502,36374,CASSFSGQGAATNEKLFF,RAKFKQLL,2,SGQGAATN,1375
6503,36375,CASSLLGTENTEAFF,RAKFKQLL,2,LLGTENTE,2227
6504,36376,CASGTGESGYTF,RAKFKQLL,2,SGTGESGY,2381
6505,36377,CASSTPTSGVNTGELFF,RAKFKQLL,2,PTSGVNTG,1950
6506,36378,CASSLLGQYNSPLHF,RAKFKQLL,2,LLGQYNSP,1087
6507,36379,CASSLMGVRDTEAFF,RAKFKQLL,2,LMGVRDTE,2622
6508,36380,CASSQETGSYEQFF,RAKFKQLL,2,SQETGSYE,1782
6509,36381,CASSPWASGTQETQYF,RAKFKQLL,2,PWASGTQE,1621
6510,36382,CASSRLDRDSYEQYF,RAKFKQLL,2,RLDRDSYE,1436
6511,36383,CATKRTGTDTQYF,RAKFKQLL,2,KRTGTDTQ,2100
6512,36384,CASSSTGRDTDTQYF,RAKFKQLL,2,STGRDTDT,2426
6513,36385,CASNILGQAIDTQYF,RAKFKQLL,2,ILGQAIDT,2044
6514,36386,CASSFRGEGSYEQYF,RAKFKQLL,2,FRGEGSYE,1659
6515,36387,CASSLGRDGVYF,RAKFKQLL,2,SSLGRDGV,2084
6516,36388,CASSQLGQSETQYF,RAKFKQLL,2,SQLGQSET,2596
6517,36389,CASSDLNSPLHF,RAKFKQLL,3,SSDLNSPL,4825
6518,36390,CASSQVRGRGEQYF,RAKFKQLL,3,SQVRGRGE,4430
6519,36391,CASSVLAGDTQYF,RAKFKQLL,3,SVLAGDTQ,4753
6520,36392,CASSLTGPGDQPQHF,RAKFKQLL,3,LTGPGDQP,1853
6521,36393,CASSLTEAGNQPHHF,RAKFKQLL,2,LTEAGNQP,4639
6522,36394,CASLRGLGTDTQYF,RAKFKQLL,2,LRGLGTDT,1034
6523,36395,CASSPLIGTSGTEAFF,RAKFKQLL,2,PLIGTSGT,1269
6524,36396,CASSPGQVTPLHF,RAKFKQLL,2,SPGQVTPL,3323
6525,36397,CSGGQGEGEQYF,RAKFKQLL,2,GGQGEGEQ,5698
6526,36398,CAGRPRLAGGNNEQFF,RAKFKQLL,2,PRLAGGNN,470
6527,36399,CASSLSSPGNQPQHF,RAKFKQLL,2,LSSPGNQP,1716
6528,36400,CASSQIVTSAAQYF,RAKFKQLL,2,SQIVTSAA,890
6529,36401,CSTGTGEGGTQYF,RAKFKQLL,2,GTGEGGTQ,2286
6530,36402,CASSATGLSVTDTQYF,RAKFKQLL,2,ATGLSVTD,347
6531,36403,CASSLTEAGNQPHQF,RAKFKQLL,2,LTEAGNQP,4639
6532,36404,CASSDLNSPLHF,RAKFKQLL,3,SSDLNSPL,4825
6533,36405,CASSLLGQDNSPLHF,RAKFKQLL,2,LLGQDNSP,3505
6534,36406,CASSPGQGVTPLHF,RAKFKQLL,2,SPGQGVTP,1151
6535,36407,CASSSDPSGSIAYEQYF,RAKFKQLL,2,DPSGSIAY,2440
6536,36408,CASSPTSGEYNEQFF,RAKFKQLL,2,PTSGEYNE,1750
6537,36409,CASSLDSQSSGNTIYF,RAKFKQLL,2,LDSQSSGN,1962
6538,36410,CASSPYGIDEQYF,RAKFKQLL,2,SPYGIDEQ,2178
6539,36411,CASSGLNSPLHF,RAKFKQLL,2,SSGLNSPL,1221
6540,36412,CASRDPGLAGEGHGELFF,RAKFKQLL,2,PGLAGEGH,2130
6541,36413,CASSLTGGGELFF,TAFTIPSI,1,SLTGGGEL,1196
6542,36414,CASSLTGGGELFF,TAFTIPSI,1,SLTGGGEL,1196
6543,36415,CASSSTGGNTIYF,TAFTIPSI,1,SSTGGNTI,291
6544,36416,CASSLTGNTEAFF,TAFTIPSI,1,SLTGNTEA,2526
6545,36421,CASSPPGGRADTQYF,TAFTIPSI,1,PPGGRADT,2907
6546,36422,CASAQGRGTEAFF,TAFTIPSI,1,AQGRGTEA,3212
6547,36423,CASSLTGGGELFF,TAFTIPSI,1,SLTGGGEL,1196
6548,36424,CASSLTGGGELFF,TAFTIPSI,1,SLTGGGEL,1196
6549,36425,CATSDLQGVRGVNEQFF,TAFTIPSI,1,LQGVRGVN,2132
6550,36426,CASSLTGGGKLFF,TAFTIPSI,1,SLTGGGKL,4305
6551,36427,CASSPPGGRADTQYF,TAFTIPSI,1,PPGGRADT,2907
6552,36428,CASSSGRGGEQYF,TAFTIPSI,1,SSGRGGEQ,4382
6553,36430,CASSLTGGGKLFF,TAFTIPSI,1,SLTGGGKL,4305
6554,36431,CASSLTGGGKLFF,TAFTIPSI,1,SLTGGGKL,4305
6555,36432,CASSLTGGNTIYF,TAFTIPSI,1,SLTGGNTI,3958
6556,36433,CASSLTGGGELFF,TAFTIPSI,1,SLTGGGEL,1196
6557,36434,CASSSNPIVPQETQYF,TAFTIPSI,1,SNPIVPQE,1381
6558,36436,CASSLTGGGELFF,TAFTIPSI,1,SLTGGGEL,1196
6559,36437,CASSSTGGNTIYF,TAFTIPSI,1,SSTGGNTI,291
6560,36438,CASSLTGGARARLFF,TAFTIPSI,1,LTGGARAR,3014
6561,36439,CASRKWNGELFF,TAFTIPSI,1,SRKWNGEL,1348
6562,36440,CASSRRGEGHNEQFF,TAFTIPSI,1,RRGEGHNE,39
6563,36441,CASSSANYGYTF,NLVPMVATV,1,SSSANYGY,3390
6564,36442,CASSSVNEQYF,NLVPMVATV,1,SSSVNEQY,1023
6565,36443,CASSSVNEQYF,NLVPMVATV,1,SSSVNEQY,1023
6566,36444,CAWVPGTGGTEAFF,NLVPMVATV,1,VPGTGGTE,2447
6567,36445,CASSYWDRITSGNTIYF,NLVPMVATV,1,WDRITSGN,52
6568,36455,CASSSANYGYTF,NLVPMVATV,1,SSSANYGY,3390
6569,36471,CASSQEGGGQGQPQHF,TPQDLNTML,1,QEGGGQGQ,4136
6570,36472,CASSLATDGYTF,TPQDLNTML,1,SSLATDGY,2749
6571,36473,CASSQEGGGDGQPQHF,TPQDLNTML,1,QEGGGDGQ,2639
6572,36474,CASSFGLDEAFF,TPQDLNTML,1,SSFGLDEA,4598
6573,36476,CASSFSKNTEAFF,TPQDLNTML,1,SFSKNTEA,605
6574,36482,CASSHLDSGLAVDTEAFF,FPRPWLHGL,1,LDSGLAVD,5348
6575,36483,CASSFRQGLGHTGELFF,FPRPWLHGL,1,RQGLGHTG,47
6576,36484,CASSLWSGASNEQFF,FPRPWLHGL,1,LWSGASNE,1288
6577,36485,CASSLYSGADQPQHF,FPRPWLHGL,1,LYSGADQP,3800
6578,36487,CASRTSGEETQYF,IIKDYGKQM,1,RTSGEETQ,1725
6579,36488,CASSVDKGGTDTQYF,IIKDYGKQM,1,VDKGGTDT,4630
6580,36489,CASSEDKGGGDTQYF,IIKDYGKQM,1,EDKGGGDT,1098
6581,36490,CASSVDKGGVDEQFF,IIKDYGKQM,1,VDKGGVDE,399
6582,36491,CASGDSGDEQFF,IIKDYGKQM,1,SGDSGDEQ,4039
6583,36497,CASSLVFGTAGGQQFF,TPQDLNTML,1,LVFGTAGG,3
6584,36498,CASSFSKNTEAFF,TPQDLNTML,1,SFSKNTEA,605
6585,36501,CASRTSGEETQYF,IIKDYGKQM,1,RTSGEETQ,1725
6586,36502,CASSVDKGGTDTQYF,IIKDYGKQM,1,VDKGGTDT,4630
6587,36503,CASSEDKGGGDTQYF,IIKDYGKQM,1,EDKGGGDT,1098
6588,36504,CASSVDKGGVDEQFF,IIKDYGKQM,1,VDKGGVDE,399
6589,36505,CASGDSGDEQFF,IIKDYGKQM,1,SGDSGDEQ,4039
6590,36511,CASRGTGVHEQYF,IIKDYGKQM,1,RGTGVHEQ,3298
6591,36512,CASSVDKGGADTQYF,IIKDYGKQM,1,VDKGGADT,2372
6592,36513,CASRTSGGHEQFF,IIKDYGKQM,1,RTSGGHEQ,2051
6593,36515,CASSQDRLVNADTQYF,RPGGKKHYM,1,QDRLVNAD,87
6594,36516,CASSLAGDRGNYGYTF,RPGGKKHYM,1,LAGDRGNY,1527
6595,36517,CASRRQGALNTEAFF,RPGGKKHYM,1,RQGALNTE,4901
6596,36520,CASSTPGEGGEQFF,SLYNTVATL,1,STPGEGGE,1326
6597,36521,CASSFDAEQFF,SLYNTVATL,1,SSFDAEQF,2385
6598,36522,CASSDRTGGGETQYF,SLYNTVATL,1,DRTGGGET,3846
6599,36524,CASSFDAEQFF,SLYNTVATL,1,SSFDAEQF,2385
6600,36525,CASSDRTGGGETQYF,SLYNTVATL,1,DRTGGGET,3846
6601,36527,CASSYGMGVGDRDTQYF,SLYNTVATL,1,GMGVGDRD,4044
6602,36528,CASSRTAGTYYNEQFF,SLYNTVATL,1,RTAGTYYN,2674
6603,36529,CASSLPTENTDTQYF,SLYNTVATL,1,LPTENTDT,1163
6604,36530,CASSASTGGGYTF,SLYNTVATL,1,SASTGGGY,1090
6605,36531,CASSFLAGGITDTQYF,SLYNTVATL,1,FLAGGITD,4662
6606,36541,CATSDPIRASSHEQFF,SLYNTVATL,1,DPIRASSH,2816
6607,36543,CATSDPIRASSHEQFF,SLYNTVATL,1,DPIRASSH,2816
6608,36544,CATSDPIRASSHEQFF,SLYNTVATL,1,DPIRASSH,2816
6609,36546,CASSPNGDRVFDQPQHF,EIYKRWII,1,NGDRVFDQ,3040
6610,36547,CASSENSLGRGLVKTQYF,EIYKRWII,1,NSLGRGLV,665
6611,36548,CASSPNGDRVFDQPQHF,EIYKRWII,1,NGDRVFDQ,3040
6612,36549,CASSPPMGRAEGYTF,EIYKRWII,1,PPMGRAEG,130
6613,36551,CASSENSLGRGLVKTQYF,EIYKRWII,1,NSLGRGLV,665
6614,36558,CASSPLAVGKETQYF,EIYKRWII,1,PLAVGKET,4847
6615,36559,CASSLSGRGATEAFF,EIYKRWII,1,LSGRGATE,2304
6616,36560,CASSLMDRTEAFF,EIYKRWII,1,SLMDRTEA,916
6617,36561,CAITDGNGPRIGYTF,EIYKRWII,1,DGNGPRIG,3905
6618,36563,CASSLPGQGRTPLHF,EIYKRWII,1,LPGQGRTP,3451
6619,36576,CASSPSGQGARTGELFF,EIYKRWII,1,SGQGARTG,3859
6620,36577,CASSPAGSYTEAFF,EIYKRWII,1,SPAGSYTE,1850
6621,36578,CASSLTAGARVWQFF,EIYKRWII,1,LTAGARVW,2272
6622,36579,CSVRQGYEQYF,EIYKRWII,1,VRQGYEQY,2532
6623,36580,CASSVLGGNYGYTF,EIYKRWII,1,SVLGGNYG,5424
6624,36581,CASSYLWGQYEQYF,EIYKRWII,1,SYLWGQYE,4740
6625,36582,CASSFLEDGYTF,EIYKRWII,1,SSFLEDGY,2817
6626,36583,CASRGLAGGDTQYF,EIYKRWII,1,RGLAGGDT,3425
6627,36592,CASSYGGTEAFF,EIYKRWII,1,SSYGGTEA,56
6628,36593,CASSVLGGRTGELFF,EIYKRWII,1,VLGGRTGE,2337
6629,36594,CASSEVGSKSRQGAYEQYF,EIYKRWII,1,GSKSRQGA,1132
6630,36595,CASSTPGRRTSNQPQHF,EIYKRWII,1,PGRRTSNQ,2810
6631,36596,CASSLNGFRGDTEAFF,EIYKRWII,1,LNGFRGDT,1045
6632,36597,CASSQDRRDTYTYEQYF,EIYKRWII,1,DRRDTYTY,3125
6633,36599,CASSFQGERTEAFF,EIYKRWII,1,SFQGERTE,4885
6634,36609,CASRNRAAGRFRETQYF,EIYKRWII,1,RAAGRFRE,4816
6635,36620,CASSLIPGNQPQHF,EIYKRWII,1,SLIPGNQP,2307
6636,36622,CASSLDDGRRPLHF,EIYKRWII,1,SLDDGRRP,3991
6637,36625,CASSLIPGNQPQHF,EIYKRWII,1,SLIPGNQP,2307
6638,36626,CSARLSYEQYF,EIYKRWII,1,ARLSYEQY,4195
6639,36627,CASSEASPGRSYGYTF,EIYKRWII,1,EASPGRSY,3239
6640,36628,CASSMLDGGRDEQFF,EIYKRWII,1,MLDGGRDE,3509
6641,36629,CSARWDYEQYF,EIYKRWII,1,ARWDYEQY,5136
6642,36630,CASSPLTSGGARDTQYF,EIYKRWII,1,LTSGGARD,157
6643,36631,CASSPTGTGVRNTEAFF,EIYKRWII,1,TGTGVRNT,1427
6644,36634,CSARENYEQYF,EIYKRWII,1,ARENYEQY,3465
6645,36638,CSARENYEQYF,EIYKRWII,1,ARENYEQY,3465
6646,36639,CASSEASPGRSYGYTF,EIYKRWII,1,EASPGRSY,3239
6647,36640,CASSPLTSGGARDTQYF,EIYKRWII,1,LTSGGARD,157
6648,36643,CASSQSPTRLAGTPHNEQFF,EIYKRWII,1,PTRLAGTP,725
6649,36644,CASSLDLNRERTGELFF,EIYKRWII,1,DLNRERTG,4854
6650,36645,CASGGQGDRQPQHF,EIYKRWII,1,GGQGDRQP,11
6651,36646,CASSLVEIRNEQFF,EIYKRWII,1,SLVEIRNE,113
6652,36647,CASSQSPTRLAGTPHNEQFF,EIYKRWII,1,PTRLAGTP,725
6653,36653,CASSVVGDSRETQYF,EIYKRWII,1,VVGDSRET,3548
6654,36658,CASSVLAGLGNEQFF,FLKEKGGL,1,VLAGLGNE,1287
6655,36660,CASSLLAGLTDTQYF,FLKEKGGL,1,LLAGLTDT,3498
6656,36661,CASSVLAGLGNEQFF,FLKEKGGL,1,VLAGLGNE,1287
6657,36662,CASSVLAGLGNEQFF,FLKEKGGL,1,VLAGLGNE,1287
6658,36664,CASSHSPGTSGSPGVTQYF,FLKEKGGL,1,PGTSGSPG,1226
6659,36665,CASSQGQGIALYGYTF,FLKEKGGL,1,QGQGIALY,4469
6660,36666,CASSPNSGRVTGELFF,FLKEKGGL,1,PNSGRVTG,191
6661,36667,CASSLGQGLVLSGYTF,FLKEKGGL,1,LGQGLVLS,3636
6662,36669,CSARDRGRALNEQFF,FLKEKGGL,1,DRGRALNE,3030
6663,36670,CASSFLHPSTEAFF,FLKEKGGL,1,SFLHPSTE,1227
6664,36671,CASRDFPSGGSYEQYF,FLKEKGGL,1,DFPSGGSY,4018
6665,36672,CASTYTGGAGGELFF,FLKEKGGL,1,YTGGAGGE,1676
6666,36674,CASRYLRGEGAHPSNTEAFF,FLKEKGGL,1,RGEGAHPS,2033
6667,36675,CASSTLASGRYEQYF,FLKEKGGL,1,TLASGRYE,4435
6668,36676,CASSPIEGLAKNIQYF,FLKEKGGL,1,PIEGLAKN,2679
6669,36677,CASSLMESVWVEQFF,FLKEKGGL,1,LMESVWVE,1897
6670,36678,CASSEFGQGFYEQYF,FLKEKGGL,1,EFGQGFYE,3041
6671,36679,CASSQWGLPTDTQYF,FLKEKGGL,1,QWGLPTDT,2831
6672,36680,CASSEFPAGVYEQFF,FLKEKGGL,1,EFPAGVYE,2935
6673,36683,CASSTLASGRYEQYF,FLKEKGGL,1,TLASGRYE,4435
6674,36685,CASSLGDLYTGELFF,FLKEKGGL,1,LGDLYTGE,5632
6675,36686,CASSYLAGQGAPYSNQPQHF,FLKEKGGL,1,AGQGAPYS,4288
6676,36687,CASSDSGAGTPNGYTF,FLKEKGGL,1,DSGAGTPN,289
6677,36690,CASRVGQGVVGELFF,FLKEKGGL,1,VGQGVVGE,5092
6678,36691,CASGVLREAFF,FLKEKGGL,1,SGVLREAF,3638
6679,36692,CASSLDHQAGHEQYF,FLKEKGGL,1,LDHQAGHE,2433
6680,36695,CASSYQTGTGTYGYTF,FLKEKGGL,1,YQTGTGTY,1804
6681,36696,CASRVGQGVVGELFF,FLKEKGGL,1,VGQGVVGE,5092
6682,36697,CASSLLDRVREDTQYF,FLKEKGGL,1,LLDRVRED,5499
6683,36698,CASGVLREAFF,FLKEKGGL,1,SGVLREAF,3638
6684,36699,CSARDHLRANEKLFF,FLKEKGGL,1,DHLRANEK,3482
6685,36704,CASSELAGLGTEAFF,FLKEKGGL,1,ELAGLGTE,2908
6686,36705,CASSWGIGSQQETQYF,FLKEKGGL,1,WGIGSQQE,4829
6687,36715,CASSFQGERTEAFF,EIYKRWII,1,SFQGERTE,4885
6688,36716,CASSVLGGRTGELFF,EIYKRWII,1,VLGGRTGE,2337
6689,36720,CASSTPGRRTSNQPQHF,EIYKRWII,1,PGRRTSNQ,2810
6690,36721,CASRNRAAGRFRETQYF,EIYKRWII,1,RAAGRFRE,4816
6691,36722,CASSLPTALTGELFF,EIYKRWII,1,LPTALTGE,4568
6692,36725,CASSLIPGNQPQHF,EIYKRWII,1,SLIPGNQP,2307
6693,36729,CASSLDDGRRPLHF,EIYKRWII,1,SLDDGRRP,3991
6694,36730,CASSLIDGARDEQFF,EIYKRWII,1,LIDGARDE,5221
6695,36731,CASSLSRDRNEQFF,EIYKRWII,1,SLSRDRNE,2613
6696,36732,CSGGPLETQYF,EIYKRWII,1,GGPLETQY,144
6697,36733,CASSVGGDARETQYF,EIYKRWII,1,VGGDARET,1490
6698,36734,CASSASTKDTQYF,EIYKRWII,1,SASTKDTQ,3345
6699,36735,CASSKEHRGTEDYEQYF,EIYKRWII,1,EHRGTEDY,3750
6700,36741,CASSVGGDARETQYF,EIYKRWII,1,VGGDARET,1490
6701,36742,CASSASTKDTQYF,EIYKRWII,1,SASTKDTQ,3345
6702,36744,CASSSRTGELFF,KRWIILGLNK,1,SSSRTGEL,5667
6703,36745,CASSPGRLSHEQFF,KRWIILGLNK,1,SPGRLSHE,1605
6704,36746,CASSAQTGFLFF,KRWIILGLNK,1,SSAQTGFL,3024
6705,36747,CASSPGRTSHEQFF,KRWIILGLNK,1,SPGRTSHE,2748
6706,36748,CASSWDRNEQFF,KRWIILGLNK,1,SSWDRNEQ,4212
6707,36749,CASSPGQLGNTIYF,KRWIILGLNK,1,SPGQLGNT,5649
6708,36750,CASSQGAGGIEQFF,KRWIILGLNK,1,SQGAGGIE,1766
6709,36755,CASSSRTGELFF,KRWIILGLNK,1,SSSRTGEL,5667
6710,36759,CASSPRTGELFF,KRWIILGLNK,1,SSPRTGEL,3086
6711,36766,CASSPGRTSHEQFF,KRWIILGLNK,1,SPGRTSHE,2748
6712,36772,CASSPGRLSHEQFF,KRWIILGLNK,1,SPGRLSHE,1605
6713,36775,CASSPGQVAYEQYF,KRWIILGLNK,1,SPGQVAYE,4407
6714,36776,CASSQGVLAYEQYF,KRWIILGLNK,1,SQGVLAYE,1955
6715,36777,CASSLDRGEQFF,KRWIILGLNK,1,SSLDRGEQ,759
6716,36778,CASSAGISAYEQYF,KRWIILGLNK,1,SAGISAYE,5207
6717,36780,CSAREGVAGALYEQYF,KRWIILGLNK,1,EGVAGALY,2795
6718,36783,CASSAGISAYEQYF,KRWIILGLNK,1,SAGISAYE,5207
6719,36784,CASSPGQVAYEQYF,KRWIILGLNK,1,SPGQVAYE,4407
6720,36785,CSAREGVAGALYEQYF,KRWIILGLNK,1,EGVAGALY,2795
6721,36786,CATSMGQTTYEQYF,KRWIILGLNK,1,SMGQTTYE,364
6722,36787,CASSVVSDNEQFF,KRWIILGLNK,1,SVVSDNEQ,1983
6723,36788,CASGFGGTEAFF,KRWIILGLNK,1,SGFGGTEA,3762
6724,36789,CASSQGTSDYEQYF,KRWIILGLNK,1,SQGTSDYE,500
6725,36790,CASSQGRGDYGYTF,KRWIILGLNK,1,SQGRGDYG,1729
6726,36791,CASATGIFNNEQFF,KRWIILGLNK,1,ATGIFNNE,1311
6727,36794,CASSVVSDNEQFF,KRWIILGLNK,1,SVVSDNEQ,1983
6728,36795,CSAREGQGSIEQYF,KRWIILGLNK,1,REGQGSIE,1318
6729,36796,CASSTGLAGGKEQYF,KRWIILGLNK,1,TGLAGGKE,1898
6730,36797,CASATGIFNNEQFF,KRWIILGLNK,1,ATGIFNNE,1311
6731,36798,CASSQGTSDYEQYF,KRWIILGLNK,1,SQGTSDYE,500
6732,36800,CASSQEWSYEQYF,FLKEKGGL,1,SQEWSYEQ,1353
6733,36801,CASSEFPAGVYEQFF,FLKEKGGL,1,EFPAGVYE,2935
6734,36802,CASTVARDGGELFF,FLKEKGGL,1,TVARDGGE,3121
6735,36803,CASSYGLNTEAFF,FLKEKGGL,1,SYGLNTEA,3712
6736,36804,CASSTLASGRYEQYF,FLKEKGGL,1,TLASGRYE,4435
6737,36807,CASRYLRGEGAHPSNTEAFF,FLKEKGGL,1,RGEGAHPS,2033
6738,36808,CASSEFGQGFYEQYF,FLKEKGGL,1,EFGQGFYE,3041
6739,36809,CASSEFPAGVYEQFF,FLKEKGGL,1,EFPAGVYE,2935
6740,36815,CASSLMESVWVEQFF,FLKEKGGL,1,LMESVWVE,1897
6741,36820,CASSLGDLYTGELFF,FLKEKGGL,1,LGDLYTGE,5632
6742,36821,CASSSLGGGRGINSPLHF,FLKEKGGL,1,LGGGRGIN,4340
6743,36823,CASSYLAGQGAPYSNQPQHF,FLKEKGGL,1,AGQGAPYS,4288
6744,36824,CASSLGDLYTGELFF,FLKEKGGL,1,LGDLYTGE,5632
6745,36825,CASSDSGAGTPNGYTF,FLKEKGGL,1,DSGAGTPN,289
6746,36826,CASSYLAGQGAPYSNQPQHF,FLKEKGGL,1,AGQGAPYS,4288
6747,36828,CASSLAPGTSGSPYNEQFF,FLKEKGGL,1,PGTSGSPY,2780
6748,36829,CASSLGTGIANYGYTF,FLKEKGGL,1,LGTGIANY,1708
6749,36830,CASSLGTGIANYGYTF,FLKEKGGL,1,LGTGIANY,1708
6750,36831,CATKGTGLYNEQFF,FLKEKGGL,1,KGTGLYNE,3604
6751,36832,CASSLAPGTSGSPYNEQFF,FLKEKGGL,1,PGTSGSPY,2780
6752,36834,CASSPGKLDSEETQYF,TPRVTGGGAM,1,PGKLDSEE,5253
6753,36836,CASSLGPNNYYGYTF,TPRVTGGGAM,1,LGPNNYYG,4997
6754,36839,CASGLGSSPMFNEQFF,TPRVTGGGAM,1,LGSSPMFN,1430
6755,36842,CASSLGPASYEQYF,TPRVTGGGAM,1,SLGPASYE,2459
6756,36844,CASSLGPNNYYGYTF,TPRVTGGGAM,1,LGPNNYYG,4997
6757,36845,CASSTQDLQGARSPLHF,TPRVTGGGAM,1,QDLQGARS,372
6758,36846,CASSLGPNNYYGYTF,TPRVTGGGAM,1,LGPNNYYG,4997
6759,36848,CASSLGAAGRELFF,TPRVTGGGAM,1,SLGAAGRE,5149
6760,36850,CASGLGSSPMFNEQFF,TPRVTGGGAM,1,LGSSPMFN,1430
6761,36852,CASSLGPASYEQYF,TPRVTGGGAM,1,SLGPASYE,2459
6762,36853,CASSTQDLQGARSPLHF,TPRVTGGGAM,1,QDLQGARS,372
6763,36854,CASSLGPNNYYGYTF,TPRVTGGGAM,1,LGPNNYYG,4997
6764,36855,CASSLGAAGRELFF,TPRVTGGGAM,1,SLGAAGRE,5149
6765,36857,CASGLGSSPMFNEQFF,TPRVTGGGAM,1,LGSSPMFN,1430
6766,36858,CASSLGPASYEQYF,TPRVTGGGAM,1,SLGPASYE,2459
6767,36860,CASSPRDSQPYGYTF,TPRVTGGGAM,1,PRDSQPYG,5336
6768,36861,CASSKEDREKETQYF,TPRVTGGGAM,1,KEDREKET,1830
6769,36863,CASSLGSANTDTQYF,TPRVTGGGAM,1,LGSANTDT,344
6770,36864,CSGGALGQDFGGYTF,TPRVTGGGAM,1,ALGQDFGG,1455
6771,36866,CASSKEDREKETQYF,TPRVTGGGAM,1,KEDREKET,1830
6772,36870,CASSLSYSTLSYEQYF,TPRVTGGGAM,1,LSYSTLSY,382
6773,36871,CSGGALGQDFGGYTF,TPRVTGGGAM,1,ALGQDFGG,1455
6774,36874,CATAEGAGELFF,TPRVTGGGAM,1,TAEGAGEL,3528
6775,36875,CASSKEDREKETQYF,TPRVTGGGAM,1,KEDREKET,1830
6776,36876,CASSLSHSTGNYGYTF,TPRVTGGGAM,1,LSHSTGNY,1160
6777,36877,CASRLGLAGGINEQFF,TPRVTGGGAM,1,LGLAGGIN,236
6778,36878,CASTLGSAGPQFNEQFF,TPRVTGGGAM,1,GSAGPQFN,3766
6779,36879,CASSLSPSTGRVEQYF,TPRVTGGGAM,1,LSPSTGRV,391
6780,36880,CASSLGSTPYEQYF,TPRVTGGGAM,1,SLGSTPYE,1251
6781,36881,CASSKEDREKETQYF,TPRVTGGGAM,1,KEDREKET,1830
6782,36883,CASRLGLAGGINEQFF,TPRVTGGGAM,1,LGLAGGIN,236
6783,36884,CASTLGSAGPQFNEQFF,TPRVTGGGAM,1,GSAGPQFN,3766
6784,36886,CASSLSYSTLSYEQYF,TPRVTGGGAM,1,LSYSTLSY,382
6785,36887,CSGGALGQDFGGYTF,TPRVTGGGAM,1,ALGQDFGG,1455
6786,36889,CASSYSPPIPGQGIDEQYF,YSEHPTFTSQY,1,PPIPGQGI,3965
6787,36890,CASSSQRESSDTQYF,YSEHPTFTSQY,1,SQRESSDT,4659
6788,36891,CASSQWERDPQYF,YSEHPTFTSQY,1,SQWERDPQ,1601
6789,36893,CASSQVLRVLSYNEQFF,YSEHPTFTSQY,1,VLRVLSYN,5236
6790,36895,CATSSRDTSSDEQFF,YSEHPTFTSQY,1,SRDTSSDE,732
6791,36899,CASSLLRDSPTDTQYF,YSEHPTFTSQY,1,LLRDSPTD,1681
6792,36905,CASSYSPPIPGQGIDEQYF,YSEHPTFTSQY,1,PPIPGQGI,3965
6793,36906,CASSSQRESSDTQYF,YSEHPTFTSQY,1,SQRESSDT,4659
6794,36907,CASSQWERDPQYF,YSEHPTFTSQY,1,SQWERDPQ,1601
6795,36909,CASSQVLRVLSYNEQFF,YSEHPTFTSQY,1,VLRVLSYN,5236
6796,36911,CASTRADTGELFF,YSEHPTFTSQY,1,TRADTGEL,2331
6797,36912,CATSSPMGSTDTQYF,YSEHPTFTSQY,1,SPMGSTDT,1236
6798,36913,CATAQNRLQETQYF,YSEHPTFTSQY,1,AQNRLQET,2587
6799,36915,CASSYSPPIPGQGIDEQYF,YSEHPTFTSQY,1,PPIPGQGI,3965
6800,36916,CASSSQRESSDTQYF,YSEHPTFTSQY,1,SQRESSDT,4659
6801,36917,CASSQWERDPQYF,YSEHPTFTSQY,1,SQWERDPQ,1601
6802,36919,CASSQVLRVLSYNEQFF,YSEHPTFTSQY,1,VLRVLSYN,5236
6803,36921,CATSSRDTSSDEQFF,YSEHPTFTSQY,1,SRDTSSDE,732
6804,36925,CASSLLRDSPTDTQYF,YSEHPTFTSQY,1,LLRDSPTD,1681
6805,36930,CASTRADTGELFF,YSEHPTFTSQY,1,TRADTGEL,2331
6806,36931,CATSSPMGSTDTQYF,YSEHPTFTSQY,1,SPMGSTDT,1236
6807,36932,CSVEGLAGTGELFF,YSEHPTFTSQY,1,EGLAGTGE,384
6808,36934,CATSRPTSGSDEQFF,YSEHPTFTSQY,1,RPTSGSDE,713
6809,36942,CASSYSPPIPGQGIDEQYF,YSEHPTFTSQY,1,PPIPGQGI,3965
6810,36943,CASSSQRESSDTQYF,YSEHPTFTSQY,1,SQRESSDT,4659
6811,36944,CASSQWERDPQYF,YSEHPTFTSQY,1,SQWERDPQ,1601
6812,36946,CASSQVLRVLSYNEQFF,YSEHPTFTSQY,1,VLRVLSYN,5236
6813,36948,CATSSRDTSSDEQFF,YSEHPTFTSQY,1,SRDTSSDE,732
6814,36951,CASSLLRDSPTDTQYF,YSEHPTFTSQY,1,LLRDSPTD,1681
6815,36955,CASTRADTGELFF,YSEHPTFTSQY,1,TRADTGEL,2331
6816,36956,CATSSPMGSTDTQYF,YSEHPTFTSQY,1,SPMGSTDT,1236
6817,36957,CSVEGLAGTGELFF,YSEHPTFTSQY,1,EGLAGTGE,384
6818,36959,CATSRPTSGSDEQFF,YSEHPTFTSQY,1,RPTSGSDE,713
6819,36967,CAISEWDIHSSGNTIYF,NLVPMVATV,1,WDIHSSGN,5121
6820,36968,CAISEWDIHSSGNTIYF,NLVPMVATV,1,WDIHSSGN,5121
6821,36969,CASSPLFGREPDGETQYF,NLVPMVATV,1,LFGREPDG,287
6822,36970,CAISEWDIHSSGNTIYF,NLVPMVATV,1,WDIHSSGN,5121
6823,36971,CAISEWDIHSSGNTIYF,NLVPMVATV,1,WDIHSSGN,5121
6824,36972,CAISEWDIHSSGNTIYF,NLVPMVATV,1,WDIHSSGN,5121
6825,36973,CATSRPLDSTDTQYF,YSEHPTFTSQY,1,RPLDSTDT,2334
6826,36976,CATSRPLDSTDTQYF,YSEHPTFTSQY,1,RPLDSTDT,2334
6827,36982,CATSRPLDSTDTQYF,YSEHPTFTSQY,1,RPLDSTDT,2334
6828,36985,CASSPGLGAEAFF,YSEHPTFTSQY,1,SPGLGAEA,813
6829,36986,CSVWGETQYF,YSEHPTFTSQY,1,SVWGETQY,5232
6830,36987,CAISESGSPEQYF,YSEHPTFTSQY,1,SESGSPEQ,2898
6831,36990,CASSRLAGGTGELFF,QIKVRVKMV,1,RLAGGTGE,1105
6832,36992,CSVEESGLAGNTGELFF,QIKVRVKMV,1,SGLAGNTG,210
6833,36996,CASSLGVSEPQHF,QIKVRVKMV,1,SLGVSEPQ,1758
6834,36997,CASSSGTSGYEQYF,QIKVRVKMV,1,SSGTSGYE,4333
6835,36999,CASSRLAGGTGELFF,QIKVRVKMV,1,RLAGGTGE,1105
6836,37001,CASSLSRGAYEQYF,QIKVRVKMV,1,SLSRGAYE,4732
6837,37002,CASSPGGQGGQPQHF,QIKVRVKMV,1,PGGQGGQP,1528
6838,37003,CASSRLAGGTGELFF,QIKVRVKMV,1,RLAGGTGE,1105
6839,37005,CSVEESGLAGNTGELFF,QIKVRVKMV,1,SGLAGNTG,210
6840,37009,CSVGRDRDHGYTF,QIKVRVKMV,1,GRDRDHGY,3814
6841,37010,CSGVVGRGAYNEQFF,QIKVRVKMV,1,VGRGAYNE,2894
6842,37011,CASSYGPVETEAFF,QIKVRVKMV,1,SYGPVETE,393
6843,37017,CASSSREVTGELFF,QIKVRVKMV,1,SSREVTGE,2468
6844,37018,CASKWTSGGPNTGELFF,QIKVRVKMV,1,TSGGPNTG,3238
6845,37021,CASSSREVTGELFF,QIKVRVKMV,1,SSREVTGE,2468
6846,37022,CASKWTSGGPNTGELFF,QIKVRVKMV,1,TSGGPNTG,3238
6847,37023,CASSSREVTGELFF,QIKVRVKMV,1,SSREVTGE,2468
6848,37024,CASKWTSGGPNTGELFF,QIKVRVKMV,1,TSGGPNTG,3238
6849,37028,CASSSREVTGELFF,QIKVRVKMV,1,SSREVTGE,2468
6850,37029,CASKWTSGGPNTGELFF,QIKVRVKMV,1,TSGGPNTG,3238
6851,37033,CSVGQGATEQYF,VLEETSVML,1,VGQGATEQ,4108
6852,37034,CASSVRQEPYNEQFF,VLEETSVML,1,VRQEPYNE,5417
6853,37035,CSVGQGATEQYF,VLEETSVML,1,VGQGATEQ,4108
6854,37036,CASSVRQEPYNEQFF,VLEETSVML,1,VRQEPYNE,5417
6855,37037,CASSDTPQPFSSGYTF,EPLPQGQLTAY,1,DTPQPFSS,1756
6856,37038,CASSDVAPAPFYGYTF,EPLPQGQLTAY,1,DVAPAPFY,3622
6857,37039,CASSIDLRGYQNIQYF,EPLPQGQLTAY,1,IDLRGYQN,5691
6858,37042,CASSDTPQPFSSGYTF,EPLPQGQLTAY,1,DTPQPFSS,1756
6859,37043,CASSDVAPAPFYGYTF,EPLPQGQLTAY,1,DVAPAPFY,3622
6860,37044,CASSIDLRGYQNIQYF,EPLPQGQLTAY,1,IDLRGYQN,5691
6861,37045,CASSQDGAGGLGEQFF,GLCTLVAML,1,QDGAGGLG,1566
6862,37046,CSARSRVGNTIYF,GLCTLVAML,2,RSRVGNTI,5284
6863,37047,CSARDSPGNGYTF,GLCTLVAML,1,RDSPGNGY,3966
6864,37051,CASSQDGAGGLGEQFF,GLCTLVAML,1,QDGAGGLG,1566
6865,37052,CSARDKTGNGYTF,GLCTLVAML,1,RDKTGNGY,2280
6866,37054,CASSLPSGGTNNEQFF,RPPIFIRRL,1,LPSGGTNN,1800
6867,37055,CASSLPSGGTNNEQFF,RPPIFIRRL,1,LPSGGTNN,1800
6868,37056,CSARDQGEWGIKETQYF,RPPIFIRRL,1,QGEWGIKE,873
6869,37057,CASSLMTGELFF,HPVGEADYFEY,1,SSLMTGEL,4072
6870,37059,CASSPSGTSPKNEQFF,HPVGEADYFEY,1,PSGTSPKN,3898
6871,37060,CASSLTGGYNEQFF,HPVGEADYFEY,1,SLTGGYNE,2215
6872,37061,CASSLMTGELFF,HPVGEADYFEY,1,SSLMTGEL,4072
6873,37063,CASSIRSAYEQYF,GILGFVFTL,1,SIRSAYEQ,2115
6874,37064,CASSGRSTDTQYF,GILGFVFTL,1,SGRSTDTQ,2923
6875,37065,CASSIISVDGYTF,GILGFVFTL,1,SIISVDGY,5422
6876,37070,CASSTRSSYEQYF,GILGFVFTL,1,STRSSYEQ,5131
6877,37071,CASSIRSAYEQYF,GILGFVFTL,1,SIRSAYEQ,2115
6878,37072,CASSGRSNTEAFF,GILGFVFTL,1,SGRSNTEA,2632
6879,37074,CASSITSSYNEQFF,GILGFVFTL,1,SITSSYNE,2511
6880,37075,CASSARATDTQYF,GILGFVFTL,1,SARATDTQ,3993
6881,37076,CASSTRSSYEQYF,GILGFVFTL,1,STRSSYEQ,5131
6882,37077,CASSMGSYGYTF,GILGFVFTL,1,SSMGSYGY,204
6883,37078,CASSTRSSYEQYF,GILGFVFTL,1,STRSSYEQ,5131
6884,37082,CASSIRSSYEQYF,GILGFVFTL,1,SIRSSYEQ,2985
6885,37083,CASSIRSSYEQYF,GILGFVFTL,1,SIRSSYEQ,2985
6886,37108,CASSIRSSYEQYF,GILGFVFTL,1,SIRSSYEQ,2985
6887,37134,CASSIRSSYEQYF,GILGFVFTL,1,SIRSSYEQ,2985
6888,37142,CASSIRSSYEQYF,GILGFVFTL,1,SIRSSYEQ,2985
6889,37149,CASSIRSSYEQYF,GILGFVFTL,1,SIRSSYEQ,2985
6890,37166,CASSIRSSYEQYF,GILGFVFTL,1,SIRSSYEQ,2985
6891,37167,CASSIRSSYEQYF,GILGFVFTL,1,SIRSSYEQ,2985
6892,37189,CASSIRSSYEQYF,GILGFVFTL,1,SIRSSYEQ,2985
6893,37217,CASSIRSSYEQYF,GILGFVFTL,1,SIRSSYEQ,2985
6894,37246,CASSIRSSYEQYF,GILGFVFTL,1,SIRSSYEQ,2985
6895,37268,CASSIRSSYEQYF,GILGFVFTL,1,SIRSSYEQ,2985
6896,37291,CASSIRSSYEQYF,GILGFVFTL,1,SIRSSYEQ,2985
6897,37320,CASSIRSSYEQYF,GILGFVFTL,1,SIRSSYEQ,2985
6898,37347,CASSIRSSYEQYF,GILGFVFTL,1,SIRSSYEQ,2985
6899,37370,CASSIRSSYEQYF,GILGFVFTL,1,SIRSSYEQ,2985
6900,37381,CASSIRSSYEQYF,GILGFVFTL,1,SIRSSYEQ,2985
6901,37434,CASSIRSTGELFF,GILGFVFTL,1,SIRSTGEL,862
6902,37442,CSARDGTGNGYTF,GLCTLVAML,1,RDGTGNGY,3396
6903,37444,CSARDGTGNGYTF,GLCTLVAML,1,RDGTGNGY,3396
6904,37445,CSARDGTGNGYTF,GLCTLVAML,1,RDGTGNGY,3396
6905,37453,CASSYGGGEDYGYTF,NLVPMVATV,1,YGGGEDYG,475
6906,37455,CSVGGTLDTQYF,NLVPMVATV,1,VGGTLDTQ,159
6907,37457,CASSYQTGAAYGYTF,NLVPMVATV,3,YQTGAAYG,691
6908,37460,CASSYQTGTIYGYTF,NLVPMVATV,1,YQTGTIYG,2267
6909,37461,CASSYQTGAAYGYTF,NLVPMVATV,3,YQTGAAYG,691
6910,37462,CASSCQTGAACGYTF,NLVPMVATV,2,CQTGAACG,5196
6911,37661,CASSQEGGGQGQPQHF,TPQDLNTML,1,QEGGGQGQ,4136
6912,37662,CASSLATDGYTF,TPQDLNTML,1,SSLATDGY,2749
6913,37663,CASSQEGGGDGQPQHF,TPQDLNTML,1,QEGGGDGQ,2639
6914,37664,CASSFGLDEAFF,TPQDLNTML,1,SSFGLDEA,4598
6915,37666,CASSFSKNTEAFF,TPQDLNTML,1,SFSKNTEA,605
6916,37672,CASSLGPTEAFF,TPQDLNTML,1,SSLGPTEA,5277
6917,37673,CASSLDPEKGAFF,TPQDLNTML,1,SLDPEKGA,2918
6918,37674,CASSLGLNTIYF,TPQDLNTML,1,SSLGLNTI,5534
6919,37675,CASSFSKNTEAFF,TPQDLNTML,1,SFSKNTEA,605
6920,37676,CASSLGVNTIYF,TPQDLNTML,1,SSLGVNTI,2182
6921,37677,CASSQGPTEAFF,TPQDLNTML,1,SSQGPTEA,2239
6922,37680,CASSLNGADGYTF,TPQDLNTML,1,SLNGADGY,990
6923,37681,CASSLGLNTIYF,TPQDLNTML,1,SSLGLNTI,5534
6924,37682,CASSSQTSGLFANTGELFF,TPQDLNTML,1,TSGLFANT,1286
6925,37683,CASSLVFGTAGGQQFF,TPQDLNTML,1,LVFGTAGG,3
6926,37684,CASSFSKNTEAFF,TPQDLNTML,1,SFSKNTEA,605
6927,37687,CASSLGANTIYF,TPQDLNTML,1,SSLGANTI,1454
6928,37688,CASSLAFGTSGGEQYF,TPQDLNTML,1,LAFGTSGG,168
6929,37689,CASSQEGGGGGQPQHF,TPQDLNTML,1,QEGGGGGQ,2224
6930,37690,CASSLSDVSWNTEAFF,TPQDLNTML,1,LSDVSWNT,2042
6931,37699,CASSSTITGMGDSGNTIYF,TPQDLNTML,1,ITGMGDSG,3556
6932,37703,CASRASTGSGNTIYF,TPQDLNTML,1,ASTGSGNT,1669
6933,37707,CASSFSKNTEAFF,TPQDLNTML,1,SFSKNTEA,605
6934,37708,CASSQEGGGQGQPQHF,TPQDLNTML,1,QEGGGQGQ,4136
6935,37710,CASSLGANTIYF,TPQDLNTML,1,SSLGANTI,1454
6936,37713,CASSDNPLVGGFTDTQYF,IIKDYGKQM,1,NPLVGGFT,3431
6937,37714,CSDDGGQEGYGYTF,IIKDYGKQM,1,DGGQEGYG,3468
6938,37717,CASSLALRGGDQETQYF,IIKDYGKQM,1,ALRGGDQE,4710
6939,37718,CASSSLRGTAADTQYF,IIKDYGKQM,1,SLRGTAAD,4235
6940,37723,CSVEGMRDYGYTF,IIKDYGKQM,1,EGMRDYGY,2833
6941,37725,CASRGSGVYEQYF,IIKDYGKQM,1,RGSGVYEQ,5028
6942,37726,CASSLVDPTGFGLETQYF,IIKDYGKQM,1,VDPTGFGL,422
6943,37727,CASSVDKGGADEQFF,IIKDYGKQM,1,VDKGGADE,646
6944,37729,CASSVDKGGTDTQYF,IIKDYGKQM,1,VDKGGTDT,4630
6945,37732,CASRGTGVHEQYF,IIKDYGKQM,1,RGTGVHEQ,3298
6946,37733,CASSVDKGGADTQYF,IIKDYGKQM,1,VDKGGADT,2372
6947,37734,CASRTSGGHEQFF,IIKDYGKQM,1,RTSGGHEQ,2051
6948,37736,CASRTSGEETQYF,IIKDYGKQM,1,RTSGEETQ,1725
6949,37737,CASSVDKGGTDTQYF,IIKDYGKQM,1,VDKGGTDT,4630
6950,37738,CASSEDKGGGDTQYF,IIKDYGKQM,1,EDKGGGDT,1098
6951,37739,CASSVDKGGVDEQFF,IIKDYGKQM,1,VDKGGVDE,399
6952,37740,CASGDSGDEQFF,IIKDYGKQM,1,SGDSGDEQ,4039
6953,37746,CASALEQGGYNEQFF,IIKDYGKQM,1,LEQGGYNE,5242
6954,37747,CASSVDKGGTDTQYF,IIKDYGKQM,1,VDKGGTDT,4630
6955,37748,CASSEDKGGGDTQYF,IIKDYGKQM,1,EDKGGGDT,1098
6956,37752,CASSVDKGGTDTQYF,IIKDYGKQM,1,VDKGGTDT,4630
6957,37753,CASSVDKGGTDEQFF,IIKDYGKQM,1,VDKGGTDE,1767
6958,37754,CASSVDKGGADEQFF,IIKDYGKQM,1,VDKGGADE,646
6959,37756,CASSHLDSGLAVDTEAFF,FPRPWLHGL,1,LDSGLAVD,5348
6960,37757,CASSFRQGLGHTGELFF,FPRPWLHGL,1,RQGLGHTG,47
6961,37758,CASSLWSGASNEQFF,FPRPWLHGL,1,LWSGASNE,1288
6962,37759,CASSLYSGADQPQHF,FPRPWLHGL,1,LYSGADQP,3800
6963,37761,CASSLWGGDFSQEQFF,FPRPWLHGL,1,LWGGDFSQ,3807
6964,37762,CASSLWSGVGDGYTF,FPRPWLHGL,1,LWSGVGDG,5562
6965,37763,CASSLYGGPEQPQHF,FPRPWLHGL,1,LYGGPEQP,3864
6966,37764,CASSPISDRSGNTIYF,FPRPWLHGL,1,PISDRSGN,321
6967,37775,CASSLFSGPSQTQYF,FPRPWLHGL,1,LFSGPSQT,2444
6968,37776,CASSLYSGGGQPQHF,FPRPWLHGL,1,LYSGGGQP,4476
6969,37777,CASSLYSGGDKEQYF,FPRPWLHGL,1,LYSGGDKE,5217
6970,37778,CASSLYGSPDQPQHF,FPRPWLHGL,1,LYGSPDQP,4543
6971,37779,CASSLYGGGDQPQHF,FPRPWLHGL,1,LYGGGDQP,3217
6972,37780,CSGGGYGSGTYEQYF,FPRPWLHGL,1,GYGSGTYE,899
6973,37781,CASSLWAGETEAFF,FPRPWLHGL,1,SLWAGETE,2436
6974,37790,CASSIKGYNEQFF,FPRPWLHGL,1,SIKGYNEQ,2742
6975,37791,CASSIQTGNSPLHF,FPRPWLHGL,1,SIQTGNSP,4993
6976,37801,CASSLWSGIADTQYF,FPRPWLHGL,1,LWSGIADT,4880
6977,37802,CASSLWAGGSNEQFF,FPRPWLHGL,1,LWAGGSNE,5399
6978,37814,CASSLFGSPEQPQHF,FPRPWLHGL,1,LFGSPEQP,1526
6979,37815,CASSLYTGSDQPQHF,FPRPWLHGL,1,LYTGSDQP,5467
6980,37816,CASQLYSGGDQPQHF,FPRPWLHGL,1,LYSGGDQP,1183
6981,37817,CASSLYSGPDQPQHF,FPRPWLHGL,1,LYSGPDQP,4211
6982,37827,CASSLWGGPTNEQYF,FPRPWLHGL,1,LWGGPTNE,4760
6983,37828,CASSSVDRSSYEQYF,FPRPWLHGL,1,SVDRSSYE,426
6984,37829,CASSLWGGSSNEQFF,FPRPWLHGL,1,LWGGSSNE,564
6985,37830,CASSLFSGGDQPQHF,FPRPWLHGL,1,LFSGGDQP,4605
6986,37831,CASSLWAGGSNEQFF,FPRPWLHGL,1,LWAGGSNE,5399
6987,37838,CASSLERSSEQYF,FPRPWLHGL,1,SLERSSEQ,5317
6988,37839,CASSQDRGPDTQYF,FPRPWLHGL,1,SQDRGPDT,315
6989,37840,CASSEGRDQETQYF,FPRPWLHGL,1,SEGRDQET,245
6990,37848,CASSLVGPPGELFF,LPPIVAKEI,1,SLVGPPGE,2967
6991,37849,CASSRSGLYEQYF,LPPIVAKEI,1,SRSGLYEQ,2699
6992,37852,CASSSRDGQEQYF,LPPIVAKEI,1,SSRDGQEQ,4670
6993,37856,CASSHGMGASTSGYTF,LPPIVAKEI,1,HGMGASTS,4074
6994,37857,CASSFPQNTEAFF,LPPIVAKEI,1,SFPQNTEA,4332
6995,37860,CASSDRQSLVQFF,LPPIVAKEI,1,SDRQSLVQ,2535
6996,37861,CASSKPLYEQYF,LPPIVAKEI,1,SSKPLYEQ,13
6997,37865,CASSPIQGSEQYF,LPPIVAKEI,1,SPIQGSEQ,1720
6998,37866,CASSSKDGQSQYF,LPPIVAKEI,1,SSKDGQSQ,60
6999,37867,CASSWTGPPGEQFF,LPPIVAKEI,1,SWTGPPGE,606
7000,37868,CASSPRQGKEQFF,LPPIVAKEI,1,SPRQGKEQ,3884
7001,37869,CASSLAQSREQYF,LPPIVAKEI,1,SLAQSREQ,5546
7002,37870,CASSSRQGKEAFF,LPPIVAKEI,1,SSRQGKEA,3597
7003,37871,CASSPRQGHEQYF,LPPIVAKEI,1,SPRQGHEQ,2793
7004,37872,CASSPRTGGTEAFF,LPPIVAKEI,1,SPRTGGTE,3782
7005,37882,CASSLVGPPGEAFF,LPPIVAKEI,1,SLVGPPGE,2967
7006,37883,CASRDRQSHEQYF,LPPIVAKEI,1,RDRQSHEQ,2204
7007,37886,CSARGLGVNTEAFF,LPPIVAKEI,1,RGLGVNTE,3129
7008,37887,CASIPNLGNEQFF,LPPIVAKEI,1,IPNLGNEQ,4134
7009,37888,CASSLWGAKMNTEAFF,LPPIVAKEI,1,LWGAKMNT,3656
7010,37892,CSATDRASGIEQYF,HPKVSSEVHI,1,TDRASGIE,1976
7011,37893,CSATSRDSALEQYF,HPKVSSEVHI,1,TSRDSALE,2383
7012,37894,CASSQEGWDGRYEQYF,HPKVSSEVHI,1,QEGWDGRY,1855
7013,37903,CSATDRDGGLEQYF,HPKVSSEVHI,1,TDRDGGLE,5594
7014,37904,CASSLGPVEAFF,HPKVSSEVHI,1,SSLGPVEA,2364
7015,37905,CSATSRDRGLEQYF,HPKVSSEVHI,1,TSRDRGLE,1280
7016,37911,CASSLSRTGFYEQYF,HPKVSSEVHI,1,LSRTGFYE,3167
7017,37912,CASSLGADQPQHF,HPKVSSEVHI,1,SLGADQPQ,1672
7018,37913,CASGAAMNTEAFF,HPKVSSEVHI,1,GAAMNTEA,5014
7019,37914,CASSLGPAAGYTF,HPKVSSEVHI,1,SLGPAAGY,3331
7020,37915,CASRRGSTYNEQFF,HPKVSSEVHI,1,RRGSTYNE,5008
7021,37917,CASRPPDTGELFF,HPKVSSEVHI,1,RPPDTGEL,2196
7022,37918,CSATSRDGDNEQFF,HPKVSSEVHI,1,TSRDGDNE,2624
7023,37919,CASSLGPLTGLGPEAFF,HPKVSSEVHI,1,GPLTGLGP,2736
7024,37924,CASSLGPRYEQYF,HPKVSSEVHI,1,SLGPRYEQ,3155
7025,37925,CASSFTRQSPYNEQFF,HPKVSSEVHI,1,FTRQSPYN,1481
7026,37931,CASSLGPTVPGNTIYF,HPKVSSEVHI,1,LGPTVPGN,3550
7027,37932,CSATSRQGGREQYF,HPKVSSEVHI,1,TSRQGGRE,489
7028,37933,CASSSFRDGGTDTQYF,HPKVSSEVHI,1,SFRDGGTD,903
7029,37934,CASRGGPLTEAFF,HPKVSSEVHI,1,RGGPLTEA,1281
7030,37937,CSATNRDRGLEQYF,HPKVSSEVHI,1,TNRDRGLE,134
7031,37938,CASSFDKGYEQYF,HPKVSSEVHI,1,SFDKGYEQ,2541
7032,37939,CATRGRGSEETQYF,HPKVSSEVHI,1,RGRGSEET,1642
7033,37941,CASSLGPAIPGNTIYF,HPKVSSEVHI,1,LGPAIPGN,4991
7034,37942,CASRGADTGELFF,HPKVSSEVHI,1,RGADTGEL,848
7035,37946,CASSPRGGGETQYF,TPGPGVRYPL,1,SPRGGGET,2522
7036,37952,CASSPRGGGETQYF,TPGPGVRYPL,1,SPRGGGET,2522
7037,37953,CASSVSGGQVTDTQYF,TPGPGVRYPL,1,VSGGQVTD,3827
7038,37954,CASSQDRATQETQYF,TPGPGVRYPL,1,QDRATQET,4784
7039,37955,CASSQYRATQETQYF,TPGPGVRYPL,1,QYRATQET,1173
7040,37956,CASYRSDRPTEAFF,TPGPGVRYPL,1,YRSDRPTE,993
7041,37957,CASRKGIQETQYF,TPGPGVRYPL,1,RKGIQETQ,3628
7042,37965,CASSTFGATQETQYF,TPGPGVRYPL,1,TFGATQET,2043
7043,37967,CASSLSRQGTGELFF,TPGPGVRYPL,1,LSRQGTGE,2203
7044,37968,CASSYRVTEAF,TPGPGVRYPL,1,SSYRVTEA,3372
7045,37969,CASSYYSGGSSYNEQFF,TPGPGVRYPL,1,YSGGSSYN,2351
7046,37970,CASSYSRTDLKNIQYF,TPGPGVRYPL,1,YSRTDLKN,630
7047,37971,CSVKLTEFGYTF,TPGPGVRYPL,1,VKLTEFGY,1384
7048,37977,CASSPRGTRTDTQYF,TPGPGVRYPL,1,PRGTRTDT,854
7049,37978,CASRRGFHQPQHF,TPGPGVRYPL,1,RRGFHQPQ,2262
7050,37979,CSAPEPTSGRWSGELFF,TPGPGVRYPL,1,PTSGRWSG,5382
7051,37985,CASSRQGGQTTDTQYF,TPGPGVRYPL,1,RQGGQTTD,1924
7052,37986,CASSLPPGGGVYGYTF,TPGPGVRYPL,1,LPPGGGVY,2662
7053,37987,CASSVGPGQEIHTDTQYF,TPGPGVRYPL,1,GPGQEIHT,3871
7054,37990,CASSVWGDPSYEQYF,TPGPGVRYPL,1,VWGDPSYE,2629
7055,37992,CASRPIGGAQETQYF,TPGPGVRYPL,1,PIGGAQET,5614
7056,37993,CASSLSAGAPGAEAFF,NLVPMVATV,1,LSAGAPGA,3474
7057,37994,CASSPGSLYYGYTF,NLVPMVATV,1,SPGSLYYG,1468
7058,37995,CASSPITGTGIYGYTF,NLVPMVATV,1,PITGTGIY,4909
7059,37996,CASSSTNGYTF,NLVPMVATV,1,SSSTNGYT,4331
7060,37997,CASSYATGTAYGYTF,NLVPMVATV,1,YATGTAYG,68
7061,37998,CASSLDRVTGELFF,NLVPMVATV,1,SLDRVTGE,2376
7062,37999,CASSLVTGTGWGYTF,NLVPMVATV,1,LVTGTGWG,2466
7063,38003,CASRLQTGTIYGYTF,NLVPMVATV,1,LQTGTIYG,3737
7064,38004,CASSFSTGTAGGYTF,NLVPMVATV,1,FSTGTAGG,403
7065,38006,CASSFTGIAETQYF,MLNIPSINV,1,SFTGIAET,2037
7066,38007,CASSLRGPGLYNEQFF,MLNIPSINV,1,LRGPGLYN,2133
7067,38008,CASRSPRAGETQYF,MLNIPSINV,1,RSPRAGET,1915
7068,38009,CASSFRGDTEAFF,MLNIPSINV,1,SFRGDTEA,5293
7069,38010,CASSLETGSNEQFF,MLNIPSINV,1,SLETGSNE,2340
7070,38011,CASSWDRRAPSYNEQFF,MLNIPSINV,1,DRRAPSYN,2542
7071,38012,CASSSGGGEQYF,MLNIPSINV,1,SSSGGGEQ,4130
7072,38024,CASSLGLNYEQYF,MLNIPSINV,1,SLGLNYEQ,5404
7073,38025,CATHSGNTGELFF,MLNIPSINV,1,HSGNTGEL,35
7074,38026,CASSLSTSGDNEQFF,MLNIPSINV,1,LSTSGDNE,4792
7075,38027,CASSDFRDRGHNEKLFF,MLNIPSINV,1,FRDRGHNE,2904
7076,38028,CATFDGNTGELFF,MLNIPSINV,1,FDGNTGEL,688
7077,38041,CASRDRGLGQPQHF,MLNIPSINV,1,RDRGLGQP,819
7078,38042,CASSARTPRPGSSYNEQFF,MLNIPSINV,1,TPRPGSSY,132
7079,38043,CASSPPGGSGNTIYF,MLNIPSINV,1,PPGGSGNT,4540
7080,38044,CASSFPTGGLWPSDGQYF,MLNIPSINV,1,PTGGLWPS,5188
7081,38045,CAWSVASTGLNYEQYF,MLNIPSINV,1,VASTGLNY,4345
7082,38048,CASSLGPHDSTNYGYTF,MLNIPSINV,1,GPHDSTNY,4323
7083,38049,CASSFGVNTEAFF,MLNIPSINV,1,SFGVNTEA,4386
7084,38050,CASRPKSPLHF,MLNIPSINV,1,SRPKSPLH,1117
7085,38051,CASSLARRVNPRTDTQYF,MLNIPSINV,1,ARRVNPRT,4348
7086,38052,CASSLQGRGNQPQHF,MLNIPSINV,1,LQGRGNQP,5674
7087,38053,CASSPTGTGEAFF,MLNIPSINV,1,SPTGTGEA,1368
7088,38054,CASSQDRELAFF,MLNIPSINV,1,SSQDRELA,1396
7089,38072,CASSLAVQSDEQYF,MLNIPSINV,1,SLAVQSDE,2544
7090,38073,CASSPSGYNEQFF,MLNIPSINV,1,SPSGYNEQ,4247
7091,38074,CASSPSGGVGTGELFF,MLNIPSINV,1,PSGGVGTG,404
7092,38156,CATSRGARGSNQPQHF,FRDYVDRFYKTLRAEQASQE,1,RGARGSNQ,5029
7093,38182,CASSPRTSGPYEQYF,FRDYVDRFYKTLRAEQASQE,1,PRTSGPYE,1263
7094,38191,CASSRLAGGMDEQFF,FRDYVDRFYKTLRAEQASQE,2,RLAGGMDE,503
7095,38197,CATTPGASGISEQFF,FRDYVDRFYKTLRAEQASQE,2,PGASGISE,4210
7096,38200,CASSRRTSGGTDTQYF,FRDYVDRFYKTLRAEQASQE,3,RRTSGGTD,1917
7097,38213,CASSGLAGGMDEQFF,FRDYVDRFYKTLRAEQASQE,2,GLAGGMDE,918
7098,38215,CASSPGTSGVGEQFF,FRDYVDRFYKTLRAEQASQE,2,PGTSGVGE,4895
7099,38273,CASSRRTSGGTDTQYF,FRDYVDRFYKTLRAEQASQE,2,RRTSGGTD,1917
7100,38284,CASSVVGSYNEQFF,FRDYVDRFYKTLRAEQASQE,1,SVVGSYNE,5353
7101,38311,CASSPGTSGVGEQFF,FRDYVDRFYKTLRAEQASQE,2,PGTSGVGE,4895
7102,38320,CASSRRTSGGTDTQYF,FRDYVDRFYKTLRAEQASQE,2,RRTSGGTD,1917
7103,38350,CASSRRTSGGTDTQYF,FRDYVDRFYKTLRAEQASQE,3,RRTSGGTD,1917
7104,38352,CASSELTSGGDEQFF,FRDYVDRFYKTLRAEQASQE,1,ELTSGGDE,2453
7105,38356,CASKPARANEQFF,FRDYVDRFYKTLRAEQASQE,1,KPARANEQ,4896
7106,38362,CASSRSSGGAYNEQFF,FRDYVDRFYKTLRAEQASQE,1,RSSGGAYN,5246
7107,38364,CASSVRAQGYTF,FRDYVDRFYKTLRAEQASQE,1,SSVRAQGY,4309
7108,38366,CASRPLHSVYEQYF,FRDYVDRFYKTLRAEQASQE,2,RPLHSVYE,358
7109,38392,CASSEVSGANVLTF,FRDYVDRFYKTLRAEQASQE,1,SEVSGANV,5690
7110,38398,CASSEFRTRGYTF,FRDYVDRFYKTLRAEQASQE,3,SEFRTRGY,3520
7111,38426,CASRIRTSGGEQYF,FRDYVDRFYKTLRAEQASQE,1,RIRTSGGE,5463
7112,38435,CASNKLTSGGRDTQYF,FRDYVDRFYKTLRAEQASQE,1,KLTSGGRD,4293
7113,38436,CASSARTSGGSDTQYF,FRDYVDRFYKTLRAEQASQE,1,ARTSGGSD,340
7114,38438,CASSLLTSGGRETQYF,FRDYVDRFYKTLRAEQASQE,1,LLTSGGRE,4443
7115,38440,CASSSRTSGGTDTQYF,FRDYVDRFYKTLRAEQASQE,1,SRTSGGTD,1542
7116,38441,CATSRGARGSNQPQHF,FRDYVDRFYKTLRAEQASQE,1,RGARGSNQ,5029
7117,38443,CASSGQTNTEAFF,FRDYVDRFYKTLRAEQASQE,1,SGQTNTEA,2097
7118,38444,CASSALASGTDTQYF,FRDYVDRFYKTLRAEQASQE,1,ALASGTDT,175
7119,38445,CASSELASGQGSQYF,FRDYVDRFYKTLRAEQASQE,1,ELASGQGS,1416
7120,38446,CASSELASGSYEQYF,FRDYVDRFYKTLRAEQASQE,1,ELASGSYE,4396
7121,38448,CASSPRTSGPYEQYF,FRDYVDRFYKTLRAEQASQE,1,PRTSGPYE,1263
7122,38451,CASSRLASGTDTQYF,FRDYVDRFYKTLRAEQASQE,1,RLASGTDT,539
7123,38455,CATTPGASGISEQFF,FRDYVDRFYKTLRAEQASQE,3,PGASGISE,4210
7124,38456,CASSERGQGARYEQYF,FRDYVDRFYKTLRAEQASQE,1,ERGQGARY,3000
7125,38457,CASSRRTSGGTDTQYF,FRDYVDRFYKTLRAEQASQE,3,RRTSGGTD,1917
7126,38459,CASSAKARGNQPQHF,FRDYVDRFYKTLRAEQASQE,1,AKARGNQP,693
7127,38460,CASSALAGGTDTQYF,FRDYVDRFYKTLRAEQASQE,1,ALAGGTDT,5631
7128,38461,CASSALASGTDTQYF,FRDYVDRFYKTLRAEQASQE,1,ALASGTDT,175
7129,38462,CASSDAASGVGEQYF,FRDYVDRFYKTLRAEQASQE,1,DAASGVGE,3512
7130,38463,CASSGQARGNQPQHF,FRDYVDRFYKTLRAEQASQE,1,GQARGNQP,722
7131,38464,CASSPGTSGVGEQFF,FRDYVDRFYKTLRAEQASQE,3,PGTSGVGE,4895
7132,38469,CASSELASGDEQFF,FRDYVDRFYKTLRAEQASQE,1,SELASGDE,4499
7133,38473,CASSALASGGDTQYF,FRDYVDRFYKTLRAEQASQE,1,ALASGGDT,5265
7134,38480,CASSPRTSGGDEQYF,FRDYVDRFYKTLRAEQASQE,1,PRTSGGDE,783
7135,38481,CASSPRTSGTYEQYF,FRDYVDRFYKTLRAEQASQE,1,PRTSGTYE,1382
7136,38484,CASSARTSGGSDTQYF,FRDYVDRFYKTLRAEQASQE,1,ARTSGGSD,340
7137,38485,CASSARTSGGTDTQYF,FRDYVDRFYKTLRAEQASQE,1,ARTSGGTD,4493
7138,38492,CASSRRTSGGTDTQYF,FRDYVDRFYKTLRAEQASQE,3,RRTSGGTD,1917
7139,38502,CASRIRTSGGEQYF,FRDYVDRFYKTLRAEQASQE,1,RIRTSGGE,5463
7140,38508,CASSALASGTDTQYF,FRDYVDRFYKTLRAEQASQE,1,ALASGTDT,175
7141,38510,CASSPRTSGTYEQYF,FRDYVDRFYKTLRAEQASQE,1,PRTSGTYE,1382
7142,38517,CASSARTSGGSDTQYF,FRDYVDRFYKTLRAEQASQE,1,ARTSGGSD,340
7143,38518,CASSLLTSGGRETQYF,FRDYVDRFYKTLRAEQASQE,1,LLTSGGRE,4443
7144,38526,CASSPGTSGVGEQFF,FRDYVDRFYKTLRAEQASQE,3,PGTSGVGE,4895
7145,38530,CASSRLAGGMDEQFF,FRDYVDRFYKTLRAEQASQE,3,RLAGGMDE,503
7146,38531,CASSRRTSGGTDTQYF,FRDYVDRFYKTLRAEQASQE,2,RRTSGGTD,1917
7147,38532,CASSPAPSASSYEQYF,KLVALGINAV,3,PAPSASSY,1370
7148,38533,CASSWSASYEQYF,KLVALGINAV,3,SWSASYEQ,2507
7149,38534,CASSSSWADTQYF,KLVALGINAV,3,SSSWADTQ,4456
7150,38535,CASGQGQETQYF,KLVALGINAV,3,SGQGQETQ,2861
7151,38536,CASSMGANEQFF,KLVALGINAV,3,SSMGANEQ,4423
7152,38537,CASSLAQGQPQHF,KLVALGINAV,3,SLAQGQPQ,1112
7153,38538,CASSYWQGELFF,KLVALGINAV,3,SSYWQGEL,773
7154,38539,CASTNRQEGQETQYF,KLVALGINAV,3,NRQEGQET,4963
7155,38540,CASSPGGELFF,KLVALGINAV,3,SSPGGELF,1862
7156,38541,CAISGQAVSTDTQYF,KLVALGINAV,3,GQAVSTDT,4633
7157,38542,CASSPYPRGGTGELFF,KLVALGINAV,3,PYPRGGTG,674
7158,38543,CASSPADPFSNTQYF,KLVALGINAV,3,PADPFSNT,1460
7159,38544,CSANSRTGLGYTF,KLVALGINAV,3,NSRTGLGY,2659
7160,38545,CASSYGSYEQYF,KLVALGINAV,3,SSYGSYEQ,263
7161,38546,CASSWGGGEQYF,KLVALGINAV,3,SSWGGGEQ,3240
7162,38547,CASSLEGSYEQYF,KLVALGINAV,3,SLEGSYEQ,585
7163,38548,CSAIDFPMGNEQFF,KLVALGINAV,3,IDFPMGNE,4764
7164,38549,CASSSRHEGEDTEAFF,KLVALGINAV,3,SRHEGEDT,1565
7165,38550,CASREDGASGSPDTQYF,KLVALGINAV,3,DGASGSPD,1639
7166,38551,CASKMGAEAFF,KLVALGINAV,3,SKMGAEAF,2877
7167,38552,CASSLGGDIQYF,KLVALGINAV,3,SSLGGDIQ,1928
7168,38553,CASTGGLGYTF,KLVALGINAV,3,STGGLGYT,1704
7169,38554,CASSYQSGNTEAFF,KLVALGINAV,3,SYQSGNTE,3616
7170,38555,CASNRGDGYTF,KLVALGINAV,3,SNRGDGYT,2465
7171,38556,CASSIALSDNYGYTF,KLVALGINAV,3,IALSDNYG,1895
7172,38557,CAWSINSAEAFF,KLVALGINAV,3,WSINSAEA,569
7173,38558,CASSDSYGYTF,KLVALGINAV,3,SSDSYGYT,3360
7174,38559,CASSLEREGRGEQFF,KLVALGINAV,3,LEREGRGE,2875
7175,38560,CASSQGSYEQYF,KLVALGINAV,3,SSQGSYEQ,5312
7176,38561,CQAGDTEAFF,KLVALGINAV,3,QAGDTEAF,3050
7177,38562,CASTQSPLAGNEQYF,KLVALGINAV,3,QSPLAGNE,5356
7178,38563,CASSGYTGELFF,KLVALGINAV,3,SSGYTGEL,2997
7179,38564,CASTNSGNTIYF,KLVALGINAV,3,STNSGNTI,2788
7180,38565,CASSSGATEAFF,KLVALGINAV,3,SSSGATEA,3276
7181,38566,CASSQVGQNLYEQYF,KLVALGINAV,3,QVGQNLYE,4432
7182,38567,CASSVEGGGAKETQYF,KLVALGINAV,3,VEGGGAKE,5004
7183,38568,CASSIGHNTGELFF,KLVALGINAV,3,SIGHNTGE,4015
7184,38569,CASTQGSTDTQYF,KLVALGINAV,3,TQGSTDTQ,2437
7185,38570,CASSVAIWRGSYNEQFF,KLVALGINAV,3,AIWRGSYN,2292
7186,38571,CASSSPGASTYEQYF,KLVALGINAV,3,SPGASTYE,3357
7187,38572,CASSYNIAGELFF,KLVALGINAV,3,SYNIAGEL,1156
7188,38573,CASSIAGSAYEQYF,KLVALGINAV,3,SIAGSAYE,2136
7189,38574,CASSIRRIDPYNEQFF,KLVALGINAV,3,IRRIDPYN,5330
7190,38575,CASSVELAGTYEQYF,KLVALGINAV,3,VELAGTYE,4688
7191,38576,CASSYTGELFF,KLVALGINAV,3,SSYTGELF,841
7192,38577,CASSFGADTQYF,KLVALGINAV,3,SSFGADTQ,169
7193,38578,CASSAETQYF,KLVALGINAV,3,ASSAETQY,4099
7194,38579,CASSSPHRDSYSPLHF,KLVALGINAV,3,SPHRDSYS,17
7195,38580,CASSQETQYF,KLVALGINAV,3,ASSQETQY,4311
7196,38581,CASSIGQYEQYF,KLVALGINAV,3,SSIGQYEQ,821
7197,38582,CASSYRGSGNTIYF,KLVALGINAV,3,SYRGSGNT,3078
7198,38583,CASSYAQGNEQFF,KLVALGINAV,3,SYAQGNEQ,1401
7199,38584,CASSLGRGQFF,KLVALGINAV,3,SSLGRGQF,2421
7200,38585,CASSRGDTEAFF,KLVALGINAV,3,SSRGDTEA,4526
7201,38586,CASSLWSAGVHNEQFF,KLVALGINAV,3,LWSAGVHN,2209
7202,38587,CASSEGDTEAFF,KLVALGINAV,3,SSEGDTEA,4623
7203,38588,CASSVEGIDEKLFF,KLVALGINAV,3,SVEGIDEK,1575
7204,38589,CATSSGDLSSGANVLTF,KLVALGINAV,3,GDLSSGAN,1012
7205,38590,CATSIDRGREKLFF,KLVALGINAV,3,SIDRGREK,4238
7206,38591,CASSMGGNPEQYF,KLVALGINAV,3,SMGGNPEQ,4719
7207,38592,CASSDDRGPYEQYF,KLVALGINAV,3,SDDRGPYE,4046
7208,38593,CASSQVRLNTEAFF,KLVALGINAV,3,SQVRLNTE,3742
7209,38594,CASSRSLNVNSNQPQHF,KLVALGINAV,3,SLNVNSNQ,3391
7210,38595,CASSLGEKLFF,KLVALGINAV,3,SSLGEKLF,3494
7211,38596,CASDSNTEAFF,KLVALGINAV,3,SDSNTEAF,302
7212,38597,CASSMGGEQYF,KLVALGINAV,3,SSMGGEQY,2745
7213,38598,CASSISSTGELFF,GILGFVFTL,1,SISSTGEL,3082
7214,38599,CASSIGVYGYTF,GILGFVFTL,1,SSIGVYGY,741
7215,38600,CASSIRSSYEQYF,GILGFVFTL,1,SIRSSYEQ,2985
7216,38601,CASSIRASYEQYF,GILGFVFTL,1,SIRASYEQ,5255
7217,38602,CASSGRAAGELFF,GILGFVFTL,1,SGRAAGEL,1208
7218,38603,CASSVRSSYEQYF,GILGFVFTL,1,SVRSSYEQ,4744
7219,38615,CASSIGSYGYTF,GILGFVFTL,1,SSIGSYGY,94
7220,38617,CASSIHSTDTQYF,GILGFVFTL,1,SIHSTDTQ,343
7221,38618,CASSVDGGGLDEQFF,GILGFVFTL,1,VDGGGLDE,3275
7222,38619,CASSTSGGGTEAFF,GILGFVFTL,1,STSGGGTE,2125
7223,38620,CASSIRSAYEQYF,GILGFVFTL,1,SIRSAYEQ,2115
7224,38622,CASSIRSSYEQYF,GILGFVFTL,1,SIRSSYEQ,2985
7225,38629,CASSIGVYGYTF,GILGFVFTL,1,SSIGVYGY,741
7226,38630,CASSIRSSYEQYF,GILGFVFTL,1,SIRSSYEQ,2985
7227,38631,CASSISSTGELFF,GILGFVFTL,1,SISSTGEL,3082
7228,38632,CASSIRSTGELFF,GILGFVFTL,1,SIRSTGEL,862
7229,38633,CASSGRSTGELFF,GILGFVFTL,1,SGRSTGEL,2981
7230,38634,CASSTRSSYEQYF,GILGFVFTL,1,STRSSYEQ,5131
7231,38643,CSARVGVGNTIYF,GLCTLVAML,1,RVGVGNTI,2050
7232,38644,CSARTGVGNTIYF,GLCTLVAML,1,RTGVGNTI,3518
7233,38645,CSARDRTGNGYTF,GLCTLVAML,1,RDRTGNGY,666
7234,38646,CSARDGTGNGYTF,GLCTLVAML,2,RDGTGNGY,3396
7235,38648,CASRPDSDYGYTF,GLCTLVAML,1,RPDSDYGY,2840
7236,38649,CASSQNQDMGTEAFF,GLCTLVAML,1,QNQDMGTE,1960
7237,38650,CSARSGVGNTIYF,GLCTLVAML,1,RSGVGNTI,3662
7238,38655,CSAWDREVVGTEAFF,GLCTLVAML,1,DREVVGTE,2688
7239,38656,CASSQSPGGTQYF,GLCTLVAML,1,SQSPGGTQ,163
7240,38657,CSVGTGGTNEKLFF,GLCTLVAML,1,GTGGTNEK,3711
7241,38661,CSVEDGYEQYF,CVNGSCFTV,1,VEDGYEQY,3753
7242,38662,CASSNSEGSGANVLTF,CVNGSCFTV,1,NSEGSGAN,1346
7243,38663,CASSPLYVALREQYF,CVNGSCFTV,1,PLYVALRE,1561
7244,38664,CASTSGNTGELFF,CVNGSCFTV,1,TSGNTGEL,2677
7245,38665,CASSPTVAGEQFF,CVNGSCFTV,1,SPTVAGEQ,2956
7246,38666,CASNPLSAGNQPQHF,CVNGSCFTV,1,PLSAGNQP,498
7247,38667,CASSEDQGLTATYEQYF,CVNGSCFTV,1,DQGLTATY,4503
7248,38668,CSARVPDSNTGELFF,CVNGSCFTV,1,VPDSNTGE,2774
7249,38669,CASSSPRTGYNYGYTF,CVNGSCFTV,1,SPRTGYNY,5230
7250,38670,CASSPTSGGNNEQFF,CVNGSCFTV,1,PTSGGNNE,1312
7251,38671,CASSQDRGVLVLIDQPQHF,CVNGSCFTV,1,RGVLVLID,2860
7252,38672,CSARTEGAEAFF,CVNGSCFTV,1,ARTEGAEA,251
7253,38673,CASSYWTGSSAETQYF,CVNGSCFTV,1,YWTGSSAE,4479
7254,38674,CSARTSGDFGEQFF,CVNGSCFTV,1,RTSGDFGE,2926
7255,38675,CASSQGGQGAPYEQYF,CINGVCWTV,1,QGGQGAPY,2386
7256,38676,CASSQAENTEAFF,CINGVCWTV,1,SQAENTEA,2611
7257,38677,CASSLLGLAGVGELFF,CINGVCWTV,1,LLGLAGVG,71
7258,38678,CASSLTGTGFKQFF,CINGVCWTV,1,SLTGTGFK,5291
7259,38679,CASSLTLAGGIGTDTQYF,CINGVCWTV,1,TLAGGIGT,4791
7260,38680,CASSLGTGAPYEQYF,CINGVCWTV,1,LGTGAPYE,912
7261,38681,CATSNLDSFGGYTF,CINGVCWTV,1,SNLDSFGG,932
7262,38682,CASSLSTGAPYEQYF,CINGVCWTV,1,LSTGAPYE,5450
7263,38683,CASSLGPPPDNEQFF,CINGVCWTV,1,LGPPPDNE,5156
7264,38684,CATSPGQGFYNEQFF,CINGVCWTV,1,PGQGFYNE,2832
7265,38685,CASRLLAGAYEQYF,CINGVCWTV,1,RLLAGAYE,513
7266,38686,CASSQESGTEAFF,CINGVCWTV,1,SQESGTEA,12
7267,38687,CASNRENEKLFF,CINGVCWTV,1,SNRENEKL,281
7268,38688,CASSQEKGTEAFF,CINGVCWTV,1,SQEKGTEA,5592
7269,38689,CASTTGSSEKLFF,CINGVCWTV,1,TTGSSEKL,531
7270,38690,CATSTTFQTDYAEPYGYTF,CINGVCWTV,1,FQTDYAEP,1194
7271,38691,CASSVDEGNTGELFF,CINGVCWTV,1,VDEGNTGE,1080
7272,38692,CASSRPVGLFNYGYTF,CINGVCWTV,1,RPVGLFNY,3053
7273,38695,CASSQAQSGTAPYEQYF,CINGVCWTV,1,AQSGTAPY,3459
7274,38696,CASSLTLGLAGVETQYF,CINGVCWTV,1,TLGLAGVE,3442
7275,38697,CASSSPSGRPTLYNEQFF,CINGVCWTV,1,PSGRPTLY,879
7276,38699,CASSKLASTAGEQYF,DRFYKTLRAEQASQEV,1,KLASTAGE,3042
7277,38700,CASSGGQETQYF,LNKIVRMYSPTSILD,1,SSGGQETQ,2254
7278,38701,CASSWDSNYGYTF,DRFYKTLRAEQASQEV,1,SWDSNYGY,3308
7279,38702,CASSPLVPYEQYF,DRFYKTLRAEQASQEV,1,SPLVPYEQ,7
7280,38703,CASSVGASGLTEQYF,DRFYKTLRAEQASQEV,1,VGASGLTE,194
7281,38917,CASSDPLAGGNEQYF,CINGVCWTV,1,DPLAGGNE,901
7282,38918,CSAWTGSATEAFF,CINGVCWTV,1,WTGSATEA,5181
7283,38919,CASSEVVTAFSYEQYF,CINGVCWTV,1,EVVTAFSY,5487
7284,38920,CASISSNQPQHF,CINGVCWTV,1,SISSNQPQ,2098
7285,38922,CATSDAPGTGIPYEQYF,CINGVCWTV,1,APGTGIPY,2913
7286,38924,CASSLGTQTYEQYF,CINGVCWTV,1,SLGTQTYE,3384
7287,38926,CASSPGTSDPANYGYTF,CINGVCWTV,1,GTSDPANY,4161
7288,38927,CASSLSGTGELFF,CINGVCWTV,1,SLSGTGEL,3250
7289,38929,CASSSGQGNIQYF,CINGVCWTV,1,SSGQGNIQ,3889
7290,38940,CSAWTGSATEAFF,CINGVCWTV,1,WTGSATEA,5181
7291,38941,CASSLGTQTYEQYF,CINGVCWTV,1,SLGTQTYE,3384
7292,38942,CATSDAPGTGIPYEQYF,CINGVCWTV,1,APGTGIPY,2913
7293,38943,CASSPGTSDPANYGYTF,CINGVCWTV,1,GTSDPANY,4161
7294,38944,CASSDPLAGGNEQYF,CINGVCWTV,1,DPLAGGNE,901
7295,38945,CASISSNQPQHF,CINGVCWTV,1,SISSNQPQ,2098
7296,38946,CASSSGQGNIQYF,CINGVCWTV,1,SSGQGNIQ,3889
7297,38950,CASSSGQGNIQYF,CINGVCWTV,1,SSGQGNIQ,3889
7298,38955,CSAWTGSATEAFF,CINGVCWTV,1,WTGSATEA,5181
7299,38956,CASSDPLAGGNEQYF,CINGVCWTV,1,DPLAGGNE,901
7300,38957,CATSDAPGTGIPYEQYF,CINGVCWTV,1,APGTGIPY,2913
7301,38958,CASSPGTSDPANYGYTF,CINGVCWTV,1,GTSDPANY,4161
7302,38960,CASSLGTQTYEQYF,CINGVCWTV,1,SLGTQTYE,3384
7303,38961,CASSLSGTGELFF,CINGVCWTV,1,SLSGTGEL,3250
7304,38962,CASSEVVTAFSYEQYF,CINGVCWTV,1,EVVTAFSY,5487
7305,38964,CASISSNQPQHF,CINGVCWTV,1,SISSNQPQ,2098
7306,38968,CASSSGQGNIQYF,CINGVCWTV,1,SSGQGNIQ,3889
7307,38969,CSAWTGSATEAFF,CINGVCWTV,1,WTGSATEA,5181
7308,38970,CASSDPLAGGNEQYF,CINGVCWTV,1,DPLAGGNE,901
7309,38971,CATSDAPGTGIPYEQYF,CINGVCWTV,1,APGTGIPY,2913
7310,38972,CASSPGTSDPANYGYTF,CINGVCWTV,1,GTSDPANY,4161
7311,38973,CASSLGTQTYEQYF,CINGVCWTV,1,SLGTQTYE,3384
7312,38975,CASISSNQPQHF,CINGVCWTV,1,SISSNQPQ,2098
7313,38976,CASSLSGTGELFF,CINGVCWTV,1,SLSGTGEL,3250
7314,38977,CASSEVVTAFSYEQYF,CINGVCWTV,1,EVVTAFSY,5487
7315,38979,CASSSGQGNIQYF,CINGVCWTV,1,SSGQGNIQ,3889
7316,38985,CASSFDSGAYEQYF,ARMILMTHF,1,SFDSGAYE,4290
7317,38986,CASSTKQGWYEQYF,ARMILMTHF,1,STKQGWYE,314
7318,38988,CASSTKQGWYEQYF,ARMILMTHF,1,STKQGWYE,314
7319,38999,CASSTKQGWYEQYF,ARMILMTHF,1,STKQGWYE,314
7320,39000,CASSFDSGAYEQYF,ARMILMTHF,1,SFDSGAYE,4290
7321,39001,CASSTKQGWYEQYF,ARMILMTHF,1,STKQGWYE,314
7322,39002,CASSFDSGAYEQYF,ARMILMTHF,1,SFDSGAYE,4290
7323,39005,CASRLGASSYNEQFF,ARMILMTHF,1,LGASSYNE,2190
7324,39006,CASSYGQAYQPQHF,ARMILMTHF,1,SYGQAYQP,836
7325,39007,CASSYSNLPVFSPNQPQHF,ARMILMTHF,1,NLPVFSPN,3205
7326,39008,CASSIVGHMNTEAFF,ARMILMTHF,1,IVGHMNTE,3403
7327,39009,CASSLYGGSNTGELFF,ARMILMTHF,1,LYGGSNTG,437
7328,39010,CASSEGSHSNQPQHF,ARMILMTHF,1,EGSHSNQP,4010
7329,39032,CASSYGQAYQPQHF,ARMILMTHF,1,SYGQAYQP,836
7330,39033,CASSYSNLPVFSPNQPQHF,ARMILMTHF,1,NLPVFSPN,3205
7331,39034,CSASITGTEQYF,ARMILMTHF,1,ASITGTEQ,2631
7332,39035,CASSIVGHLNTEAFF,ARMILMTHF,1,IVGHLNTE,5094
7333,39036,CASSEGSHSNQPQHF,ARMILMTHF,1,EGSHSNQP,4010
7334,39053,CASSLYGGSNTGELFF,ARMILMTHF,1,LYGGSNTG,437
7335,39058,CASSLDASSASYEQYF,ARMILMTHF,1,LDASSASY,196
7336,39059,CASREDGGGYEQYF,ARMILMTHF,1,REDGGGYE,1921
7337,39060,CASSYGQAYQPQHF,ARMILMTHF,1,SYGQAYQP,836
7338,39061,CASSYSNLPVFSPNQPQHF,ARMILMTHF,1,NLPVFSPN,3205
7339,39062,CSASITGTEQYF,ARMILMTHF,1,ASITGTEQ,2631
7340,39063,CASSIVGHLNTEAFF,ARMILMTHF,1,IVGHLNTE,5094
7341,39064,CASSEGSHSNQPQHF,ARMILMTHF,1,EGSHSNQP,4010
7342,39069,CASSLYGGSNTGELFF,ARMILMTHF,1,LYGGSNTG,437
7343,39078,CASSFDGQGYEQYF,ARMILMTHF,1,SFDGQGYE,3124
7344,39079,CASSLDASSASYEQYF,ARMILMTHF,1,LDASSASY,196
7345,39080,CASSYSNLPVFSPNQPQHF,ARMILMTHF,1,NLPVFSPN,3205
7346,39081,CSASITGTEQYF,ARMILMTHF,1,ASITGTEQ,2631
7347,39082,CASSLYGGSNTGELFF,ARMILMTHF,1,LYGGSNTG,437
7348,39083,CASSFDGQGYEQYF,ARMILMTHF,1,SFDGQGYE,3124
7349,39084,CASSLKGQVGEQYF,ARMILMTHF,1,SLKGQVGE,2347
7350,39087,CASSIVGHLNTEAFF,ARMILMTHF,1,IVGHLNTE,5094
7351,39088,CASREDGGGYEQYF,ARMILMTHF,1,REDGGGYE,1921
7352,39090,CASSEGSHSNQPQHF,ARMILMTHF,1,EGSHSNQP,4010
7353,39097,CASSYGQAYQPQHF,ARMILMTHF,1,SYGQAYQP,836
7354,39104,CASSLYGGSNTGELFF,ARMILMTHF,1,LYGGSNTG,437
7355,39105,CSASITGTEQYF,ARMILMTHF,1,ASITGTEQ,2631
7356,39106,CASSFDGQGYEQYF,ARMILMTHF,1,SFDGQGYE,3124
7357,39107,CASSYSNLPVFSPNQPQHF,ARMILMTHF,1,NLPVFSPN,3205
7358,39108,CASSLKGQVGEQYF,ARMILMTHF,1,SLKGQVGE,2347
7359,39109,CASSLDASSASYEQYF,ARMILMTHF,1,LDASSASY,196
7360,39112,CASREDGGGYEQYF,ARMILMTHF,1,REDGGGYE,1921
7361,39114,CASSIVGHLNTEAFF,ARMILMTHF,1,IVGHLNTE,5094
7362,39119,CASSYGQAYQPQHF,ARMILMTHF,1,SYGQAYQP,836
7363,39123,CASTSQSELFF,CINGVCWTV,1,STSQSELF,4250
7364,39124,CASSRFLGSGGAAEQFF,CINGVCWTV,1,FLGSGGAA,1948
7365,39133,CASSYSAGTLDYGYTF,CINGVCWTV,1,YSAGTLDY,3911
7366,39141,CASTSQSELFF,CINGVCWTV,1,STSQSELF,4250
7367,39142,CASSRFLGSGGAAEQFF,CINGVCWTV,1,FLGSGGAA,1948
7368,39159,CASSRFLGSGGAAEQFF,CINGVCWTV,1,FLGSGGAA,1948
7369,39167,CAISESTAGSQPQHF,ATDALMTGY,1,ESTAGSQP,5346
7370,39168,CAGNNRDSSTDTQYF,ATDALMTGY,1,NRDSSTDT,3844
7371,39172,CSARPIDSSNQPQHF,ATDALMTGY,1,PIDSSNQP,3168
7372,39184,CASSGTRQISGTEAFF,ATDALMTGY,1,GTRQISGT,3937
7373,39190,CASSGTRQISGTEAFF,ATDALMTGY,1,GTRQISGT,3937
7374,39191,CAISESTAGSQPQHF,ATDALMTGY,1,ESTAGSQP,5346
7375,39194,CAGNNRDSSTDTQYF,ATDALMTGY,1,NRDSSTDT,3844
7376,39210,CSARPIDSSNQPQHF,ATDALMTGY,1,PIDSSNQP,3168
7377,39211,CAISESTAGSQPQHF,ATDALMTGY,1,ESTAGSQP,5346
7378,39212,CASSGTRQISGTEAFF,ATDALMTGY,1,GTRQISGT,3937
7379,39220,CAGNNRDSSTDTQYF,ATDALMTGY,1,NRDSSTDT,3844
7380,39233,CASSVDEGNTGELFF,CINGVCWTV,1,VDEGNTGE,1080
7381,39234,CSAWTGSATEAFF,CINGVCWTV,1,WTGSATEA,5181
7382,39235,CASISSNQPQHF,CINGVCWTV,1,SISSNQPQ,2098
7383,39236,CASSSGQGNIQYF,CINGVCWTV,1,SSGQGNIQ,3889
7384,39237,CASSLSGGNQETQYF,CINGVCWTV,1,LSGGNQET,860
7385,39238,CASSLSGTGELFF,CINGVCWTV,1,SLSGTGEL,3250
7386,39239,CASSSGQGNIQYF,CINGVCWTV,1,SSGQGNIQ,3889
7387,39240,CATSEPAGLAGGNNEQFF,CINGVCWTV,1,PAGLAGGN,4482
7388,39241,CASSPGTSDPANYGYTF,CINGVCWTV,1,GTSDPANY,4161
7389,39242,CASSLAGTSTEQFF,CINGVCWTV,1,SLAGTSTE,2650
7390,39243,CASSLEGLVAVETQYF,CINGVCWTV,1,LEGLVAVE,1039
7391,39244,CASSSLADFYQPQHF,CINGVCWTV,1,SLADFYQP,994
7392,39245,CASSLGTSGGFTDTQYF,CINGVCWTV,1,GTSGGFTD,2359
7393,39246,CASSYSAGTLDYGYTF,CINGVCWTV,1,YSAGTLDY,3911
7394,39247,CASSIRSSYEQYF,GILGFVFTL,1,SIRSSYEQ,2985
7395,39248,CASSPTGVGEQFF,GILGFVFTL,1,SPTGVGEQ,2573
7396,39249,CASSIRASYEQYF,GILGFVFTL,1,SIRASYEQ,5255
7397,39250,CASSIRSSYEQYF,GILGFVFTL,1,SIRSSYEQ,2985
7398,39284,CASSVRSTGELFF,GILGFVFTL,1,SVRSTGEL,1707
7399,39285,CASSIRSTGELFF,GILGFVFTL,1,SIRSTGEL,862
7400,39286,CASSIRSEDTQYF,GILGFVFTL,1,SIRSEDTQ,3075
7401,39287,CASSIRSTDTQYF,GILGFVFTL,1,SIRSTDTQ,3665
7402,39292,CASSIRSTDTQYF,GILGFVFTL,1,SIRSTDTQ,3665
7403,39298,CASSIRSTGELFF,GILGFVFTL,1,SIRSTGEL,862
7404,39301,CASSIRSTGELFF,GILGFVFTL,1,SIRSTGEL,862
7405,39306,CASSTGNYGYTF,GILGFVFTL,1,SSTGNYGY,4078
7406,39307,CASSTGFYGYTF,GILGFVFTL,1,SSTGFYGY,2563
7407,39313,CASSIRSTGELFF,GILGFVFTL,1,SIRSTGEL,862
7408,39325,CASSIRSVAEAFF,GILGFVFTL,1,SIRSVAEA,3802
7409,39326,CASSVSATGELFF,GILGFVFTL,1,SVSATGEL,3963
7410,39327,CASSHRGTGELFF,GILGFVFTL,1,SHRGTGEL,5416
7411,39328,CASSLRSTGELFF,GILGFVFTL,1,SLRSTGEL,3538
7412,39329,CASSDRSSQPQHF,GILGFVFTL,1,SDRSSQPQ,1666
7413,39342,CASSIRSTGELFF,GILGFVFTL,1,SIRSTGEL,862
7414,39346,CASSLAPGATNEKLFF,NLVPMVATV,1,LAPGATNE,2010
7415,39347,CASSQTQLWETQYF,NLVPMVATV,1,SQTQLWET,5259
7416,39348,CASSSVNEQFF,NLVPMVATV,1,SSSVNEQF,2027
7417,39349,CASSSANYGYTF,NLVPMVATV,1,SSSANYGY,3390
7418,40783,CASSSANYGYTF,NLVPMVATV,1,SSSANYGY,3390
7419,42994,CASSLAPGATNEKLFF,NLVPMVATV,1,LAPGATNE,2010
7420,43318,CASSQTQLWETQYF,NLVPMVATV,1,SQTQLWET,5259
7421,43332,CASSIRAAETQYF,GILGFVFTL,1,SIRAAETQ,351
7422,43333,CASSIRSSYEQYF,GILGFVFTL,1,SIRSSYEQ,2985
7423,43334,CASRSGAEAFF,GILGFVFTL,1,SRSGAEAF,3488
7424,44370,CASSIRAAETQYF,GILGFVFTL,1,SIRAAETQ,351
7425,44371,CASSIRAAETQYF,GILGFVFTL,1,SIRAAETQ,351
7426,44844,CASSIRSSYEQYF,GILGFVFTL,1,SIRSSYEQ,2985
7427,44845,CASSIRSSYEQYF,GILGFVFTL,1,SIRSSYEQ,2985
7428,44994,CASSIRSSYEQYF,GILGFVFTL,1,SIRSSYEQ,2985
7429,45447,CASRSGAEAFF,GILGFVFTL,1,SRSGAEAF,3488
7430,45461,CASSIRSAYEQYF,GILGFVFTL,1,SIRSAYEQ,2115
7431,45462,CASSTYSQDTQYF,GILGFVFTL,1,STYSQDTQ,2244
7432,45463,CASSIRSSYEQYF,GILGFVFTL,3,SIRSSYEQ,2985
7433,45464,CASSTFGANVLTF,GILGFVFTL,1,STFGANVL,3201
7434,45465,CASSQGAYGYTF,GILGFVFTL,1,SSQGAYGY,5012
7435,45466,CASSTRSAYEQYF,GILGFVFTL,1,STRSAYEQ,3452
7436,45467,CASSIRSAYEQYF,GILGFVFTL,1,SIRSAYEQ,2115
7437,45468,CASSIRSSYEQYF,GILGFVFTL,3,SIRSSYEQ,2985
7438,45469,CASSLLLARETQYF,GILGFVFTL,1,SLLLARET,5451
7439,45470,CASSIGSYGYTF,GILGFVFTL,1,SSIGSYGY,94
7440,45471,CASSRRSSDEQYF,GILGFVFTL,1,SRRSSDEQ,1011
7441,45472,CASSTYSQDTQYF,GILGFVFTL,1,STYSQDTQ,2244
7442,45473,CASSIGVYGYTF,GILGFVFTL,1,SSIGVYGY,741
7443,45474,CASSIRAAETQYF,GILGFVFTL,1,SIRAAETQ,351
7444,45475,CASSLLGGWSEAFF,GILGFVFTL,1,SLLGGWSE,46
7445,45476,CASSIRAAETQYF,GILGFVFTL,1,SIRAAETQ,351
7446,45477,CASSIRSSTEAFF,GILGFVFTL,1,SIRSSTEA,5267
7447,45478,CASSIRSSYEQYF,GILGFVFTL,1,SIRSSYEQ,2985
7448,45479,CASSIRSSYEQYF,GILGFVFTL,3,SIRSSYEQ,2985
7449,45480,CASSTYSQDTQYF,GILGFVFTL,1,STYSQDTQ,2244
7450,45481,CASSSRSSYEQYF,GILGFVFTL,1,SSRSSYEQ,3069
7451,45482,CASSIRSSYEQYF,GILGFVFTL,3,SIRSSYEQ,2985
7452,45483,CASSSRSSYEQYF,GILGFVFTL,1,SSRSSYEQ,3069
7453,45484,CASSVRSSYEQYF,GILGFVFTL,1,SVRSSYEQ,4744
7454,45485,CASSIRSSYEQYF,GILGFVFTL,1,SIRSSYEQ,2985
7455,45486,CASSIRSSYEQYF,GILGFVFTL,1,SIRSSYEQ,2985
7456,45487,CASSQTQLWETQYF,NLVPMVATV,3,SQTQLWET,5259
7457,45488,CASSQTQLWETQYF,NLVPMVATV,1,SQTQLWET,5259
7458,45489,CASSEDHTGFYEQYF,NLVPMVATV,1,EDHTGFYE,4271
7459,45490,CASSPQTGVGNYGYTF,NLVPMVATV,3,PQTGVGNY,1423
7460,45491,CASSLAPGTTNEKLFF,NLVPMVATV,3,LAPGTTNE,2595
7461,45492,CASSLAPGATNEKLFF,NLVPMVATV,1,LAPGATNE,2010
7462,45493,CASSLAPGTTNEKLFF,NLVPMVATV,3,LAPGTTNE,2595
7463,45494,CASSLAPGATNEKLFF,NLVPMVATV,1,LAPGATNE,2010
7464,45495,CASSSVNEQFF,NLVPMVATV,3,SSSVNEQF,2027
7465,45496,CASSIRSSYEQYF,GILGFVFTL,3,SIRSSYEQ,2985
7466,45497,CASSSRSSYEQYF,GILGFVFTL,1,SSRSSYEQ,3069
7467,45498,CASSLLGGWSEAFF,GILGFVFTL,3,SLLGGWSE,46
7468,45499,CASSLIYPGELFF,GILGFVFTL,3,SLIYPGEL,4718
7469,45500,CASSSETELLYYGYTF,NLVPMVATV,3,SETELLYY,2964
7470,45501,CASSQQTGTIGGYTF,NLVPMVATV,3,QQTGTIGG,1548
7471,45502,CASSFQGFTEAFF,NLVPMVATV,3,SFQGFTEA,4000
7472,45503,CASSFTLGTGGVEQYF,NLVPMVATV,3,FTLGTGGV,3169
7473,45504,CSARGQDIYEQYF,NLVPMVATV,3,RGQDIYEQ,2572
7474,45505,CASGLTGFMDEQYF,NLVPMVATV,3,GLTGFMDE,2080
7475,45506,CASSVDVAGGYNEQFF,NLVPMVATV,2,VDVAGGYN,4296
7476,45507,CASSQALPYEQYF,NLVPMVATV,3,SQALPYEQ,3087
7477,45508,CASSITLGTGGVEQYF,NLVPMVATV,3,ITLGTGGV,1610
7478,45509,CASSIVGGNEQFF,GILGFVFTL,3,SIVGGNEQ,1567
7479,45510,CASSMRSTGELFF,GILGFVFTL,3,SMRSTGEL,3756
7480,45511,CASSIRSAWAQYF,GILGFVFTL,2,SIRSAWAQ,2809
7481,45512,CASSQRSTGELFF,GILGFVFTL,2,SQRSTGEL,4362
7482,45513,CASSIRSSYEQYF,GILGFVFTL,3,SIRSSYEQ,2985
7483,45514,CASSFDGVYEQYF,GILGFVFTL,2,SFDGVYEQ,3095
7484,45515,CASSIRSSYEQYF,GILGFVFTL,3,SIRSSYEQ,2985
7485,45516,CASSSHAGGNTEAFF,GILGFVFTL,2,SHAGGNTE,3401
7486,45517,CASSIRSSYEQYF,GILGFVFTL,3,SIRSSYEQ,2985
7487,45518,CASSIRSSYEQYF,GILGFVFTL,3,SIRSSYEQ,2985
7488,45519,CASSIVGGNEQFF,GLCTLVAML,3,SIVGGNEQ,1567
7489,45520,CASSMRSTGELFF,GLCTLVAML,2,SMRSTGEL,3756
7490,45521,CASSIRSAWAQYF,GLCTLVAML,2,SIRSAWAQ,2809
7491,45522,CASSSHAGGNTEAFF,GLCTLVAML,2,SHAGGNTE,3401
7492,45523,CASSQRSTGELFF,GLCTLVAML,2,SQRSTGEL,4362
7493,45524,CASSLRSTGELFF,GLCTLVAML,2,SLRSTGEL,3538
7494,45525,CASSIRSSYEQYF,GLCTLVAML,2,SIRSSYEQ,2985
7495,45526,CASSWLSNQPQHF,GLCTLVAML,2,SWLSNQPQ,3948
7496,45527,CASSIRSTGELFF,GLCTLVAML,2,SIRSTGEL,862
7497,45528,CASSFDGVYEQYF,GLCTLVAML,2,SFDGVYEQ,3095
7498,45529,CASSIVGGNEQFF,YVLDHLIVV,3,SIVGGNEQ,1567
7499,45530,CASSIRSAWAQYF,YVLDHLIVV,3,SIRSAWAQ,2809
7500,45531,CASSQRSTGELFF,YVLDHLIVV,2,SQRSTGEL,4362
7501,45532,CASSMRSTGELFF,YVLDHLIVV,2,SMRSTGEL,3756
7502,45533,CASSSHAGGNTEAFF,YVLDHLIVV,2,SHAGGNTE,3401
7503,45534,CASSNRAGNEQFF,YVLDHLIVV,2,SNRAGNEQ,5504
7504,45535,CASSIRSTGELFF,YVLDHLIVV,2,SIRSTGEL,862
7505,45536,CASSIRSAYEQYF,YVLDHLIVV,2,SIRSAYEQ,2115
7506,45537,CASSFDGVYEQYF,YVLDHLIVV,2,SFDGVYEQ,3095
7507,45538,CASSTRSSYEQYF,YVLDHLIVV,2,STRSSYEQ,5131
7508,45539,CASSMRSADTQYF,GILGFVFTL,3,SMRSADTQ,445
7509,45540,CASSVRASDEQYF,GILGFVFTL,3,SVRASDEQ,5566
7510,45541,CASSPSSVADTQYF,GILGFVFTL,3,SPSSVADT,2393
7511,45542,CASSSRAAYEQYF,GILGFVFTL,3,SSRAAYEQ,3132
7512,45543,CASSIRASNEQFF,GILGFVFTL,2,SIRASNEQ,1200
7513,45544,CASSGRSADTQYF,GILGFVFTL,2,SGRSADTQ,1421
7514,45545,CASSTRATGELFF,GILGFVFTL,2,STRATGEL,5549
7515,45546,CASSIRGSETQYF,GILGFVFTL,2,SIRGSETQ,4240
7516,45547,CASSGRSTDTQYF,GILGFVFTL,2,SGRSTDTQ,2923
7517,45548,CASSPRSNQPQHF,GILGFVFTL,2,SPRSNQPQ,4859
7518,45549,CAITGGGEQFF,GILGFVFTL,2,ITGGGEQF,955
7519,45550,CASSTHSGGNNEQFF,GILGFVFTL,2,THSGGNNE,2654
7520,45551,CASSIRSSYEQYF,GILGFVFTL,2,SIRSSYEQ,2985
7521,45552,CASSRRSGGDEQFF,GILGFVFTL,2,SRRSGGDE,2567
7522,45553,CASSARSSYEQYF,GILGFVFTL,2,SARSSYEQ,2355
7523,45554,CASSDRGGGDEQFF,GILGFVFTL,2,SDRGGGDE,2138
7524,45555,CASSVRASYEQYF,GILGFVFTL,2,SVRASYEQ,2249
7525,45556,CASSPSGPWPQYF,GILGFVFTL,2,SPSGPWPQ,1294
7526,45557,CASSIRSTGELFF,GILGFVFTL,2,SIRSTGEL,862
7527,45558,CASSIRSSYEQYF,GILGFVFTL,2,SIRSSYEQ,2985
7528,45559,CASSTVSLDTQYF,GILGFVFTL,2,STVSLDTQ,3421
7529,45560,CASSLRSSYEQYF,GILGFVFTL,2,SLRSSYEQ,946
7530,45561,CASSARSADTQYF,GILGFVFTL,2,SARSADTQ,764
7531,45562,CASSIVSQETQYF,GILGFVFTL,2,SIVSQETQ,4567
7532,45563,CASSIRSGGEQYF,GILGFVFTL,2,SIRSGGEQ,3825
7533,45564,CASSIRSAYEQYF,GILGFVFTL,2,SIRSAYEQ,2115
7534,45565,CASSATSIYEQFF,GILGFVFTL,2,SATSIYEQ,4107
7535,45566,CASSTRSSYEQYF,GILGFVFTL,2,STRSSYEQ,5131
7536,45567,CASATGTYGYTF,GILGFVFTL,2,SATGTYGY,201
7537,45568,CASSIRSSHEQYF,GILGFVFTL,2,SIRSSHEQ,5006
7538,45569,CASSIRSSYEQYF,GILGFVFTL,3,SIRSSYEQ,2985
7539,45570,CASSPTGVGEQFF,GILGFVFTL,3,SPTGVGEQ,2573
7540,45571,CASSIRASYEQYF,GILGFVFTL,3,SIRASYEQ,5255
7541,45572,CASSIRSSYEQYF,GILGFVFTL,3,SIRSSYEQ,2985
7542,45573,CASSIRSSYEQYF,GILGFVFTL,3,SIRSSYEQ,2985
7543,45574,CASSIYSGPYNEQFF,GILGFVFTL,2,IYSGPYNE,2509
7544,45575,CASSIRSAYEQYF,GILGFVFTL,2,SIRSAYEQ,2115
7545,45576,CASSIFHTDTQYF,GILGFVFTL,2,SIFHTDTQ,4033
7546,45577,CASSIRSSYEQYF,GILGFVFTL,3,SIRSSYEQ,2985
7547,45578,CASSIRSSYEQYF,GILGFVFTL,3,SIRSSYEQ,2985
7548,45579,CASSIRSSYEQYF,GILGFVFTL,3,SIRSSYEQ,2985
7549,45580,CASSIRSSYEQYF,GILGFVFTL,3,SIRSSYEQ,2985
7550,45581,CASSIRSSYEQYF,GILGFVFTL,3,SIRSSYEQ,2985
7551,45582,CASSIRSGETQYF,GILGFVFTL,2,SIRSGETQ,3975
7552,45583,CASSVRSAYEQYF,GILGFVFTL,2,SVRSAYEQ,3718
7553,45584,CASSIHSGGAVEQFF,GILGFVFTL,2,IHSGGAVE,3602
7554,45585,CASSIRSSYEQYF,GILGFVFTL,3,SIRSSYEQ,2985
7555,45586,CASSGRSADTQYF,GILGFVFTL,2,SGRSADTQ,1421
7556,45587,CASSRPGTSAFPYEQYF,GILGFVFTL,2,PGTSAFPY,5679
7557,45588,CASSIRSSYEQYF,GILGFVFTL,3,SIRSSYEQ,2985
7558,45589,CASSVRSTGELFF,GILGFVFTL,3,SVRSTGEL,1707
7559,45590,CASSIRSTGELFF,GILGFVFTL,3,SIRSTGEL,862
7560,45591,CASSIRSEDTQYF,GILGFVFTL,3,SIRSEDTQ,3075
7561,45592,CASSIRSTDTQYF,GILGFVFTL,3,SIRSTDTQ,3665
7562,45593,CASSPVGIDEQYF,GILGFVFTL,2,SPVGIDEQ,2706
7563,45594,CASSQRSTDTQYF,GILGFVFTL,2,SQRSTDTQ,4601
7564,45595,CASSMFGGNEQFF,GILGFVFTL,2,SMFGGNEQ,4948
7565,45596,CASSKRSTGELFF,GILGFVFTL,2,SKRSTGEL,266
7566,45597,CASSIRSTDTQYF,GILGFVFTL,3,SIRSTDTQ,3665
7567,45598,CASSIGIYGYTF,GILGFVFTL,2,SSIGIYGY,2077
7568,45599,CASSYRSTLEQFF,GILGFVFTL,2,SYRSTLEQ,1982
7569,45600,CASSTRSTGELFF,GILGFVFTL,2,STRSTGEL,42
7570,45601,CASSIRSSYEQYF,GILGFVFTL,3,SIRSSYEQ,2985
7571,45602,CASSIRSAYEQYF,GILGFVFTL,2,SIRSAYEQ,2115
7572,45603,CAWSGLGPSYNEQFF,GILGFVFTL,2,GLGPSYNE,756
7573,45604,CASSIRSTGELFF,GILGFVFTL,3,SIRSTGEL,862
7574,45605,CASSVRSAYEQYF,GILGFVFTL,2,SVRSAYEQ,3718
7575,45606,CASSIRSGVEQFF,GILGFVFTL,2,SIRSGVEQ,4150
7576,45607,CASSIRSTGELFF,GILGFVFTL,3,SIRSTGEL,862
7577,45608,CASSTSAANQPQHF,GILGFVFTL,2,STSAANQP,1349
7578,45609,CASTLAGVGYEQFF,GILGFVFTL,3,TLAGVGYE,2709
7579,45610,CASSTGNYGYTF,GILGFVFTL,3,SSTGNYGY,4078
7580,45611,CASSTGFYGYTF,GILGFVFTL,3,SSTGFYGY,2563
7581,45612,CASSIRSAHEQFF,GILGFVFTL,3,SIRSAHEQ,4515
7582,45613,CASAAGTYGYTF,GILGFVFTL,2,SAAGTYGY,499
7583,45614,CASSQEDLTSGTNEQFF,GILGFVFTL,2,EDLTSGTN,625
7584,45615,CASSGRSTDTQYF,GILGFVFTL,2,SGRSTDTQ,2923
7585,45616,CASSIRSSYEQYF,GILGFVFTL,3,SIRSSYEQ,2985
7586,45617,CASSIRSSNEQFF,GILGFVFTL,2,SIRSSNEQ,4750
7587,45618,CASSIRSTGELFF,GILGFVFTL,3,SIRSTGEL,862
7588,45619,CASSQFPLTGGNTEAFF,GILGFVFTL,2,FPLTGGNT,2747
7589,45620,CASSTGIYGYTF,GILGFVFTL,2,SSTGIYGY,4898
7590,45621,CASSMGSYGYTF,GILGFVFTL,2,SSMGSYGY,204
7591,45622,CASTTAVYGYTF,GILGFVFTL,2,STTAVYGY,2837
7592,45623,CASSQRSTDTQYF,GILGFVFTL,2,SQRSTDTQ,4601
7593,45624,CASSKANGGSNQPQHF,GILGFVFTL,2,KANGGSNQ,2330
7594,45625,CASSTRSSYEQYF,GILGFVFTL,2,STRSSYEQ,5131
7595,45626,CASSIYSIEEQFF,GILGFVFTL,2,SIYSIEEQ,2960
7596,45627,CASSIRSSYEQYF,GILGFVFTL,3,SIRSSYEQ,2985
7597,45628,CASSIRSAYEQYF,GILGFVFTL,2,SIRSAYEQ,2115
7598,45630,CASSWTGPSYEQYF,VTEHDTLLY,1,SWTGPSYE,3819
7599,45631,CASSYSSSSYNEQFF,CTELKLSDY,1,YSSSSYNE,1341
7600,45634,CASSFQGYTEAFF,NLVPMVATV,1,SFQGYTEA,4098
7601,45635,CASSFSSLNTGELFF,NLVPMVATV,1,FSSLNTGE,2059
7602,45636,CASSLAGYEQYF,NLVPMVATV,1,SSLAGYEQ,2083
7603,45638,CASSYTLPGTVPQRNQPQHF,GILGFVFTL,1,LPGTVPQR,1989
7604,45640,CSVVAGGADTQYF,NLVPMVATV,1,VAGGADTQ,576
7605,45786,CASSWSGGGARDTQYF,VTEHDTLLY,1,WSGGGARD,5229
7606,45835,CASSDGQARNTGELFF,TPRVTGGGAM,1,DGQARNTG,4426
7607,45836,CASSLGAAVREQYF,LPRRSGAAGA,1,SLGAAVRE,4571
7608,45840,CASSPSRNTEAFF,TPRVTGGGAM,1,SPSRNTEA,1321
7609,45841,CASSPTRNTEAFF,TPRVTGGGAM,1,SPTRNTEA,4746
7610,45843,CASSVESGGLSYEQYF,LPRRSGAAGA,1,VESGGLSY,1245
7611,45844,CASSFQGYTEAFF,NLVPMVATV,1,SFQGYTEA,4098
7612,45845,CASRTGTGAFYEQYF,GILGFVFTL,1,TGTGAFYE,5171
7613,45846,CASSILAVAGNEQFF,GILGFVFTL,1,ILAVAGNE,4835
7614,45848,CASSIRSSYEQYF,GILGFVFTL,1,SIRSSYEQ,2985
7615,45852,CASSSHRGEGAFF,GILGFVFTL,1,SSHRGEGA,2551
7616,45853,CASSSRQGNLIDEQFF,TPRVTGGGAM,1,SRQGNLID,350
7617,45894,CASSLGRETQYF,LPRRSGAAGA,1,SSLGRETQ,4664
7618,45911,CASSPARNTEAFF,TPRVTGGGAM,1,SPARNTEA,4131
7619,45923,CASSPSRNTEAFF,TPRVTGGGAM,1,SPSRNTEA,1321
7620,46123,CASSQGRGPGKYF,GILGFVFTL,1,SQGRGPGK,1894
7621,46193,CAWSGVSYEQYF,GILGFVFTL,1,WSGVSYEQ,2689
7622,46207,CAWSVGGGGYTF,GILGFVFTL,1,WSVGGGGY,2839
7623,46249,CSVELASGTYEQYF,GILGFVFTL,1,ELASGTYE,2942
7624,46302,CASSLLGSNQPQHF,GLCTLVAML,1,SLLGSNQP,3907
7625,46325,CASSQSPGGEQYF,GLCTLVAML,1,SQSPGGEQ,495
7626,46326,CASSQSPGGTQYF,GLCTLVAML,1,SQSPGGTQ,163
7627,46341,CASSVAGGDEQFF,GLCTLVAML,2,SVAGGDEQ,3760
7628,46365,CSARDGTGNGYTF,GLCTLVAML,1,RDGTGNGY,3396
7629,46366,CSARDQTGNGYTF,GLCTLVAML,1,RDQTGNGY,1870
7630,46367,CSARDRVGNTIYF,GLCTLVAML,3,RDRVGNTI,1063
7631,46372,CSARSETGNTIYF,GLCTLVAML,1,RSETGNTI,1815
7632,46382,CSVGTGGTNEKLFF,GLCTLVAML,3,GTGGTNEK,3711
7633,46398,CASSAGTPLYYGYTF,GLCTLVAML,1,AGTPLYYG,4097
7634,46445,CASSLLSGTSLRVTGELFF,GLCTLVAML,1,SGTSLRVT,5165
7635,46515,CASSQSPGGTQYF,GLCTLVAML,1,SQSPGGTQ,163
7636,46516,CASSQSPGGTQYF,GLCTLVAML,1,SQSPGGTQ,163
7637,46568,CSARDGTGNGYTF,GLCTLVAML,1,RDGTGNGY,3396
7638,46569,CSARDQTGNGYTF,GLCTLVAML,1,RDQTGNGY,1870
7639,46571,CSARDRVGNTIYF,GLCTLVAML,3,RDRVGNTI,1063
7640,46572,CSARDSTGNGYTF,GLCTLVAML,1,RDSTGNGY,4205
7641,46576,CSARSETGNTIYF,GLCTLVAML,1,RSETGNTI,1815
7642,46614,CASSIDGTAYEQYF,GLCTLVAML,3,SIDGTAYE,4655
7643,46632,CASSLTDPYEQYF,GLCTLVAML,1,SLTDPYEQ,2915
7644,46646,CASSQDFRGGYEQYF,GLCTLVAML,1,QDFRGGYE,601
7645,46647,CASSQDFRGGYEQYF,GLCTLVAML,1,QDFRGGYE,601
7646,46648,CASSQDFRGGYEQYF,GLCTLVAML,1,QDFRGGYE,601
7647,46664,CASSQSPGGTQYF,GLCTLVAML,1,SQSPGGTQ,163
7648,46695,CAWSRGAVEQFF,GLCTLVAML,1,WSRGAVEQ,3044
7649,46706,CSARDKTGNGYTF,GLCTLVAML,1,RDKTGNGY,2280
7650,46709,CSARDRVGNGYTF,GLCTLVAML,2,RDRVGNGY,1082
7651,46710,CSARDRVGNTIYF,GLCTLVAML,3,RDRVGNTI,1063
7652,46715,CSARGQAITEKLFF,GLCTLVAML,1,RGQAITEK,1757
7653,46716,CSARGQAITEKLFF,GLCTLVAML,1,RGQAITEK,1757
7654,46717,CSARGQAITEKLFF,GLCTLVAML,1,RGQAITEK,1757
7655,46741,CSVGSGGTNEKLFF,GLCTLVAML,3,GSGGTNEK,745
7656,46742,CASSLAGGSNQPQHF,GILGFVFTL,1,LAGGSNQP,5700
7657,46743,CASSLAPLSTDTQYF,GILGFVFTL,1,LAPLSTDT,25
7658,46744,CASSLVSAHEQYF,GILGFVFTL,1,SLVSAHEQ,1743
7659,46745,CASSPLDTKQQFF,GILGFVFTL,1,SPLDTKQQ,4620
7660,46746,CASSPLDTKQQFF,GILGFVFTL,1,SPLDTKQQ,4620
7661,46747,CAWSVLPEAFF,GILGFVFTL,1,WSVLPEAF,1121
7662,46748,CASSARQGIDTGELFF,TPRVTGGGAM,1,ARQGIDTG,2120
7663,46749,CASSFRDRGHYEQYF,TPRVTGGGAM,1,FRDRGHYE,385
7664,46751,CASSTHDRDGGGSAQHF,TPRVTGGGAM,1,HDRDGGGS,3683
7665,46752,CSGRSKGAVNEKLFF,TPRVTGGGAM,1,SKGAVNEK,2187
7666,46753,CASSLAGQGSPYEQYF,LPRRSGAAGA,1,LAGQGSPY,3337
7667,46754,CASSLIGVSSYNEQFF,TPRVTGGGAM,2,LIGVSSYN,4389
7668,46757,CASSLAGQGSPYEQYF,LPRRSGAAGA,1,LAGQGSPY,3337
7669,46758,CASSLIGVSSYNEQFF,LPRRSGAAGA,1,LIGVSSYN,4389
7670,46759,CAWSDRGLVDTQYF,LPRRSGAAGA,1,SDRGLVDT,1215
7671,46760,CASSGDHSYEQYF,LPRRSGAAGA,1,SGDHSYEQ,5589
7672,46761,CGLITGATEAFF,TPRVTGGGAM,1,LITGATEA,4922
7673,46762,CSAISGSGGVGDTQYF,GILGFVFTL,1,SGSGGVGD,1655
7674,46764,CASIDSGAATDTQYF,CTELKLSDY,1,DSGAATDT,582
7675,46769,CASSLALRQESREQYF,CTELKLSDY,1,LALRQESR,4152
7676,46773,CASSPGTGTYGYTF,VTEHDTLLY,1,SPGTGTYG,1760
7677,46776,CASSVGQGVTYEQYF,VTEHDTLLY,1,VGQGVTYE,3877
7678,46783,CASSPGLAGVYEQYF,CTELKLSDY,1,PGLAGVYE,574
7679,46784,CASRLAGGGGEQFF,VTEHDTLLY,1,RLAGGGGE,1070
7680,46785,CATSSLSGRVTGELFF,VTEHDTLLY,1,SLSGRVTG,4449
7681,46786,CSVRTGGLGANVLTF,VTEHDTLLY,1,TGGLGANV,3552
7682,46789,CASSQERGGKWAYEQYF,VTEHDTLLY,1,ERGGKWAY,981
7683,46792,CASSVGQGKTYEQYF,VTEHDTLLY,1,VGQGKTYE,5637
7684,46793,CATHRAGGFNEQFF,VTEHDTLLY,1,HRAGGFNE,3847
7685,46796,CASSSVNEQYF,NLVPMVATV,1,SSSVNEQY,1023
7686,46808,CASSSETTSPLHF,NLVPMVATV,1,SSETTSPL,1267
7687,46809,CASSLAPGATNEKLFF,NLVPMVATV,1,LAPGATNE,2010
7688,46816,CASSIRSAYEQYF,GILGFVFTL,1,SIRSAYEQ,2115
7689,46818,CASSIRSSYEQYF,GILGFVFTL,1,SIRSSYEQ,2985
7690,46820,CASSIRSTDTQYF,GILGFVFTL,1,SIRSTDTQ,3665
7691,46858,CASSGRSTDTQYF,GILGFVFTL,1,SGRSTDTQ,2923
7692,46882,CASSIRSSYEQYF,GILGFVFTL,1,SIRSSYEQ,2985
7693,46883,CASSIRSSYEQYF,GILGFVFTL,1,SIRSSYEQ,2985
7694,46887,CASSIRSSYEQYF,GILGFVFTL,1,SIRSSYEQ,2985
7695,46891,CASSIRSSYEQYF,GILGFVFTL,1,SIRSSYEQ,2985
7696,46893,CASSIRSSYEQYF,GILGFVFTL,1,SIRSSYEQ,2985
7697,46910,CASSMFVGQPQHF,GILGFVFTL,1,SMFVGQPQ,4274
7698,46941,CASSYYSNQPQHF,GILGFVFTL,1,SYYSNQPQ,3419
7699,46963,CASSSANYGYTF,NLVPMVATV,1,SSSANYGY,3390
7700,46965,CASSVVERAFF,NLVPMVATV,1,SSVVERAF,4987
7701,46967,CASSVVERAFF,NLVPMVATV,1,SSVVERAF,4987
7702,46970,CASSLAPGATNEKLFF,NLVPMVATV,1,LAPGATNE,2010
7703,46971,CASSQSPGGTQYF,GLCTLVAML,1,SQSPGGTQ,163
7704,46972,CASSQSPGGTQYF,GLCTLVAML,1,SQSPGGTQ,163
7705,47099,CASSEFWDGYTF,PKYVKQNTLKLAT,1,SSEFWDGY,1600
7706,47100,CASSSGPAFF,PKYVKQNTLKLAT,1,ASSSGPAF,5633
7707,47101,CASSSIKGAFF,PKYVKQNTLKLAT,1,SSSIKGAF,982
7708,47102,CASSPGGGRNTYEQYF,PKYVKQNTLKLAT,1,PGGGRNTY,964
7709,47103,CASSGPGQGTDTQYF,PKYVKQNTLKLAT,1,GPGQGTDT,5342
7710,47104,CASSLTGWQYF,PKYVKQNTLKLAT,1,SSLTGWQY,2943
7711,47105,CASVASPGTSALDYEQYF,PKYVKQNTLKLAT,1,SPGTSALD,1390
7712,47106,CASSSGPPAKAFF,PKYVKQNTLKLAT,1,SSGPPAKA,3027
7713,47107,CASTPSPGVSSIGYEQYF,PKYVKQNTLKLAT,1,SPGVSSIG,2931
7714,47108,CASSQEEGGQPQHF,PKYVKQNTLKLAT,1,SQEEGGQP,4338
7715,47109,CASRPEKETGELFF,PKYVKQNTLKLAT,1,RPEKETGE,2978
7716,47110,CASRPEKETGELFF,PKYVKQNTLKLAT,1,RPEKETGE,2978
7717,47111,CASSYVGQGLGETQYF,PKYVKQNTLKLAT,1,YVGQGLGE,2377
7718,47112,CASSLEGQDYEQYF,PKYVKQNTLKLAT,1,SLEGQDYE,1980
7719,47113,CASSLEGQDYEPVL,PKYVKQNTLKLAT,1,SLEGQDYE,1980
7720,47114,CASSLDGLAGGPSF,PKYVKQNTLKLAT,1,SLDGLAGG,5495
7721,47115,CASSRDWETYEQYF,PKYVKQNTLKLAT,1,SRDWETYE,4971
7722,47116,CASSLGNGNTIYF,PKYVKQNTLKLAT,1,SLGNGNTI,2759
7723,47117,CASSQDPTGYSGANVLTF,PKYVKQNTLKLAT,1,DPTGYSGA,2103
7724,47118,CASSVGRNTEAFF,PKYVKQNTLKLAT,1,SVGRNTEA,4929
7725,47123,CATSDFGEGTDTQYF,PKYVKQNTLKLAT,1,DFGEGTDT,2399
7726,47127,CATSDFGEGTDTQYF,PKYVKQNTLKLAT,1,DFGEGTDT,2399
7727,47128,CATSDFGEGTDTQYF,PKYVKQNTLKLAT,1,DFGEGTDT,2399
7728,47129,CATSDFGEGTDTQYF,PKYVKQNTLKLAT,1,DFGEGTDT,2399
7729,47144,CATSDPGQGAGDTQYF,PKYVKQNTLKLAT,1,DPGQGAGD,3322
7730,47145,CASWVGGREDSAQHF,PKYVKQNTLKLAT,1,VGGREDSA,4478
7731,47146,CASPPAGDITGETQYF,PKYVKQNTLKLAT,1,PAGDITGE,1723
7732,47147,CASSPGGGRGSYEQYF,PKYVKQNTLKLAT,1,PGGGRGSY,5309
7733,47148,CASSQGDRGNIQYF,PKYVKQNTLKLAT,1,SQGDRGNI,650
7734,47149,CASSYDTNTEAFF,PKYVKQNTLKLAT,1,SYDTNTEA,2820
7735,47150,CASSLDGQDYEQYF,PKYVKQNTLKLAT,1,SLDGQDYE,5258
7736,47279,CASSRWGVNQDTQYF,HGIRNASFI,1,RWGVNQDT,414
7737,47280,CASSSGTGYSDYTF,SSPPMFRV,1,SSGTGYSD,2693
7738,47283,CTCSTGTGGYNYAEQFF,SSPPMFRV,1,GTGGYNYA,3365
7739,47284,CTCSAGTGGYNYAEQFF,SSPPMFRV,1,GTGGYNYA,3365
7740,47288,CASSPRVFNQAPLF,ASNENMETM,1,SPRVFNQA,2479
7741,47307,CASSTGDYAEQFF,LSLRNPILV,1,STGDYAEQ,2983
7742,47309,CASSLTDSYEQYF,SSYRRPVGI,1,SLTDSYEQ,1684
7743,47311,CASSFGGEVFF,SSLENFRAYV,1,SSFGGEVF,133
7744,47314,CASSIRKNTEVFF,TVYGFCLL,1,SIRKNTEV,1705
7745,47315,CASSGDLNSGNTLYF,LSLRNPILV,1,GDLNSGNT,257
7746,47322,CAWSPDWGVYEQYF,SSYRRPVGI,1,SPDWGVYE,5686
7747,47326,CASSRFANTEVFF,HGIRNASFI,1,SRFANTEV,1262
7748,47330,CASSIRSSYEQYF,GILGFVFTL,1,SIRSSYEQ,2985
7749,47332,CASSTDSAETLYF,SSYRRPVGI,1,STDSAETL,2489
7750,47333,CASSTDSAETQYF,SSYRRPVGI,1,STDSAETQ,3625
7751,47334,CTCSAGTGGYNYAEQFF,SSPPMFRV,1,GTGGYNYA,3365
7752,47335,CTCSGGTGGYNYAEQFF,SSPPMFRV,1,GTGGYNYA,3365
7753,47336,CTCSGGTGGYNYAEQFF,SSPPMFRV,1,GTGGYNYA,3365
7754,47337,CTCSGGTGGYNYAEQFF,SSPPMFRV,1,GTGGYNYA,3365
7755,47338,CTCSGGTGGYNYAEQFF,SSYRRPVGI,1,GTGGYNYA,3365
7756,47339,CASSLGTDEQYF,SSLENFRAYV,1,SSLGTDEQ,2117
7757,47341,CASSLTDTEVFF,SSYRRPVGI,1,SSLTDTEV,789
7758,47343,CASSDDRVTNQAPLF,LSLRNPILV,1,DDRVTNQA,533
7759,47347,CTCSAGTGGYNYAEQFF,SSPPMFRV,1,GTGGYNYA,3365
7760,47353,CASSLTGDAEQFF,TVYGFCLL,1,SLTGDAEQ,4180
7761,47354,CASSPGSSDYTF,TVYGFCLL,1,SSPGSSDY,3851
7762,47356,CASGDKYAEQFF,TVYGFCLL,1,SGDKYAEQ,1745
7763,47363,CASSPLGSSAETLYF,HGIRNASFI,1,PLGSSAET,4981
7764,47366,CASSRDWGYQDTQYF,HGIRNASFI,1,RDWGYQDT,1220
7765,47367,CASSHDRRNSYNSPLYF,ASNENMETM,1,DRRNSYNS,640
7766,47368,CASSHDRRNSYNSPLYF,ASNENMETM,1,DRRNSYNS,640
7767,47371,CASSQDRRNSYNSPLYF,ASNENMETM,1,DRRNSYNS,640
7768,47374,CASRPDISYNSPLYF,LSLRNPILV,1,PDISYNSP,4202
7769,47376,CTCSAGTGGYNYAEQFF,SSPPMFRV,1,GTGGYNYA,3365
7770,47377,CASSGLGTSAETLYF,HGIRNASFI,1,GLGTSAET,4193
7771,47382,CASSLPEGPTGQLYF,LSLRNPILV,1,LPEGPTGQ,790
7772,47383,CASTLWSATNEKLFF,NLVPMVATV,1,LWSATNEK,1265
7773,47384,CASSPSQNTLYF,TVYGFCLL,1,SSPSQNTL,374
7774,47386,CASSQERGSAETLYF,ASNENMETM,1,QERGSAET,3938
7775,47387,CASSEENTEVFF,SSPPMFRV,1,SSEENTEV,3092
7776,47400,CTCSTGTGGFNYAEQFF,SSPPMFRV,1,GTGGFNYA,2226
7777,47401,CTCSTGTGGFNYGEQFF,SSPPMFRV,1,GTGGFNYG,264
7778,47403,CASSDHRNTEVFF,ASNENMETM,1,SDHRNTEV,1456
7779,47407,CASSDATKTEVFF,ASNENMETM,1,SDATKTEV,4104
7780,47408,CASSDHRTTEVFF,ASNENMETM,1,SDHRTTEV,3162
7781,47410,CASSIDTGGFYEQYF,LSLRNPILV,1,IDTGGFYE,4535
7782,47412,CAIGSNQDTQYF,LSLRNPILV,1,IGSNQDTQ,2206
7783,47414,CASSDSKNTEVFF,ASNENMETM,1,SDSKNTEV,794
7784,47415,CASSSDSAETLYF,SSYRRPVGI,1,SSDSAETL,1956
7785,47417,CASSPGQNNSPLYF,LSLRNPILV,1,SPGQNNSP,1373
7786,47418,CASRDSANTEVFF,ASNENMETM,1,RDSANTEV,2725
7787,47424,CASSPGANSDYTF,LSLRNPILV,1,SPGANSDY,4022
7788,47426,CASSQDGSQNTLYF,SSPPMFRV,1,SQDGSQNT,2548
7789,47432,CASSPLGSSAETLYF,HGIRNASFI,1,PLGSSAET,4981
7790,47433,CASSQDRRNSYNSPLYF,ASNENMETM,1,DRRNSYNS,640
7791,47441,CASSAGYNYAEQFF,LSLRNPILV,1,SAGYNYAE,2247
7792,47442,CASSLDQGEGNTLYF,SSYRRPVGI,1,LDQGEGNT,2414
7793,47445,CASGDALETLYF,SSYRRPVGI,1,SGDALETL,3224
7794,47447,CASSASGRAEQFF,TVYGFCLL,1,SASGRAEQ,4036
7795,47448,CASSLTGKDTQYF,TVYGFCLL,1,SLTGKDTQ,3193
7796,47450,CASSGLGGSAETLYF,HGIRNASFI,1,GLGGSAET,2661
7797,47451,CASSWDRGREQYF,TVYGFCLL,1,SWDRGREQ,5042
7798,47453,CTCSADRVNTEVFF,SSPPMFRV,1,SADRVNTE,1791
7799,47454,CASSGTGVGNTLYF,TVYGFCLL,1,SGTGVGNT,230
7800,47455,CAWGGTSSAETLYF,SSYRRPVGI,1,GGTSSAET,4253
7801,47459,CASSFDRGDTQYF,TVYGFCLL,1,SFDRGDTQ,5235
7802,47460,CASRTGATGQLYF,LSLRNPILV,1,RTGATGQL,746
7803,47462,CASSPGTTYEQYF,LSLRNPILV,1,SPGTTYEQ,1861
7804,47470,CASRDFSQNTLYF,ASNENMETM,1,RDFSQNTL,1451
7805,47474,CASSPLGTSAETLYF,HGIRNASFI,1,PLGTSAET,4216
7806,47475,CTCSAGTGGYNYAEQFF,SSPPMFRV,1,GTGGYNYA,3365
7807,47477,CTCSAGTGGYNYAEQFF,SSPPMFRV,1,GTGGYNYA,3365
7808,47479,CASSINRGNTLYF,TVYGFCLL,1,SINRGNTL,1932
7809,47481,CASSGGNEQYF,SSLENFRAYV,1,SSGGNEQY,2636
7810,47482,CASRPDISYNSPLYF,LSLRNPILV,1,PDISYNSP,4202
7811,47483,CASSIRNYAEQFF,TVYGFCLL,1,SIRNYAEQ,1899
7812,47487,CASSRDQNTGQLYF,SSPPMFRV,1,SRDQNTGQ,1573
7813,47488,CASSTGTTYEQYF,LSLRNPILV,1,STGTTYEQ,4377
7814,47489,CASSPDSAETLYF,SSYRRPVGI,1,SPDSAETL,3165
7815,47491,CASSLDNYEQYF,TVYGFCLL,1,SSLDNYEQ,1241
7816,47492,CTCSAGTGGYNYAEQFF,SSPPMFRV,1,GTGGYNYA,3365
7817,47493,CASSLDRNTGQLYF,TVYGFCLL,1,SLDRNTGQ,1292
7818,47494,CASSQDRNTGQLYF,TVYGFCLL,1,SQDRNTGQ,2852
7819,47495,CASSWDRNTGQLYF,TVYGFCLL,1,SWDRNTGQ,4335
7820,47496,CASSVDRFNQDTQYF,TVYGFCLL,1,VDRFNQDT,323
7821,47497,CASSPGTGDYAEQFF,HGIRNASFI,1,PGTGDYAE,5172
7822,47499,CASGGESAETLYF,SSYRRPVGI,1,GGESAETL,454
7823,47501,CASRDNNQDTQYF,SSPPMFRV,1,RDNNQDTQ,5153
7824,47502,CASSKFANTEVFF,HGIRNASFI,1,SKFANTEV,5053
7825,47504,CASNTGDGERLFF,LSLRNPILV,1,NTGDGERL,272
7826,47505,CASSPGTGGYNYAEQFF,SSPPMFRV,1,GTGGYNYA,3365
7827,47511,CASSRLGVSAETLYF,HGIRNASFI,1,RLGVSAET,5701
7828,47518,CASSRDWGGQDTQYF,HGIRNASFI,1,RDWGGQDT,3134
7829,47522,CASSGDRDEQYF,SSYRRPVGI,1,SSGDRDEQ,3490
7830,47530,CASSGLGGSAETLYF,HGIRNASFI,1,GLGGSAET,2661
7831,47531,CASSRDWNTGQLYF,SSPPMFRV,1,SRDWNTGQ,5491
7832,47532,CASSRDWNTGQLYF,SSPPMFRV,1,SRDWNTGQ,5491
7833,47534,CASSLVGQDTQYF,TVYGFCLL,1,SLVGQDTQ,310
7834,47536,CASSSLGSSAETLYF,HGIRNASFI,1,SLGSSAET,2309
7835,47537,CASSDEGASYEQYF,SSPPMFRV,1,SDEGASYE,632
7836,47540,CASSPRKQLYF,ASNENMETM,1,SSPRKQLY,4208
7837,47541,CASSSHLEVFF,SSLENFRAYV,1,SSSHLEVF,5373
7838,47544,CASSIGDEQYF,SSLENFRAYV,1,SSIGDEQY,2591
7839,47545,CASSIGDEQYF,SSLENFRAYV,1,SSIGDEQY,2591
7840,47546,CASSIGDEQYF,SSYRRPVGI,1,SSIGDEQY,2591
7841,47548,CASSIGSEQYF,SSLENFRAYV,1,SSIGSEQY,721
7842,47549,CASSWGSEVFF,SSLENFRAYV,1,SSWGSEVF,2855
7843,47551,CTCSAGTGGYNYAEQFF,SSPPMFRV,1,GTGGYNYA,3365
7844,47554,CASSQGPDYTF,TVYGFCLL,1,SSQGPDYT,2457
7845,47564,CASSRDQNTGQLYF,SSPPMFRV,1,SRDQNTGQ,1573
7846,47566,CGASWGVEQYF,TVYGFCLL,1,ASWGVEQY,2074
7847,47569,CASSDDWETLYF,SSYRRPVGI,1,SSDDWETL,3282
7848,47571,CASSAGQVNTEVFF,LSLRNPILV,1,SAGQVNTE,2971
7849,47574,CASTLGGEVFF,SSLENFRAYV,1,STLGGEVF,4684
7850,47579,CTCSAGTGGYNYAEQFF,SSPPMFRV,1,GTGGYNYA,3365
7851,47580,CTCSAGTGGYNYAEQFF,SSPPMFRV,1,GTGGYNYA,3365
7852,47581,CTCSAGTGGYNYAEQFF,SSPPMFRV,1,GTGGYNYA,3365
7853,47582,CTCSAGTGGYKYAEQFF,SSPPMFRV,1,GTGGYKYA,65
7854,47583,CTCSAGTGGYNYAEQFF,SSPPMFRV,1,GTGGYNYA,3365
7855,47584,CTCSAGTGGYNYAEQFF,SSPPMFRV,1,GTGGYNYA,3365
7856,47585,CTCSAGTGGYNYAEQFF,SSPPMFRV,1,GTGGYNYA,3365
7857,47586,CGARDGGLNTGQLYF,SSYRRPVGI,1,DGGLNTGQ,2936
7858,47588,CASSDHRGTEVFF,ASNENMETM,1,SDHRGTEV,1403
7859,47589,CTCSADRINQDTQYF,SSYRRPVGI,1,ADRINQDT,173
7860,47590,CASSLSWDREGTLYF,SSLENFRAYV,1,LSWDREGT,1291
7861,47591,CASSDSKNTEVFF,ASNENMETM,1,SDSKNTEV,794
7862,47592,CASSDSKNTEVFF,SSYRRPVGI,1,SDSKNTEV,794
7863,47597,CASSGLGSSAETLYF,HGIRNASFI,1,GLGSSAET,3978
7864,47598,CASSPLGSSAETLYF,HGIRNASFI,1,PLGSSAET,4981
7865,47600,CTCSAGTGGYNYAEQFF,SSPPMFRV,1,GTGGYNYA,3365
7866,47601,CASSRDNWSDYTF,SSPPMFRV,1,SRDNWSDY,4410
7867,47603,CASSRGWGGPENTLYF,HGIRNASFI,1,RGWGGPEN,1734
7868,47604,CSVGAIMDEQFF,GLCTLVAML,1,VGAIMDEQ,800
7869,47609,CASSIGDEQYF,SSLENFRAYV,1,SSIGDEQY,2591
7870,47610,CASSIGDEQYF,SSLENFRAYV,1,SSIGDEQY,2591
7871,47613,CASSIGGEVFF,SSLENFRAYV,1,SSIGGEVF,3291
7872,47614,CASSIGGEVFF,SSLENFRAYV,1,SSIGGEVF,3291
7873,47615,CASSIGGEVFF,SSLENFRAYV,1,SSIGGEVF,3291
7874,47616,CASSIGGEVFF,SSLENFRAYV,1,SSIGGEVF,3291
7875,47617,CASSIGGEVFF,SSLENFRAYV,1,SSIGGEVF,3291
7876,47618,CASSIGGEVFF,SSLENFRAYV,1,SSIGGEVF,3291
7877,47619,CASSIGNEQYF,SSLENFRAYV,1,SSIGNEQY,4669
7878,47620,CASSIGNEQYF,SSLENFRAYV,1,SSIGNEQY,4669
7879,47621,CASSIGSEQYF,SSLENFRAYV,1,SSIGSEQY,721
7880,47625,CASSWGDEQYF,SSLENFRAYV,1,SSWGDEQY,5369
7881,47629,CASSETGRRTEVFF,ASNENMETM,1,SETGRRTE,407
7882,47631,CTCSAGTGGYNYAEQFF,SSPPMFRV,1,GTGGYNYA,3365
7883,47632,CTCSAGTGGYNYAEQFF,SSPPMFRV,1,GTGGYNYA,3365
7884,47633,CSSSQSARGRGQNTLYF,SSPPMFRV,1,SARGRGQN,2242
7885,47634,CTCSAGTGGYNYAEQFF,SSPPMFRV,1,GTGGYNYA,3365
7886,47640,CASSNWGTNTGQLYF,LSLRNPILV,1,NWGTNTGQ,1586
7887,47643,CASSSPRDRGTSAETLYF,SSYRRPVGI,1,PRDRGTSA,2844
7888,47645,CASSTRGAEQFF,ASNENMETM,1,SSTRGAEQ,3440
7889,47652,CASSPTGVAEQFF,HGIRNASFI,1,SPTGVAEQ,3294
7890,47654,CTCSAGTGGYNYAEQFF,SSPPMFRV,1,GTGGYNYA,3365
7891,47655,CTCSAGTGGYNYAEQFF,SSPPMFRV,1,GTGGYNYA,3365
7892,47657,CASSPLGSSAETLYF,HGIRNASFI,1,PLGSSAET,4981
7893,47661,CTCSAGTGGYNYAEQFF,SSPPMFRV,1,GTGGYNYA,3365
7894,47663,CASSADSAETLYF,SSYRRPVGI,1,SADSAETL,4317
7895,47665,CASSQDEAFNYAEQFF,LSLRNPILV,1,QDEAFNYA,4082
7896,47670,CASSRLGASAETLYF,HGIRNASFI,1,RLGASAET,3587
7897,47671,CASSRLGASAETLYF,HGIRNASFI,1,RLGASAET,3587
7898,47672,CASSRLGASAETLYF,HGIRNASFI,1,RLGASAET,3587
7899,47673,CASSRLGASAETLYF,HGIRNASFI,1,RLGASAET,3587
7900,47674,CASSRLGSSAETLYF,HGIRNASFI,1,RLGSSAET,3320
7901,47675,CASSRLGSSAETLYF,HGIRNASFI,1,RLGSSAET,3320
7902,47676,CASSRLGTSAETLYF,HGIRNASFI,1,RLGTSAET,4608
7903,47677,CASSRLGTSAETLYF,HGIRNASFI,1,RLGTSAET,4608
7904,47678,CASSRLGTSAETLYF,HGIRNASFI,1,RLGTSAET,4608
7905,47679,CASSRLGTSAETLYF,HGIRNASFI,1,RLGTSAET,4608
7906,47681,CASSSWGVSAETLYF,HGIRNASFI,1,SWGVSAET,1038
7907,47682,CASSTLGTSAETLYF,HGIRNASFI,1,TLGTSAET,1901
7908,47685,CASSRMGASAETLYF,HGIRNASFI,1,RMGASAET,3502
7909,47690,CASSPGTGGYNYAEQFF,SSPPMFRV,1,GTGGYNYA,3365
7910,47692,CASSWDSAETLYF,SSYRRPVGI,1,SWDSAETL,600
7911,47696,CASSDGEQYF,SSYRRPVGI,1,ASSDGEQY,5472
7912,47698,CASEGGPNQDTQYF,SSLENFRAYV,1,EGGPNQDT,5554
7913,47704,CASSQAGLAAYNEQFF,GLCTLVAML,1,QAGLAAYN,5375
7914,47705,CSVTGDRRSNQPQHF,GLCTLVAML,1,GDRRSNQP,1515
7915,47707,CSARDRVGNGHTF,GLCTLVAML,1,RDRVGNGH,4723
7916,47708,CSARDRVGNGYTF,GLCTLVAML,1,RDRVGNGY,1082
7917,47711,CSARDGTGNGYTF,GLCTLVAML,1,RDGTGNGY,3396
7918,47712,CSARDGTGNGYTF,GLCTLVAML,1,RDGTGNGY,3396
7919,47713,CSARDGTGNGYTF,GLCTLVAML,1,RDGTGNGY,3396
7920,47717,CSARDSTGNGYTF,GLCTLVAML,1,RDSTGNGY,4205
7921,47718,CSARDSTGNGYTF,GLCTLVAML,1,RDSTGNGY,4205
7922,47720,CSARDTVGNGYTF,GLCTLVAML,1,RDTVGNGY,4741
7923,47721,CSARLRELSGNTIYF,GLCTLVAML,1,LRELSGNT,4369
7924,47722,CSARLRKLSGNTIYF,GLCTLVAML,1,LRKLSGNT,590
7925,47723,CSARVEPGNGYTF,GLCTLVAML,1,RVEPGNGY,3946
7926,47725,CSARDSTGNGYTF,GLCTLVAML,1,RDSTGNGY,4205
7927,47727,CSGREDSTNEKLFF,GLCTLVAML,1,REDSTNEK,572
7928,47729,CASSMGNNYAEQFF,LSLRNPILV,1,SMGNNYAE,1492
7929,47730,CASSSGQDNYAEQFF,SSYRRPVGI,1,SGQDNYAE,2410
7930,47733,CASSFIGGVDGYTF,NLVPMVATV,1,SFIGGVDG,1106
7931,47734,CATGRGGKIGEQYF,NLVPMVATV,1,GRGGKIGE,1050
7932,47735,CATGRGGMIGEQYF,NLVPMVATV,1,GRGGMIGE,929
7933,47737,CSATDVTKGQLISGYTF,NLVPMVATV,1,VTKGQLIS,673
7934,47738,CSATDVTKGQLISGYTF,NLVPMVATV,1,VTKGQLIS,673
7935,47740,CSARGQGDEQYF,GLCTLVAML,1,ARGQGDEQ,5128
7936,47744,CASSQSPGGEQYF,GLCTLVAML,1,SQSPGGEQ,495
7937,47746,CASSTRSTDTQYF,GILGFVFTL,1,STRSTDTQ,1387
7938,47749,CASSVRAGETQYF,GILGFVFTL,1,SVRAGETQ,5571
7939,47753,CASSVAGGDEQFF,GLCTLVAML,1,SVAGGDEQ,3760
7940,47755,CASSQDRRSSYNSPLYF,ASNENMETM,1,DRRSSYNS,4232
7941,47757,CSVGAGGTNEKLFF,GLCTLVAML,1,GAGGTNEK,1417
7942,47758,CSVGSGGTNEKLFF,GLCTLVAML,1,GSGGTNEK,745
7943,47759,CSVGTQGTNEKLFF,GLCTLVAML,1,GTQGTNEK,1412
7944,47766,CASSQSPGGQQFF,GLCTLVAML,1,SQSPGGQQ,3249
7945,47768,CSVGAGGTNEKLFF,GLCTLVAML,1,GAGGTNEK,1417
7946,47770,CSVGTGGTNEKLFF,GLCTLVAML,1,GTGGTNEK,3711
7947,47772,CSVGAGGTNEKLFF,GLCTLVAML,1,GAGGTNEK,1417
7948,47774,CASSQEEGPGNQPQHF,NLVPMVATV,1,QEEGPGNQ,4827
7949,47776,CASSQSPGGTQYF,GLCTLVAML,1,SQSPGGTQ,163
7950,47777,CTCSGRTSAETLYF,SSYRRPVGI,1,SGRTSAET,5067
7951,47780,CASSAGTTEVFF,TVYGFCLL,1,SSAGTTEV,4521
7952,47781,CASSDAGGGMAEAFF,GILGFVFTL,1,DAGGGMAE,5244
7953,47786,CASSIGVYGYTF,GILGFVFTL,1,SSIGVYGY,741
7954,47787,CASSKGDYAEQFF,LSLRNPILV,1,SKGDYAEQ,4368
7955,47788,CASSLEGYTEAFF,NLVPMVATV,1,SLEGYTEA,1978
7956,47797,CASSSRSAGELFF,GILGFVFTL,1,SSRSAGEL,5459
7957,47798,CASSSRSANEQFF,GILGFVFTL,1,SSRSANEQ,2649
7958,47804,CASSFRSTDTQYF,GILGFVFTL,1,SFRSTDTQ,1959
7959,47809,CASSKRSTDTQYF,GILGFVFTL,1,SKRSTDTQ,1374
7960,47816,CASSSRSSYEQYF,GILGFVFTL,1,SSRSSYEQ,3069
7961,47829,CASSTRSSYEQYF,GILGFVFTL,1,STRSSYEQ,5131
7962,47830,CASSILTGPRTEAFF,GILGFVFTL,1,ILTGPRTE,5441
7963,47832,CSARVRGDVYGYTF,GILGFVFTL,1,RVRGDVYG,1203
7964,47835,CASSIRSAYEQYF,GILGFVFTL,1,SIRSAYEQ,2115
7965,47837,CASSIRSSYEQYF,GILGFVFTL,1,SIRSSYEQ,2985
7966,47840,CASSTRSGYEQYF,GILGFVFTL,1,STRSGYEQ,870
7967,47846,CASSIRSTGELFF,GILGFVFTL,1,SIRSTGEL,862
7968,47857,CAPLKGSSYEQYF,GILGFVFTL,1,LKGSSYEQ,1217
7969,47860,CASSIRSSYEQYF,GILGFVFTL,1,SIRSSYEQ,2985
7970,47861,CASSIRSSYEQYF,GILGFVFTL,1,SIRSSYEQ,2985
7971,47862,CASSIRSSYEQYF,GILGFVFTL,1,SIRSSYEQ,2985
7972,47863,CASSIRSSYEQYF,GILGFVFTL,1,SIRSSYEQ,2985
7973,47864,CASSIRSSYEQYF,GILGFVFTL,1,SIRSSYEQ,2985
7974,47865,CASSIRSSYEQYF,GILGFVFTL,1,SIRSSYEQ,2985
7975,47866,CASSIRSSYEQYF,GILGFVFTL,1,SIRSSYEQ,2985
7976,47867,CASSIRSSYEQYF,GILGFVFTL,1,SIRSSYEQ,2985
7977,47869,CASSVRSSYEQYF,GILGFVFTL,1,SVRSSYEQ,4744
7978,47870,CASSIRSSYEQYF,GILGFVFTL,1,SIRSSYEQ,2985
7979,47871,CASSIRSAYEQYF,GILGFVFTL,1,SIRSAYEQ,2115
7980,47876,CASSGGRNQPQHF,GILGFVFTL,1,SGGRNQPQ,5548
7981,47877,CATEQGMHEQYF,NLVPMVATV,1,TEQGMHEQ,5179
7982,47879,CASSQDWGAGTQYF,GILGFVFTL,1,SQDWGAGT,1974
7983,47880,CASSRDRVGAETLYF,LSLRNPILV,1,RDRVGAET,2371
7984,47884,CASSLIFPSGEQYF,GILGFVFTL,1,SLIFPSGE,2545
7985,47888,CASSLFPGFGEQYF,GILGFVFTL,1,SLFPGFGE,4697
7986,47891,CASASANYGYTF,NLVPMVATV,1,SASANYGY,5432
7987,47892,CASSSAYYGYTF,NLVPMVATV,1,SSSAYYGY,4102
7988,47893,CASSIQALLTF,NLVPMVATV,1,SSIQALLT,966
7989,47894,CASSLFQIQDTQYF,LSLRNPILV,1,SLFQIQDT,1379
7990,47897,CASSSRSRQYRGSSYEQYF,GILGFVFTL,1,SRQYRGSS,5074
7991,47898,CASSSRSRQYRGSSYEQYF,GILGFVFTL,1,SRQYRGSS,5074
7992,47900,CASSSMGGAAETLYF,HGIRNASFI,1,SMGGAAET,5389
7993,47904,CASSPTGGDQNTLYF,SSLENFRAYV,1,PTGGDQNT,3359
7994,47907,CASSPLGSSAETLYF,HGIRNASFI,1,PLGSSAET,4981
7995,47908,CASSRLGTSAETLYF,HGIRNASFI,1,RLGTSAET,4608
7996,47909,CASSRLGTSAETLYF,HGIRNASFI,1,RLGTSAET,4608
7997,47920,CSARDRTGNGYTF,GLCTLVAML,1,RDRTGNGY,666
7998,47922,CAVNGGSNYGYTF,NLVPMVATV,1,NGGSNYGY,5383
7999,47928,CASSQDRGNTLYF,SSPPMFRV,1,SQDRGNTL,1085
8000,47929,CASSGTGDTGQLYF,SSYRRPVGI,1,SGTGDTGQ,2702
8001,47933,CASSPQETGQLYF,HGIRNASFI,1,SPQETGQL,3833
8002,47936,CASSSYEQYF,SSLENFRAYV,1,ASSSYEQY,4452
8003,47937,CASSIRASYEQYF,GILGFVFTL,1,SIRASYEQ,5255
8004,47938,CASSPGTGGYNYAEQFF,SSPPMFRV,1,GTGGYNYA,3365
8005,47941,CTCSAGTGGFNYAEQFF,SSPPMFRV,1,GTGGFNYA,2226
8006,47942,CTCSAGTGGFNYAEQFF,SSPPMFRV,1,GTGGFNYA,2226
8007,47943,CTCSSGTGGFNYAEQFF,SSPPMFRV,1,GTGGFNYA,2226
8008,47946,CASSYGGGEQYF,SSLENFRAYV,1,SSYGGGEQ,4263
8009,47949,CASSLSGFEQYF,SSLENFRAYV,1,SSLSGFEQ,761
8010,47956,CASSLGGEQYF,SSLENFRAYV,1,SSLGGEQY,1465
8011,47962,CASSPLIGEQYF,GILGFVFTL,1,SSPLIGEQ,5187
8012,47973,CASSDRDRDPGNTLYF,SSLENFRAYV,1,DRDRDPGN,2329
8013,47975,CASSFDSYEQYF,SSYRRPVGI,1,SSFDSYEQ,5050
8014,47977,CASSHDRRNSYNSPLYF,ASNENMETM,1,DRRNSYNS,640
8015,47978,CASSWDRGEVFF,SSLENFRAYV,1,SSWDRGEV,1953
8016,47980,CASSLGRGVFF,SSLENFRAYV,1,SSLGRGVF,1418
8017,47985,CASSPGTYSGNTLYF,LSLRNPILV,1,PGTYSGNT,4344
8018,47989,CASTSGNTLYF,SSLENFRAYV,1,STSGNTLY,3264
8019,47990,CASSAGTGGFNYAEQFF,SSPPMFRV,1,GTGGFNYA,2226
8020,47992,CASSGGTGGFNYAEQFF,SSPPMFRV,1,GTGGFNYA,2226
8021,47993,CASSIRTGGYNYAEQFF,SSPPMFRV,1,RTGGYNYA,1647
8022,47995,CTCSAGTGGYNYAEQFF,SSPPMFRV,1,GTGGYNYA,3365
8023,47996,CTCSAGTGGYNYAEQFF,SSPPMFRV,1,GTGGYNYA,3365
8024,47997,CTCSAGTGGYNYAEQFF,SSPPMFRV,1,GTGGYNYA,3365
8025,47999,CASRGESAETLYF,SSYRRPVGI,1,RGESAETL,208
8026,48002,CASSPDRGEVFF,SSLENFRAYV,1,SSPDRGEV,3136
8027,48003,CASSPDRGEVFF,SSLENFRAYV,1,SSPDRGEV,3136
8028,48005,CASSPDRGEQYF,SSLENFRAYV,1,SSPDRGEQ,4913
8029,48006,CASSLDRGEVFF,SSLENFRAYV,1,SSLDRGEV,5595
8030,48007,CASSLDRGEVFF,SSLENFRAYV,1,SSLDRGEV,5595
8031,48010,CASSLDRGEQYF,SSLENFRAYV,1,SSLDRGEQ,759
8032,48012,CASRNRGDYAEQFF,HGIRNASFI,1,RNRGDYAE,2873
8033,48015,CASSWDRGEQYF,SSLENFRAYV,1,SSWDRGEQ,734
8034,48018,CASSRVAGTGGAPAEQFF,LSLRNPILV,1,VAGTGGAP,3594
8035,48019,CTCSAGTGGYNYAEQFF,SSYRRPVGI,1,GTGGYNYA,3365
8036,48020,CASSFAGGGAETLYF,SSYRRPVGI,1,FAGGGAET,5241
8037,48021,CASSQDRGNTLYF,SSPPMFRV,1,SQDRGNTL,1085
8038,48025,CASSGGADYTF,SSLENFRAYV,1,SSGGADYT,1968
8039,48030,CASSSGEGVFF,SSLENFRAYV,1,SSSGEGVF,3059
8040,48031,CASSSGTEVFF,SSLENFRAYV,1,SSSGTEVF,1937
8041,48032,CASSSGTEVFF,SSLENFRAYV,1,SSSGTEVF,1937
8042,48033,CASSSYEQYF,SSLENFRAYV,1,ASSSYEQY,4452
8043,48034,CASSSYEQYF,SSLENFRAYV,1,ASSSYEQY,4452
8044,48035,CASSSYEQYF,SSLENFRAYV,1,ASSSYEQY,4452
8045,48037,CASSAGTGGYNYAEQFF,SSPPMFRV,1,GTGGYNYA,3365
8046,48038,CASSPGTGGYNYAEQFF,SSPPMFRV,1,GTGGYNYA,3365
8047,48039,CASRTDNNQAPLF,TVYGFCLL,1,RTDNNQAP,4308
8048,48040,CASSAGTTEVFF,TVYGFCLL,1,SSAGTTEV,4521
8049,48041,CASSPRTGGANQDTQYF,TVYGFCLL,1,RTGGANQD,4534
8050,48044,CASSPDSAETLYF,SSYRRPVGI,1,SPDSAETL,3165
8051,48056,CASSLGGGVFF,SSLENFRAYV,1,SSLGGGVF,959
8052,48065,CASSSGGGVFF,SSLENFRAYV,1,SSSGGGVF,940
8053,48066,CASTGGEEVFF,SSLENFRAYV,1,STGGEEVF,4869
8054,48068,CASSLGGEVFF,SSLENFRAYV,1,SSLGGEVF,486
8055,48071,CTCSAGTGGFNYAEQFF,SSPPMFRV,1,GTGGFNYA,2226
8056,48072,CASSFRGDYAEQFF,HGIRNASFI,1,SFRGDYAE,192
8057,48073,CTCSGGTGGYNYAEQFF,SSPPMFRV,1,GTGGYNYA,3365
8058,48075,CASSLGGEVFF,SSLENFRAYV,1,SSLGGEVF,486
8059,48076,CASSPDRGEVFF,SSLENFRAYV,1,SSPDRGEV,3136
8060,48077,CASSLTLQDTQYF,TVYGFCLL,1,SLTLQDTQ,4930
8061,48078,CASSLTLQDTQYF,TVYGFCLL,1,SLTLQDTQ,4930
8062,48079,CASSRLGASAETLYF,HGIRNASFI,1,RLGASAET,3587
8063,48082,CASTTGTGVVFF,SSLENFRAYV,1,STTGTGVV,1308
8064,48087,CASSEGEAPLF,SSLENFRAYV,1,SSEGEAPL,3743
8065,48089,CASSGPEVFF,SSLENFRAYV,1,ASSGPEVF,4509
8066,48093,CASSSGTGDF,SSLENFRAYV,1,ASSSGTGD,5575
8067,48101,CASSGGQAPLF,SSLENFRAYV,1,SSGGQAPL,1097
8068,48104,CASSGTGGYTEVFF,TVYGFCLL,1,SGTGGYTE,5034
8069,48105,CASGDRGDTEVFF,TVYGFCLL,1,GDRGDTEV,2528
8070,48106,CASSQDKGQANTEVFF,TVYGFCLL,1,QDKGQANT,5502
8071,48110,CGARDHRGSQYF,ASNENMETM,1,ARDHRGSQ,2805
8072,48113,CASSEAISGAWDEQFF,GILGFVFTL,1,EAISGAWD,3738
8073,48117,CASSLGTGDTGQLYF,HGIRNASFI,1,LGTGDTGQ,4507
8074,48119,CASSFRDSAETLYF,SSYRRPVGI,1,SFRDSAET,2360
8075,48121,CASSQDPRRFSNERLFF,SSLENFRAYV,1,DPRRFSNE,2357
8076,48122,CASSPGQGYEQYF,SSYRRPVGI,1,SPGQGYEQ,2375
8077,48123,CASSLWGDYYEQYF,SSYRRPVGI,1,SLWGDYYE,5564
8078,48127,CSVPITVQETQYF,GLCTLVAML,1,PITVQETQ,1576
8079,48129,CASSLRGDNQAPLF,HGIRNASFI,1,SLRGDNQA,4945
8080,48130,CASSGGSAETLYF,TVYGFCLL,1,SGGSAETL,3987
8081,48133,CASSPRTGGYNYAEQFF,SSPPMFRV,1,RTGGYNYA,1647
8082,48134,CASSFGTGNYAEQFF,LSLRNPILV,1,FGTGNYAE,4998
8083,48135,CASSFGTGNYAEQFF,LSLRNPILV,1,FGTGNYAE,4998
8084,48137,CASSGGSAETLYF,TVYGFCLL,1,SGGSAETL,3987
8085,48150,CASSWGGRSSDYTF,ASNENMETM,1,SWGGRSSD,4194
8086,48152,CASRYRGDNQAPLF,HGIRNASFI,1,RYRGDNQA,2420
8087,48156,CASSTKVGGTGELFF,GILGFVFTL,1,TKVGGTGE,3191
8088,48157,CARRGTDSAETQYF,SSYRRPVGI,1,RGTDSAET,5469
8089,48158,CASRGTDSAETLYF,SSYRRPVGI,1,RGTDSAET,5469
8090,48159,CASRGTDSAETQYF,SSYRRPVGI,1,RGTDSAET,5469
8091,48160,CASSWDSAETLYF,SSYRRPVGI,1,SWDSAETL,600
8092,48162,CASSGGAEQYF,SSLENFRAYV,1,SSGGAEQY,5175
8093,48164,CASSGGAEQFF,SSLENFRAYV,1,SSGGAEQF,1916
8094,48165,CASSMGAEQFF,SSLENFRAYV,1,SSMGAEQF,3489
8095,48166,CASSMGAEQFF,SSLENFRAYV,1,SSMGAEQF,3489
8096,48167,CASSTGAEQFF,SSLENFRAYV,1,SSTGAEQF,3470
8097,48175,CASSDADWGTYAEQFF,HGIRNASFI,1,DADWGTYA,3501
8098,48176,CTCSADEGFYAEQFF,HGIRNASFI,1,ADEGFYAE,4903
8099,48177,CASSPDRGEQYF,SSLENFRAYV,1,SSPDRGEQ,4913
8100,48179,CASSPGTGGYNYAEQFF,SSPPMFRV,1,GTGGYNYA,3365
8101,48181,CASSAGTGGYNYAEQFF,SSPPMFRV,1,GTGGYNYA,3365
8102,48182,CASSAGTGGYNYAEQFF,SSPPMFRV,1,GTGGYNYA,3365
8103,48183,CASSLGGGSQNTLYF,HGIRNASFI,1,LGGGSQNT,2642
8104,48185,CASSPGTGGAETLYF,LSLRNPILV,1,PGTGGAET,2306
8105,48189,CTCSAGQGGNQAPLF,SSLENFRAYV,1,AGQGGNQA,3642
8106,48192,CASSQDLGTANTEVFF,TVYGFCLL,1,QDLGTANT,3385
8107,48193,CASSDDTYAEQFF,SSYRRPVGI,1,SDDTYAEQ,1096
8108,48198,CASSPGTGGYNYAEQFF,SSPPMFRV,1,GTGGYNYA,3365
8109,48199,CASGDPGGNQDTQYF,TVYGFCLL,1,DPGGNQDT,2640
8110,48200,CASGETSQNTLYF,TVYGFCLL,1,GETSQNTL,3389
8111,48202,CASSWKGDNSPLYF,HGIRNASFI,1,SWKGDNSP,5310
8112,48204,CASSYRGDYAEQFF,HGIRNASFI,1,SYRGDYAE,1449
8113,48205,CASSLDWGGVNQDTQYF,TVYGFCLL,1,DWGGVNQD,294
8114,48213,CASSFRGDNQAPLF,HGIRNASFI,1,SFRGDNQA,5322
8115,48214,CASSQDSYANTEVFF,ASNENMETM,1,QDSYANTE,2992
8116,48216,CASSIFSGGQNIQYF,GILGFVFTL,1,IFSGGQNI,5664
8117,48221,CASSWGANTEVFF,LSLRNPILV,1,SWGANTEV,188
8118,48223,CASSIPRVYNSPLYF,TVYGFCLL,1,IPRVYNSP,961
8119,48226,CTCSAGTGGYNYAEQFF,SSPPMFRV,1,GTGGYNYA,3365
8120,48230,CASSQVEAFYEQYF,GILGFVFTL,1,SQVEAFYE,2113
8121,48231,CASSIFGGAEAFF,GILGFVFTL,1,SIFGGAEA,490
8122,48232,CASSLSRRGPNYGYTF,GILGFVFTL,1,LSRRGPNY,4715
8123,48233,CASSSPTSGDYEQYF,GILGFVFTL,1,SPTSGDYE,1755
8124,48239,CASSEGGPYEQYF,SSYRRPVGI,1,SEGGPYEQ,1512
8125,48240,CASSPRDSAETLYF,SSYRRPVGI,1,SPRDSAET,1967
8126,48241,CASSPGTGGYNYAEQFF,SSPPMFRV,1,GTGGYNYA,3365
8127,48243,CASSPWGGQGGGNTLYF,TVYGFCLL,1,WGGQGGGN,1120
8128,48253,CTCSAASGSNSDYTF,ASNENMETM,1,AASGSNSD,5426
8129,48257,CASGLVPGGLVYEQYF,GILGFVFTL,1,LVPGGLVY,4319
8130,48260,CASSDAQWTNTEVFF,TVYGFCLL,1,DAQWTNTE,1257
8131,48262,CASSSGFNYAEQFF,HGIRNASFI,1,SSGFNYAE,2176
8132,48266,CASSPGQGYEQYF,SSYRRPVGI,1,SPGQGYEQ,2375
8133,48268,CASSTGGEQYF,SSLENFRAYV,1,SSTGGEQY,3968
8134,48271,CASSSGGEQYF,SSLENFRAYV,1,SSSGGEQY,2321
8135,48272,CASSQEDWGSAETLYF,ASNENMETM,1,QEDWGSAE,4519
8136,48273,CASSVVASSYNEQFF,GILGFVFTL,1,VVASSYNE,383
8137,48274,CASSRNWGEKDTQYF,HGIRNASFI,1,RNWGEKDT,2781
8138,48279,CASSEGGEQYF,SSLENFRAYV,1,SSEGGEQY,5023
8139,48284,CASSQGGRQYF,SSLENFRAYV,1,SSQGGRQY,1703
8140,48286,CTCSAGTGGYNYAEQFF,SSPPMFRV,1,GTGGYNYA,3365
8141,48292,CTCSAGTGGYNYAEQFF,SSPPMFRV,1,GTGGYNYA,3365
8142,48294,CASRVNTGQLYF,SSYRRPVGI,1,SRVNTGQL,1827
8143,48296,CASSEPDSAETLYF,SSYRRPVGI,1,SEPDSAET,1981
8144,48301,CASSLPDSQDTQYF,SSYRRPVGI,1,SLPDSQDT,4807
8145,48302,CASSALGGLDTQYF,LSLRNPILV,1,SALGGLDT,4905
8146,48306,CASTEGGEQYF,SSLENFRAYV,1,STEGGEQY,1256
8147,48312,CASSTGDEQYF,SSLENFRAYV,1,SSTGDEQY,969
8148,48313,CASSWGDEQYF,SSLENFRAYV,1,SSWGDEQY,5369
8149,48314,CASSWGDEQYF,SSLENFRAYV,1,SSWGDEQY,5369
8150,48315,CASSLTDEQYF,SSLENFRAYV,1,SSLTDEQY,5477
8151,48318,CATGTGSSAETLYF,SSPPMFRV,1,GTGSSAET,4244
8152,48319,CTCSAGTGGYNYAEQFF,SSPPMFRV,1,GTGGYNYA,3365
8153,48330,CASSDARGGGNSDYTF,SSYRRPVGI,1,DARGGGNS,3890
8154,48332,CASSGRDSNSDYTF,SSYRRPVGI,1,SGRDSNSD,549
8155,48333,CASSDAGGARVFF,TVYGFCLL,1,SDAGGARV,2060
8156,48336,CTCSAGTGGFNYAEQFF,SSPPMFRV,1,GTGGFNYA,2226
8157,48337,CTCSAGTGGYNYAEQFF,SSPPMFRV,1,GTGGYNYA,3365
8158,48339,CASGDGGTEKYAEQFF,TVYGFCLL,1,DGGTEKYA,255
8159,48340,CASSAGTSEVFF,TVYGFCLL,1,SSAGTSEV,3923
8160,48341,CASSEGITEVFF,TVYGFCLL,1,SSEGITEV,2141
8161,48342,CASSEGVTEVFF,TVYGFCLL,1,SSEGVTEV,1507
8162,48343,CASSPLTGGAYEQYF,TVYGFCLL,1,PLTGGAYE,3831
8163,48344,CASSSGGSAETLYF,TVYGFCLL,1,SSGGSAET,497
8164,48347,CAWSPGTGGYNYAEQFF,SSPPMFRV,1,GTGGYNYA,3365
8165,48349,CASSPGTGGYNYAEQFF,SSPPMFRV,1,GTGGYNYA,3365
8166,48350,CASSFGTEVFF,SSLENFRAYV,1,SSFGTEVF,3218
8167,48353,CTCSAGTGGYNYAEQFF,SSPPMFRV,1,GTGGYNYA,3365
8168,48354,CTCSSGTGGFNYAEQFF,SSPPMFRV,1,GTGGFNYA,2226
8169,48355,CSYGTTSAETLYF,SSYRRPVGI,1,GTTSAETL,2867
8170,48356,CASGEANTEVFF,TVYGFCLL,1,SGEANTEV,2901
8171,48357,CASGEANTEVFF,TVYGFCLL,1,SGEANTEV,2901
8172,48360,CASSLGGYEQYF,SSLENFRAYV,1,SSLGGYEQ,5077
8173,48361,CASSLGGYEQYF,SSLENFRAYV,1,SSLGGYEQ,5077
8174,48364,CASSLGGYEQYF,SSLENFRAYV,1,SSLGGYEQ,5077
8175,48365,CASSLSGFEQYF,SSLENFRAYV,1,SSLSGFEQ,761
8176,48366,CASSLSGFEQYF,SSLENFRAYV,1,SSLSGFEQ,761
8177,48369,CASSWGGAPLF,SSLENFRAYV,1,SSWGGAPL,4958
8178,48370,CASSSTGRNTQYF,TVYGFCLL,1,SSTGRNTQ,4292
8179,48372,CASSAGTTEVFF,TVYGFCLL,1,SSAGTTEV,4521
8180,48373,CASSGGSNTGQLYF,ASNENMETM,1,SGGSNTGQ,653
8181,48374,CTCSAGTGGYNYAEQFF,SSPPMFRV,1,GTGGYNYA,3365
8182,48376,CASSHLQDTQYF,LSLRNPILV,1,SSHLQDTQ,776
8183,48377,CASSARTANTEVFF,ASNENMETM,1,SARTANTE,3328
8184,48382,CASIGYNYAEQFF,SSLENFRAYV,1,IGYNYAEQ,4069
8185,48384,CASSERDWGGEQYF,SSYRRPVGI,1,SERDWGGE,2146
8186,48391,CASSPGPTNERLFF,ASNENMETM,1,SPGPTNER,2849
8187,48392,CASSLVGDQNTLYF,HGIRNASFI,1,SLVGDQNT,2403
8188,48396,CAWSPGREVFF,SSLENFRAYV,1,WSPGREVF,2732
8189,48398,CASSGGSNTGQLYF,ASNENMETM,1,SGGSNTGQ,653
8190,48400,CASSGGAHTGQLYF,ASNENMETM,1,SGGAHTGQ,1936
8191,48402,CASSGGSNTGQLYF,ASNENMETM,1,SGGSNTGQ,653
8192,48403,CASSGGGNTGQLYF,ASNENMETM,1,SGGGNTGQ,4654
8193,48404,CASSGGANTGQLYF,ASNENMETM,1,SGGANTGQ,2322
8194,48408,CASSGGSNTGQLYF,ASNENMETM,1,SGGSNTGQ,653
8195,48409,CASSGGSNTGQLYF,ASNENMETM,1,SGGSNTGQ,653
8196,48410,CASSASNFSNERLFF,SSLENFRAYV,1,ASNFSNER,377
8197,48412,CASKGGANTGQLYF,ASNENMETM,1,KGGANTGQ,3709
8198,48414,CASSRDSAETLYF,SSYRRPVGI,1,SRDSAETL,3886
8199,48416,CASSPRLGAYAEQFF,SSYRRPVGI,1,PRLGAYAE,766
8200,48417,CASRGGARTGQLYF,ASNENMETM,1,RGGARTGQ,3906
8201,48419,CASSRRERNSPLYF,HGIRNASFI,1,SRRERNSP,4646
8202,48421,CASRGGGHTGQLYF,ASNENMETM,1,RGGGHTGQ,2430
8203,48426,CASSGGGRTGQLYF,ASNENMETM,1,SGGGRTGQ,4701
8204,48427,CASSYGLEQFF,GILGFVFTL,1,SSYGLEQF,4011
8205,48430,CASGETAGNTLYF,ASNENMETM,1,GETAGNTL,5198
8206,48431,CASSGGSNTGQLYF,ASNENMETM,1,SGGSNTGQ,653
8207,48432,CASSGGSNTGQLYF,ASNENMETM,1,SGGSNTGQ,653
8208,48433,CTCSADRENTEVFF,SSYRRPVGI,1,SADRENTE,5680
8209,48438,CASSFRGDNQAPLF,HGIRNASFI,1,SFRGDNQA,5322
8210,48441,CASKGGSNTGQLYF,ASNENMETM,1,KGGSNTGQ,386
8211,48443,CASSLRGDNQAPLF,HGIRNASFI,1,SLRGDNQA,4945
8212,48444,CASSLRGDNQAPLF,HGIRNASFI,1,SLRGDNQA,4945
8213,48445,CASSLRGDNQAPLF,HGIRNASFI,1,SLRGDNQA,4945
8214,48446,CASSWRTDYAEQFF,HGIRNASFI,1,SWRTDYAE,3019
8215,48447,CATGTGSSAETLYF,HGIRNASFI,1,GTGSSAET,4244
8216,48450,CASSGRDSNSDYTF,SSYRRPVGI,1,SGRDSNSD,549
8217,48454,CTCSAGTGVAEQFF,SSYRRPVGI,1,SAGTGVAE,2418
8218,48457,CASSQDLGGRYEQYF,ASNENMETM,1,QDLGGRYE,1184
8219,48458,CASSQDLGGRYEQYF,ASNENMETM,1,QDLGGRYE,1184
8220,48461,CASSQDLGGVYEQYF,ASNENMETM,1,QDLGGVYE,2324
8221,48462,CASSQDLGGVYEQYF,ASNENMETM,1,QDLGGVYE,2324
8222,48464,CASGDAGSSYEQYF,LSLRNPILV,1,GDAGSSYE,4974
8223,48473,CASSGGANTGQLYF,ASNENMETM,1,SGGANTGQ,2322
8224,48474,CASSGGANTGQLYF,ASNENMETM,1,SGGANTGQ,2322
8225,48477,CASSQDLGGRYEQYF,ASNENMETM,1,QDLGGRYE,1184
8226,48484,CASSEGKEVFF,ASNENMETM,1,SSEGKEVF,3138
8227,48486,CASSGGSNTGQLYF,ASNENMETM,1,SGGSNTGQ,653
8228,48488,CAGTGGAEQYF,SSYRRPVGI,1,GTGGAEQY,1329
8229,48489,CASGGDSAETLYF,SSYRRPVGI,1,GGDSAETL,4371
8230,48490,CASGGDSSAETLYF,SSYRRPVGI,1,GGDSSAET,4243
8231,48495,CASSQDWGGDTLYF,SSYRRPVGI,1,SQDWGGDT,3274
8232,48496,CASSQGGFDYAEQFF,HGIRNASFI,1,QGGFDYAE,2099
8233,48499,CASRGGANTGQLYF,ASNENMETM,1,RGGANTGQ,2783
8234,48505,CASSDAPTSNERLFF,SSYRRPVGI,1,DAPTSNER,2417
8235,48506,CASSLTNNYAEQFF,HGIRNASFI,1,SLTNNYAE,681
8236,48508,CASSGGSNTGQLYF,ASNENMETM,1,SGGSNTGQ,653
8237,48512,CASSGGSNTGQLYF,ASNENMETM,1,SGGSNTGQ,653
8238,48513,CTCSASPERLFF,SSPPMFRV,1,CSASPERL,2075
8239,48517,CASSDFISNERLFF,LSLRNPILV,1,SDFISNER,831
8240,48518,CASSGGGNTGQLYF,ASNENMETM,1,SGGGNTGQ,4654
8241,48521,CASSILSNTEAFF,GILGFVFTL,1,SILSNTEA,4952
8242,48523,CASSGGANTGQLYF,ASNENMETM,1,SGGANTGQ,2322
8243,48524,CASSIVGGGAETLYF,ASNENMETM,1,IVGGGAET,4488
8244,48525,CASSIVGGGAETLYF,SSYRRPVGI,1,IVGGGAET,4488
8245,48526,CASSLFPTEVFF,SSLENFRAYV,1,SSLFPTEV,4840
8246,48527,CASSGGANTGQLYF,ASNENMETM,1,SGGANTGQ,2322
8247,48528,CASSGGPNTGQLSF,ASNENMETM,1,SGGPNTGQ,3226
8248,48529,CASSGGPNTGQLYF,ASNENMETM,1,SGGPNTGQ,3226
8249,48530,CASSGGQNTGQLSF,ASNENMETM,1,SGGQNTGQ,2034
8250,48532,CASSGKQNTSQFTF,ASNENMETM,1,SGKQNTSQ,3866
8251,48533,CASSLKQGRSDYSF,ASNENMETM,1,SLKQGRSD,3677
8252,48534,CASSLKQGRSDYTF,ASNENMETM,1,SLKQGRSD,3677
8253,48535,CASSGGSNTGQLYF,ASNENMETM,1,SGGSNTGQ,653
8254,48536,CASSGGANTGQLYF,ASNENMETM,1,SGGANTGQ,2322
8255,48537,CASSGGANTGQLYF,ASNENMETM,1,SGGANTGQ,2322
8256,48538,CASKGGGNTGQLYF,ASNENMETM,1,KGGGNTGQ,4484
8257,48540,CASSGGANTGQLYF,ASNENMETM,1,SGGANTGQ,2322
8258,48541,CASSGGANTGQLYF,ASNENMETM,1,SGGANTGQ,2322
8259,48542,CASSGGSNTGQLYF,ASNENMETM,1,SGGSNTGQ,653
8260,48543,CASSGGSNTGQLYF,ASNENMETM,1,SGGSNTGQ,653
8261,48544,CASSLWRDTLYF,ASNENMETM,1,SSLWRDTL,360
8262,48545,CASSGGANTGQLYF,ASNENMETM,1,SGGANTGQ,2322
8263,48546,CASSGGANTGQLYF,ASNENMETM,1,SGGANTGQ,2322
8264,48547,CASSGGANTGQLYF,ASNENMETM,1,SGGANTGQ,2322
8265,48548,CASSGGANTGQLYF,ASNENMETM,1,SGGANTGQ,2322
8266,48549,CASSGGANTGQLYF,ASNENMETM,1,SGGANTGQ,2322
8267,48554,CASSDHRNTEVFF,SSYRRPVGI,1,SDHRNTEV,1456
8268,48555,CASSMDSAETLYF,SSYRRPVGI,1,SMDSAETL,2081
8269,48556,CASSGGSNTGQLYF,ASNENMETM,1,SGGSNTGQ,653
8270,48558,CASSILGGGAETLYF,ASNENMETM,1,ILGGGAET,1222
8271,48563,CASSGGSNTGQLYF,ASNENMETM,1,SGGSNTGQ,653
8272,48566,CASSGGANTGQLYF,ASNENMETM,1,SGGANTGQ,2322
8273,48568,CASSGGANTGQLYF,ASNENMETM,1,SGGANTGQ,2322
8274,48570,CASSLGTGGIQNTLYF,ASNENMETM,1,LGTGGIQN,3386
8275,48573,CASSQDWGGDTQYF,SSYRRPVGI,1,SQDWGGDT,3274
8276,48575,CASSGGSNTGQLYF,ASNENMETM,1,SGGSNTGQ,653
8277,48577,CASSGGANTGQLYF,ASNENMETM,1,SGGANTGQ,2322
8278,48578,CASSGGANTGQLYF,ASNENMETM,1,SGGANTGQ,2322
8279,48579,CASSGGANTGQLYF,ASNENMETM,1,SGGANTGQ,2322
8280,48580,CASSGGANTGQLYF,ASNENMETM,1,SGGANTGQ,2322
8281,48581,CASSGGGNTGQLYF,ASNENMETM,1,SGGGNTGQ,4654
8282,48582,CASSGGGNTGQLYF,ASNENMETM,1,SGGGNTGQ,4654
8283,48583,CASSGGSNTGQLYF,ASNENMETM,1,SGGSNTGQ,653
8284,48584,CASSGGSNTGQLYF,ASNENMETM,1,SGGSNTGQ,653
8285,48585,CASSGGSNTGQLYF,ASNENMETM,1,SGGSNTGQ,653
8286,48586,CASSGGANTGQLYF,ASNENMETM,1,SGGANTGQ,2322
8287,48587,CASSGGANTGQLYF,ASNENMETM,1,SGGANTGQ,2322
8288,48589,CASRGGANTGQLYF,ASNENMETM,1,RGGANTGQ,2783
8289,48591,CASSGGANTGQLYF,ASNENMETM,1,SGGANTGQ,2322
8290,48592,CASSIGWGAYEQYF,SSYRRPVGI,1,SIGWGAYE,622
8291,48593,CASSLATGGYNYAEQFF,SSPPMFRV,1,ATGGYNYA,2784
8292,48595,CASSSGTGGYNYAEQFF,SSYRRPVGI,1,GTGGYNYA,3365
8293,48596,CTCSAGTGGYNYAEQFF,SSPPMFRV,1,GTGGYNYA,3365
8294,48600,CASSAGTGGYNYAEQFF,SSPPMFRV,1,GTGGYNYA,3365
8295,48601,CASSPGTGGYNYAEQFF,SSPPMFRV,1,GTGGYNYA,3365
8296,48602,CASSPGTGGYNYAEQFF,SSPPMFRV,1,GTGGYNYA,3365
8297,48603,CASSPGTGGYNYAEQFF,SSPPMFRV,1,GTGGYNYA,3365
8298,48605,CAWSPGTGGYNYAEQFF,SSPPMFRV,1,GTGGYNYA,3365
8299,48606,CASSAGQGDNYAEQFF,HGIRNASFI,1,AGQGDNYA,166
8300,48609,CASGAGGPLNEQFF,GILGFVFTL,1,GAGGPLNE,1934
8301,48610,CASSDHPGSRELWKHHIF,GILGFVFTL,1,HPGSRELW,5209
8302,48611,CASSPGTTNTEVFF,LSLRNPILV,1,SPGTTNTE,3818
8303,48625,CASSAGTGGYNYAEQFF,SSPPMFRV,1,GTGGYNYA,3365
8304,48626,CTCSAGTGGYNYAEQFF,SSPPMFRV,1,GTGGYNYA,3365
8305,48627,CATGTGSSAETLYF,SSPPMFRV,1,GTGSSAET,4244
8306,48628,CTCSGGTGGYNYAEQFF,SSPPMFRV,1,GTGGYNYA,3365
8307,48631,CASWGDSAETLYF,SSYRRPVGI,1,WGDSAETL,4125
8308,48634,CASSSPTEQYF,SSLENFRAYV,1,SSSPTEQY,1686
8309,48636,CASSSGDYAEQFF,LSLRNPILV,1,SSGDYAEQ,2976
8310,48637,CASSLTGDYAEQFF,HGIRNASFI,1,SLTGDYAE,1885
8311,48642,CASSIDTGTNTGQLYF,LSLRNPILV,1,IDTGTNTG,3565
8312,48643,CASSLSQGAYAEQFF,LSLRNPILV,1,LSQGAYAE,520
8313,48648,CASGGTDSAETLYF,SSYRRPVGI,1,GGTDSAET,61
8314,48649,CASSDHRNTEVFF,SSYRRPVGI,1,SDHRNTEV,1456
8315,48651,CASSAQTGASYGYTF,NLVPMVATV,1,AQTGASYG,4884
8316,48652,CASSKQTGTGNYGYTF,GILGFVFTL,1,KQTGTGNY,2612
8317,48654,CASSWKTGTGGTGYTF,NLVPMVATV,1,WKTGTGGT,1128
8318,48655,CASSYQTGTGVYGYTF,NLVPMVATV,1,YQTGTGVY,2345
8319,48657,CASSIGDTYEQYF,LSLRNPILV,1,SIGDTYEQ,727
8320,48658,CASSMGANTEVFF,LSLRNPILV,1,SMGANTEV,3830
8321,48659,CASSPGDSYEQYF,LSLRNPILV,1,SPGDSYEQ,2813
8322,48663,CSARDSTGNGYTF,GLCTLVAML,1,RDSTGNGY,4205
8323,48664,CASSFGTANSDYTF,SSPPMFRV,1,SFGTANSD,4002
8324,48665,CASSSRSAYEQYF,GILGFVFTL,1,SSRSAYEQ,5117
8325,48666,CASSFGTFETQYF,GLCTLVAML,1,SFGTFETQ,4788
8326,48668,CASSAGTGDTEVFF,LSLRNPILV,1,SAGTGDTE,3698
8327,48670,CASSIGQDEQYF,LSLRNPILV,1,SSIGQDEQ,2695
8328,48671,CASSRTGDYAEQFF,HGIRNASFI,1,SRTGDYAE,5638
8329,48672,CASSPGPSSYEQYF,ASNENMETM,1,SPGPSSYE,557
8330,48676,CASSPITGTGAYGYTF,NLVPMVATV,1,PITGTGAY,1805
8331,48680,CASSLGTGDYAEQFF,HGIRNASFI,1,LGTGDYAE,710
8332,48682,CASSLTGDYAEQFF,HGIRNASFI,1,SLTGDYAE,1885
8333,48683,CASSLTGGGDYAEQFF,HGIRNASFI,1,LTGGGDYA,2703
8334,48688,CASSSNSDYTF,SSYRRPVGI,1,SSSNSDYT,5579
8335,48693,CASSLGSQNTLYF,HGIRNASFI,1,SLGSQNTL,4504
8336,48694,CATQGDNTYEQYF,GILGFVFTL,1,QGDNTYEQ,4122
8337,48697,CASSPSTGREQYF,HGIRNASFI,1,SPSTGREQ,3319
8338,48700,CASSLGSQNTLYF,HGIRNASFI,1,SLGSQNTL,4504
8339,48701,CASSLSGDSDYTF,HGIRNASFI,1,SLSGDSDY,1297
8340,48703,CASSTGINSPLYF,LSLRNPILV,1,STGINSPL,5569
8341,48706,CASSRGLTSAETLYF,LSLRNPILV,1,RGLTSAET,3242
8342,48707,CASSPGQGVSNERLFF,HGIRNASFI,1,PGQGVSNE,1334
8343,48716,CASSTGGGSDYTF,HGIRNASFI,1,STGGGSDY,3785
8344,48719,CASSMGANERLFF,LSLRNPILV,1,SMGANERL,62
8345,48720,CASNFRGDYAEQFF,HGIRNASFI,1,NFRGDYAE,5347
8346,48723,CASSMGTGVYEQYF,LSLRNPILV,1,SMGTGVYE,1873
8347,48727,CASGTGEYAEQFF,SSYRRPVGI,1,GTGEYAEQ,4603
8348,48732,CASSLGDYAEQFF,LSLRNPILV,1,SLGDYAEQ,2323
8349,48736,CASSPGDYAEQFF,LSLRNPILV,1,SPGDYAEQ,592
8350,48737,CASSPGDYAEQFF,LSLRNPILV,1,SPGDYAEQ,592
8351,48741,CASSQEDTSNERLFF,SSYRRPVGI,1,QEDTSNER,1084
8352,48742,CASSRQNSDYTF,HGIRNASFI,1,SSRQNSDY,186
8353,48743,CASSRQNSDYTF,HGIRNASFI,1,SSRQNSDY,186
8354,48747,CASSLGSAETLYF,HGIRNASFI,1,SLGSAETL,3035
8355,48749,CASSLSGNSDYTF,HGIRNASFI,1,SLSGNSDY,5658
8356,48751,CASSPGSGNTLYF,HGIRNASFI,1,SPGSGNTL,5020
8357,48753,CASSAGGENTLYF,HGIRNASFI,1,SAGGENTL,5617
8358,48754,CASSLAKNSDYTF,HGIRNASFI,1,SLAKNSDY,4346
8359,48758,CASSPGGQNTLYF,HGIRNASFI,1,SPGGQNTL,4729
8360,48761,CASSDWTSQAPLF,HGIRNASFI,1,SDWTSQAP,634
8361,48762,CASSPGQTYEQYF,LSLRNPILV,1,SPGQTYEQ,4295
8362,48769,CASSPGTGGDTEVFF,TVYGFCLL,1,PGTGGDTE,4550
8363,48771,CASSLVGDYEQYF,HGIRNASFI,1,SLVGDYEQ,4273
8364,48772,CASRDWESSYEQYF,ASNENMETM,1,RDWESSYE,3998
8365,48774,CASSQGSNERLFF,LSLRNPILV,1,SQGSNERL,1664
8366,48778,CASSMGQGWEQYF,LSLRNPILV,1,SMGQGWEQ,5524
8367,48780,CASSLPGDYAEQFF,HGIRNASFI,1,SLPGDYAE,2827
8368,48781,CASSLVLGDAETLYF,HGIRNASFI,1,LVLGDAET,3299
8369,48784,CASSLLGGDAETLYF,HGIRNASFI,1,LLGGDAET,4347
8370,48785,CASSLLGDYAEQFF,HGIRNASFI,1,SLLGDYAE,4985
8371,48786,CASSPSNQDTQYF,HGIRNASFI,1,SPSNQDTQ,4510
8372,48790,CASSPGPSSYEQYF,ASNENMETM,1,SPGPSSYE,557
8373,48791,CASSPGPSSYEQYF,ASNENMETM,1,SPGPSSYE,557
8374,48792,CASSPGPSSYEQYF,ASNENMETM,1,SPGPSSYE,557
8375,48793,CASSPGPSSYEQYF,ASNENMETM,1,SPGPSSYE,557
8376,48799,CTCSAGTGGYNYAEQFF,SSPPMFRV,1,GTGGYNYA,3365
8377,48800,CASSPGDTGQLYF,LSLRNPILV,1,SPGDTGQL,3267
8378,48801,CASSLGGQDTQYF,HGIRNASFI,1,SLGGQDTQ,2140
8379,48803,CASSIDTGGTSYEQYF,LSLRNPILV,1,IDTGGTSY,3648
8380,48809,CATAITSTQYF,NLVPMVATV,1,TAITSTQY,1633
8381,48810,CASSMTSGALYNEQFF,NLVPMVATV,1,MTSGALYN,2608
8382,48814,CASSIDTGGFYEQYF,LSLRNPILV,1,IDTGGFYE,4535
8383,48817,CASSIRSTGELFF,GILGFVFTL,1,SIRSTGEL,862
8384,48820,CASSQDRRNSYNSPLYF,ASNENMETM,1,DRRNSYNS,640
8385,48821,CASSLSGGINEQFF,GLCTLVAML,1,SLSGGINE,5520
8386,48827,CASSPRGGMTQHF,GILGFVFTL,1,SPRGGMTQ,4339
8387,48832,CASSPGDYAEQFF,LSLRNPILV,1,SPGDYAEQ,592
8388,48834,CASSPLGGRRDTQYF,SSLENFRAYV,1,PLGGRRDT,1902
8389,48840,CSAEPGTSGGLQYF,GLCTLVAML,1,EPGTSGGL,703
8390,48844,CASSPLGSSAETLYF,HGIRNASFI,1,PLGSSAET,4981
8391,48850,CASSRDSAETLYF,SSYRRPVGI,1,SRDSAETL,3886
8392,48851,CASSRDSAETLYF,SSYRRPVGI,1,SRDSAETL,3886
8393,48853,CASSGDSAETLYF,SSYRRPVGI,1,SGDSAETL,3295
8394,48854,CASSRDSAETLYF,SSYRRPVGI,1,SRDSAETL,3886
8395,48855,CASSRDSAETLYF,SSYRRPVGI,1,SRDSAETL,3886
8396,48856,CASSRDSAETLYF,SSYRRPVGI,1,SRDSAETL,3886
8397,48859,CASSTTSQNTLYF,TVYGFCLL,1,STTSQNTL,2724
8398,48861,CASSRDSAETLYF,SSYRRPVGI,1,SRDSAETL,3886
8399,48862,CASSETGDEQYF,TVYGFCLL,1,SSETGDEQ,1768
8400,48867,CASSLERNTYEQYF,GILGFVFTL,1,SLERNTYE,2108
8401,48870,CASSGLGTSAETLYF,HGIRNASFI,1,GLGTSAET,4193
8402,48871,CAWSHTGGARNTLYF,ASNENMETM,1,HTGGARNT,3870
8403,48874,CASSYRGDYAEQFF,HGIRNASFI,1,SYRGDYAE,1449
8404,48876,CASSLGDEQYF,SSLENFRAYV,1,SSLGDEQY,1469
8405,48877,CASSNLEAEQFF,SSYRRPVGI,1,SSNLEAEQ,4140
8406,48879,CASSMSQANTGQLYF,LSLRNPILV,1,MSQANTGQ,2678
8407,48880,CASSQDRRNSYNSPLYF,ASNENMETM,1,DRRNSYNS,640
8408,48882,CASSAGTSEVFF,TVYGFCLL,1,SSAGTSEV,3923
8409,48883,CASSIGSEQFF,SSLENFRAYV,1,SSIGSEQF,3700
8410,48888,CASSPPDSAETLYF,SSYRRPVGI,1,SPPDSAET,2708
8411,48890,CASSVGGEAYEQYF,GLCTLVAML,1,SVGGEAYE,5669
8412,48891,CSARDGTRAHYEQFF,GILGFVFTL,1,DGTRAHYE,4892
8413,48896,CASSVEDYGSVSYGYTF,GILGFVFTL,1,EDYGSVSY,1195
8414,48897,CASSRVGTTYEQYF,GILGFVFTL,1,SRVGTTYE,3539
8415,48899,CASSQDRRNSYNSPLYF,ASNENMETM,1,DRRNSYNS,640
8416,48902,CASSKDSAETLYF,SSYRRPVGI,1,SKDSAETL,3343
8417,48905,CASSPDSAETLYF,SSYRRPVGI,1,SPDSAETL,3165
8418,48906,CASSPPDSAETLYF,SSYRRPVGI,1,SPPDSAET,2708
8419,48907,CASSRDSAETLYF,SSYRRPVGI,1,SRDSAETL,3886
8420,48908,CASSWESAETLYF,SSYRRPVGI,1,SWESAETL,3639
8421,48911,CASGTGENSDYTF,LSLRNPILV,1,GTGENSDY,1277
8422,48913,CASSIRSSYEQYF,GILGFVFTL,1,SIRSSYEQ,2985
8423,48915,CASSPGDYAEQFF,LSLRNPILV,1,SPGDYAEQ,592
8424,48917,CASSQDLAGEGTDTQYF,GILGFVFTL,1,DLAGEGTD,4318
8425,48921,CATSDFPPGVRGAPQETQYF,GILGFVFTL,1,PPGVRGAP,2716
8426,48925,CASSATSAETLYF,SSYRRPVGI,1,SATSAETL,5036
8427,48926,CASSGGSNTGQLYF,SSYRRPVGI,1,SGGSNTGQ,653
8428,48927,CASSIGSEQYF,SSYRRPVGI,1,SSIGSEQY,721
8429,48928,CASSSDSAETLYF,SSYRRPVGI,1,SSDSAETL,1956
8430,48929,CASSSPRDSAETLYF,SSYRRPVGI,1,SPRDSAET,1967
8431,48930,CASSDAASTEVFF,ASNENMETM,1,SDAASTEV,5143
8432,48934,CASSISSTGELFF,GILGFVFTL,1,SISSTGEL,3082
8433,48939,CASSYFDEKLFF,NLVPMVATV,1,SSYFDEKL,4485
8434,48942,CASSSWGNQDTQYF,HGIRNASFI,1,SSWGNQDT,1242
8435,48952,CASSIGYYGYTF,GILGFVFTL,1,SSIGYYGY,3321
8436,48956,CGARDRDWGQNTLYF,ASNENMETM,1,DRDWGQNT,3243
8437,48957,CASADNYNSPLYF,ASNENMETM,1,ADNYNSPL,2720
8438,48959,CASSQARNTEVFF,ASNENMETM,1,SQARNTEV,4559
8439,48961,CASSADSAETLYF,SSLENFRAYV,1,SADSAETL,4317
8440,48965,CASSIVNEAFF,NLVPMVATV,1,SSIVNEAF,91
8441,48966,CASSIVNEAFF,NLVPMVATV,1,SSIVNEAF,91
8442,48969,CASSGGQGNSPLYF,ASNENMETM,1,SGGQGNSP,2763
8443,48970,CASSSWGGLSQNTLYF,SSYRRPVGI,1,SWGGLSQN,3330
8444,48973,CASSETSGRSPYEQYF,NLVPMVATV,1,ETSGRSPY,2090
8445,48975,CASSRDWNTGQLYF,SSPPMFRV,1,SRDWNTGQ,5491
8446,48976,CASGPGTSATDTQYF,NLVPMVATV,1,PGTSATDT,2396
8447,48984,CASRDSANTEVFF,ASNENMETM,1,RDSANTEV,2725
8448,48986,CTCSADWRNSYNSPLYF,ASNENMETM,1,DWRNSYNS,1735
8449,48987,CASSDSAATEVFF,ASNENMETM,1,SDSAATEV,3476
8450,48993,CASGDRDWGDEQYF,HGIRNASFI,1,GDRDWGDE,1268
8451,48994,CASGDRDWGDEQYF,HGIRNASFI,1,GDRDWGDE,1268
8452,48998,CASSGTGGHERLFF,SSLENFRAYV,1,SGTGGHER,2015
8453,49000,CASTQGGAPLF,SSLENFRAYV,1,STQGGAPL,5108
8454,49001,CASSENWGYEQYF,SSPPMFRV,1,SENWGYEQ,705
8455,49006,CARRQGSAETLYF,SSYRRPVGI,1,RQGSAETL,1300
8456,49009,CATRQGSAETLYF,SSYRRPVGI,1,RQGSAETL,1300
8457,49014,CASRGTDSAETLYF,SSYRRPVGI,1,RGTDSAET,5469
8458,49017,CASSGESAETLYF,SSYRRPVGI,1,SGESAETL,2927
8459,49022,CASSGESAETLYF,SSYRRPVGI,1,SGESAETL,2927
8460,49031,CASGGLDSAETLYF,SSYRRPVGI,1,GGLDSAET,829
8461,49032,CASGGLDSAETLYF,SSYRRPVGI,1,GGLDSAET,829
8462,49033,CASGGQESAETLYF,SSYRRPVGI,1,GGQESAET,1435
8463,49036,CASRGQTSAETLYF,SSYRRPVGI,1,RGQTSAET,3749
8464,49037,CASRMESSAETLYF,SSYRRPVGI,1,RMESSAET,5484
8465,49041,CASSGGDSAETLYF,SSYRRPVGI,1,SGGDSAET,4727
8466,49043,CASSGRDSAETLYF,SSYRRPVGI,1,SGRDSAET,20
8467,49045,CASSRDSAETLYF,SSYRRPVGI,1,SRDSAETL,3886
8468,49047,CASTAGDSAETLYF,SSYRRPVGI,1,TAGDSAET,3363
8469,49054,CASSPDSAETLYF,SSLENFRAYV,1,SPDSAETL,3165
8470,49055,CANSFDSAETLYF,SSYRRPVGI,1,SFDSAETL,1678
8471,49057,CASGEDSAETLYF,SSYRRPVGI,1,GEDSAETL,1444
8472,49058,CASGEDSAETLYF,SSYRRPVGI,1,GEDSAETL,1444
8473,49065,CASGGSSAETLYF,SSYRRPVGI,1,GGSSAETL,1737
8474,49066,CASGGSSAETLYF,SSYRRPVGI,1,GGSSAETL,1737
8475,49067,CASGGSSAETLYF,SSYRRPVGI,1,GGSSAETL,1737
8476,49069,CASMTGDSAETLYF,SSYRRPVGI,1,MTGDSAET,4961
8477,49070,CASNPGQSAETLYF,SSYRRPVGI,1,NPGQSAET,2858
8478,49075,CASRGTDSAETLYF,SSYRRPVGI,1,RGTDSAET,5469
8479,49076,CASSDDSAETLYF,SSYRRPVGI,1,SDDSAETL,1754
8480,49081,CASSGSSAETLYF,SSYRRPVGI,1,SGSSAETL,4968
8481,49082,CASSLVGDYEQYF,HGIRNASFI,1,SLVGDYEQ,4273
8482,49085,CASSPDSAETLYF,SSYRRPVGI,1,SPDSAETL,3165
8483,49086,CASSPPTDSAETLYF,SSYRRPVGI,1,PPTDSAET,3481
8484,49090,CASSYSSAETLYF,SSYRRPVGI,1,SYSSAETL,1632
8485,49093,CATGTGSSAETLYF,SSPPMFRV,1,GTGSSAET,4244
8486,49095,CATGTGSSAETLYF,TVYGFCLL,1,GTGSSAET,4244
8487,49099,CTCSGGTGGYNYAEQFF,SSPPMFRV,1,GTGGYNYA,3365
8488,49100,CASGGDSSAETLYF,SSYRRPVGI,1,GGDSSAET,4243
8489,49102,CASSRDSAETLYF,SSYRRPVGI,1,SRDSAETL,3886
8490,49103,CASSRDSAETLYF,SSYRRPVGI,1,SRDSAETL,3886
8491,49107,CASSELGGQGEQYF,SSLENFRAYV,1,SELGGQGE,4467
8492,49108,CASRSGGGGQNTLYF,TVYGFCLL,1,SGGGGQNT,1887
8493,49109,CASSLSNGGLDTQYF,LSLRNPILV,1,LSNGGLDT,2036
8494,49114,CASSSDSAETLYF,SSYRRPVGI,1,SSDSAETL,1956
8495,49127,CASSSDSAETLYF,SSYRRPVGI,1,SSDSAETL,1956
8496,49128,CASSSDSAETLYF,SSYRRPVGI,1,SSDSAETL,1956
8497,49131,CAWSLEDSAETLYF,SSYRRPVGI,1,SLEDSAET,1772
8498,49134,CTCSGLDSAETLYF,SSYRRPVGI,1,SGLDSAET,2250
8499,49139,CACGGTDSAETLYF,SSYRRPVGI,1,GGTDSAET,61
8500,49149,CASNPVDSAETLYF,SSYRRPVGI,1,NPVDSAET,733
8501,49151,CASRPTTSAETLYF,SSYRRPVGI,1,RPTTSAET,2490
8502,49153,CASSFQDSAETLYF,SSYRRPVGI,1,SFQDSAET,2883
8503,49160,CASSGSSAETLYF,SSYRRPVGI,1,SGSSAETL,4968
8504,49164,CASSPPDSAETLYF,SSYRRPVGI,1,SPPDSAET,2708
8505,49165,CASSQDSAETLYF,SSYRRPVGI,1,SQDSAETL,4804
8506,49168,CASSSDSAETLYF,SSYRRPVGI,1,SSDSAETL,1956
8507,49169,CASSSDSAETLYF,SSYRRPVGI,1,SSDSAETL,1956
8508,49170,CASSSDSAETRYF,SSYRRPVGI,1,SSDSAETR,843
8509,49171,CASSTESAETLYF,SSYRRPVGI,1,STESAETL,2285
8510,49173,CAWRKLGGGEAEQFF,SSYRRPVGI,1,KLGGGEAE,3469
8511,49175,CAWSPDSAETLYF,SSYRRPVGI,1,SPDSAETL,3165
8512,49177,CGARDGGGEVFF,ASNENMETM,1,ARDGGGEV,5300
8513,49179,CTCSGDSAETLYF,SSYRRPVGI,1,SGDSAETL,3295
8514,49181,CTCSGRDSAETLYF,SSYRRPVGI,1,SGRDSAET,20
8515,49182,CTCSGRDSAETLYF,SSYRRPVGI,1,SGRDSAET,20
8516,49183,CASSFADSAETLYF,SSYRRPVGI,1,SFADSAET,2192
8517,49184,CASSLDSAETLYF,SSYRRPVGI,1,SLDSAETL,853
8518,49185,CASSQMTGLNTEAFF,GILGFVFTL,1,QMTGLNTE,2144
8519,49186,CASSGQGAPNSDYTF,SSYRRPVGI,1,GQGAPNSD,1483
8520,49187,CASSGDSAETLYF,SSYRRPVGI,1,SGDSAETL,3295
8521,49192,CASGGDSAETLYF,SSYRRPVGI,1,GGDSAETL,4371
8522,49194,CASSGDSAETLYF,SSLENFRAYV,1,SGDSAETL,3295
8523,49200,CASSRDSAETLYF,SSYRRPVGI,1,SRDSAETL,3886
8524,49205,CASSPDSAETLYF,SSYRRPVGI,1,SPDSAETL,3165
8525,49206,CASSLQNSDYTF,SSYRRPVGI,1,SSLQNSDY,4408
8526,49207,CASSPDAEQFF,LSLRNPILV,1,SSPDAEQF,75
8527,49209,CASSQDRRNSYNSPLYF,ASNENMETM,1,DRRNSYNS,640
8528,49210,CASSGDSAETLYF,SSYRRPVGI,1,SGDSAETL,3295
8529,49211,CASSRDSDERLFF,SSYRRPVGI,1,SRDSDERL,472
8530,49212,CASSPTGGDAETLYF,SSYRRPVGI,1,PTGGDAET,1572
8531,49213,CTCSAGTGGYNYAEQFF,SSPPMFRV,1,GTGGYNYA,3365
8532,49217,CASSLKGTEVFF,SSYRRPVGI,1,SSLKGTEV,3251
8533,49218,CASRRDSAETLYF,SSLENFRAYV,1,RRDSAETL,1518
8534,49222,CASSPDRGALYF,SSLENFRAYV,1,SSPDRGAL,1489
8535,49244,CASSFRDSAETLYF,SSYRRPVGI,1,SFRDSAET,2360
8536,49245,CASSFRDSAETLYF,SSYRRPVGI,1,SFRDSAET,2360
8537,49246,CASSGDSAETLYF,SSYRRPVGI,1,SGDSAETL,3295
8538,49247,CASSGDSAETLYF,SSYRRPVGI,1,SGDSAETL,3295
8539,49248,CASSGDSAETLYF,SSYRRPVGI,1,SGDSAETL,3295
8540,49251,CASSLPDSQDTQYF,SSYRRPVGI,1,SLPDSQDT,4807
8541,49253,CASSQDSAETLYF,SSYRRPVGI,1,SQDSAETL,4804
8542,49254,CASSQDSAETLYF,SSYRRPVGI,1,SQDSAETL,4804
8543,49255,CASSQDSAETLYF,SSYRRPVGI,1,SQDSAETL,4804
8544,49256,CASSQDSAETLYF,SSYRRPVGI,1,SQDSAETL,4804
8545,49258,CASSRDSAETLYF,SSYRRPVGI,1,SRDSAETL,3886
8546,49259,CASSRDSAETLYF,SSYRRPVGI,1,SRDSAETL,3886
8547,49260,CASSRDSAETLYF,SSYRRPVGI,1,SRDSAETL,3886
8548,49262,CASSSDSAETLYF,SSYRRPVGI,1,SSDSAETL,1956
8549,49264,CGARDGGDSAETLYF,SSYRRPVGI,1,DGGDSAET,2815
8550,49265,CSSSWSSAETLYF,SSYRRPVGI,1,SWSSAETL,3184
8551,49271,CACGGTDSAETLYF,SSYRRPVGI,1,GGTDSAET,61
8552,49278,CASGGDSSAETLYF,SSYRRPVGI,1,GGDSSAET,4243
8553,49280,CASGGRDSAETLYF,SSYRRPVGI,1,GGRDSAET,261
8554,49284,CASMSGSAETLYF,SSYRRPVGI,1,MSGSAETL,2675
8555,49287,CASRGQSSAETLYF,SSYRRPVGI,1,RGQSSAET,433
8556,49288,CASRPGTDSAETLYF,SSYRRPVGI,1,PGTDSAET,538
8557,49293,CASSGDSAETLYF,ASNENMETM,1,SGDSAETL,3295
8558,49298,CASSGDSSAETLYF,SSYRRPVGI,1,SGDSSAET,627
8559,49299,CASSGNSAETLYF,SSYRRPVGI,1,SGNSAETL,2692
8560,49300,CASSGTDSAETLYF,SSYRRPVGI,1,SGTDSAET,2787
8561,49307,CASSQDSAETLYF,SSYRRPVGI,1,SQDSAETL,4804
8562,49308,CASSQDSAETLYF,SSYRRPVGI,1,SQDSAETL,4804
8563,49309,CASSQDSAETLYF,SSYRRPVGI,1,SQDSAETL,4804
8564,49310,CASSQDSAETLYF,SSYRRPVGI,1,SQDSAETL,4804
8565,49311,CASSQDSAETLYF,SSYRRPVGI,1,SQDSAETL,4804
8566,49312,CASSQDSAETLYF,SSYRRPVGI,1,SQDSAETL,4804
8567,49318,CASSSDSAETLYF,SSYRRPVGI,1,SSDSAETL,1956
8568,49321,CASSTGSAETLYF,SSYRRPVGI,1,STGSAETL,5157
8569,49328,CAWTGSSAETLYF,SSYRRPVGI,1,TGSSAETL,3789
8570,49337,CASGDTSAETLYF,SSYRRPVGI,1,GDTSAETL,4955
8571,49340,CASTPDRGQDTQYF,SSYRRPVGI,1,TPDRGQDT,468
8572,49342,CASGGGSNERLFF,SSYRRPVGI,1,GGGSNERL,1860
8573,49343,CASSLLGASAETLYF,LSLRNPILV,1,LLGASAET,2694
8574,49344,CASSMRSSYEQYF,GILGFVFTL,1,SMRSSYEQ,4755
8575,49347,CSARDGLAGHYEQYF,NLVPMVATV,1,DGLAGHYE,3840
8576,49349,CASFTANERLFF,SSYRRPVGI,1,SFTANERL,458
8577,49350,CASSLSSRGPNSDYTF,SSLENFRAYV,1,LSSRGPNS,4773
8578,49352,CASSLPDSAETLYF,SSYRRPVGI,1,SLPDSAET,2966
8579,49357,CASGGDSAETLYF,SSYRRPVGI,1,GGDSAETL,4371
8580,49358,CASGGDSAETLYF,SSYRRPVGI,1,GGDSAETL,4371
8581,49359,CASGGDSAETLYF,SSYRRPVGI,1,GGDSAETL,4371
8582,49363,CASSLDSAETLYF,SSYRRPVGI,1,SLDSAETL,853
8583,49364,CASSLESAETLYF,SSYRRPVGI,1,SLESAETL,2052
8584,49367,CAWPSTSAETLYF,SSYRRPVGI,1,PSTSAETL,1701
8585,49376,CASSPDWGGRYEQYF,SSYRRPVGI,1,PDWGGRYE,1035
8586,49377,CASSLTENQAPLF,SSYRRPVGI,1,SLTENQAP,928
8587,49383,CASSLGTDQDTQYF,SSYRRPVGI,1,SLGTDQDT,568
8588,49384,CASSLSNRGQDSDYTF,SSLENFRAYV,1,LSNRGQDS,242
8589,49389,CASSGDSAETLYF,SSYRRPVGI,1,SGDSAETL,3295
8590,49391,CAWRGLDSAETLYF,SSYRRPVGI,1,RGLDSAET,491
8591,49392,CASSGGNEQYF,SSLENFRAYV,1,SSGGNEQY,2636
8592,49393,CASSDAGGQNTLYF,SSLENFRAYV,1,SDAGGQNT,2592
8593,49394,CASSPRDSAETLYF,SSYRRPVGI,1,SPRDSAET,1967
8594,49399,CASSQERGETYEQYF,SSYRRPVGI,1,QERGETYE,3758
8595,49400,CASSAGRGNTLYF,SSYRRPVGI,1,SAGRGNTL,3894
8596,49402,CASSLGLGSAETLYF,SSYRRPVGI,1,LGLGSAET,262
8597,49405,CTCSTRASNTEVFF,ASNENMETM,1,STRASNTE,3995
8598,49409,CASSFNSAETLYF,SSYRRPVGI,1,SFNSAETL,4842
8599,49411,CAIRATSAETLYF,SSYRRPVGI,1,RATSAETL,3279
8600,49414,CASSLDSAETLYF,SSYRRPVGI,1,SLDSAETL,853
8601,49419,CASGGESAETLYF,SSYRRPVGI,1,GGESAETL,454
8602,49424,CASSGDSAETLYF,SSYRRPVGI,1,SGDSAETL,3295
8603,49425,CASSGDSAETLYF,SSYRRPVGI,1,SGDSAETL,3295
8604,49426,CASSGESAETLYF,SSYRRPVGI,1,SGESAETL,2927
8605,49429,CASSGLDSAETLYF,SSYRRPVGI,1,SGLDSAET,2250
8606,49430,CASSHDSAETLYF,SSYRRPVGI,1,SHDSAETL,678
8607,49436,CASSQDSAETLYF,SSYRRPVGI,1,SQDSAETL,4804
8608,49437,CASSQDSAETLYF,SSYRRPVGI,1,SQDSAETL,4804
8609,49438,CASSQDSAETLYF,SSYRRPVGI,1,SQDSAETL,4804
8610,49439,CASSQDSAETLYF,SSYRRPVGI,1,SQDSAETL,4804
8611,49440,CASSQDSAETLYF,SSYRRPVGI,1,SQDSAETL,4804
8612,49441,CASSQDSAETLYF,SSYRRPVGI,1,SQDSAETL,4804
8613,49442,CASSQDSAETLYF,SSYRRPVGI,1,SQDSAETL,4804
8614,49443,CASSQESAETLYF,SSYRRPVGI,1,SQESAETL,695
8615,49444,CASSRDSAETLYF,SSYRRPVGI,1,SRDSAETL,3886
8616,49453,CASGQDRRNSYNSPLYF,ASNENMETM,1,DRRNSYNS,640
8617,49457,CTCSADYRNSYNSPLYF,ASNENMETM,1,DYRNSYNS,5561
8618,49458,CASSEGGWEQYF,SSPPMFRV,1,SSEGGWEQ,3441
8619,49459,CGDGTGGNTLYF,SSLENFRAYV,1,DGTGGNTL,618
8620,49461,CASSLSGEGNTEVFF,SSYRRPVGI,1,LSGEGNTE,4364
8621,49462,CASSQTGVEQYF,TVYGFCLL,1,SSQTGVEQ,2061
8622,49463,CASSQTGVEQYF,TVYGFCLL,1,SSQTGVEQ,2061
8623,49468,CASSPLSLGSPYNEQFF,GILGFVFTL,1,LSLGSPYN,5262
8624,49470,CTCSAANTGQLYF,SSYRRPVGI,1,SAANTGQL,2988
8625,49473,CASRGDSAETLYF,SSYRRPVGI,1,RGDSAETL,1075
8626,49479,CTCSGGTGGYNYAEQFF,SSPPMFRV,1,GTGGYNYA,3365
8627,49486,CASSGWESAETLYF,SSYRRPVGI,1,SGWESAET,413
8628,49500,CASSRDSAETLYF,SSYRRPVGI,1,SRDSAETL,3886
8629,49501,CASSRDSAETLYF,SSYRRPVGI,1,SRDSAETL,3886
8630,49506,CASMGTSAETLYF,SSYRRPVGI,1,MGTSAETL,2460
8631,49507,CASMGTSAETLYF,SSYRRPVGI,1,MGTSAETL,2460
8632,49514,CASSSDSAETLYF,SSYRRPVGI,1,SSDSAETL,1956
8633,49515,CAWTHLSNERLFF,SSYRRPVGI,1,THLSNERL,4644
8634,49519,CASSGNSAETLYF,SSYRRPVGI,1,SGNSAETL,2692
8635,49528,CASRYNERLFF,SSYRRPVGI,1,SRYNERLF,5045
8636,49529,CASSFTSSAETLYF,SSYRRPVGI,1,SFTSSAET,392
8637,49539,CASSRSSAETLYF,SSYRRPVGI,1,SRSSAETL,3904
8638,49543,CASSFWGRDQDTQYF,SSPPMFRV,1,FWGRDQDT,1833
8639,49546,CTCSAGTGGFNYAEQFF,SSPPMFRV,1,GTGGFNYA,2226
8640,49548,CASSGDSAETLYF,SSYRRPVGI,1,SGDSAETL,3295
8641,49551,CASRGTTSAETLYF,SSYRRPVGI,1,RGTTSAET,27
8642,49552,CASSGNSAETLYF,SSYRRPVGI,1,SGNSAETL,2692
8643,49553,CASSPDSAETLYF,SSYRRPVGI,1,SPDSAETL,3165
8644,49554,CASSQDSAETLYF,SSYRRPVGI,1,SQDSAETL,4804
8645,49555,CASSRDSAETLYF,SSYRRPVGI,1,SRDSAETL,3886
8646,49556,CASSRDSAETLYF,SSYRRPVGI,1,SRDSAETL,3886
8647,49557,CASSRDSAETLYF,SSYRRPVGI,1,SRDSAETL,3886
8648,49558,CAWTGTSAETLYF,SSYRRPVGI,1,TGTSAETL,3901
8649,49560,CASDWGDSAETLYF,SSYRRPVGI,1,DWGDSAET,4555
8650,49563,CASSADSAETLYF,SSYRRPVGI,1,SADSAETL,4317
8651,49564,CASSADSAETLYF,SSYRRPVGI,1,SADSAETL,4317
8652,49569,CASSQDPGYEQYF,GILGFVFTL,1,SQDPGYEQ,1810
8653,49579,CASSGDSAETLYF,SSYRRPVGI,1,SGDSAETL,3295
8654,49580,CASSGDSAETLYF,SSYRRPVGI,1,SGDSAETL,3295
8655,49588,CASSGLNSDYTF,SSYRRPVGI,1,SSGLNSDY,3892
8656,49593,CASSRLGSSAETLYF,HGIRNASFI,1,RLGSSAET,3320
8657,49596,CASSRDSAETLYF,SSYRRPVGI,1,SRDSAETL,3886
8658,49598,CASSPDSAETLYF,SSYRRPVGI,1,SPDSAETL,3165
8659,49605,CASSSVSGYTF,NLVPMVATV,1,SSSVSGYT,1620
8660,49606,CASSIRSAYEQYF,GILGFVFTL,1,SIRSAYEQ,2115
8661,49614,CASSDARTTEVFF,ASNENMETM,1,SDARTTEV,2148
8662,49620,CASSHSRGQVDTQYF,ASNENMETM,1,HSRGQVDT,2335
8663,49628,CASSYSGHVNTEAFF,GILGFVFTL,1,YSGHVNTE,3415
8664,49634,CASSLGIYGYTF,GILGFVFTL,1,SSLGIYGY,1882
8665,49641,CASSRLGTSAETLYF,HGIRNASFI,1,RLGTSAET,4608
8666,49645,CATSDGLAGGWANVLTF,GILGFVFTL,1,GLAGGWAN,450
8667,49649,CASSPDRGEQYF,SSLENFRAYV,1,SSPDRGEQ,4913
8668,49650,CASSFGQAPLF,SSLENFRAYV,1,SSFGQAPL,3108
8669,49653,CASSLDRGGLFF,SSLENFRAYV,1,SSLDRGGL,514
8670,49657,CTCSAGTGGYNYAEQFF,SSPPMFRV,1,GTGGYNYA,3365
8671,49662,CASSLDRAEVFF,SSLENFRAYV,1,SSLDRAEV,2705
8672,49663,CASSLDRAEVFF,SSLENFRAYV,1,SSLDRAEV,2705
8673,49665,CASSLDRGEVFF,SSLENFRAYV,1,SSLDRGEV,5595
8674,49666,CASSLDRGEVFF,SSLENFRAYV,1,SSLDRGEV,5595
8675,49667,CASSLDRGEVFF,SSLENFRAYV,1,SSLDRGEV,5595
8676,49670,CASSPDRGEVFF,SSLENFRAYV,1,SSPDRGEV,3136
8677,49671,CASSPDRGQVFF,SSLENFRAYV,1,SSPDRGQV,3392
8678,49672,CASSPDRGRLFF,SSLENFRAYV,1,SSPDRGRL,893
8679,49673,CASSLDRGEVFF,SSLENFRAYV,1,SSLDRGEV,5595
8680,49675,CASSSWGGARAEQFF,ASNENMETM,1,SWGGARAE,522
8681,49676,CASSEGREQYF,SSLENFRAYV,1,SSEGREQY,5155
8682,49683,CASSWGSEQYF,SSLENFRAYV,1,SSWGSEQY,974
8683,49684,CASSEGREQYF,SSLENFRAYV,1,SSEGREQY,5155
8684,49686,CASSPSTGVTFYGYTF,NLVPMVATV,1,PSTGVTFY,5596
8685,49687,CAWSISDLAKNIQYF,NLVPMVATV,1,ISDLAKNI,241
8686,49688,CAWSVSDVANTEAFF,NLVPMVATV,1,VSDVANTE,148
8687,49691,CAWSISDLAKNIQYF,NLVPMVATV,1,ISDLAKNI,241
8688,49692,CASSQGREQYF,SSLENFRAYV,1,SSQGREQY,2017
8689,49693,CASSWDRGEVFF,SSLENFRAYV,1,SSWDRGEV,1953
8690,49698,CASSGGQGNYAEQFF,ASNENMETM,1,GGQGNYAE,5013
8691,49700,CASSDAREDTQYF,SSYRRPVGI,1,SDAREDTQ,1875
8692,49702,CASSSQSNQPQHF,GILGFVFTL,1,SSQSNQPQ,5413
8693,49705,CASSGTGGDYAEQFF,HGIRNASFI,1,GTGGDYAE,3525
8694,49708,CASSIRSSYEQYF,GILGFVFTL,1,SIRSSYEQ,2985
8695,49709,CASTPQGAYEQYF,GILGFVFTL,1,TPQGAYEQ,661
8696,49710,CASSLRGDYAEQFF,HGIRNASFI,1,SLRGDYAE,2370
8697,49722,CASSLGGGVFF,SSLENFRAYV,1,SSLGGGVF,959
8698,49725,CAWTGGQDTQYF,SSYRRPVGI,1,WTGGQDTQ,782
8699,49728,CAWSGRTGGYNYAEQFF,SSPPMFRV,1,RTGGYNYA,1647
8700,49730,CASSPGTGGYNYAEQFF,HGIRNASFI,1,GTGGYNYA,3365
8701,49732,CASGDRTGGYNYAEQFF,SSPPMFRV,1,RTGGYNYA,1647
8702,49733,CASSFPGKGTGQLYF,TVYGFCLL,1,FPGKGTGQ,4739
8703,49734,CASRQTFNQDTQYF,SSPPMFRV,1,RQTFNQDT,1685
8704,49735,CASSTGTPNSDYTF,TVYGFCLL,1,STGTPNSD,5104
8705,49736,CASSFGQAPLF,SSLENFRAYV,1,SSFGQAPL,3108
8706,49738,CASSIATTDNYEQYF,LSLRNPILV,1,IATTDNYE,1665
8707,49742,CASTGGYEQYF,SSLENFRAYV,1,STGGYEQY,970
8708,49744,CASSLFPGQANSDYTF,SSYRRPVGI,1,LFPGQANS,5568
8709,49747,CASSWGGRSSDYTF,ASNENMETM,1,SWGGRSSD,4194
8710,49748,CASSLARDTQYF,ASNENMETM,1,SSLARDTQ,2155
8711,49749,CASSLDHGLGGHYAEQFF,TVYGFCLL,1,DHGLGGHY,2088
8712,49752,CASSFGERLFF,SSLENFRAYV,1,SSFGERLF,4698
8713,49759,CASSFTGDTEVFF,SSLENFRAYV,1,SFTGDTEV,5141
8714,49760,CASSISLRQFSAETLYF,SSLENFRAYV,1,SLRQFSAE,5033
8715,49761,CASSRLGDSYEQYF,SSLENFRAYV,1,SRLGDSYE,4625
8716,49762,CASSQQQDSYEQYF,SSLENFRAYV,1,SQQQDSYE,876
8717,49765,CASSLARDEQYF,ASNENMETM,1,SSLARDEQ,1889
8718,49766,CASSLARDEQYF,ASNENMETM,1,SSLARDEQ,1889
8719,49767,CASSLARDEQYF,ASNENMETM,1,SSLARDEQ,1889
8720,49768,CASSLARDEQYF,ASNENMETM,1,SSLARDEQ,1889
8721,49769,CASSRARDEQYF,ASNENMETM,1,SSRARDEQ,2825
8722,49777,CASSFGGAPLF,SSLENFRAYV,1,SSFGGAPL,3842
8723,49780,CTCSAGTGGYNYAEQFF,SSPPMFRV,1,GTGGYNYA,3365
8724,49781,CASSGGAEVFF,SSLENFRAYV,1,SSGGAEVF,1781
8725,49782,CTCSAGTGGYNYAEQFF,SSPPMFRV,1,GTGGYNYA,3365
8726,49788,CASSGGSAETLYF,TVYGFCLL,1,SGGSAETL,3987
8727,49789,CASSGGSAETLYF,TVYGFCLL,1,SGGSAETL,3987
8728,49794,CASSEGQGEVFF,TVYGFCLL,1,SSEGQGEV,3466
8729,49795,CTCSAGTGGFNYAEQFF,SSPPMFRV,1,GTGGFNYA,2226
8730,49802,CASSLGLGLIYEQYF,SSYRRPVGI,1,LGLGLIYE,846
8731,49803,CATSDFEVAGSSYNEQFF,GILGFVFTL,1,FEVAGSSY,2362
8732,49810,CASIPDRVTEAFF,SFHSLHLLF,1,IPDRVTEA,4852
8733,49816,CASSSRTGGRNTEAFF,SFHSLHLLF,1,SRTGGRNT,409
8734,49817,CASSQDRGAVYGYTF,SFHSLHLLF,1,QDRGAVYG,1799
8735,49819,CASSLMVDEYF,SFHSLHLLF,1,SSLMVDEY,3981
8736,49820,CASSPDRAQTQYF,SFHSLHLLF,1,SPDRAQTQ,3202
8737,49821,CASSLDRGNIQYF,SFHSLHLLF,1,SLDRGNIQ,4394
8738,49822,CASRPNRDSNYGYTF,SFHSLHLLF,1,PNRDSNYG,4653
8739,49828,CASSPPRGRENEQFF,SFHSLHLLF,1,PPRGRENE,1175
8740,49829,CASRGWGGPSEQYF,SFHSLHLLF,1,RGWGGPSE,3261
8741,49830,CASRPDRGNTQYF,SFHSLHLLF,1,RPDRGNTQ,4778
8742,49838,CASSVTGTGKWEQYF,SFHSLHLLF,1,VTGTGKWE,4028
8743,49840,CASSAGQGVTYEQYF,SFHSLHLLF,1,AGQGVTYE,3853
8744,49843,CASSQDGVRMEGYTF,SFHSLHLLF,1,QDGVRMEG,2594
8745,49846,CASSPDRGLEQYF,SFHSLHLLF,1,SPDRGLEQ,2979
8746,49849,CASSPGTSGNTGELFF,SFHSLHLLF,1,PGTSGNTG,5129
8747,49850,CASSLRGNEGFYNEQFF,SFHSLHLLF,1,RGNEGFYN,2897
8748,49851,CASSPDRGLEQYF,SFHSLHLLF,1,SPDRGLEQ,2979
8749,49855,CASSVRGSPLHF,SFHSLHLLF,1,SSVRGSPL,2159
8750,49859,CAFKRDRENEQFF,SFHSLHLLF,1,KRDRENEQ,5329
8751,49870,CATFRDRDTGELFF,SFHSLHLLF,1,FRDRDTGE,4224
8752,49871,CAPTPKTGSETQYF,SFHSLHLLF,1,TPKTGSET,2534
8753,49877,CASMPDRKNTIYF,SFHSLHLLF,1,MPDRKNTI,4418
8754,49878,CASIPDREGNIQYF,SFHSLHLLF,1,IPDREGNI,4813
8755,49880,CASIEDRTPEAFF,SFHSLHLLF,1,IEDRTPEA,3874
8756,49883,CASSQRSGQGNSPLHF,SFHSLHLLF,1,QRSGQGNS,4281
8757,49884,CASSQDRGYVYGYTF,SFHSLHLLF,1,QDRGYVYG,3783
8758,49888,CASSPDRELTQYF,SFHSLHLLF,1,SPDRELTQ,2701
8759,49893,CSVEDLRSGGGDTEAFF,SFHSLHLLF,1,LRSGGGDT,3600
8760,49895,CASSSSTSGNTGELFF,SFHSLHLLF,1,SSTSGNTG,2924
8761,49896,CASSPDRLQTQYF,SFHSLHLLF,1,SPDRLQTQ,3160
8762,49897,CASIPDRNTEAFF,SFHSLHLLF,1,IPDRNTEA,2824
8763,49901,CASSHPAGNFHGYTF,SFHSLHLLF,1,HPAGNFHG,4522
8764,49903,CASSFFHPIWGMSSETQYF,SFHSLHLLF,1,HPIWGMSS,3835
8765,49906,CASSLDVPGPYEQYF,SFHSLHLLF,1,LDVPGPYE,1010
8766,49907,CASSLGPGGAYEQYF,SFHSLHLLF,1,LGPGGAYE,2819
8767,49911,CASRPDRSHEQYF,SFHSLHLLF,1,RPDRSHEQ,3233
8768,49913,CASSVPRTDTQYF,SFHSLHLLF,1,SVPRTDTQ,580
8769,49919,CAINRDRESDQYF,SFHSLHLLF,1,NRDRESDQ,506
8770,49920,CASIPDREKTQYF,SFHSLHLLF,1,IPDREKTQ,1785
8771,49921,CASKVDREGTIYF,SFHSLHLLF,1,KVDREGTI,4762
8772,49923,CASSPDRAHTIYF,SFHSLHLLF,1,SPDRAHTI,5609
8773,49924,CASSPDRANTGGAFF,SFHSLHLLF,1,PDRANTGG,1944
8774,49928,CASSPPRLRDIQYF,SFHSLHLLF,1,SPPRLRDI,3732
8775,49930,CASSPDRRIYEQYF,SFHSLHLLF,1,SPDRRIYE,5486
8776,49933,CASSQVAGASFNEQFF,SFHSLHLLF,1,QVAGASFN,5218
8777,49941,CASLPDRSSHEQYF,SFHSLHLLF,1,LPDRSSHE,4349
8778,49942,CASKEDRQSNSPLHF,SFHSLHLLF,1,EDRQSNSP,1157
8779,49950,CASSLVTGTGWGYTF,NLVPMVATV,1,LVTGTGWG,2466
8780,49952,CASSLDRVTGELFF,NLVPMVATV,1,SLDRVTGE,2376
8781,49954,CASSPITGTGIYGYTF,NLVPMVATV,1,PITGTGIY,4909
8782,49959,CASSGDRNQPQHF,KLSALGINAV,1,SGDRNQPQ,3228
8783,49963,CASSRAVSGNTIYF,KLSALGINAV,1,SRAVSGNT,496
8784,49967,CASSWDPTYNEQFF,KLSALGINAV,1,SWDPTYNE,4756
8785,49968,CASSFITSGFPYEQYF,KLSALGINAV,1,FITSGFPY,2669
8786,49981,CATSDSGLAGDYNEQFF,KLSALGINAV,1,SGLAGDYN,2755
8787,50144,CASSLGSYEQYF,GTSGSPIVNR,1,SSLGSYEQ,956
8788,50145,CASSLVGGTPSYNEQFF,GTSGSPIVNR,1,VGGTPSYN,3983
8789,50146,CASSLFAGGPDTQYF,GTSGSPIVNR,1,LFAGGPDT,4650
8790,50147,CASSWGAAEAFF,GTSGSPIVNR,1,SSWGAAEA,1406
8791,50148,CASSLGLPTLY,GTSGSPIVNR,1,SSLGLPTL,1535
8792,50149,CASSLVIPTGWRDNEQFF,GTSGSPIVNR,1,VIPTGWRD,581
8793,50150,CASSLNSGSAGELFF,GTSGSPIVNR,1,LNSGSAGE,960
8794,50162,CASNLGTEETQYF,GTSGSPIVNR,1,NLGTEETQ,2053
8795,50163,CASSLGPDNEQFF,GTSGSPIVNR,1,SLGPDNEQ,4660
8796,50164,CASSPGVEKLFF,GTSGSPIVNR,1,SSPGVEKL,4248
8797,50165,CASSLGVPEAFF,GTSGSPIVNR,1,SSLGVPEA,806
8798,50166,CASTPLWGDQETQYF,GTSGSPIVNR,1,PLWGDQET,2627
8799,50167,CASSLGYQGYEQFF,GTSGSPIVNR,1,SLGYQGYE,4962
8800,50168,CASSSGSYEQYF,GTSGSPIVNR,1,SSSGSYEQ,4006
8801,50169,CASSLGSAEAFF,GTSGSPIVNR,1,SSLGSAEA,161
8802,50175,CASSLGQGAYEQYF,GTSGSPIVNR,1,SLGQGAYE,4910
8803,50187,CASSPGTAEAFF,GTSGSPIVNR,1,SSPGTAEA,4399
8804,50188,CASSWGSYEQFF,GTSGSPIVNR,1,SSWGSYEQ,4925
8805,50189,CASSLGGKYSF,GTSGSPIVNR,1,SSLGGKYS,312
8806,50190,CASSPGTDEAFF,GTSGSPIVNR,1,SSPGTDEA,5148
8807,50191,CASSLTAGTQETQYF,GTSGSPIVNR,1,LTAGTQET,1424
8808,50193,CASTPGLWNTEAFF,GTSGSPIVNR,1,TPGLWNTE,290
8809,50194,CASSPGTEHGYTF,GTSGSPIVNR,1,SPGTEHGY,4128
8810,50195,CASGLGSYEQYF,GTSGSPIVNR,1,SGLGSYEQ,3177
8811,50196,CASSGGTSFREQFF,GTSGSPIVNR,1,SGGTSFRE,3771
8812,50197,CASSPGGARAFF,GTSGSPIVNR,1,SSPGGARA,2502
8813,50202,CASSLAGGGAYEQYF,GTSGSPIVNR,1,LAGGGAYE,3707
8814,50203,CASSIGVETQYF,GTSGSPIVNR,1,SSIGVETQ,5130
8815,50204,CASSPGTLHGYTF,GTSGSPIVNR,1,SPGTLHGY,1618
8816,50205,CASSQGGGNYEQYF,GTSGSPIVNR,1,SQGGGNYE,1458
8817,50209,CASRLAASYNEQFF,GTSGSPIIDK,1,RLAASYNE,2556
8818,50210,CASSGPRDGRGNEKLFF,GTSGSPIIDK,1,PRDGRGNE,1774
8819,50211,CASTKGFSGNTIYF,GTSGSPIIDK,1,TKGFSGNT,2577
8820,50212,CASRLNRGPGEQYF,GTSGSPIIDK,1,RLNRGPGE,4618
8821,50213,CASSLSGTDTQYF,GTSGSPIINR,1,SLSGTDTQ,4890
8822,50214,CASSQDPGLNEKLFF,GTSGSPIINR,1,QDPGLNEK,3475
8823,50215,CATSDHSTSGRRNEQFF,GTSGSPIINR,1,HSTSGRRN,3793
8824,50216,CASSLGAGDRSYEQYF,GTSGSPIINR,1,LGAGDRSY,4289
8825,50237,CASSQMTGTGELFF,GTSGSPIIDK,1,SQMTGTGE,2172
8826,50238,CATSRDRGISNYGYTF,GTSGSPIIDK,1,RDRGISNY,3799
8827,50239,CAIRAGTATYGYTF,GTSGSPIIDK,1,RAGTATYG,2789
8828,50240,CASSGNEQFF,GTSGSPIIDK,1,ASSGNEQF,1910
8829,50241,CASSLKGGWAYNEQFF,GTSGSPIIDK,1,LKGGWAYN,1213
8830,50268,CASSQRSRDRGAFF,GTSGSPIIDK,1,SQRSRDRG,5257
8831,50269,CASSYTFRDTKETQYF,GTSGSPIIDK,1,YTFRDTKE,5574
8832,50272,CASSWPEETQYF,GTSGSPIINR,1,SSWPEETQ,5223
8833,50273,CASSLGGGNQETQYF,GTSGSPIINR,1,LGGGNQET,4596
8834,50274,CASSFGLAGVYRY,GTSGSPIINR,1,SFGLAGVY,5489
8835,50275,CASSGGAAYEQYF,GTSGSPIINR,1,SGGAAYEQ,742
8836,50276,CASSPSQDTEAFF,GTSGSPIINR,1,SPSQDTEA,3008
8837,50286,CASSGGQGNIQYF,GTSGSPIIDK,1,SGGQGNIQ,4220
8838,50287,CASSLIGGGNTEAFF,GTSGSPIIDK,1,LIGGGNTE,1067
8839,50288,CASSRGLNYEQYF,GTSGSPIIDK,1,SRGLNYEQ,259
8840,50289,CASSRAGGTASYEQYF,GTSGSPIIDK,1,RAGGTASY,5627
8841,50290,CASSGGSGNIQYF,GTSGSPIIDK,1,SGGSGNIQ,3176
8842,50291,CASSLGGGLQETQYF,GTSGSPIIDK,1,LGGGLQET,5485
8843,50292,CASSAFSGFQETQYF,GTSGSPIIDK,1,AFSGFQET,4590
8844,50305,CASSGGQGNIQYF,GTSGSPIINR,1,SGGQGNIQ,4220
8845,50306,CASSLIGGGNTEAFF,GTSGSPIINR,1,LIGGGNTE,1067
8846,50307,CASSRGLNYEQYF,GTSGSPIINR,1,SRGLNYEQ,259
8847,50308,CASSRAGGTASYEQYF,GTSGSPIINR,1,RAGGTASY,5627
8848,50309,CASSGGSGNIQYF,GTSGSPIINR,1,SGGSGNIQ,3176
8849,50310,CASSLGGGLQETQYF,GTSGSPIINR,1,LGGGLQET,5485
8850,50311,CASSAFSGFQETQYF,GTSGSPIINR,1,AFSGFQET,4590
8851,50317,CASSLSGTDTQYF,GTSGSPIINR,1,SLSGTDTQ,4890
8852,50324,CASSLGGGNQETQYF,GTSGSPIIDK,1,LGGGNQET,4596
8853,50326,CASSLGGGNQETQYF,GTSGSPIINR,1,LGGGNQET,4596
8854,50328,CASSAYQGTGELFF,GTSGSPIVNR,1,SAYQGTGE,4994
8855,50329,CASSLHGTSKLNEQFF,GTSGSPIVNR,1,LHGTSKLN,2030
8856,50330,CASSFGGASYEQYF,GTSGSPIVNR,1,SFGGASYE,4632
8857,50331,CASSFGNPEAFF,GTSGSPIVNR,1,SSFGNPEA,1059
8858,50333,CATGTGGGGYTF,GTSGSPIVNR,1,TGTGGGGY,2378
8859,50334,CASSPSWGRNQPQHF,GTSGSPIVNR,1,PSWGRNQP,5123
8860,50335,CASSPPLAGGPYNEQFF,GTSGSPIVNR,1,PLAGGPYN,2778
8861,50336,CASSQGGYSNQPQHF,GTSGSPIVNR,1,QGGYSNQP,5176
8862,50337,CSARDPGEYQETQYF,GTSGSPIVNR,1,DPGEYQET,2836
8863,50344,CASSLGTREAFF,GTSGSPIVNR,1,SSLGTREA,3875
8864,50345,CASSRGAGEQETQYF,GTSGSPIINR,1,RGAGEQET,5173
8865,50346,CASSVWGDPSYEQYF,GTSGSPIINR,1,VWGDPSYE,2629
8866,50347,CASSVADAGAISSGANVLTF,GTSGSPIINR,1,DAGAISSG,1014
8867,50356,CASSLFLMGLAGGNEQFF,GTSGSPIINR,1,FLMGLAGG,5588
8868,50357,CASSLGQGYEQYF,GTSGSPIINR,1,SLGQGYEQ,5687
8869,50358,CASSLYTGSYNEQFF,GTSGSPIINR,1,LYTGSYNE,1254
8870,50359,CASSVGGEQFF,GTSGSPIINR,1,SSVGGEQF,3277
8871,50360,CASSDGIQYF,GTSGSPIINR,1,ASSDGIQY,3612
8872,50368,CASSLGQGAYEQYF,GTSGSPIVNR,1,SLGQGAYE,4910
8873,50369,CASSYGTEQPQHF,GTSGSPIVNR,1,SYGTEQPQ,5558
8874,50370,CASSLGGTDNEQFF,GTSGSPIVNR,1,SLGGTDNE,3645
8875,50371,CASSLGGDTYEQYF,GTSGSPIVNR,1,SLGGDTYE,5024
8876,50372,CASSLGVGPQWF,GTSGSPIVNR,1,SSLGVGPQ,128
8877,50373,CASRRPREGLANEQFF,GTSGSPIVNR,1,RPREGLAN,972
8878,50382,CASSLGQGAYEQYF,GTSGSPIINR,1,SLGQGAYE,4910
8879,50383,CASSYGTEQPQHF,GTSGSPIINR,1,SYGTEQPQ,5558
8880,50384,CASSLGGTDNEQFF,GTSGSPIINR,1,SLGGTDNE,3645
8881,50385,CASSLGGDTYEQYF,GTSGSPIINR,1,SLGGDTYE,5024
8882,50386,CASSLGVGPQWF,GTSGSPIINR,1,SSLGVGPQ,128
8883,50387,CASRRPREGLANEQFF,GTSGSPIINR,1,RPREGLAN,972
8884,50396,CASSLGAPEAFF,GTSGSPIVNR,1,SSLGAPEA,1008
8885,50397,CASSLGQGTYEQYF,GTSGSPIVNR,1,SLGQGTYE,5147
8886,50398,CASSLGGQTYEQYF,GTSGSPIVNR,1,SLGGQTYE,5518
8887,50399,CASSLGAGVQETQYF,GTSGSPIVNR,1,LGAGVQET,871
8888,50400,CASSLAGVGNEQFF,GTSGSPIVNR,1,SLAGVGNE,2122
8889,50421,CASSLGAPEAFF,GTSGSPIINR,1,SSLGAPEA,1008
8890,50422,CASSLGQGTYEQYF,GTSGSPIINR,1,SLGQGTYE,5147
8891,50423,CASSLGGQTYEQYF,GTSGSPIINR,1,SLGGQTYE,5518
8892,50424,CASSLGAGVQETQYF,GTSGSPIINR,1,LGAGVQET,871
8893,50425,CASSLAGVGNEQFF,GTSGSPIINR,1,SLAGVGNE,2122
8894,50446,CASSMGQGDYEQYF,GTSGSPIVNR,1,SMGQGDYE,395
8895,50447,CASSPTGGGYEQYF,GTSGSPIVNR,1,SPTGGGYE,2717
8896,50451,CASSMGQGDYEQYF,GTSGSPIINR,1,SMGQGDYE,395
8897,50452,CASSPTGGGYEQYF,GTSGSPIINR,1,SPTGGGYE,2717
8898,50456,CASSFGAGSQETQYF,GTSGSPIVNR,1,FGAGSQET,3926
8899,50457,CASSLGQGDFEQYF,GTSGSPIVNR,1,SLGQGDFE,1062
8900,50458,CASSPAGGTYEQYF,GTSGSPIVNR,1,SPAGGTYE,2955
8901,50459,CASSLGPEAPLFF,GTSGSPIVNR,1,SLGPEAPL,2951
8902,50462,CASSLGGDTYEQYF,GTSGSPIVNR,1,SLGGDTYE,5024
8903,50484,CASSLGGTDNEQFF,GTSGSPIVNR,1,SLGGTDNE,3645
8904,50490,CASSLGQGAYEQYF,GTSGSPIVNR,1,SLGQGAYE,4910
8905,50493,CASSLGPDNEQFF,GTSGSPIVNR,1,SLGPDNEQ,4660
8906,50497,CASSFGAGSQETQYF,GTSGSPIINR,1,FGAGSQET,3926
8907,50498,CASSLGQGDFEQYF,GTSGSPIINR,1,SLGQGDFE,1062
8908,50499,CASSPAGGTYEQYF,GTSGSPIINR,1,SPAGGTYE,2955
8909,50500,CASSLGPEAPLFF,GTSGSPIINR,1,SLGPEAPL,2951
8910,50503,CASSLGGDTYEQYF,GTSGSPIINR,1,SLGGDTYE,5024
8911,50525,CASSLGGTDNEQFF,GTSGSPIINR,1,SLGGTDNE,3645
8912,50531,CASSLGQGAYEQYF,GTSGSPIINR,1,SLGQGAYE,4910
8913,50538,CASLSGRAPQHF,GTSGSPIVNR,1,SLSGRAPQ,2348
8914,50539,CASSLVIIGSASTDTQYF,GTSGSPIVNR,1,VIIGSAST,4936
8915,50540,CASSLQPSGTSFYNEQFF,GTSGSPIVNR,1,QPSGTSFY,4267
8916,50541,CASSLGTREAFF,GTSGSPIVNR,1,SSLGTREA,3875
8917,50542,CASLSGRAPQHF,GTSGSPIINR,1,SLSGRAPQ,2348
8918,50543,CASSLVIIGSASTDTQYF,GTSGSPIINR,1,VIIGSAST,4936
8919,50544,CASSLQPSGTSFYNEQFF,GTSGSPIINR,1,QPSGTSFY,4267
8920,50545,CASSLGTREAFF,GTSGSPIINR,1,SSLGTREA,3875
8921,50549,CASTTGGGGYEQYF,GTSGSPIVNR,2,TTGGGGYE,2123
8922,50550,CASTTGGGGYEQYF,GTSGSPIINR,2,TTGGGGYE,2123
8923,50551,CASSLGQGSYEQYF,GTSGSPIVNR,2,SLGQGSYE,3126
8924,50552,CASSLGQGSYEQYF,GTSGSPIINR,2,SLGQGSYE,3126
8925,50553,CASSLGQGLLYGYTF,GTSGSPIVNR,3,LGQGLLYG,4919
8926,50554,CASSLGQGLLYGYTF,GTSGSPIINR,3,LGQGLLYG,4919
8927,50558,CASSEATGASYEQYF,LLWNGPMAV,1,EATGASYE,4038
8928,50561,CASSEGGQAYNEQFF,LLWNGPMAV,1,EGGQAYNE,15
8929,50584,CASSVATEGYGYTF,LLWNGPMAV,1,SVATEGYG,2625
8930,50587,CASSRRTSGGSDTQYF,FRDYVDRFYKTLRAEQASQE,2,RRTSGGSD,1859
8931,50588,CAIRRTGLPGNEQFF,FRDYVDRFYKTLRAEQASQE,1,RTGLPGNE,1141
8932,50589,CASNRTGLPGNEQFF,FRDYVDRFYKTLRAEQASQE,1,RTGLPGNE,1141
8933,50590,CASSEEGDTQYF,FRDYVDRFYKTLRAEQASQE,1,SSEEGDTQ,1790
8934,50591,CASSEEWDTQYF,FRDYVDRFYKTLRAEQASQE,1,SSEEWDTQ,441
8935,50592,CASSEGGYGYAF,FRDYVDRFYKTLRAEQASQE,1,SSEGGYGY,5497
8936,50593,CASSEGGYGYTF,FRDYVDRFYKTLRAEQASQE,1,SSEGGYGY,5497
8937,50594,CASSEKGDTQYF,FRDYVDRFYKTLRAEQASQE,1,SSEKGDTQ,1500
8938,50595,CASSENRVTTDYPNEKLFF,FRDYVDRFYKTLRAEQASQE,1,RVTTDYPN,2325
8939,50596,CASSKNRVTTAEPNEKLFF,FRDYVDRFYKTLRAEQASQE,1,RVTTAEPN,3432
8940,50597,CASSKNRVTTDYPNEKLFF,FRDYVDRFYKTLRAEQASQE,1,RVTTDYPN,2325
8941,50598,CASSPTGLPGNEQFF,FRDYVDRFYKTLRAEQASQE,1,PTGLPGNE,2599
8942,50599,CASSRTGLPGNEQFF,FRDYVDRFYKTLRAEQASQE,2,RTGLPGNE,1141
8943,50600,CASSRTGVQGNEQFF,FRDYVDRFYKTLRAEQASQE,1,RTGVQGNE,2110
8944,50601,CASWEGGTVGVTQYF,FRDYVDRFYKTLRAEQASQE,1,EGGTVGVT,4223
8945,50602,CTSSKNRVTTAEPNEKLFF,FRDYVDRFYKTLRAEQASQE,1,RVTTAEPN,3432
8946,50603,CASRRLAGASYNEQFF,FRDYVDRFYKTLRAEQASQE,2,RLAGASYN,680
8947,50604,CASRRRTSASSDEQYF,FRDYVDRFYKTLRAEQASQE,1,RRTSASSD,1389
8948,50605,CASSEALRDSGGQYF,FRDYVDRFYKTLRAEQASQE,1,EALRDSGG,1811
8949,50606,CASSRRTSGGTDTQYF,FRDYVDRFYKTLRAEQASQE,2,RRTSGGTD,1917
8950,50607,CASTKLALAYEHYF,FRDYVDRFYKTLRAEQASQE,1,TKLALAYE,4861
8951,50608,CASTKLALAYEQYF,FRDYVDRFYKTLRAEQASQE,2,TKLALAYE,4861
8952,50609,CASTQLAGASYHDFFF,FRDYVDRFYKTLRAEQASQE,1,QLAGASYH,297
8953,50610,CATRRLAGASYNEQFF,FRDYVDRFYKTLRAEQASQE,1,RLAGASYN,680
8954,50611,CASRRLAGASYNEQFF,FRDYVDRFYKTLRAEQASQE,1,RLAGASYN,680
8955,50612,CASSEALRDSGGQYF,FRDYVDRFYKTLRAEQASQE,1,EALRDSGG,1811
8956,50613,CASSRRNSGGTDTQYF,FRDYVDRFYKTLRAEQASQE,1,RRNSGGTD,2922
8957,50614,CASSRRTSGGSDTQYF,FRDYVDRFYKTLRAEQASQE,1,RRTSGGSD,1859
8958,50615,CASSRRTSGGTDTQYF,FRDYVDRFYKTLRAEQASQE,2,RRTSGGTD,1917
8959,50616,CASTKLALAYEQYF,FRDYVDRFYKTLRAEQASQE,2,TKLALAYE,4861
8960,50617,CASTRGSTDTQYF,FRDYVDRFYKTLRAEQASQE,1,TRGSTDTQ,3696
8961,50618,CAISELASGTDTQYF,FRDYVDRFYKTLRAEQASQE,1,ELASGTDT,212
8962,50619,CASNELASGTDTQYF,FRDYVDRFYKTLRAEQASQE,1,ELASGTDT,212
8963,50620,CASRELANDTDTLYF,FRDYVDRFYKTLRAEQASQE,1,ELANDTDT,1995
8964,50621,CASSELASGANNPYF,FRDYVDRFYKTLRAEQASQE,1,ELASGANN,886
8965,50622,CASSELASGTDTQYF,FRDYVDRFYKTLRAEQASQE,2,ELASGTDT,212
8966,50623,CASSELTSGTDNPHY,FRDYVDRFYKTLRAEQASQE,1,ELTSGTDN,1107
8967,50624,CASSRRTSGGTDTQYF,FRDYVDRFYKTLRAEQASQE,1,RRTSGGTD,1917
8968,50625,CAGSRRTSGGADTQYF,FRDYVDRFYKTLRAEQASQE,1,RRTSGGAD,4518
8969,50626,CARSELASGTDTQYF,FRDYVDRFYKTLRAEQASQE,1,ELASGTDT,212
8970,50627,CASIRTGSSPLHF,FRDYVDRFYKTLRAEQASQE,1,IRTGSSPL,4806
8971,50628,CASSARGAWGNQPQHF,FRDYVDRFYKTLRAEQASQE,1,ARGAWGNQ,2648
8972,50629,CASSELASGTDTQYF,FRDYVDRFYKTLRAEQASQE,1,ELASGTDT,212
8973,50630,CASSRRTIGGADTQYF,FRDYVDRFYKTLRAEQASQE,1,RRTIGGAD,5446
8974,50631,CASSRRTSGGADTQYF,FRDYVDRFYKTLRAEQASQE,2,RRTSGGAD,4518
8975,50632,CASRGLVDTGELFF,FRDYVDRFYKTLRAEQASQE,1,RGLVDTGE,1884
8976,50633,CASSELASGTDTQYF,FRDYVDRFYKTLRAEQASQE,2,ELASGTDT,212
8977,50634,CASSERQGIWIFF,FRDYVDRFYKTLRAEQASQE,1,SERQGIWI,4911
8978,50635,CAIIRRTSGGTDTQYF,FRDYVDRFYKTLRAEQASQE,1,RRTSGGTD,1917
8979,50636,CAISELASGTDTQYF,FRDYVDRFYKTLRAEQASQE,1,ELASGTDT,212
8980,50637,CAISRRTSWGSDTQYF,FRDYVDRFYKTLRAEQASQE,1,RRTSWGSD,5222
8981,50638,CARSRRTSGGTDTQHF,FRDYVDRFYKTLRAEQASQE,1,RRTSGGTD,1917
8982,50639,CASSELASGTDTQYF,FRDYVDRFYKTLRAEQASQE,1,ELASGTDT,212
8983,50640,CASSRRTNGGADTHYF,FRDYVDRFYKTLRAEQASQE,1,RRTNGGAD,1991
8984,50641,CASSRRTSGGADTQYF,FRDYVDRFYKTLRAEQASQE,2,RRTSGGAD,4518
8985,50642,CASSRRTSGGTDTQYF,FRDYVDRFYKTLRAEQASQE,2,RRTSGGTD,1917
8986,50643,CASSRRTTVGTDTQYF,FRDYVDRFYKTLRAEQASQE,1,RRTTVGTD,2540
8987,50644,CASARLAARTDTQYF,FRDYVDRFYKTLRAEQASQE,1,RLAARTDT,4003
8988,50645,CASRWGQGENQPQHF,FRDYVDRFYKTLRAEQASQE,1,WGQGENQP,3373
8989,50646,CASSALAARTDTQYF,FRDYVDRFYKTLRAEQASQE,2,ALAARTDT,1579
8990,50647,CASSDRRAGANVLTF,FRDYVDRFYKTLRAEQASQE,1,DRRAGANV,2183
8991,50648,CASSEARRVNQPQHF,FRDYVDRFYKTLRAEQASQE,1,EARRVNQP,4275
8992,50649,CASTRASTDTQYF,FRDYVDRFYKTLRAEQASQE,1,TRASTDTQ,93
8993,50650,CASTRGSTDTQYF,FRDYVDRFYKTLRAEQASQE,2,TRGSTDTQ,3696
8994,50651,CASARLAARTDTQYF,FRDYVDRFYKTLRAEQASQE,1,RLAARTDT,4003
8995,50652,CASPRGSTDTQYF,FRDYVDRFYKTLRAEQASQE,1,PRGSTDTQ,675
8996,50653,CASRGDRGLGGYTF,FRDYVDRFYKTLRAEQASQE,1,RGDRGLGG,1510
8997,50654,CASSALAARTDTQYF,FRDYVDRFYKTLRAEQASQE,2,ALAARTDT,1579
8998,50655,CASSALSARTDTQYF,FRDYVDRFYKTLRAEQASQE,1,ALSARTDT,5337
8999,50656,CASSATVTNTGELFF,FRDYVDRFYKTLRAEQASQE,1,ATVTNTGE,3767
9000,50657,CASSDLPAGTDTLNF,FRDYVDRFYKTLRAEQASQE,1,DLPAGTDT,5657
9001,50658,CASSDRRAGANVLTF,FRDYVDRFYKTLRAEQASQE,1,DRRAGANV,2183
9002,50659,CASSDRRVGTNVLTF,FRDYVDRFYKTLRAEQASQE,1,DRRVGTNV,1931
9003,50660,CASSEARRVNQPQHF,FRDYVDRFYKTLRAEQASQE,1,EARRVNQP,4275
9004,50661,CASSEGRAGGYTF,FRDYVDRFYKTLRAEQASQE,1,SEGRAGGY,3112
9005,50662,CASSEGSYYEQYF,FRDYVDRFYKTLRAEQASQE,1,SEGSYYEQ,730
9006,50663,CASSVLASGTDKQYF,FRDYVDRFYKTLRAEQASQE,1,VLASGTDK,3972
9007,50664,CASSVLTSGGDEQYF,FRDYVDRFYKTLRAEQASQE,1,VLTSGGDE,2401
9008,50665,CASTRGSTDTQYF,FRDYVDRFYKTLRAEQASQE,1,TRGSTDTQ,3696
9009,50666,CASTRGTTDTHYF,FRDYVDRFYKTLRAEQASQE,1,TRGTTDTH,1125
9010,50667,CASARLAARTDTQYF,FRDYVDRFYKTLRAEQASQE,1,RLAARTDT,4003
9011,50668,CASSALAARTDTQYF,FRDYVDRFYKTLRAEQASQE,2,ALAARTDT,1579
9012,50669,CASSALTAHTDTFYF,FRDYVDRFYKTLRAEQASQE,1,ALTAHTDT,941
9013,50670,CASSALTARTDTHYF,FRDYVDRFYKTLRAEQASQE,1,ALTARTDT,5007
9014,50671,CASSATVTNTGELFF,FRDYVDRFYKTLRAEQASQE,1,ATVTNTGE,3767
9015,50672,CASTPTITNTGELVF,FRDYVDRFYKTLRAEQASQE,1,PTITNTGE,714
9016,50673,CASTRGSTDTQYF,FRDYVDRFYKTLRAEQASQE,2,TRGSTDTQ,3696
9017,50674,CASTRGSTHTHYF,FRDYVDRFYKTLRAEQASQE,1,TRGSTHTH,4855
9018,50675,CASARLAARTDTQYF,FRDYVDRFYKTLRAEQASQE,1,RLAARTDT,4003
9019,50676,CASSALAARTDTQYF,FRDYVDRFYKTLRAEQASQE,2,ALAARTDT,1579
9020,50677,CASSALTARTDTQDF,FRDYVDRFYKTLRAEQASQE,1,ALTARTDT,5007
9021,50678,CASSATVTNTGELFF,FRDYVDRFYKTLRAEQASQE,1,ATVTNTGE,3767
9022,50679,CASSEARRVNQPQHF,FRDYVDRFYKTLRAEQASQE,1,EARRVNQP,4275
9023,50680,CASSVLAARTDTQYF,FRDYVDRFYKTLRAEQASQE,1,VLAARTDT,2163
9024,50681,CASTGLAARTDTQYF,FRDYVDRFYKTLRAEQASQE,1,GLAARTDT,1663
9025,50682,CASTGRGSTDTQYF,FRDYVDRFYKTLRAEQASQE,2,TGRGSTDT,4055
9026,50683,CTSTRGSTDTQYF,FRDYVDRFYKTLRAEQASQE,1,TRGSTDTQ,3696
9027,50684,CASSDWGVQDTQYF,SQLLNAKYL,1,SDWGVQDT,2895
9028,50685,CASSDWGNYAEQFF,SQLLNAKYL,1,SDWGNYAE,488
9029,50686,CASSDWGNQDTQYF,SQLLNAKYL,1,SDWGNQDT,1570
9030,50687,CASSDWGRDAEQFF,SQLLNAKYL,1,SDWGRDAE,2553
9031,50688,CASSHWGGDTQYF,SQLLNAKYL,1,SHWGGDTQ,2733
9032,50693,CASSDWGGAYEQYF,SQLLNAKYL,1,SDWGGAYE,5494
9033,50698,CASSDWGQDTQYF,SQLLNAKYL,1,SDWGQDTQ,4553
9034,50704,CASSDWGNQDTQYF,SQLLNAKYL,1,SDWGNQDT,1570
9035,50705,CASSDWGVQDTQYF,SQLLNAKYL,1,SDWGVQDT,2895
9036,50706,CASSDWGGGQNTLYF,SQLLNAKYL,1,DWGGGQNT,989
9037,50707,CASSDDWTSQNTLYF,SQLLNAKYL,1,DDWTSQNT,1115
9038,50708,CASRQGENSGNTLYF,SQLLNAKYL,1,QGENSGNT,4560
9039,50709,CASSPGLGDAEQFF,SQLLNAKYL,1,SPGLGDAE,5064
9040,50711,CASSDWGNYAEQFF,SQLLNAKYL,1,SDWGNYAE,488
9041,50714,CASSDDWTSQNTLYF,SQLLNAKYL,1,DDWTSQNT,1115
9042,50717,CASSDWGVQDTQYF,SQLLNAKYL,1,SDWGVQDT,2895
9043,50718,CASSDWGKEDTQYF,SQLLNAKYL,1,SDWGKEDT,4706
9044,50719,CASSDWGEKDTQYF,SQLLNAKYL,1,SDWGEKDT,2448
9045,50720,CASSDWGHQDTQYF,SQLLNAKYL,1,SDWGHQDT,1857
9046,50721,CASSDWGNQDTQYF,SQLLNAKYL,1,SDWGNQDT,1570
9047,50722,CASSDWGGVAETLYF,SQLLNAKYL,1,DWGGVAET,2737
9048,50724,CASSDWGNYAEQFF,SQLLNAKYL,1,SDWGNYAE,488
9049,50741,CASSDWGGVEQYF,SQLLNAKYL,1,SDWGGVEQ,2025
9050,50742,CASSDWGTDAEQFF,SQLLNAKYL,1,SDWGTDAE,3503
9051,50745,CASSDWGVQDTQYF,SQLLNAKYL,1,SDWGVQDT,2895
9052,50746,CASGTGVTGQLYF,SQLLNAKYL,1,GTGVTGQL,2756
9053,50747,CASSDWGNTGQLYF,SQLLNAKYL,1,SDWGNTGQ,2602
9054,50748,CASSDWGGVEQYF,SQLLNAKYL,1,SDWGGVEQ,2025
9055,50749,CASSDWGGGQNTLYF,SQLLNAKYL,1,DWGGGQNT,989
9056,50759,CASSDWGNYAEQFF,SQLLNAKYL,1,SDWGNYAE,488
9057,50761,CASSDWGSQNTLYF,SQLLNAKYL,1,SDWGSQNT,3806
9058,50766,CASSDSGKNTEVFF,SQLLNAKYL,1,SDSGKNTE,2258
9059,50767,CASSDWGVQDTQYF,SQLLNAKYL,1,SDWGVQDT,2895
9060,50768,CASSDDWTGVTEVFF,SQLLNAKYL,1,DDWTGVTE,3346
9061,50769,CASSDWGGAYEQYF,SQLLNAKYL,1,SDWGGAYE,5494
9062,50770,CASSDWGNQDTQYF,SQLLNAKYL,1,SDWGNQDT,1570
9063,50771,CASRGANERLFF,SQLLNAKYL,1,SRGANERL,2580
9064,50772,CASSDWGGGQNTLYF,SQLLNAKYL,1,DWGGGQNT,989
9065,50778,CASSDWGNYAEQFF,SQLLNAKYL,1,SDWGNYAE,488
9066,50786,CASSDWGVQDTQYF,SQLLNAKYL,1,SDWGVQDT,2895
9067,50789,CASSDYNNSPLYF,SQLLNAKYL,1,SDYNNSPL,33
9068,50792,CASSDWGGDNYAEQFF,SQLLNAKYL,1,DWGGDNYA,3133
9069,50793,CASSDWGNQDTQYF,SQLLNAKYL,1,SDWGNQDT,1570
9070,50794,CASSDWGGAYEQYF,SQLLNAKYL,1,SDWGGAYE,5494
9071,50795,CASSDWGNYAEQFF,SQLLNAKYL,1,SDWGNYAE,488
9072,50796,CASSDWGVQDTQYF,SQLLNAKYL,1,SDWGVQDT,2895
9073,50797,CASSDWGHQDTQYF,SQLLNAKYL,1,SDWGHQDT,1857
9074,50798,CASSDWGSQNTLYF,SQLLNAKYL,1,SDWGSQNT,3806
9075,50799,CASSDWGSSYEQYF,SQLLNAKYL,1,SDWGSSYE,5683
9076,50806,CASSDWGEKDTQYF,SQLLNAKYL,1,SDWGEKDT,2448
9077,50810,CASSDAGTGDYEQYF,SQLLNAKYL,1,DAGTGDYE,5090
9078,50823,CASSDWGNQDTQYF,SQLLNAKYL,1,SDWGNQDT,1570
9079,50824,CASSDWGVQDTQYF,SQLLNAKYL,1,SDWGVQDT,2895
9080,50825,CASSDWGQDTQYF,SQLLNAKYL,1,SDWGQDTQ,4553
9081,50830,CASSDWGVRDTQYF,SQLLNAKYL,1,SDWGVRDT,1842
9082,50835,CASSDWGNTGQLYF,SQLLNAKYL,1,SDWGNTGQ,2602
9083,50837,CASSDWGSQNTLYF,SQLLNAKYL,1,SDWGSQNT,3806
9084,50848,CASSDWGNYAEQFF,SQLLNAKYL,1,SDWGNYAE,488
9085,50853,CASSDWGNQDTQYF,SQLLNAKYL,1,SDWGNQDT,1570
9086,50854,CASSDWGVRDTQYF,SQLLNAKYL,1,SDWGVRDT,1842
9087,50855,CASSDAGTGDYEQYF,SQLLNAKYL,1,DAGTGDYE,5090
9088,50856,CASSDWGAGAEQFF,SQLLNAKYL,1,SDWGAGAE,1942
9089,50862,CASSLVNGLGYTF,SMGVTYEM,2,SLVNGLGY,3105
9090,50863,CASSLVNGLGYTF,YMGVSYEM,2,SLVNGLGY,3105
9091,50864,CASSLVNGLGYTF,YMGVVYEM,2,SLVNGLGY,3105
9092,50865,CASSLVNGLGYTF,KMGVTYEM,2,SLVNGLGY,3105
9093,50866,CASSLVNGLGYTF,FMGVTYEM,2,SLVNGLGY,3105
9094,50867,CASSRDTVNTEAFF,LMDMHNGQL,2,SRDTVNTE,253
9095,50868,CASSRDTVNTEAFF,RLDAMNGQL,2,SRDTVNTE,253
9096,50869,CASSRDTVNTEAFF,RMDYNNMQM,2,SRDTVNTE,253
9097,50870,CASSRDTVNTEAFF,GMDYHNGHL,2,SRDTVNTE,253
9098,50871,CASSRDTVNTEAFF,KMDYFSGQL,2,SRDTVNTE,253
9099,50872,CASSRDTVNTEAFF,SMDWFQGQM,2,SRDTVNTE,253
9100,50873,CASSRDTVNTEAFF,LMDYWQGQL,2,SRDTVNTE,253
9101,50874,CASSRDTVNTEAFF,NMMWFQGQL,2,SRDTVNTE,253
9102,50875,CASSRDTVNTEAFF,VLDLFQGQL,2,SRDTVNTE,253
9103,50876,CASSRDTVNTEAFF,MMDFFNAQM,2,SRDTVNTE,253
9104,50877,CASSRDFVSNEQYF,TMDFYQGQL,2,SRDFVSNE,4385
9105,50878,CASSRDFVSNEQYF,KMDYFSGQL,2,SRDFVSNE,4385
9106,50879,CASSRDFVSNEQYF,SMDWFQGQM,2,SRDFVSNE,4385
9107,50880,CASSRDFVSNEQYF,LMDYWQGQL,2,SRDFVSNE,4385
9108,50881,CASSRDFVSNEQYF,NMMWFQGQL,2,SRDFVSNE,4385
9109,50882,CASSRDFVSNEQYF,MMDFFNAQM,2,SRDFVSNE,4385
9110,50883,CASSPSGLAGSNLGNEQFF,RMEQVDWTV,2,GLAGSNLG,3463
9111,50884,CASSPSGLAGSNLGNEQFF,KLEFMDWRL,2,GLAGSNLG,3463
9112,50885,CASSPSGLAGSNLGNEQFF,WLDNFELCL,2,GLAGSNLG,3463
9113,50886,CASSPSGLAGSNLGNEQFF,TLEYMDWLV,2,GLAGSNLG,3463
9114,50887,CASSPSGLAGSNLGNEQFF,EMMLFDWKV,2,GLAGSNLG,3463
9115,50888,CASSPSGLAGSNLGNEQFF,KLEQLDWTV,2,GLAGSNLG,3463
9116,50889,CASSPSGLAGSNLGNEQFF,TMETIDWKV,2,GLAGSNLG,3463
9117,50890,CASSPSGLAGSNLGNEQFF,TLEELDWCL,2,GLAGSNLG,3463
9118,50891,CASSPSGLAGSNLGNEQFF,LLEDLDWDV,2,GLAGSNLG,3463
9119,50892,CASSPSGLAGSNLGNEQFF,VLEEVDWLI,2,GLAGSNLG,3463
9120,50893,CASSPSGLAGSNLGNEQFF,NMEYMTWDV,2,GLAGSNLG,3463
9121,50894,CASSPSGLAGSNLGNEQFF,NVEYYDIKL,2,GLAGSNLG,3463
9122,50895,CASSIEGPTGELFF,VAANIVLTV,2,SIEGPTGE,449
9123,50896,CASGGSSYEQYF,VAANIVLTV,2,SGGSSYEQ,4547
9124,50897,CASSSVGVDTQYF,VAANIVLTV,2,SSVGVDTQ,1598
9125,50898,CASSIFPNPGNTIYF,VAANIVLTV,2,IFPNPGNT,1733
9126,50899,CASSPFLTGSNTEAFF,VAANIVLTV,2,PFLTGSNT,3586
9127,50900,CASTLTGFAEAFF,VAANIVLTV,2,TLTGFAEA,2802
9128,50901,CASSPSWLSGVTQYF,VAANIVLTV,2,PSWLSGVT,863
9129,50902,CASSDQETQYF,VAANIVLTV,2,SSDQETQY,785
9130,50903,CASSIVSSSYNEQFF,VAANIVLTV,2,IVSSSYNE,1635
9131,50904,CASRAGSFSTDTQYF,VAANIVLTV,2,AGSFSTDT,4634
9132,50905,CASSQEGTAYEQYF,VAANIVLTV,2,SQEGTAYE,5294
9133,50906,CASSPWTGIPYNSPLHF,VAANIVLTV,2,WTGIPYNS,2014
9134,50907,CASSEVGQGFNGYTF,VAANIVLTV,2,EVGQGFNG,2698
9135,50908,CASQSYRVGSEQYF,VAANIVLTV,2,QSYRVGSE,38
9136,50909,CASQSYRVGSEQYF,VAANIVLTV,2,QSYRVGSE,38
9137,50910,CSVGTGGTNEKLFF,GLCTLVAML,2,GTGGTNEK,3711
9138,50912,CSVGTGGTNEKLFF,GLCTLVAML,2,GTGGTNEK,3711
9139,50914,CASTFKESIVNTEAFF,GLCTLVAML,1,FKESIVNT,905
9140,50915,CSASGYSNQPQHF,GLCTLVAML,1,SGYSNQPQ,3730
9141,50916,CASSWAAPGEQFF,GLCTLVAML,1,SWAAPGEQ,1779
9142,50917,CASSPGTGGNSPLHF,GLCTLVAML,1,PGTGGNSP,4050
9143,50918,CASSSQGQGHVNTEAFF,GLCTLVAML,1,QGQGHVNT,3794
9144,50919,CASSLKQSGHYQETQYF,GLCTLVAML,1,KQSGHYQE,3985
9145,50920,CASSLASGNSYEQYF,GLCTLVAML,1,LASGNSYE,4549
9146,51043,CASTFKESIVNTEAFF,GLCTLVAML,1,FKESIVNT,905
9147,51045,CSASHRAGNEQYF,LLWNGPMAV,1,SHRAGNEQ,2026
9148,51046,CATGLAGGNEQFF,LLWNGPMAV,1,GLAGGNEQ,3427
9149,51047,CATSRGQAYEQYF,LLWNGPMAV,1,SRGQAYEQ,3435
9150,51054,CATGLAGGNEQFF,LLWNGPMAV,1,GLAGGNEQ,3427
9151,51055,CSASHRAGNEQYF,LLWNGPMAV,1,SHRAGNEQ,2026
9152,51056,CATSRGQAYEQYF,LLWNGPMAV,1,SRGQAYEQ,3435
9153,51072,CASSFAGTDTQYF,ELAGIGILTV,1,SFAGTDTQ,1876
9154,51073,CAWSQMGLGTEAFF,ELAGIGILTV,1,SQMGLGTE,4378
9155,51074,CASSYSFTEATYEQYF,ELAGIGILTV,1,YSFTEATY,3920
9156,51075,CASSYVGLGSPLHF,ELAGIGILTV,1,SYVGLGSP,3493
9157,51076,CASSWAGPVEQYF,ELAGIGILTV,1,SWAGPVEQ,1264
9158,51077,CASSFAGTDTQYF,ELAGIGILTV,1,SFAGTDTQ,1876
9159,51079,CAWSQMGLGTEAFF,ELAGIGILTV,1,SQMGLGTE,4378
9160,51082,CASSWAGPVEQYF,ELAGIGILTV,1,SWAGPVEQ,1264
9161,51087,CASSYSFTEATYEQYF,ELAGIGILTV,1,YSFTEATY,3920
9162,51100,CASSPETGIGGQPQHF,NLSALGIFST,1,PETGIGGQ,1643
9163,51101,CSARQGQGFLYEQYF,NLSALGIFST,1,QGQGFLYE,1699
9164,51102,CASSFEGNTGELFF,NLSALGIFST,1,SFEGNTGE,4367
9165,51103,CASSQVGQAIYGYTF,NLSALGIFST,1,QVGQAIYG,865
9166,51104,CASSTLRYEQYF,NLSALGIFST,1,SSTLRYEQ,3055
9167,51113,CSVEDRGVSYEQYF,NLSALGIFST,1,EDRGVSYE,2614
9168,51114,CASSPETGIGGQPQHF,NLSALGIFST,1,PETGIGGQ,1643
9169,51115,CASGLDIHAFF,NLSALGIFST,1,SGLDIHAF,179
9170,51116,CASSPLDNWEQFF,NLSALGIFST,1,SPLDNWEQ,3837
9171,51117,CASSLEVTYEQYF,NLSALGIFST,1,SLEVTYEQ,4199
9172,51118,CASSLAGEGGNTIYF,NLSALGIFST,1,LAGEGGNT,771
9173,51119,CSARQGQGFLYEQYF,NLSALGIFST,1,QGQGFLYE,1699
9174,51120,CASSEGQNYGYTF,NLSALGIFST,1,SEGQNYGY,220
9175,51123,CASSFEGNTGELFF,NLSALGIFST,1,SFEGNTGE,4367
9176,51124,CASSQVGQAIYGYTF,NLSALGIFST,1,QVGQAIYG,865
9177,51126,CASSTLRYEQYF,NLSALGIFST,1,SSTLRYEQ,3055
9178,51144,CASSPETGIGGQPQHF,NLSALGIFST,1,PETGIGGQ,1643
9179,51145,CATSDRGQGANWDEQFF,NLSALGIFST,1,RGQGANWD,3575
9180,51146,CASSQVGQAIYGYTF,NLSALGIFST,1,QVGQAIYG,865
9181,51147,CSARQGQGFLYEQYF,NLSALGIFST,1,QGQGFLYE,1699
9182,51148,CASSFEGNTGELFF,NLSALGIFST,1,SFEGNTGE,4367
9183,51149,CASSVATLRVSTNEKLFF,NLSALGIFST,1,ATLRVSTN,815
9184,51150,CASSTLRYEQYF,NLSALGIFST,1,SSTLRYEQ,3055
9185,51160,CASSPLDNWEQFF,NLSALGIFST,1,SPLDNWEQ,3837
9186,51161,CASSPLDNWEQFF,NLSALGIFST,1,SPLDNWEQ,3837
9187,51162,CASSIQRNYGYTF,NLSALGIFST,1,SIQRNYGY,4185
9188,51163,CASSATFNDNEKLFF,NLSALGIFST,1,ATFNDNEK,415
9189,51164,CATSDFGTEAFF,NLSALGIFST,1,TSDFGTEA,4154
9190,51165,CSVEDRGVSYEQYF,NLSALGIFST,1,EDRGVSYE,2614
9191,51166,CASSQGQLAGGLVF,NLSALGIFST,1,SQGQLAGG,3569
9192,51167,CASSGSKGAAGELFF,NLSALGIFST,1,GSKGAAGE,4242
9193,51168,CASSLEVTYEQYF,NLSALGIFST,1,SLEVTYEQ,4199
9194,51169,CASSLAGEGGNTIYF,NLSALGIFST,1,LAGEGGNT,771
9195,51170,CASSEGQNYGYTF,NLSALGIFST,1,SEGQNYGY,220
9196,51175,CASGLDIHAFF,NLSALGIFST,1,SGLDIHAF,179
9197,51193,CASSPETGIGGQPQHF,NLSALGIFST,1,PETGIGGQ,1643
9198,51254,CASSGRSADTQYF,GILGFVFTL,1,SGRSADTQ,1421
9199,51255,CASSIRSAYEQYF,GILGFVFTL,1,SIRSAYEQ,2115
9200,51256,CASSLRSTGELFF,GILGFVFTL,1,SLRSTGEL,3538
9201,51257,CASSIRSSYEQYF,GILGFVFTL,1,SIRSSYEQ,2985
9202,51258,CASSPVGIGEAFF,GILGFVFTL,1,SPVGIGEA,2201
9203,51259,CASSIRSSYEQYF,GILGFVFTL,1,SIRSSYEQ,2985
9204,51260,CASSIRSTGELFF,GILGFVFTL,1,SIRSTGEL,862
9205,51261,CASSFGMHGYTF,GILGFVFTL,1,SSFGMHGY,2896
9206,51262,CASSIRASYEQYF,GILGFVFTL,1,SIRASYEQ,5255
9207,51263,CASSMISINEQFF,GILGFVFTL,1,SMISINEQ,3510
9208,51264,CASSTRSSYEQYF,GILGFVFTL,1,STRSSYEQ,5131
9209,51265,CASSGRSADTQYF,GILGFVFTL,1,SGRSADTQ,1421
9210,51268,CASSIRSAYEQYF,GILGFVFTL,1,SIRSAYEQ,2115
9211,51273,CASSIRSTGELFF,GILGFVFTL,1,SIRSTGEL,862
9212,51274,CASSIRASYEQYF,GILGFVFTL,1,SIRASYEQ,5255
9213,51277,CASSGRSQETQYF,GILGFVFTL,1,SGRSQETQ,3001
9214,51278,CASSIRSAYEQYF,GILGFVFTL,1,SIRSAYEQ,2115
9215,51280,CASSTRSSYEQYF,GILGFVFTL,1,STRSSYEQ,5131
9216,51284,CASSIRSAYEQYF,GILGFVFTL,1,SIRSAYEQ,2115
9217,51285,CASSIRSAYEQYF,GILGFVFTL,1,SIRSAYEQ,2115
9218,51286,CASSIRSTGELFF,GILGFVFTL,1,SIRSTGEL,862
9219,51289,CASSIYSGQPQHF,GILGFVFTL,1,SIYSGQPQ,2173
9220,51290,CASSLTGTVYEQYF,GILGFVFTL,1,SLTGTVYE,1555
9221,51294,CASSVRSSYEQYF,GILGFVFTL,1,SVRSSYEQ,4744
9222,51296,CASSGLSNQPQHF,GILGFVFTL,1,SGLSNQPQ,2152
9223,51302,CASSIRSSYEQYF,GILGFVFTL,1,SIRSSYEQ,2985
9224,51307,CASSGRSQETQYF,GILGFVFTL,1,SGRSQETQ,3001
9225,51314,CASSGRSADTQYF,GILGFVFTL,1,SGRSADTQ,1421
9226,51316,CASSIRSTGELFF,GILGFVFTL,1,SIRSTGEL,862
9227,51319,CASSIRSAYEQYF,GILGFVFTL,1,SIRSAYEQ,2115
9228,51320,CASSTRSSYEQYF,GILGFVFTL,1,STRSSYEQ,5131
9229,51322,CASSIRSAYEQYF,GILGFVFTL,1,SIRSAYEQ,2115
9230,51324,CASSGLSNQPQHF,GILGFVFTL,1,SGLSNQPQ,2152
9231,51325,CASSIRSTGELFF,GILGFVFTL,1,SIRSTGEL,862
9232,51329,CASSIVSNQPQHF,GILGFVFTL,1,SIVSNQPQ,3312
9233,51333,CASSIRSAYEQYF,GILGFVFTL,1,SIRSAYEQ,2115
9234,51334,CASSSRSGIEQYF,GILGFVFTL,1,SSRSGIEQ,5462
9235,51342,CASSMRSTDTQYF,GILGFVFTL,1,SMRSTDTQ,2589
9236,51345,CASSIRSSYEQYF,GILGFVFTL,1,SIRSSYEQ,2985
9237,51346,CASSMRSTDTQYF,GILGFVFTL,1,SMRSTDTQ,2589
9238,51347,CASSIRSSYEQYF,GILGFVFTL,1,SIRSSYEQ,2985
9239,51348,CASGVRSGEVEQFF,GILGFVFTL,1,GVRSGEVE,1836
9240,51349,CASSIRSAYEQYF,GILGFVFTL,1,SIRSAYEQ,2115
9241,51350,CASSGRSQETQYF,GILGFVFTL,1,SGRSQETQ,3001
9242,51351,CASSTRSTSPGHF,GILGFVFTL,1,STRSTSPG,3934
9243,51352,CASSRYHTDTQYF,GILGFVFTL,1,SRYHTDTQ,213
9244,51353,CASSGRSADTQYF,GILGFVFTL,1,SGRSADTQ,1421
9245,51354,CASSTRSSETQYF,GILGFVFTL,1,STRSSETQ,3456
9246,51355,CASSIRSTDTQYF,GILGFVFTL,1,SIRSTDTQ,3665
9247,51356,CASSTRSTDTQYF,GILGFVFTL,1,STRSTDTQ,1387
9248,51357,CASSGRSTDTQYF,GILGFVFTL,1,SGRSTDTQ,2923
9249,51358,CASSSRSSYEQYF,GILGFVFTL,1,SSRSSYEQ,3069
9250,51360,CASSGLSNQPQHF,GILGFVFTL,1,SGLSNQPQ,2152
9251,51363,CASSSRSGIEQYF,GILGFVFTL,1,SSRSGIEQ,5462
9252,51365,CASSIRSSYEQYF,GILGFVFTL,1,SIRSSYEQ,2985
9253,51367,CASSIRSAYEQYF,GILGFVFTL,1,SIRSAYEQ,2115
9254,51376,CASSRANYEQYF,SIINFEKL,3,SSRANYEQ,3660
9255,51377,CASSRANYEQYF,SIINFEKL,3,SSRANYEQ,3660
9256,51378,CASSRANYEQYF,SIINFEKL,3,SSRANYEQ,3660
9257,51379,CASSRANYEQYF,SIINFEKL,2,SSRANYEQ,3660
9258,51380,CASSRANYEQYF,SIINFEKL,2,SSRANYEQ,3660
9259,51381,CASSRANYEQYF,SIINFEKL,2,SSRANYEQ,3660
9260,51382,CASSARSTGELFF,GILGFVFTL,1,SARSTGEL,1966
9261,51383,CASSSRSSGEQYF,GILGFVFTL,1,SSRSSGEQ,5216
9262,51385,CASSFRSTDTQYF,GILGFVFTL,1,SFRSTDTQ,1959
9263,51390,CASSIRSSYEQYF,GILGFVFTL,1,SIRSSYEQ,2985
9264,51391,CASSAQANQPQHF,GILGFVFTL,1,SAQANQPQ,105
9265,51399,CAVLVDPYNEQFF,GILGFVFTL,1,LVDPYNEQ,4572
9266,51409,CASSVDPAGGSSYEQYF,GILGFVFTL,1,DPAGGSSY,2862
9267,51410,CASSYLAGEITDTQYF,GILGFVFTL,1,YLAGEITD,4609
9268,51411,CASSSPKGAKYEQYF,GILGFVFTL,1,SPKGAKYE,1963
9269,51425,CASSIYSNQPQHF,GILGFVFTL,1,SIYSNQPQ,3876
9270,51428,CASSMVGGSYNEQFF,GILGFVFTL,1,MVGGSYNE,2874
9271,51430,CASSQGAYGYTF,GILGFVFTL,1,SSQGAYGY,5012
9272,51434,CASSIRSGYEQYF,GILGFVFTL,1,SIRSGYEQ,2041
9273,51435,CASSIRSSYEQYF,GILGFVFTL,1,SIRSSYEQ,2985
9274,51436,CASSIRSSYEQYF,GILGFVFTL,1,SIRSSYEQ,2985
9275,51440,CASSIRASYEQYF,GILGFVFTL,1,SIRASYEQ,5255
9276,51441,CASSIRSSYEQYF,GILGFVFTL,1,SIRSSYEQ,2985
9277,51445,CASSIRSSYEQYF,GILGFVFTL,1,SIRSSYEQ,2985
9278,51446,CASSIRASGVEQFF,GILGFVFTL,1,SIRASGVE,5206
9279,51448,CASSIRSSYEQYF,GILGFVFTL,1,SIRSSYEQ,2985
9280,51449,CASSIRSAYEQYF,GILGFVFTL,1,SIRSAYEQ,2115
9281,51452,CASSIRSSYEQYF,GILGFVFTL,1,SIRSSYEQ,2985
9282,51455,CASSGRSSQPQHF,GILGFVFTL,1,SGRSSQPQ,1004
9283,51457,CASSIRSAYEQYF,GILGFVFTL,1,SIRSAYEQ,2115
9284,51458,CASSGRSSQPQHF,GILGFVFTL,1,SGRSSQPQ,1004
9285,51459,CASSVRSSYEQYF,GILGFVFTL,1,SVRSSYEQ,4744
9286,51460,CASSIRSAYEQYF,GILGFVFTL,1,SIRSAYEQ,2115
9287,51461,CASSIRSAYEQYF,GILGFVFTL,1,SIRSAYEQ,2115
9288,51463,CASSTRSTDTQYF,GILGFVFTL,1,STRSTDTQ,1387
9289,51472,CASSMRSADTQYF,GILGFVFTL,1,SMRSADTQ,445
9290,51476,CASSSRSHQPQHF,GILGFVFTL,1,SSRSHQPQ,4530
9291,51484,CASSIRSSYEQYF,GILGFVFTL,1,SIRSSYEQ,2985
9292,51486,CASSIRSSYEQYF,GILGFVFTL,1,SIRSSYEQ,2985
9293,51489,CASSIGVYGYTF,GILGFVFTL,1,SSIGVYGY,741
9294,51494,CASSIGVYGYTF,GILGFVFTL,1,SSIGVYGY,741
9295,51506,CASSIRSSYEQYF,GILGFVFTL,1,SIRSSYEQ,2985
9296,51507,CASSIGSYGYTF,GILGFVFTL,1,SSIGSYGY,94
9297,51509,CASSIRSGYEQFF,GILGFVFTL,1,SIRSGYEQ,2041
9298,51510,CASSIGVYGYTF,GILGFVFTL,1,SSIGVYGY,741
9299,51511,CASSPTLQGPLGETQYF,GILGFVFTL,1,TLQGPLGE,4858
9300,51512,CASSIRSAYEQYF,GILGFVFTL,1,SIRSAYEQ,2115
9301,51513,CASSPSLAGYGNEQFF,GILGFVFTL,1,PSLAGYGN,1530
9302,51514,CASSLFGSPLHF,GILGFVFTL,1,SSLFGSPL,1187
9303,51515,CASSTGLYGYTF,GILGFVFTL,1,SSTGLYGY,2344
9304,51516,CASSVRSSYEQYF,GILGFVFTL,1,SVRSSYEQ,4744
9305,51517,CASSIRSSYEQYF,GILGFVFTL,1,SIRSSYEQ,2985
9306,51518,CASSIRAGETQYF,GILGFVFTL,1,SIRAGETQ,5303
9307,51519,CASSIRSAYEQYF,GILGFVFTL,1,SIRSAYEQ,2115
9308,51520,CASYTSDYGYTF,GILGFVFTL,1,SYTSDYGY,1529
9309,51521,CSASRPLGGLSYEQYF,NEGVKAAW,1,RPLGGLSY,3515
9310,51522,CASSLMGGAHYGYTF,NEGVKAAW,1,LMGGAHYG,3768
9311,51523,CASSFTLGGTDTQYF,NEGVKAAW,1,FTLGGTDT,1502
9312,51524,CASSIVSGPYNEQFF,NEGVKAAW,1,IVSGPYNE,5225
9313,51530,CASSIFGEQFF,NEGVKAAW,1,SSIFGEQF,1679
9314,51532,CASIPTAMNTEAFF,NEGVKAAW,1,IPTAMNTE,690
9315,51533,CASSLVQGTYEQYF,NEGVKAAW,1,SLVQGTYE,2616
9316,51534,CASSFFGNSYEQYF,NEGVKAAW,1,SFFGNSYE,3338
9317,51535,CSVEPSGGSNEQFF,NEGVKAAW,1,EPSGGSNE,3860
9318,51536,CASSLEGGGYEQYF,NEGVKAAW,1,SLEGGGYE,1986
9319,51539,CASSIFGELFF,NEGVKAAW,1,SSIFGELF,331
9320,51540,CASSIFGEQFF,NEGVKAAW,1,SSIFGEQF,1679
9321,51541,CASSFAGELFF,NEGVKAAW,1,SSFAGELF,3891
9322,51542,CASRQRVLASDEQFF,NEGVKAAW,1,QRVLASDE,3089
9323,51543,CASSYVRTAEQFF,NEGVKAAW,1,SYVRTAEQ,3098
9324,51544,CASSVFGEQYF,NEGVKAAW,1,SSVFGEQY,5601
9325,51545,CASSLVIAGLQETQYF,NEGVKAAW,1,LVIAGLQE,1793
9326,51546,CASSTIAGGYNEQFF,NEGVKAAW,1,TIAGGYNE,324
9327,51548,CASSLSAHAGDTQYF,NEGVKAAW,1,LSAHAGDT,405
9328,51549,CASSIFGEQFF,NEGVKAAW,1,SSIFGEQF,1679
9329,51550,CASRQQGGSTEAFF,NEGVKAAW,1,RQQGGSTE,4536
9330,51551,CASSIFGELFF,NEGVKAAW,1,SSIFGELF,331
9331,51552,CASSFAGELFF,NEGVKAAW,1,SSFAGELF,3891
9332,51553,CSATLNWGFF,NEGVKAAW,1,SATLNWGF,2868
9333,51554,CSATLNWGFF,NEGVKAAW,1,SATLNWGF,2868
9334,51555,CASSKVRRGRADEQFF,NEGVKAAW,1,KVRRGRAD,3621
9335,51556,CASSVFGELFF,NEGVKAAW,1,SSVFGELF,1234
9336,51557,CASSIFGELFF,NEGVKAAW,1,SSIFGELF,331
9337,51558,CASSIFGELFF,NEGVKAAW,1,SSIFGELF,331
9338,51559,CASSSDRSWTDEAFF,NEGVKAAW,1,SDRSWTDE,5372
9339,51560,CSATLNWGFF,NEGVKAAW,1,SATLNWGF,2868
9340,51561,CASSIFGEQFF,NEGVKAAW,1,SSIFGEQF,1679
9341,51563,CASSIFGEQFF,NEGVKAAW,1,SSIFGEQF,1679
9342,51564,CASSVFGELFF,NEGVKAAW,1,SSVFGELF,1234
9343,51565,CASSIGQGPYEQYF,NEGVKAAW,1,SIGQGPYE,3777
9344,51566,CASSIGQGPYEQYF,NEGVKAAW,1,SIGQGPYE,3777
9345,51567,CASSIFGELFF,NEGVKAAW,1,SSIFGELF,331
9346,51568,CASSIGQGPYEQYF,NEGVKAAW,1,SIGQGPYE,3777
9347,51570,CASSPRSGNEQYF,NEGVKAAW,1,SPRSGNEQ,604
9348,51571,CASSSDRSWTDEAFF,NEGVKAAW,1,SDRSWTDE,5372
9349,51572,CASSLGPQNTGELFF,NEGVKAAW,1,LGPQNTGE,1378
9350,51573,CASSIVAGALNEQFF,NEGVKAAW,1,IVAGALNE,5166
9351,51574,CASSFTSGSYGSSYNEQFF,NEGVKAAW,1,SGSYGSSY,3727
9352,51575,CSASGGALSSYNEQFF,NEGVKAAW,1,GGALSSYN,2023
9353,51576,CASSLASRGGAYNEQFF,NEGVKAAW,1,ASRGGAYN,2087
9354,51579,CASSITGTGEAFF,NEGVKAAW,1,SITGTGEA,1344
9355,51580,CASSSDRSWTDEAFF,NEGVKAAW,1,SDRSWTDE,5372
9356,51582,CASSYRRPSSYNEQFF,NEGVKAAW,1,YRRPSSYN,2222
9357,51583,CANTSIGSGANVLTF,NEGVKAAW,1,SIGSGANV,4334
9358,51584,CASSSDRSWTDEAFF,NEGVKAAW,1,SDRSWTDE,5372
9359,51585,CASSNWDSQETQYF,NEGVKAAW,1,SNWDSQET,5043
9360,51586,CASSVFGELFF,NEGVKAAW,1,SSVFGELF,1234
9361,51587,CASSIFGELFF,NEGVKAAW,1,SSIFGELF,331
9362,51588,CASSIAGRGGYSPLHF,NEGVKAAW,1,IAGRGGYS,924
9363,51589,CASSIFGEQFF,NEGVKAAW,1,SSIFGEQF,1679
9364,51590,CASSPGDEQFF,CRVLCCYVL,2,SSPGDEQF,4035
9365,51591,CASTPGDEQFF,CRVLCCYVL,2,STPGDEQF,5304
9366,51592,CASSAGDEQYF,CRVLCCYVL,2,SSAGDEQY,1692
9367,51593,CASSPGDEQYF,CRVLCCYVL,2,SSPGDEQY,363
9368,51594,CASSPGDTQYF,CRVLCCYVL,2,SSPGDTQY,1957
9369,51595,CASTHGDEQFF,CRVLCCYVL,2,STHGDEQF,2969
9370,51596,CASTPGDEQYF,CRVLCCYVL,2,STPGDEQY,4780
9371,51597,CASTQGDEQFF,CRVLCCYVL,2,STQGDEQF,4545
9372,51598,CASTSGDEQFF,CRVLCCYVL,2,STSGDEQF,4927
9373,51599,CASTTGDEQFF,CRVLCCYVL,2,STTGDEQF,2707
9374,51600,CATSPGDEQYF,CRVLCCYVL,2,TSPGDEQY,237
9375,51601,CASTLGDEQYF,CRVLCCYVL,2,STLGDEQY,944
9376,51602,CAVTAGDEQFF,CRVLCCYVL,2,VTAGDEQF,3072
9377,51603,CASSPISNEQFF,CRVLCCYVL,2,SSPISNEQ,114
9378,51604,CASSPVSNEQFF,CRVLCCYVL,2,SSPVSNEQ,509
9379,51605,CASSPISNEQYF,CRVLCCYVL,2,SSPISNEQ,114
9380,51606,CASSPGTPRDEQFF,CRVLCCYVL,2,SPGTPRDE,3873
9381,51607,CASSQGTPRDEQYF,CRVLCCYVL,2,SQGTPRDE,508
9382,51608,CASSSGQKNTEAFF,CRVLCCYVL,2,SSGQKNTE,5581
9383,51609,CASSTGQKNTEAFF,CRVLCCYVL,2,STGQKNTE,5440
9384,51610,CASTPGQKNTEAFF,CRVLCCYVL,2,TPGQKNTE,4316
9385,51611,CASTTGQKNTEAFF,CRVLCCYVL,2,TTGQKNTE,4704
9386,51612,CATTSGQKNTEAFF,CRVLCCYVL,2,TSGQKNTE,111
9387,51613,CASQPGQKNTEAFF,CRVLCCYVL,2,QPGQKNTE,1935
9388,51614,CASSSGLTNTEAFF,CRVLCCYVL,2,SSGLTNTE,3506
9389,51615,CSAPDWNNEQFF,CRVLCCYVL,2,APDWNNEQ,3051
9390,51616,CSAPDWGNEQFF,CRVLCCYVL,2,APDWGNEQ,1309
9391,51617,CSAPNWFNEQFF,CRVLCCYVL,2,APNWFNEQ,577
9392,51618,CSAPTWDNEQFF,CRVLCCYVL,2,APTWDNEQ,3734
9393,51619,CASSFPDTQYF,CRVLCCYVL,2,SSFPDTQY,2672
9394,51620,CASTPWGAEAFF,CRVLCCYVL,2,STPWGAEA,1764
9395,51621,CATSRTGGETQYF,FRCPRRFCF,2,SRTGGETQ,1142
9396,51622,CATSREGGETQYF,FRCPRRFCF,2,SREGGETQ,4468
9397,51623,CATSAEGGETQYF,FRCPRRFCF,2,SAEGGETQ,1411
9398,51624,CATSGTAGETQYF,FRCPRRFCF,2,SGTAGETQ,2777
9399,51625,CATSRDAGETQYF,FRCPRRFCF,2,SRDAGETQ,2721
9400,51626,CATSRDGGETQYF,FRCPRRFCF,2,SRDGGETQ,962
9401,51627,CATSRVAGETQYF,FRCPRRFCF,2,SRVAGETQ,5302
9402,51628,CATSVTGGETQYF,FRCPRRFCF,2,SVTGGETQ,5655
9403,51629,CASSGGLEAFF,FRCPRRFCF,2,SSGGLEAF,3812
9404,51630,CASSLGLEAFF,FRCPRRFCF,2,SSLGLEAF,3544
9405,51631,CASSPQRNTEAFF,RPHERNGFTVL,2,SPQRNTEA,5016
9406,51632,CASSPARNTEAFF,RPHERNGFTVL,2,SPARNTEA,4131
9407,51633,CASSPSRNTEAFF,RPHERNGFTVL,2,SPSRNTEA,1321
9408,51634,CASSPHRNTEAFF,RPHERNGFTVL,2,SPHRNTEA,5645
9409,51635,CASSPNRNTEAFF,RPHERNGFTVL,2,SPNRNTEA,3309
9410,51636,CASSPGRNTEAFF,RPHERNGFTVL,2,SPGRNTEA,2882
9411,51637,CASSPTRNTEAFF,RPHERNGFTVL,2,SPTRNTEA,4746
9412,51638,CASSFRTVSSYEQYF,TPRVTGGGAM,2,FRTVSSYE,4976
9413,51639,CASSFRTVNSYEQYF,TPRVTGGGAM,2,FRTVNSYE,2968
9414,51640,CASSLRTVSSYEQYF,TPRVTGGGAM,2,LRTVSSYE,2863
9415,51641,CASSLIGVSSYNEQFF,TPRVTGGGAM,2,LIGVSSYN,4389
9416,51642,CASSLKGVSSYNEQFF,TPRVTGGGAM,2,LKGVSSYN,5628
9417,51643,CASSLRGESSYNEQFF,TPRVTGGGAM,2,LRGESSYN,1945
9418,51644,CASSFRQGVNTGELFF,TPRVTGGGAM,2,FRQGVNTG,1594
9419,51645,CASSFRQGSNTGELFF,TPRVTGGGAM,2,FRQGSNTG,283
9420,51646,CASSFRSGINTGELFF,TPRVTGGGAM,2,FRSGINTG,238
9421,51647,CASSFRQGTPTGELFF,TPRVTGGGAM,2,FRQGTPTG,3151
9422,51648,CASSYSSGELFF,TPRVTGGGAM,2,SSYSSGEL,2605
9423,51649,CASSYSGNTEAFF,TPRVTGGGAM,2,SYSGNTEA,624
9424,51650,CASSSRGTVNTEAFF,TPRVTGGGAM,2,SRGTVNTE,3139
9425,51651,CASSLHTQGARTEAFF,TPRVTGGGAM,2,LHTQGART,4027
9426,51652,CASSLHSRGARTEAFF,TPRVTGGGAM,2,LHSRGART,2233
9427,51653,CASSIRATDTQYF,QLQPFPQPELPY,2,SIRATDTQ,1425
9428,51654,CSASRTSGRAGDEQFF,QLQPFPQPELPY,2,RTSGRAGD,3729
9429,51655,CASSQGQDTEAFF,QLQPFPQPELPY,2,SQGQDTEA,1533
9430,51656,CASSLTVTDTQYF,QLQPFPQPELPY,2,SLTVTDTQ,881
9431,51657,CSASRQVADTQYF,QLQPFPQPELPY,2,SRQVADTQ,108
9432,51658,CASSLLAGGDTQYF,QLQPFPQPELPY,2,SLLAGGDT,5272
9433,51659,CASSPAGWDTEAFF,QLQPFPQPELPY,2,SPAGWDTE,1822
9434,51660,CASSRTSENTGELFF,QLQPFPQPELPY,2,RTSENTGE,1746
9435,51661,CASSLAQGGDTQYF,QLQPFPQPELPY,2,SLAQGGDT,2302
9436,51662,CASSLRYTDTQYF,QLQPFPQPELPY,2,SLRYTDTQ,4774
9437,51663,CASSQRQGGNTIYF,PQPELPYPQPQL,2,SQRQGGNT,3694
9438,51664,CASSFDGETQYF,QLQPFPQPELPY,2,SSFDGETQ,1233
9439,51665,CASSSLTSGILGEQFF,FPQPEQPFPWQP,2,SLTSGILG,1131
9440,51666,CSVGAGGSGELFF,QLQPFPQPELPY,2,GAGGSGEL,2485
9441,51667,CASSIRSTDTQYF,PQPELPYPQPQL,2,SIRSTDTQ,3665
9442,51668,CASSFRSTDTQYF,PQPELPYPQPQL,2,SFRSTDTQ,1959
9443,51669,CASSLRATDTQYF,PQPELPYPQPQL,2,SLRATDTQ,5688
9444,51670,CATSRAGGGGEKLFF,FPQPEQPFPWQP,2,RAGGGGEK,1958
9445,51671,CASSQGSGGNEQFF,FPQPEQPFPWQP,2,SQGSGGNE,2409
9446,51673,CASSIVGSGGYNEQFF,QLQPFPQPELPY,2,IVGSGGYN,1825
9447,51712,CASSLGAGGQETQYF,PQQPFPQPEQPFP,2,LGAGGQET,1588
9448,51841,CASSSVTEAFF,NLVPMVATV,2,SSSVTEAF,438
9449,51880,CASSFRTVSSYEQYF,TPRVTGGGAM,2,FRTVSSYE,4976
9450,51883,CASSPARNTEAFF,RPHERNGFTVL,2,SPARNTEA,4131
9451,51884,CASSPNRNTEAFF,RPHERNGFTVL,2,SPNRNTEA,3309
9452,51906,CASSPTRNTEAFF,RPHERNGFTVL,2,SPTRNTEA,4746
9453,51990,CSARDRTGNGYTF,GLCTLVAML,1,RDRTGNGY,666
9454,51991,CSARVGVGNTIYF,GLCTLVAML,1,RVGVGNTI,2050
9455,51998,CSVGTGGTNEKLFF,GLCTLVAML,1,GTGGTNEK,3711
9456,52013,CSARDGTGNGYTF,GLCTLVAML,2,RDGTGNGY,3396
9457,52036,CSARDQTGNGYTF,GLCTLVAML,1,RDQTGNGY,1870
9458,52161,CASSGRSTDTQYF,GILGFVFTL,1,SGRSTDTQ,2923
9459,52176,CASSIGVYGYTF,GILGFVFTL,1,SSIGVYGY,741
9460,52211,CASSIRSTGELFF,GILGFVFTL,1,SIRSTGEL,862
9461,52217,CASSISSTGELFF,GILGFVFTL,1,SISSTGEL,3082
9462,52259,CASSLRSTDTQYF,GILGFVFTL,1,SLRSTDTQ,3553
9463,52271,CASSQRSTDTQYF,GILGFVFTL,1,SQRSTDTQ,4601
9464,53681,CASSLGGSTEAFF,LLYDANYFL,1,SLGGSTEA,2305
9465,53690,CASSLGGTEAFF,LLYDANYFL,1,SSLGGTEA,1186
9466,54012,CASSDSYGYTF,YLQPRTFLL,1,SSDSYGYT,3360
9467,54013,CASSPDIEQYF,YLQPRTFLL,1,SSPDIEQY,631
9468,54304,CASSPIKDTRQEYTGELFF,FTSDYYQLY,2,KDTRQEYT,3263
9469,54305,CASSLGTASTDTQYF,PTDNYITTY,2,LGTASTDT,3701
9470,54306,CASSFSSNSYEQYF,PTDNYITTY,2,SFSSNSYE,837
9471,54307,CASSAQEGRIEMNTEAFF,ALWEIQQVV,2,QEGRIEMN,1109
9472,54308,CASSSSALEDPEQYF,FLLNKEMYL,2,SSALEDPE,1091
9473,54309,CASSLEGDVFFF,GLMWLSYFV,2,SSLEGDVF,2504
9474,54310,CASSDGQGGYGYTF,KLWAQCVQL,2,SDGQGGYG,1325
9475,54311,CASSVVDRNNEQFF,LLYDANYFL,2,SVVDRNNE,4384
9476,54312,CATQNLNTGELFF,YLQPRTFLL,2,QNLNTGEL,1404
9477,54313,CASSIVPGSPSRGYTF,NYMPYFFTL,2,IVPGSPSR,2422
9478,54314,CASSPAGGAVLQAFF,QYIKWPWYI,2,PAGGAVLQ,5001
9479,54315,CASSPAQGDEQYF,VYAWNRKRI,2,SPAQGDEQ,3551
9480,54316,CASSQDRSGGATDTQYF,VYFLQSINF,2,DRSGGATD,4061
9481,54317,CASSVAGGLYEQFF,VYIGDPAQL,2,SVAGGLYE,64
9482,54318,CASSADAGTSSEQFF,YYTSNPTTF,2,ADAGTSSE,4307
9483,54319,CASAGTANSPLHF,KPRQKRTAT,2,AGTANSPL,951
9484,54320,CASSTGSNTGELFF,RIRGGDGKM,2,STGSNTGE,3351
9485,54321,CASSSMTSGIRYEQYF,SPRWYFYYL,2,SMTSGIRY,3006
9486,54322,CASSDLAQYLNTGELFF,SPRWYFYYL,2,LAQYLNTG,1239
9487,54323,CASSLAGAQQAFF,SPRWYFYYL,2,SLAGAQQA,2225
9488,54324,CASSLIAGGPEAKNIQYF,SPRWYFYYL,2,IAGGPEAK,2456
9489,54325,CATSDLVEDTQYF,SPRWYFYYL,2,SDLVEDTQ,1925
9490,54326,CASSPLTGQGLGGAYEQYF,SPRWYFYYL,2,TGQGLGGA,5699
9491,54327,CASSYLPTGGTDTQYF,SPRWYFYYL,2,YLPTGGTD,2114
9492,54328,CASSLNPNTEAFF,SPRWYFYYL,2,SLNPNTEA,889
9493,54329,CASSLSGSYEQYF,SPRWYFYYL,2,SLSGSYEQ,2374
9494,54330,CASSLRGGQSYEQYF,MLYQHLLPL,2,LRGGQSYE,4643
9495,54331,CASSQWDNQPQHF,WMRLLPLL,2,SQWDNQPQ,608
9496,54332,CAISEGAPNTEAFF,FGDHPGHSY,2,SEGAPNTE,2847
9497,54333,CSVGTGGTNEKLFF,GLCTLVAML,2,GTGGTNEK,3711
9498,54334,CASSGGAVAPSEQFF,GLCTLVAML,2,GGAVAPSE,3301
9499,54428,CASSGGSYGYTF,KAFSPEVIPMF,1,SSGGSYGY,5570
9500,54536,CASSTGLAGGKEQYF,KRWIILGLNK,1,TGLAGGKE,1898
9501,54539,CASSQGTSDYEQYF,KRWIILGLNK,1,SQGTSDYE,500
9502,54540,CASGFGGTEAFF,KRWIILGLNK,1,SGFGGTEA,3762
9503,54542,CSAREGQGSIEQYF,KRWIILGLNK,1,REGQGSIE,1318
9504,54545,CASSSRTGELFF,KRWIILGLNK,1,SSSRTGEL,5667
9505,54547,CASSVVSDNEQFF,KRWIILGLNK,1,SVVSDNEQ,1983
9506,54549,CASSTGLAGGKEQYF,KRWIILGLNK,1,TGLAGGKE,1898
9507,54556,CASATGIFNNEQFF,KRWIILGLNK,1,ATGIFNNE,1311
9508,54598,CASSRSTGELFF,KRWIILGLNK,1,SSRSTGEL,1101
9509,54599,CASSAQTGFLFF,KRWIILGLNK,1,SSAQTGFL,3024
9510,54603,CASSPGQLGNTIYF,KRWIILGLNK,1,SPGQLGNT,5649
9511,54610,CASSPGRLSHEQFF,KRWIILGLNK,1,SPGRLSHE,1605
9512,54632,CASSAGISAYEQYF,KRWIILGLNK,1,SAGISAYE,5207
9513,54633,CASSPGQVAYEQYF,KRWIILGLNK,1,SPGQVAYE,4407
9514,54635,CSAREGVAGALYEQYF,KRWIILGLNK,1,EGVAGALY,2795
9515,54639,CASSQGVLAYEQYF,KRWIILGLNK,1,SQGVLAYE,1955
9516,54642,CASSLDRGEQFF,KRWIILGLNK,1,SSLDRGEQ,759
9517,54754,CASGTEAFF,HPVGEADYFEY,3,ASGTEAFF,4969
9518,54755,CASGLGGSNEQFF,HPVGEADYFEY,3,GLGGSNEQ,4209
9519,54756,CASTGAGEGPFF,HPVGEADYFEY,3,STGAGEGP,4045
9520,54757,CASSARTGELFF,HPVGEADYFEY,3,SSARTGEL,2807
9521,54758,CAISDPRDSYEQYF,YPLHEQHGM,3,SDPRDSYE,2073
9522,54759,CAISTGDSNQPQHF,EPLPQGQLTAY,3,STGDSNQP,4066
9523,54760,CAISEWDSPTLNSPLHF,EPLPQGQLTAY,3,WDSPTLNS,3179
9524,54761,CATGTGDSNQPQHF,EPLPQGQLTAY,3,GTGDSNQP,5062
9525,54762,CASSRDFYAYNEQFF,EPLPQGQLTAY,3,RDFYAYNE,1137
9526,54763,CASKRTATYEQYF,EPLPQGQLTAY,3,KRTATYEQ,4020
9527,54764,CSVGTGGTNEKLFF,GLCTLVAML,3,GTGGTNEK,3711
9528,54765,CSVGTGGTNEKLFF,GLCTLVAML,2,GTGGTNEK,3711
9529,54766,CASSEDGMNTEAFF,CLGGLLTMV,3,SEDGMNTE,1111
9530,54767,CASSYQGGNYGYTF,FLYALALLL,3,SYQGGNYG,4402
9531,54768,CASSKQGGNIQYF,FLYALALLL,3,SKQGGNIQ,1202
9532,54769,CAWSVPLGRREKLFF,YVLDHLIVV,3,VPLGRREK,1450
9533,54770,CSARRGVAGYNEQFF,PSDKHIKEYLNKIQN,2,RGVAGYNE,737
9534,54771,CSARRGVAGYNEQFF,HIKEYLNKIQNSLST,2,RGVAGYNE,737
9535,54772,CSARRGVAGYNEQFF,YLNKIQNSLSTEWSP,2,RGVAGYNE,737
9536,54773,CSARRGVAGYNEQFF,PSDKHIEQYLKKIQNSLSTEWSP,2,RGVAGYNE,737
9537,54774,CASSLVEGPETQYF,PSDKHIKEYLNKIQN,2,SLVEGPET,1823
9538,54775,CASSLVEGPETQYF,HIKEYLNKIQNSLST,2,SLVEGPET,1823
9539,54776,CASSLVEGPETQYF,YLNKIQNSLSTEWSP,2,SLVEGPET,1823
9540,54777,CASSLVEGPETQYF,PSDKHIEQYLKKIQNSLSTEWSP,2,SLVEGPET,1823
9541,54778,CASSHIQGPETQYF,PSDKHIKEYLNKIQN,2,SHIQGPET,2038
9542,54779,CASSHIQGPETQYF,HIKEYLNKIQNSLST,2,SHIQGPET,2038
9543,54780,CASSHIQGPETQYF,YLNKIQNSLSTEWSP,2,SHIQGPET,2038
9544,54781,CASSHIQGPETQYF,PSDKHIEQYLKKIQNSLSTEWSP,2,SHIQGPET,2038
9545,54782,CASSLKGLAGDSYEQYF,PSDKHIKEYLNKIQN,2,KGLAGDSY,5354
9546,54783,CASSLKGLAGDSYEQYF,PSDKHIKEYLNKIQN,2,KGLAGDSY,5354
9547,54784,CASSLKGLAGDSYEQYF,HIKEYLNKIQNSLST,2,KGLAGDSY,5354
9548,54785,CASSLKGLAGDSYEQYF,HIKEYLNKIQNSLST,2,KGLAGDSY,5354
9549,54786,CASSLKGLAGDSYEQYF,YLNKIQNSLSTEWSP,2,KGLAGDSY,5354
9550,54787,CASSLKGLAGDSYEQYF,YLNKIQNSLSTEWSP,2,KGLAGDSY,5354
9551,54788,CASSQVRGGWTGELFF,PSDKHIKEYLNKIQN,2,QVRGGWTG,3436
9552,54789,CASSQVRGGWTGELFF,HIKEYLNKIQNSLST,2,QVRGGWTG,3436
9553,54790,CASSQVRGGWTGELFF,YLNKIQNSLSTEWSP,2,QVRGGWTG,3436
9554,54791,CSARDGGRSSYEQYF,PSDKHIKEYLNKIQN,2,DGGRSSYE,589
9555,54792,CSARDGGRSSYEQYF,HIKEYLNKIQNSLST,2,DGGRSSYE,589
9556,54793,CSARDGGRSSYEQYF,YLNKIQNSLSTEWSP,2,DGGRSSYE,589
9557,54794,CSARDGGRSSYEQYF,PSDKHIKEYLNKIQN,2,DGGRSSYE,589
9558,54795,CSARDGGRSSYEQYF,HIKEYLNKIQNSLST,2,DGGRSSYE,589
9559,54796,CSARDGGRSSYEQYF,YLNKIQNSLSTEWSP,2,DGGRSSYE,589
9560,54797,CSAPTGRVNSPLHF,PSDKHIKEYLNKIQN,2,PTGRVNSP,1218
9561,54798,CSAPTGRVNSPLHF,HIKEYLNKIQNSLST,2,PTGRVNSP,1218
9562,54799,CSAPTGRVNSPLHF,YLNKIQNSLSTEWSP,2,PTGRVNSP,1218
9563,54800,CSATGRRANYGYTF,PSDKHIKEYLNKIQN,2,TGRRANYG,2257
9564,54801,CSATGRRANYGYTF,HIKEYLNKIQNSLST,2,TGRRANYG,2257
9565,54802,CSATGRRANYGYTF,YLNKIQNSLSTEWSP,2,TGRRANYG,2257
9566,54803,CSATPHRANYGYTF,PSDKHIKEYLNKIQN,2,TPHRANYG,3775
9567,54804,CSATPHRANYGYTF,HIKEYLNKIQNSLST,2,TPHRANYG,3775
9568,54805,CSATPHRANYGYTF,YLNKIQNSLSTEWSP,2,TPHRANYG,3775
9569,54806,CSAPRGRMNTEAFF,PSDKHIKEYLNKIQN,2,PRGRMNTE,5231
9570,54807,CSAPRGRMNTEAFF,HIKEYLNKIQNSLST,2,PRGRMNTE,5231
9571,54808,CSAPRGRMNTEAFF,YLNKIQNSLSTEWSP,2,PRGRMNTE,5231
9572,54809,CSAPRRRANYGYTF,PSDKHIKEYLNKIQN,2,PRRRANYG,662
9573,54810,CSAPRRRANYGYTF,HIKEYLNKIQNSLST,2,PRRRANYG,662
9574,54811,CSAPRRRANYGYTF,YLNKIQNSLSTEWSP,2,PRRRANYG,662
9575,54812,CSAPRRRANYGYTF,PSDKHIEQYLKKIQNSLSTEWSP,2,PRRRANYG,662
9576,54813,CSATPRRVNYGYTF,PSDKHIKEYLNKIQN,2,TPRRVNYG,1865
9577,54814,CSATPRRVNYGYTF,HIKEYLNKIQNSLST,2,TPRRVNYG,1865
9578,54815,CSATPRRVNYGYTF,YLNKIQNSLSTEWSP,2,TPRRVNYG,1865
9579,54816,CSAPGQRGNSPLHF,PSDKHIKEYLNKIQN,2,PGQRGNSP,612
9580,54817,CSAPGQRGNSPLHF,HIKEYLNKIQNSLST,2,PGQRGNSP,612
9581,54818,CSAPGQRGNSPLHF,YLNKIQNSLSTEWSP,2,PGQRGNSP,612
9582,54819,CSASPPRSNQPQHF,PSDKHIKEYLNKIQN,2,SPPRSNQP,2892
9583,54820,CSASPPRSNQPQHF,HIKEYLNKIQNSLST,2,SPPRSNQP,2892
9584,54821,CSASPPRSNQPQHF,YLNKIQNSLSTEWSP,2,SPPRSNQP,2892
9585,54822,CASSPTTGTTGNTIYF,PSDKHIKEYLNKIQN,2,PTTGTTGN,5177
9586,54823,CASSPTTGTTGNTIYF,HIKEYLNKIQNSLST,2,PTTGTTGN,5177
9587,54824,CASSPTTGTTGNTIYF,YLNKIQNSLSTEWSP,2,PTTGTTGN,5177
9588,54825,CASSPTTGTTGNTIYF,PSDKHIEQYLKKIQNSLSTEWSP,2,PTTGTTGN,5177
9589,54826,CASSQAGTYNSPLHF,PSDKHIKEYLNKIQN,2,QAGTYNSP,684
9590,54827,CASSQAGTYNSPLHF,HIKEYLNKIQNSLST,2,QAGTYNSP,684
9591,54828,CASSQAGTYNSPLHF,YLNKIQNSLSTEWSP,2,QAGTYNSP,684
9592,54829,CASSPDGGTYGYTF,PSDKHIKEYLNKIQN,2,SPDGGTYG,3003
9593,54830,CASSPDGGTYGYTF,HIKEYLNKIQNSLST,2,SPDGGTYG,3003
9594,54831,CASSPDGGTYGYTF,YLNKIQNSLSTEWSP,2,SPDGGTYG,3003
9595,54832,CASTLGQTYKNIQYF,PSDKHIKEYLNKIQN,2,LGQTYKNI,5027
9596,54833,CASTLGQTYKNIQYF,HIKEYLNKIQNSLST,2,LGQTYKNI,5027
9597,54834,CASTLGQTYKNIQYF,YLNKIQNSLSTEWSP,2,LGQTYKNI,5027
9598,54835,CASRRGTKQETQYF,PSDKHIKEYLNKIQN,2,RRGTKQET,3956
9599,54836,CASRRGTKQETQYF,HIKEYLNKIQNSLST,2,RRGTKQET,3956
9600,54837,CASRRGTKQETQYF,YLNKIQNSLSTEWSP,2,RRGTKQET,3956
9601,54838,CASRRGTKQETQYF,PSDKHIEQYLKKIQNSLSTEWSP,2,RRGTKQET,3956
9602,54839,CASSVDRSGANVLTF,PSDKHIKEYLNKIQN,2,VDRSGANV,273
9603,54840,CASSVDRSGANVLTF,HIKEYLNKIQNSLST,2,VDRSGANV,273
9604,54841,CASSVDRSGANVLTF,YLNKIQNSLSTEWSP,2,VDRSGANV,273
9605,54842,CASSPGGGRGTDTQYF,PSDKHIKEYLNKIQN,2,PGGGRGTD,2571
9606,54843,CASSPGGGRGTDTQYF,PSDKHIKEYLNKIQN,2,PGGGRGTD,2571
9607,54844,CASSPGGGRGTDTQYF,HIKEYLNKIQNSLST,2,PGGGRGTD,2571
9608,54845,CASSPGGGRGTDTQYF,HIKEYLNKIQNSLST,2,PGGGRGTD,2571
9609,54846,CASSPGGGRGTDTQYF,YLNKIQNSLSTEWSP,2,PGGGRGTD,2571
9610,54847,CASSPGGGRGTDTQYF,YLNKIQNSLSTEWSP,2,PGGGRGTD,2571
9611,54848,CASSPGGRSDTQYF,PSDKHIKEYLNKIQN,2,SPGGRSDT,1801
9612,54849,CASSPGGRSDTQYF,PSDKHIKEYLNKIQN,2,SPGGRSDT,1801
9613,54850,CASSPGGRSDTQYF,HIKEYLNKIQNSLST,2,SPGGRSDT,1801
9614,54851,CASSPGGRSDTQYF,HIKEYLNKIQNSLST,2,SPGGRSDT,1801
9615,54852,CASSPGGRSDTQYF,YLNKIQNSLSTEWSP,2,SPGGRSDT,1801
9616,54853,CASSPGGRSDTQYF,YLNKIQNSLSTEWSP,2,SPGGRSDT,1801
9617,54854,CASTPGGRAEEQYF,PSDKHIKEYLNKIQN,2,TPGGRAEE,2684
9618,54855,CASTPGGRAEEQYF,PSDKHIKEYLNKIQN,2,TPGGRAEE,2684
9619,54856,CASTPGGRAEEQYF,HIKEYLNKIQNSLST,2,TPGGRAEE,2684
9620,54857,CASTPGGRAEEQYF,HIKEYLNKIQNSLST,2,TPGGRAEE,2684
9621,54858,CASTPGGRAEEQYF,YLNKIQNSLSTEWSP,2,TPGGRAEE,2684
9622,54859,CASTPGGRAEEQYF,YLNKIQNSLSTEWSP,2,TPGGRAEE,2684
9623,54860,CASSPHRAGDSPLHF,PSDKHIKEYLNKIQN,2,PHRAGDSP,1005
9624,54861,CASSPHRAGDSPLHF,PSDKHIKEYLNKIQN,2,PHRAGDSP,1005
9625,54862,CASSPHRAGDSPLHF,HIKEYLNKIQNSLST,2,PHRAGDSP,1005
9626,54863,CASSPHRAGDSPLHF,HIKEYLNKIQNSLST,2,PHRAGDSP,1005
9627,54864,CASSPHRAGDSPLHF,YLNKIQNSLSTEWSP,2,PHRAGDSP,1005
9628,54865,CASSPHRAGDSPLHF,YLNKIQNSLSTEWSP,2,PHRAGDSP,1005
9629,54866,CASSRERAGDSPLHF,PSDKHIKEYLNKIQN,2,RERAGDSP,1261
9630,54867,CASSRERAGDSPLHF,PSDKHIKEYLNKIQN,2,RERAGDSP,1261
9631,54868,CASSRERAGDSPLHF,HIKEYLNKIQNSLST,2,RERAGDSP,1261
9632,54869,CASSRERAGDSPLHF,HIKEYLNKIQNSLST,2,RERAGDSP,1261
9633,54870,CASSRERAGDSPLHF,YLNKIQNSLSTEWSP,2,RERAGDSP,1261
9634,54871,CASSRERAGDSPLHF,YLNKIQNSLSTEWSP,2,RERAGDSP,1261
9635,54872,CASSPGGRADTQYF,PSDKHIKEYLNKIQN,2,SPGGRADT,5639
9636,54873,CASSPGGRADTQYF,PSDKHIKEYLNKIQN,2,SPGGRADT,5639
9637,54874,CASSPGGRADTQYF,HIKEYLNKIQNSLST,2,SPGGRADT,5639
9638,54875,CASSPGGRADTQYF,HIKEYLNKIQNSLST,2,SPGGRADT,5639
9639,54876,CASSPGGRADTQYF,YLNKIQNSLSTEWSP,2,SPGGRADT,5639
9640,54877,CASSPGGRADTQYF,YLNKIQNSLSTEWSP,2,SPGGRADT,5639
9641,54878,CASSLDRGLNYGYTF,PSDKHIKEYLNKIQN,2,LDRGLNYG,4868
9642,54879,CASSLDRGLNYGYTF,PSDKHIKEYLNKIQN,2,LDRGLNYG,4868
9643,54880,CASSLDRGLNYGYTF,HIKEYLNKIQNSLST,2,LDRGLNYG,4868
9644,54881,CASSLDRGLNYGYTF,HIKEYLNKIQNSLST,2,LDRGLNYG,4868
9645,54882,CASSLDRGLNYGYTF,YLNKIQNSLSTEWSP,2,LDRGLNYG,4868
9646,54883,CASSLDRGLNYGYTF,YLNKIQNSLSTEWSP,2,LDRGLNYG,4868
9647,54884,CASSVAGATYEQYF,PSDKHIKEYLNKIQN,2,SVAGATYE,3232
9648,54885,CASSVAGATYEQYF,PSDKHIKEYLNKIQN,2,SVAGATYE,3232
9649,54886,CASSVAGATYEQYF,HIKEYLNKIQNSLST,2,SVAGATYE,3232
9650,54887,CASSVAGATYEQYF,HIKEYLNKIQNSLST,2,SVAGATYE,3232
9651,54888,CASSVAGATYEQYF,YLNKIQNSLSTEWSP,2,SVAGATYE,3232
9652,54889,CASSVAGATYEQYF,YLNKIQNSLSTEWSP,2,SVAGATYE,3232
9653,54890,CASSVAGEDYGYTF,PSDKHIKEYLNKIQN,2,SVAGEDYG,2232
9654,54891,CASSVAGEDYGYTF,PSDKHIKEYLNKIQN,2,SVAGEDYG,2232
9655,54892,CASSVAGEDYGYTF,HIKEYLNKIQNSLST,2,SVAGEDYG,2232
9656,54893,CASSVAGEDYGYTF,HIKEYLNKIQNSLST,2,SVAGEDYG,2232
9657,54894,CASSVAGEDYGYTF,YLNKIQNSLSTEWSP,2,SVAGEDYG,2232
9658,54895,CASSVAGEDYGYTF,YLNKIQNSLSTEWSP,2,SVAGEDYG,2232
9659,54896,CASSVAGEDYEQYF,PSDKHIKEYLNKIQN,2,SVAGEDYE,5572
9660,54897,CASSVAGEDYEQYF,PSDKHIKEYLNKIQN,2,SVAGEDYE,5572
9661,54898,CASSVAGEDYEQYF,HIKEYLNKIQNSLST,2,SVAGEDYE,5572
9662,54899,CASSVAGEDYEQYF,HIKEYLNKIQNSLST,2,SVAGEDYE,5572
9663,54900,CASSVAGEDYEQYF,YLNKIQNSLSTEWSP,2,SVAGEDYE,5572
9664,54901,CASSVAGEDYEQYF,YLNKIQNSLSTEWSP,2,SVAGEDYE,5572
9665,54902,CASSGGGGRGTDTQYF,PSDKHIKEYLNKIQN,2,GGGGRGTD,927
9666,54903,CASSGGGGRGTDTQYF,PSDKHIKEYLNKIQN,2,GGGGRGTD,927
9667,54904,CASSGGGGRGTDTQYF,HIKEYLNKIQNSLST,2,GGGGRGTD,927
9668,54905,CASSGGGGRGTDTQYF,HIKEYLNKIQNSLST,2,GGGGRGTD,927
9669,54906,CASSGGGGRGTDTQYF,YLNKIQNSLSTEWSP,2,GGGGRGTD,927
9670,54907,CASSGGGGRGTDTQYF,YLNKIQNSLSTEWSP,2,GGGGRGTD,927
9671,54908,CSASTGQAINEQFF,PSDKHIKEYLNKIQN,2,STGQAINE,3973
9672,54909,CSASTGQAINEQFF,PSDKHIKEYLNKIQN,2,STGQAINE,3973
9673,54910,CSASTGQAINEQFF,HIKEYLNKIQNSLST,2,STGQAINE,3973
9674,54911,CSASTGQAINEQFF,HIKEYLNKIQNSLST,2,STGQAINE,3973
9675,54912,CSASTGQAINEQFF,YLNKIQNSLSTEWSP,2,STGQAINE,3973
9676,54913,CSASTGQAINEQFF,YLNKIQNSLSTEWSP,2,STGQAINE,3973
9677,54914,CSARPDRISPLHF,PSDKHIKEYLNKIQN,2,RPDRISPL,154
9678,54915,CSARPDRISPLHF,PSDKHIKEYLNKIQN,2,RPDRISPL,154
9679,54916,CSARPDRISPLHF,HIKEYLNKIQNSLST,2,RPDRISPL,154
9680,54917,CSARPDRISPLHF,HIKEYLNKIQNSLST,2,RPDRISPL,154
9681,54918,CSARPDRISPLHF,YLNKIQNSLSTEWSP,2,RPDRISPL,154
9682,54919,CSARPDRISPLHF,YLNKIQNSLSTEWSP,2,RPDRISPL,154
9683,54920,CASSSGGRSDTQYF,PSDKHIKEYLNKIQN,2,SSGGRSDT,3986
9684,54921,CASSSGGRSDTQYF,PSDKHIKEYLNKIQN,2,SSGGRSDT,3986
9685,54922,CASSSGGRSDTQYF,HIKEYLNKIQNSLST,2,SSGGRSDT,3986
9686,54923,CASSSGGRSDTQYF,HIKEYLNKIQNSLST,2,SSGGRSDT,3986
9687,54924,CASSSGGRSDTQYF,YLNKIQNSLSTEWSP,2,SSGGRSDT,3986
9688,54925,CASSSGGRSDTQYF,YLNKIQNSLSTEWSP,2,SSGGRSDT,3986
9689,54926,CASSWPDRFLSGYTF,PSDKHIKEYLNKIQN,2,WPDRFLSG,2166
9690,54927,CASSWPDRFLSGYTF,PSDKHIKEYLNKIQN,2,WPDRFLSG,2166
9691,54928,CASSWPDRFLSGYTF,HIKEYLNKIQNSLST,2,WPDRFLSG,2166
9692,54929,CASSWPDRFLSGYTF,HIKEYLNKIQNSLST,2,WPDRFLSG,2166
9693,54930,CASSWPDRFLSGYTF,YLNKIQNSLSTEWSP,2,WPDRFLSG,2166
9694,54931,CASSWPDRFLSGYTF,YLNKIQNSLSTEWSP,2,WPDRFLSG,2166
9695,54932,CASSPGGRKETQYF,PSDKHIKEYLNKIQN,2,SPGGRKET,5381
9696,54933,CASSPGGRKETQYF,PSDKHIKEYLNKIQN,2,SPGGRKET,5381
9697,54934,CASSPGGRKETQYF,HIKEYLNKIQNSLST,2,SPGGRKET,5381
9698,54935,CASSPGGRKETQYF,HIKEYLNKIQNSLST,2,SPGGRKET,5381
9699,54936,CASSPGGRKETQYF,YLNKIQNSLSTEWSP,2,SPGGRKET,5381
9700,54937,CASSPGGRKETQYF,YLNKIQNSLSTEWSP,2,SPGGRKET,5381
9701,54938,CASSVAGEDYGYTF,PSDKHIKEYLNKIQN,2,SVAGEDYG,2232
9702,54939,CASSVAGEDYGYTF,PSDKHIKEYLNKIQN,2,SVAGEDYG,2232
9703,54940,CASSVAGEDYGYTF,HIKEYLNKIQNSLST,2,SVAGEDYG,2232
9704,54941,CASSVAGEDYGYTF,HIKEYLNKIQNSLST,2,SVAGEDYG,2232
9705,54942,CASSVAGEDYGYTF,YLNKIQNSLSTEWSP,2,SVAGEDYG,2232
9706,54943,CASSVAGEDYGYTF,YLNKIQNSLSTEWSP,2,SVAGEDYG,2232
9707,54944,CASSVAGGSYEQFF,PSDKHIKEYLNKIQN,2,SVAGGSYE,4506
9708,54945,CASSVAGGSYEQFF,PSDKHIKEYLNKIQN,2,SVAGGSYE,4506
9709,54946,CASSVAGGSYEQFF,HIKEYLNKIQNSLST,2,SVAGGSYE,4506
9710,54947,CASSVAGGSYEQFF,HIKEYLNKIQNSLST,2,SVAGGSYE,4506
9711,54948,CASSVAGGSYEQFF,YLNKIQNSLSTEWSP,2,SVAGGSYE,4506
9712,54949,CASSVAGGSYEQFF,YLNKIQNSLSTEWSP,2,SVAGGSYE,4506
9713,54950,CASSELGTSGRPDTQYF,PSDKHIKEYLNKIQN,2,LGTSGRPD,2
9714,54951,CASSELGTSGRPDTQYF,HIKEYLNKIQNSLST,2,LGTSGRPD,2
9715,54952,CASSELGTSGRPDTQYF,YLNKIQNSLSTEWSP,2,LGTSGRPD,2
9716,54953,CSAKTSGRSVNEQFF,PSDKHIKEYLNKIQN,2,TSGRSVNE,1290
9717,54954,CSAKTSGRSVNEQFF,HIKEYLNKIQNSLST,2,TSGRSVNE,1290
9718,54955,CSAKTSGRSVNEQFF,YLNKIQNSLSTEWSP,2,TSGRSVNE,1290
9719,54956,CSARDSGRSSYEQYF,PSDKHIKEYLNKIQN,2,DSGRSSYE,3716
9720,54957,CSARDSGRSSYEQYF,HIKEYLNKIQNSLST,2,DSGRSSYE,3716
9721,54958,CSARDSGRSSYEQYF,YLNKIQNSLSTEWSP,2,DSGRSSYE,3716
9722,54959,CSARDGGRSSYEQYF,PSDKHIKEYLNKIQN,2,DGGRSSYE,589
9723,54960,CSARDGGRSSYEQYF,HIKEYLNKIQNSLST,2,DGGRSSYE,589
9724,54961,CSARDGGRSSYEQYF,YLNKIQNSLSTEWSP,2,DGGRSSYE,589
9725,54962,CASSRGGTGGNEQFF,PSDKHIKEYLNKIQN,2,RGGTGGNE,3630
9726,54963,CASSRGGTGGNEQFF,HIKEYLNKIQNSLST,2,RGGTGGNE,3630
9727,54964,CASSRGGTGGNEQFF,YLNKIQNSLSTEWSP,2,RGGTGGNE,3630
9728,54965,CASSRGGTGGNEQFF,PSDKHIEQYLKKIQNSLSTEWSP,2,RGGTGGNE,3630
9729,54966,CASTLGSPGANVLTF,PNANPNVDPNANPNV,2,LGSPGANV,5273
9730,54967,CASTLGSPGANVLTF,PNANPNVDPNANPNV,2,LGSPGANV,5273
9731,54968,CALLEGTSPWGDEQFF,PNANPNVDPNANPNV,2,EGTSPWGD,4812
9732,54969,CALLEGTSPWGDEQFF,PNANPNVDPNANPNV,2,EGTSPWGD,4812
9733,54970,CAWGRGEGTGELFF,PNANPNVDPNANPNV,2,GRGEGTGE,4450
9734,54971,CAWGRGEGTGELFF,PNANPNVDPNANPNV,2,GRGEGTGE,4450
9735,54972,CAWTQANYGYTF,PNANPNVDPNANPNV,2,WTQANYGY,3964
9736,54973,CAWTQANYGYTF,PNANPNVDPNANPNV,2,WTQANYGY,3964
9737,54974,CAWSVAGYAGELFF,PNANPNVDPNANPNV,2,SVAGYAGE,4916
9738,54975,CAWSVAGYAGELFF,PNANPNVDPNANPNV,2,SVAGYAGE,4916
9739,54976,CAWSSWTGGDEKLFF,PNANPNVDPNANPNV,2,SWTGGDEK,5278
9740,54977,CAWSSWTGGDEKLFF,PNANPNVDPNANPNV,2,SWTGGDEK,5278
9741,54978,CAWALHRDSPLHF,PNANPNVDPNANPNV,2,ALHRDSPL,4950
9742,54979,CAWALHRDSPLHF,PNANPNVDPNANPNV,2,ALHRDSPL,4950
9743,54980,CAGDQGSNYGYTF,PNANPNVDPNANPNV,2,DQGSNYGY,5436
9744,54981,CAGDQGSNYGYTF,PNANPNVDPNANPNV,2,DQGSNYGY,5436
9745,54982,CASSRDTHQPQHF,PNANPNVDPNANPNV,2,SRDTHQPQ,276
9746,54983,CASSRDTHQPQHF,PNANPNVDPNANPNV,2,SRDTHQPQ,276
9747,54984,CASSLAGFWSTDTQYF,PNANPNVDPNANPNV,2,LAGFWSTD,4978
9748,54985,CASSLAGFWSTDTQYF,PNANPNVDPNANPNV,2,LAGFWSTD,4978
9749,54986,CSAPQGQKYGYTF,RNVDENANANSAVKN,2,PQGQKYGY,4742
9750,54987,CSAPQGQKYGYTF,RNVDENANANSAVKN,2,PQGQKYGY,4742
9751,54988,CSAPPATLYGYTF,RNVDENANANSAVKN,2,PPATLYGY,5517
9752,54989,CSAPPATLYGYTF,RNVDENANANSAVKN,2,PPATLYGY,5517
9753,54990,CASRWTGQTYEQYF,RNVDENANANSAVKN,2,RWTGQTYE,137
9754,54991,CASRWTGQTYEQYF,RNVDENANANSAVKN,2,RWTGQTYE,137
9755,55741,CASSPRGGHGYTF,TFEYVSQPFLMDLE,1,SPRGGHGY,4498
9756,56359,CASSLAPGATNEKLFF,NLVPMVATV,1,LAPGATNE,2010
9757,56795,CASSIDLTSGVYNEQFF,YERMCNIL,3,DLTSGVYN,2101
9758,56796,CASSIDYPSGVQETQYF,YERMCNIL,3,DYPSGVQE,1837
9759,56797,CASSTDLATGAYEQYF,YERMCNIL,3,TDLATGAY,696
9760,56798,CASSIDLASGTTYEQYF,YERMCNIL,3,DLASGTTY,2229
9761,56799,CASSEGSLGGGLETQYF,YERMCNIL,3,GSLGGGLE,3629
9762,56800,CASMGRDINQPQHF,YERMCNIL,3,MGRDINQP,3007
9763,56801,CASSQDPGGTEAFF,YERMCNIL,3,SQDPGGTE,802
9764,56802,CASSQDFAGGSYEQYF,YERMCNIL,3,QDFAGGSY,5608
9765,56803,CASSLEAVSIHGYTF,YERMCNIL,3,LEAVSIHG,2510
9766,56804,CASSQDKTTGELFF,YERMCNIL,3,SQDKTTGE,2929
9767,56805,CASSWGLEVNTEAFF,YERMCNIL,3,WGLEVNTE,5083
9768,56806,CASSYGLEANTEAFF,YERMCNIL,3,YGLEANTE,2582
9769,56807,CASSQDRGTGAYGYTF,YERMCNIL,3,QDRGTGAY,5145
9770,56808,CASSQDRASGEYEQYF,YERMCNIL,3,QDRASGEY,1461
9771,56809,CASSPSMRSGLAEAFF,YERMCNIL,3,PSMRSGLA,1939
9772,56810,CASSWDRGTGEQYF,YERMCNIL,3,SWDRGTGE,2086
9773,56811,CASSQDLASGTYNEQFF,YERMCNIL,3,DLASGTYN,1464
9774,56812,CASSPSMRSGLAEAFF,YERMCNIL,3,PSMRSGLA,1939
9775,56813,CASSIDLAGGSYEQYF,YERMCNIL,3,IDLAGGSY,3186
9776,56814,CAISEEGQGRDEQFF,EEIEITTHF,3,EEGQGRDE,2959
9777,56815,CASSLGTGGGYTF,EEIEITTHF,3,SLGTGGGY,5184
9778,56816,CASSQVLVGETQYF,EEIEITTHF,3,SQVLVGET,938
9779,56817,CASSSSGGGAGDTQYF,EEIEITTHF,3,SSGGGAGD,5138
9780,56818,CSASPERGTSVGTDTQYF,EEIEITTHF,3,ERGTSVGT,1021
9781,56819,CASSIVERAEAFF,EEIEITTHF,3,SIVERAEA,3684
9782,56820,CASSLLTGGTDTQYF,EEIEITTHF,3,LLTGGTDT,4064
9783,56821,CASSWVPPGQGRTGELFF,EEIEITTHF,3,VPPGQGRT,1584
9784,56822,CASSWVPPGQGRTGELFF,EEIEITTHF,3,VPPGQGRT,1584
9785,56823,CASSDSDGSGELFF,QEIRTFSF,3,SDSDGSGE,348
9786,56824,CSARDRQASSYNEQFF,QEIRTFSF,3,DRQASSYN,2387
9787,56825,CASSFLQGEKLFF,QEIRTFSF,3,SFLQGEKL,4258
9788,56826,CASSLRPDPPYNEQFF,QEIRTFSF,3,LRPDPPYN,1577
9789,56827,CASSPPGREDTEAFF,QEIRTFSF,3,PPGREDTE,4692
9790,56828,CASSPSEGLNTEAFF,QEIRTFSF,3,PSEGLNTE,4059
9791,56829,CSARDGQGSSPLHF,QEIRTFSF,3,RDGQGSSP,2645
9792,56830,CSANDRTSGSNYNEQFF,QEIRTFSF,3,RTSGSNYN,4
9793,56831,CATSRDRGWSNQPQHF,QEIRTFSF,3,RDRGWSNQ,5702
9794,56832,CASSQAGSLENSPLPLL,QEIRTFSF,3,AGSLENSP,765
9795,56833,CASSTGRYYEQYF,QEIRTFSF,3,STGRYYEQ,3772
9796,56834,CASSKGLAVDYTQYF,QEIRTFSF,3,KGLAVDYT,1304
9797,56835,CASRLVSGTDTQYF,QEIRTFSF,3,RLVSGTDT,2121
9798,56836,CASSFLATNEKLFF,QEIRTFSF,3,SFLATNEK,834
9799,56837,CSASLERMNTGELFF,QEIRTFSF,3,LERMNTGE,5060
9800,56838,CASRRTGVVEKLFF,TEVETYVL,3,RRTGVVEK,3316
9801,56839,CASRRTGVVEKLFF,TEVETYVL,3,RRTGVVEK,3316
9802,56840,CAISAPRGERDEQYF,TEVETYVL,3,APRGERDE,2665
9803,56841,CASSQGPQVRGADTQYF,TEVETYVL,3,GPQVRGAD,3327
9804,56842,CASSLSWGPGNTIYF,TEVETYVL,3,LSWGPGNT,4380
9805,56843,CASSPTPGDPHYGYTF,TEVETYVL,3,PTPGDPHY,3073
9806,56844,CASRSAGHQETQYF,TEVETYVL,3,RSAGHQET,2402
9807,56845,CASRSAGHQETQYF,TEVETYVL,3,RSAGHQET,2402
9808,56846,CASSLLAGVYNEQFF,TEVETYVL,1,LLAGVYNE,5606
9809,57048,CASSLEPGRNEKLFF,IVTDFSVIK,1,LEPGRNEK,2332
9810,57053,CASSFGVSYEQYF,RGYVYQGL,3,SFGVSYEQ,1000
9811,57054,CASSFHISYEQYF,RGYVYQGL,3,SFHISYEQ,5603
9812,57055,CASSFGVNSDYTF,RGYVYQGL,3,SFGVNSDY,3499
9813,57056,CASSLGVDAEQFF,RGYVYQGL,2,SLGVDAEQ,900
9814,57057,CASSLGVGDTQYF,RGYVYQGL,2,SLGVGDTQ,4163
9815,57058,CASSFGVNSDYTF,RGYVYQGL,3,SFGVNSDY,3499
9816,57059,CASSFGTGGRVFF,RGYVYQGL,2,SFGTGGRV,658
9817,57060,CASSHGTGAPQYF,RGYVYQGL,2,SHGTGAPQ,329
9818,57061,CASSFGVSYEQYF,RGYVYQGL,3,SFGVSYEQ,1000
9819,57062,CASSLGVGDTQYF,RGYVYQGL,2,SLGVGDTQ,4163
9820,57063,CASSWGTGNTQYF,RGYVYQGL,2,SWGTGNTQ,5407
9821,57064,CASSLGTGGKQFF,RGYVYQGL,2,SLGTGGKQ,5681
9822,57065,CASSQGIGAEQFF,RGYVYQGL,2,SQGIGAEQ,5114
9823,57066,CASSFGVSYEQYF,RGYVYQGL,3,SFGVSYEQ,1000
9824,57067,CASSFGVNSDYTF,RGYVYQGL,3,SFGVNSDY,3499
9825,57068,CASSPGVGTEVFF,RGYVYQGL,2,SPGVGTEV,5448
9826,57069,CASSLGVGDTQYF,RGYVYQGL,2,SLGVGDTQ,4163
9827,57070,CASSFGTGGRVFF,RGYVYQGL,2,SFGTGGRV,658
9828,57071,CASSPGTGVEQYF,RGYVYQGL,3,SPGTGVEQ,3185
9829,57072,CASSFGVSYEQYF,RGYVYQGL,3,SFGVSYEQ,1000
9830,57073,CASSPGTGQAPLF,RGYVYQGL,2,SPGTGQAP,2217
9831,57074,CASSFGVNSDYTF,RGYVYQGL,3,SFGVNSDY,3499
9832,57075,CASSFHISYEQYF,RGYVYQGL,3,SFHISYEQ,5603
9833,57076,CASSFRDSGNTLYF,RGYVYKGL,3,SFRDSGNT,724
9834,57077,CASSFRDGTNTEVFF,RGYVYKGL,2,FRDGTNTE,1927
9835,57078,CASSFRDSGNTLYF,RGYVYKGL,3,SFRDSGNT,724
9836,57079,CASSLRDGSNQAPLF,RGYVYKGL,3,LRDGSNQA,463
9837,57080,CASSLFRASAETLYF,RGYVYEGL,2,LFRASAET,4957
9838,57081,CASSPHRASQNTLYF,RGYVYEGL,2,PHRASQNT,2089
9839,57082,CASSLFRANTGQLYF,RGYVYEGL,2,LFRANTGQ,90
9840,57083,CASSPYRGGNQAPLF,RGYVYEGL,2,PYRGGNQA,4465
9841,57084,CASSLSRASQNTLYF,RGYVYEGL,2,LSRASQNT,1696
9842,57085,CASSPFRGSQNTLYF,RGYVYEGL,2,PFRGSQNT,3529
9843,57086,CASSLSKVSQNTLYF,RGYVYEGL,2,LSKVSQNT,3858
9844,57087,CASSLFRAVQNTLYF,RGYVYEGL,2,LFRAVQNT,5089
9845,57088,CASSLYRANTGQLYF,RGYVYEGL,2,LYRANTGQ,1534
9846,57089,CASSLSRTLNSDYTF,RGYVYEGL,2,LSRTLNSD,5471
9847,57090,CASSLFRTNNSPLYF,RGYVYEGL,2,LFRTNNSP,1185
9848,57091,CASSLYRNNQAPLF,RGYVYEGL,2,SLYRNNQA,3189
9849,57092,CASSLYRTGRNSDYTF,RGYVYEGL,2,LYRTGRNS,2623
9850,57093,CASSLTRTGGQNTLYF,RGYVYEGL,2,LTRTGGQN,1759
9851,57094,CASSLSRASGNTLYF,RGYVYDGL,3,LSRASGNT,2579
9852,57095,CASSPRRVSQNTLYF,RGYVYDGL,2,PRRVSQNT,5017
9853,57096,CASSLSRALNNQAPLF,RGYVYDGL,3,LSRALNNQ,1525
9854,57097,CASSSGVGTEVFF,IGYVYQGL,3,SSGVGTEV,1522
9855,57098,CASSFGTGNTLYF,IGYVYQGL,2,SFGTGNTL,5349
9856,57099,CASSFGTGVEQYF,IGYVYQGL,2,SFGTGVEQ,5046
9857,57100,CASSLGAGSDYTF,IGYVYQGL,2,SLGAGSDY,1773
9858,57101,CASSSGVGTEVFF,IGYVYQGL,3,SSGVGTEV,1522
9859,57102,CASSFGVNSDYTF,IGYVYQGL,2,SFGVNSDY,3499
9860,57103,CASSLGTNTEVFF,IGYVYQGL,2,SLGTNTEV,3930
9861,57104,CASSSGVGTEVFF,KGYVYQGL,3,SSGVGTEV,1522
9862,57105,CASSLGTGTEVFF,KGYVYQGL,2,SLGTGTEV,3941
9863,57106,CASSPGTGVEQYF,KGYVYQGL,2,SPGTGVEQ,3185
9864,57107,CASSFMTGGEQYF,KGYVYQGL,2,SFMTGGEQ,2606
9865,57108,CASSFRVATEVFF,KGYVYQGL,2,SFRVATEV,284
9866,57109,CASSFRVGNTLYF,KGYVYQGL,2,SFRVGNTL,1077
9867,57110,CASSFHINSDYTF,KGYVYQGL,2,SFHINSDY,1372
9868,57111,CASSFGVNTGQLYF,KGYVYQGL,2,SFGVNTGQ,3213
9869,57112,CASSSGVGTEVFF,KGYVYQGL,3,SSGVGTEV,1522
9870,57113,CASSFGVNSDYTF,KGYVYQGL,3,SFGVNSDY,3499
9871,57114,CASSPGTGVEQYF,KGYVYQGL,2,SPGTGVEQ,3185
9872,57115,CASSFRVATEVFF,KGYVYQGL,2,SFRVATEV,284
9873,57116,CASSFRVGNTLYF,KGYVYQGL,2,SFRVGNTL,1077
9874,57117,CASSLGQAYEQYF,FLRGRAYGL,3,SLGQAYEQ,5661
9875,57118,CASSSGQAYEQYF,FLRGRAYGL,2,SSGQAYEQ,37
9876,57119,CASSLGQAYEQYF,FLRGRAYGL,3,SLGQAYEQ,5661
9877,57120,CASSLGQAYEQYF,FLRGRAYGL,3,SLGQAYEQ,5661
9878,57121,CASSSGQAYEQYF,FLRGRAYGL,2,SSGQAYEQ,37
9879,57122,CASKVGAGGLYEQYF,TPRVTGGGAM,3,VGAGGLYE,5099
9880,57123,CASMGNSAGANVLTF,NLVPMVATV,3,GNSAGANV,2583
9881,57124,CASRGQGFSYEQYF,NLVPMVATV,3,RGQGFSYE,4663
9882,57125,CASSFLGLNEQFF,NLVPMVATV,3,SFLGLNEQ,4129
9883,57126,CASSFRDYGNYEQYF,TPRVTGGGAM,3,FRDYGNYE,5401
9884,57127,CASSIGPALNTEAFF,TPRVTGGGAM,3,IGPALNTE,3902
9885,57128,CASSLDIPSYNEQFF,NLVPMVATV,3,LDIPSYNE,421
9886,57129,CASSLGGNLYEQYF,EFFWDANDIY,3,SLGGNLYE,285
9887,57130,CASSLHDRGSRTEAFF,TPRVTGGGAM,3,LHDRGSRT,1728
9888,57131,CASSLIGVSSYNEQFF,TPRVTGGGAM,3,LIGVSSYN,4389
9889,57132,CASSPARNTEAFF,RPHERNGFTV,3,SPARNTEA,4131
9890,57133,CASSPHRNTEAFF,RPHERNGFTV,3,SPHRNTEA,5645
9891,57134,CASSPSRNTEAFF,RPHERNGFTV,3,SPSRNTEA,1321
9892,57135,CASSQAALAGFGYEQYF,RPHERNGFTV,3,AALAGFGY,5703
9893,57136,CASSSANYGYTF,NLVPMVATV,3,SSSANYGY,3390
9894,57137,CASSSHDRQGASSPLHF,TPRVTGGGAM,3,HDRQGASS,518
9895,57138,CASSSHDTGGYNSPLHF,TPRVTGGGAM,3,HDTGGYNS,1930
9896,57139,CASSSVNEQFF,NLVPMVATV,3,SSSVNEQF,2027
9897,57140,CASSSVSEAFF,NLVPMVATV,3,SSSVSEAF,523
9898,57141,CASSYQTGTGNYGYTF,NLVPMVATV,3,YQTGTGNY,3646
9899,57142,CASSYSGHVYEQYF,NLVPMVATV,3,SYSGHVYE,4269
9900,57143,CSARDQVRANYGYTF,NLVPMVATV,1,DQVRANYG,2773
9901,57144,CASRRLAGSTDTQYF,NLVPMVATV,1,RLAGSTDT,534
9902,57164,CSARDQVRANYGYTF,NLVPMVATV,1,DQVRANYG,2773
9903,57165,CASSYVGLGSPLHF,NLVPMVATV,1,SYVGLGSP,3493
9904,57167,CASRRLAGSTDTQYF,NLVPMVATV,1,RLAGSTDT,534
9905,57185,CSARDQVRANYGYTF,NLVPMVATV,1,DQVRANYG,2773
9906,57186,CASRRLAGSTDTQYF,NLVPMVATV,1,RLAGSTDT,534
9907,57201,CSVMLANQETQYF,CLGGLLTMV,1,MLANQETQ,2753
9908,57202,CSVGNSGYQETQYF,CLGGLLTMV,1,GNSGYQET,5252
9909,57203,CSASPRGGEQYF,CLGGLLTMV,1,ASPRGGEQ,2442
9910,57204,CASSLGQGVLSDTQYF,CLGGLLTMV,1,LGQGVLSD,3449
9911,57221,CSVGGYGTNEKLFF,GLCTLVAML,1,GGYGTNEK,5096
9912,57222,CASSPGQVLPGEQYF,GLCTLVAML,1,PGQVLPGE,2893
9913,57223,CSVGTGGTNEKLFF,GLCTLVAML,2,GTGGTNEK,3711
9914,57229,CSARDRVGNTIYF,GLCTLVAML,2,RDRVGNTI,1063
9915,57238,CSVGTGGTNEKLFF,GLCTLVAML,2,GTGGTNEK,3711
9916,57239,CSVAGTGDLNQPQHF,GLCTLVAML,1,GTGDLNQP,4828
9917,57240,CASSLQGFLLSYEQYF,GLCTLVAML,1,LQGFLLSY,3545
9918,57241,CASSLVDGDIQYF,GLCTLVAML,1,SLVDGDIQ,4148
9919,57242,CASSEGRVAPGEQYF,GLCTLVAML,1,EGRVAPGE,654
9920,57247,CASSQSPGGTQYF,GLCTLVAML,2,SQSPGGTQ,163
9921,57253,CSARDRTGNGYTF,GLCTLVAML,2,RDRTGNGY,666
9922,58991,CSVVDAAPGANVLTF,LLWNGPMAV,1,DAAPGANV,1549
9923,58992,CAWSPGPVNEQFF,LLWNGPMAV,1,SPGPVNEQ,2668
9924,58993,CSARASYEQYF,LLWNGPMAV,1,ARASYEQY,2949
9925,58994,CASSDSGTDTQYF,LLWNGPMAV,1,SDSGTDTQ,4113
9926,59035,CASSFLAGGNEQFF,LLWNGPMAV,1,SFLAGGNE,1048
9927,59036,CAWSGDRAMVSGELFF,LLWNGPMAV,1,GDRAMVSG,2909
9928,59037,CASSEGANTEAFF,LLWNGPMAV,1,SEGANTEA,1913
9929,59040,CAWSGDRAMVSGELFF,LLWNGPMAV,1,GDRAMVSG,2909
9930,59041,CASSFLAGGNEQFF,LLWNGPMAV,1,SFLAGGNE,1048
9931,59042,CSASRRGGTNEKLFF,LLWNGPMAV,1,RRGGTNEK,4622
9932,59043,CASSEGANTEAFF,LLWNGPMAV,1,SEGANTEA,1913
9933,59044,CASRKTGYTGELFF,LLWNGPMAV,1,RKTGYTGE,4460
9934,59045,CASSMRRGTDTQYF,LLWNGPMAV,1,SMRRGTDT,389
9935,59046,CASSHWREESEQFF,LLWNGPMAV,1,SHWREESE,545
9936,59047,CSARDAPSRETQYF,LLWNGPMAV,1,RDAPSRET,2367
9937,59062,CSVVDAAPGANVLTF,LLWNGPMAV,1,DAAPGANV,1549
9938,59064,CAWSPGPVNEQFF,LLWNGPMAV,1,SPGPVNEQ,2668
9939,59067,CSARASYEQYF,LLWNGPMAV,1,ARASYEQY,2949
9940,59071,CASSDSGTDTQYF,LLWNGPMAV,1,SDSGTDTQ,4113
9941,59099,CASGGTGATYSNQPQHF,LLLGIGILV,1,TGATYSNQ,1103
9942,59100,CASRPDFTGEQYF,LLLGIGILV,1,RPDFTGEQ,5654
9943,59101,CASSPTSIANTGELFF,LLLGIGILV,1,PTSIANTG,1347
9944,59102,CASSTASYEQYF,LLLGIGILV,1,SSTASYEQ,5663
9945,59103,CSGGQGDGYTF,LLLGIGILV,1,GGQGDGYT,4351
9946,59171,CASSQGPFREEAFF,LLLGIGILV,1,SQGPFREE,5455
9947,59172,CATSDLSQGVDTQYF,LLLGIGILV,1,DLSQGVDT,5285
9948,59226,CASSQGQLNTGELFF,LLLGIGILV,1,QGQLNTGE,948
9949,59227,CASSVGRFVGPYEKLFF,LLLGIGILV,1,GRFVGPYE,3146
9950,59333,CTCSAGTGGYNYAEQFF,SSPPMFRV,1,GTGGYNYA,3365
9951,59334,CASSRGTGGNQDTQYF,SSPPMFRV,1,RGTGGNQD,5185
9952,59335,CASGDAGGDQDTQYF,SSPPMFRV,1,DAGGDQDT,4487
9953,59340,CTCSSGTGGYNYAEQFF,SSPPMFRV,1,GTGGYNYA,3365
9954,59341,CASSRPSAEQFF,SSPPMFRV,1,SSRPSAEQ,1608
9955,59343,CASSQDRGNTLYF,SSPPMFRV,1,SQDRGNTL,1085
9956,59346,CTCSAGTGGYNYAEQFF,SSPPMFRV,1,GTGGYNYA,3365
9957,59354,CTCSAGTGGYNYAEQFF,SSPPMFRV,1,GTGGYNYA,3365
9958,59355,CASSQEGTYSYEQYF,SSPPMFRV,1,QEGTYSYE,3103
9959,59356,CTCSSGTGGYNYAEQFF,SSPPMFRV,1,GTGGYNYA,3365
9960,59366,CASSQDRGNTLYF,SSPPMFRV,1,SQDRGNTL,1085
9961,59367,CTCSAGTGGYNYAEQFF,SSPPMFRV,1,GTGGYNYA,3365
9962,59368,CASSQDRGNTLYF,SSPPMFRV,1,SQDRGNTL,1085
9963,59369,CASSRPSAEQFF,SSPPMFRV,1,SSRPSAEQ,1608
9964,59370,CTCSSGTGGYNYAEQFF,SSPPMFRV,1,GTGGYNYA,3365
9965,59378,CTCSAGTGGYNYAEQFF,SSPPMFRV,1,GTGGYNYA,3365
9966,59379,CASSQEGTYSYEQYF,SSPPMFRV,1,QEGTYSYE,3103
9967,59382,CTCSAGTGGYNYAEQFF,SSPPMFRV,1,GTGGYNYA,3365
9968,59383,CTCSSGTGGYNYAEQFF,SSPPMFRV,1,GTGGYNYA,3365
9969,59390,CTCSSGTGGFNYAEQFF,SSPPMFRV,1,GTGGFNYA,2226
9970,59392,CTCSSGTGGFNYAEQFF,SSPPMFRV,1,GTGGFNYA,2226
9971,59396,CTCSDGTGGYNYAEQFF,SSPPMFRV,1,GTGGYNYA,3365
9972,59397,CTCSAGTGGYNYAEQFF,SSPPMFRV,1,GTGGYNYA,3365
9973,59398,CTCSSGTGGFNYAEQFF,SSPPMFRV,1,GTGGFNYA,2226
9974,59399,CTCSAGTGGYNYAEQFF,SSPPMFRV,1,GTGGYNYA,3365
9975,59400,CTCSSGTGGFNYAEQFF,SSPPMFRV,1,GTGGFNYA,2226
9976,59401,CTCSDGTGGYNYAEQFF,SSPPMFRV,1,GTGGYNYA,3365
9977,59402,CGAIRDWGYEQYF,SSPPMFRV,1,IRDWGYEQ,5168
9978,59408,CTCSSGTGGYNYAEQFF,SSPPMFRV,1,GTGGYNYA,3365
9979,59409,CASSGGTGGYNYAEQFF,SSPPMFRV,1,GTGGYNYA,3365
9980,59410,CTCSAGTGGYNYAEQFF,SSPPMFRV,1,GTGGYNYA,3365
9981,59411,CTCSSGTGGFNYAEQFF,SSPPMFRV,1,GTGGFNYA,2226
9982,59412,CASSGGTGGYNYAEQFF,SSPPMFRV,1,GTGGYNYA,3365
9983,59413,CTCSDGTGGYNYAEQFF,SSPPMFRV,1,GTGGYNYA,3365
9984,59419,CTCSAGTGGYNYAEQFF,SSPPMFRV,1,GTGGYNYA,3365
9985,59420,CTCSDGTGGYNYAEQFF,SSPPMFRV,1,GTGGYNYA,3365
9986,59421,CASSGGTGGYNYAEQFF,SSPPMFRV,1,GTGGYNYA,3365
9987,59422,CASSPGTGGYNYAEQFF,SSPPMFRV,1,GTGGYNYA,3365
9988,59423,CTCSSGTGGFNYAEQFF,SSPPMFRV,1,GTGGFNYA,2226
9989,59425,CGARGDWGYAEQFF,SSPPMFRV,1,RGDWGYAE,1283
9990,59426,CTCSAGTGGYNYAEQFF,SSPPMFRV,1,GTGGYNYA,3365
9991,59433,CGARGDWGYAEQFF,SSPPMFRV,1,RGDWGYAE,1283
9992,59434,CTCSAGTGGYNYAEQFF,SSPPMFRV,1,GTGGYNYA,3365
9993,59439,CGARGDWGYAEQFF,SSPPMFRV,1,RGDWGYAE,1283
9994,59440,CTCSAGTGGYNYAEQFF,SSPPMFRV,1,GTGGYNYA,3365
9995,59442,CTCSTGTGGYNYAEQFF,SSPPMFRV,1,GTGGYNYA,3365
9996,59444,CASSQDEGWGYEQYF,SSPPMFRV,1,QDEGWGYE,2498
9997,59445,CGARGDWGYAEQFF,SSPPMFRV,1,RGDWGYAE,1283
9998,59446,CTCSAGTGGYNYAEQFF,SSPPMFRV,1,GTGGYNYA,3365
9999,59447,CTCSTGTGGYNYAEQFF,SSPPMFRV,1,GTGGYNYA,3365
10000,59452,CGARGDWGYAEQFF,SSPPMFRV,1,RGDWGYAE,1283
10001,59453,CTCSAGTGGYNYAEQFF,SSPPMFRV,1,GTGGYNYA,3365
10002,59456,CTCSTGTGGYNYAEQFF,SSPPMFRV,1,GTGGYNYA,3365
10003,59459,CTCSAGTGGYNYAEQFF,SSPPMFRV,1,GTGGYNYA,3365
10004,59460,CASSQDEGWGYEQYF,SSPPMFRV,1,QDEGWGYE,2498
10005,59461,CGARGDWGYAEQFF,SSPPMFRV,1,RGDWGYAE,1283
10006,59462,CTCSTGTGGYNYAEQFF,SSPPMFRV,1,GTGGYNYA,3365
10007,59467,CTCSAGTGGYNYAEQFF,SSPPMFRV,1,GTGGYNYA,3365
10008,59468,CASSAGTGGYNYAEQFF,SSPPMFRV,1,GTGGYNYA,3365
10009,59469,CASSYGTGGYNYAEQFF,SSPPMFRV,1,GTGGYNYA,3365
10010,59473,CASSDNWGYEQYF,SSPPMFRV,1,SDNWGYEQ,4814
10011,59474,CTCSAGTGGYNYAEQFF,SSPPMFRV,1,GTGGYNYA,3365
10012,59475,CASSAGTGGYNYAEQFF,SSPPMFRV,1,GTGGYNYA,3365
10013,59476,CTCSTGTGGYNYAEQFF,SSPPMFRV,1,GTGGYNYA,3365
10014,59477,CTCSAGTGGYNYAEQFF,SSPPMFRV,1,GTGGYNYA,3365
10015,59478,CASSAGTGGYNYAEQFF,SSPPMFRV,1,GTGGYNYA,3365
10016,59479,CASGDAGGGEQYF,SSPPMFRV,1,GDAGGGEQ,1243
10017,59484,CTCSAGTGGYNYAEQFF,SSPPMFRV,1,GTGGYNYA,3365
10018,59485,CTCSGGTGGFNYAEQFF,SSPPMFRV,1,GTGGFNYA,2226
10019,59491,CTCSAGTGGYNYAEQFF,SSPPMFRV,1,GTGGYNYA,3365
10020,59492,CASGDAGGGEQYF,SSPPMFRV,1,GDAGGGEQ,1243
10021,59493,CASSDNWGYEQYF,SSPPMFRV,1,SDNWGYEQ,4814
10022,59494,CASSYGTGGYNYAEQFF,SSPPMFRV,1,GTGGYNYA,3365
10023,59495,CASSAGTGGYNYAEQFF,SSPPMFRV,1,GTGGYNYA,3365
10024,59500,CASSAGTGGYNYAEQFF,SSPPMFRV,1,GTGGYNYA,3365
10025,59501,CTCSAGTGGYNYAEQFF,SSPPMFRV,1,GTGGYNYA,3365
10026,59502,CASSYGTGGYNYAEQFF,SSPPMFRV,1,GTGGYNYA,3365
10027,59503,CASSPGTGGYNYAEQFF,SSPPMFRV,1,GTGGYNYA,3365
10028,59504,CASGDAGGGEQYF,SSPPMFRV,1,GDAGGGEQ,1243
10029,59507,CASSSGTGDTQYF,RALEYKNL,1,SSGTGDTQ,2205
10030,59519,CASSSGTGDTQYF,RALEYKNL,1,SSGTGDTQ,2205
10031,59533,CASSSGTGDTQYF,RALEYKNL,1,SSGTGDTQ,2205
10032,59534,CASKTGDNYAEQFF,RALEYKNL,1,KTGDNYAE,4649
10033,59535,CASSRDAGNYAEQFF,RALEYKNL,1,RDAGNYAE,859
10034,59546,CASSSGTGDTQYF,RALEYKNL,1,SSGTGDTQ,2205
10035,59547,CASSLGGGNSDYTF,RALEYKNL,1,SLGGGNSD,1689
10036,59551,CASSSGTGDTQYF,RALEYKNL,1,SSGTGDTQ,2205
10037,59553,CASSSGTGDTQYF,RALEYKNL,1,SSGTGDTQ,2205
10038,59562,CASSLDSGPSYEQYF,RALEYKNL,1,LDSGPSYE,840
10039,59563,CASSSGTGDTQYF,RALEYKNL,1,SSGTGDTQ,2205
10040,59564,CASSSGTGDTQYF,RALEYKNL,1,SSGTGDTQ,2205
10041,59565,CASSLDSGPSYEQYF,RALEYKNL,1,LDSGPSYE,840
10042,59573,CASSSGTGDTQYF,RALEYKNL,1,SSGTGDTQ,2205
10043,59574,CASSLDSGPSYEQYF,RALEYKNL,1,LDSGPSYE,840
10044,59576,CASSSGTGDTQYF,RALEYKNL,1,SSGTGDTQ,2205
10045,59580,CASSSGTGDTQYF,RALEYKNL,1,SSGTGDTQ,2205
10046,59581,CASSLDSGPSYEQYF,RALEYKNL,1,LDSGPSYE,840
10047,59585,CASSSGTGDTQYF,RALEYKNL,1,SSGTGDTQ,2205
10048,59586,CASSLDSGPSYEQYF,RALEYKNL,1,LDSGPSYE,840
10049,59588,CASSLDSGDTEVFF,RALEYKNL,1,SLDSGDTE,375
10050,59589,CASRRQLSNERLFF,RALEYKNL,1,RRQLSNER,2801
10051,59590,CASSLGWLNSDYTF,RALEYKNL,1,SLGWLNSD,3143
10052,59591,CTCSGTGDTEVFF,RALEYKNL,1,SGTGDTEV,3288
10053,59592,CASRRTGGRDEQYF,RALEYKNL,1,RRTGGRDE,1116
10054,59593,CASSLNRMNAEQFF,RALEYKNL,1,SLNRMNAE,3984
10055,59594,CAWSLGGRGEQYF,RALEYKNL,1,SLGGRGEQ,4837
10056,59608,CASSLGWLNSDYTF,RALEYKNL,1,SLGWLNSD,3143
10057,59609,CASSLDSGDTEVFF,RALEYKNL,1,SLDSGDTE,375
10058,59610,CASSRDWGDYEQYF,RALEYKNL,1,SRDWGDYE,5634
10059,59611,CASSPGQGLFF,RALEYKNL,1,SSPGQGLF,3326
10060,59612,CASGDVQGDTLYF,RALEYKNL,1,GDVQGDTL,4445
10061,59613,CASSDTNTEVFF,RALEYKNL,1,SSDTNTEV,4711
10062,59614,CASSLAGGRQDTQYF,RALEYKNL,1,LAGGRQDT,2019
10063,59630,CASSLGWLNSDYTF,RALEYKNL,1,SLGWLNSD,3143
10064,59631,CASSLDSGDTEVFF,RALEYKNL,1,SLDSGDTE,375
10065,59632,CASSLTPGGGDTQYF,RALEYKNL,1,LTPGGGDT,476
10066,59636,CASSLGWLNSDYTF,RALEYKNL,1,SLGWLNSD,3143
10067,59637,CASSLDSGDTEVFF,RALEYKNL,1,SLDSGDTE,375
10068,59649,CASSLGWLNSDYTF,RALEYKNL,1,SLGWLNSD,3143
10069,59650,CASSNIAEQFF,RALEYKNL,1,SSNIAEQF,4324
10070,59651,CASSLDSGDTEVFF,RALEYKNL,1,SLDSGDTE,375
10071,59655,CASSLDSGDTEVFF,RALEYKNL,1,SLDSGDTE,375
10072,59656,CASSLRGATEVFF,RALEYKNL,1,SLRGATEV,5097
10073,59657,CASSLGWLNSDYTF,RALEYKNL,1,SLGWLNSD,3143
10074,59658,CASSLDSGDSDYTF,RALEYKNL,1,SLDSGDSD,2295
10075,59659,CASSLTGAYEQYF,RALEYKNL,1,SLTGAYEQ,270
10076,59672,CASSLTGAYEQYF,RALEYKNL,1,SLTGAYEQ,270
10077,59673,CASSLDSGDSDYTF,RALEYKNL,1,SLDSGDSD,2295
10078,59682,CASSLDSGDSDYTF,RALEYKNL,1,SLDSGDSD,2295
10079,59683,CASSLTGAYEQYF,RALEYKNL,1,SLTGAYEQ,270
10080,59702,CASSLGTGDTQYF,RALEYKNL,1,SLGTGDTQ,4516
10081,59708,CASSLDSGDSDYTF,RALEYKNL,1,SLDSGDSD,2295
10082,59709,CASSLTGAYEQYF,RALEYKNL,1,SLTGAYEQ,270
10083,59712,CASSLDSGDSDYTF,RALEYKNL,1,SLDSGDSD,2295
10084,59713,CASSLTGAYEQYF,RALEYKNL,1,SLTGAYEQ,270
10085,59834,CASSLDIEAFF,YLQPRTFLL,1,SSLDIEAF,240
10086,60613,CASSEVGVFEAFF,DATYQRTRALVR,1,SEVGVFEA,1224
10087,60614,CASSLGVNTEAFF,DATYQRTRALVR,1,SLGVNTEA,4988
10088,60636,CSFRDLSSYNEQFF,DATYQRTRALVR,1,RDLSSYNE,1356
10089,60637,CASSPALGDQETQYF,DATYQRTRALVR,1,PALGDQET,3061
10090,60638,CASRPGQHTGELFF,DATYQRTRALVR,1,RPGQHTGE,780
10091,60639,CSVEEGLQTGELFF,DATYQRTRALVR,1,EEGLQTGE,4724
10092,60640,CSAETGNTEAFF,DATYQRTRALVR,1,AETGNTEA,5384
10093,60641,CASSEVADYNEQFF,DATYQRTRALVR,1,SEVADYNE,4537
10094,60642,CASSLEGDTEAFF,DATYQRTRALVR,1,SLEGDTEA,5112
10095,60643,CASSEFQGDNEQFF,DATYQRTRALVR,1,SEFQGDNE,2200
10096,60644,CASSDGSFNEQFF,DATYQRTRALVR,1,SDGSFNEQ,2491
10097,60645,CASSVGDLLTGELFF,DATYQRTRALVR,1,VGDLLTGE,4799
10098,60646,CSAETGNTEAFF,DATYQRTRALVR,1,AETGNTEA,5384
10099,60647,CATSDLEGWTQYF,DATYQRTRALVR,1,SDLEGWTQ,332
10100,60648,CASSEVADYNEQFF,DATYQRTRALVR,1,SEVADYNE,4537
10101,60649,CANPPGSSYNEQFF,DATYQRTRALVR,1,PPGSSYNE,439
10102,60650,CSATRLAGGPTDTQYF,DATYQRTRALVR,1,RLAGGPTD,5256
10103,60651,CASSVALGNQETQYF,DATYQRTRALVR,1,VALGNQET,4935
10104,60652,CASSQAGSSYEQYF,DATYQRTRALVR,1,SQAGSSYE,788
10105,60653,CSAEQGNTEAFF,DATYQRTRALVR,1,AEQGNTEA,4524
10106,60654,CASSPGTGGNEQYF,DATYQRTRALVR,1,SPGTGGNE,3623
10107,60655,CASSLDLPGPEGETQYF,DATYQRTRALVR,1,DLPGPEGE,3857
10108,60657,CSAEDGNSPLHF,DATYQRTRALVR,1,AEDGNSPL,4062
10109,60659,CAWSPAGLAMYEQYF,DATYQRTRALVR,1,PAGLAMYE,461
10110,60662,CAWSPAGLAMYEQYF,DATYQRTRALVR,1,PAGLAMYE,461
10111,60663,CASSEAGGPGYEQYF,DATYQRTRALVR,1,EAGGPGYE,2996
10112,60664,CSVRDISTNEKLFF,DATYQRTRALVR,1,RDISTNEK,4824
10113,60665,CSAESGNTEAFF,DATYQRTRALVR,1,AESGNTEA,2055
10114,60671,CASSSPSGVYNEQFF,DATYQRTRALVR,1,SPSGVYNE,3046
10115,60672,CASSSPSGVYNEQFF,DATYQRTRALVR,1,SPSGVYNE,3046
10116,60715,CASSVDLKAGEEGEQFF,DATYQRTRALVR,1,DLKAGEEG,3751
