threshold,score,method,params,train_accuracy,train_recall,train_f1,test_accuracy,test_recall,test_f1,execution_time
0.09,321,spectral,{'n_clusters': 550},0.2899495632919178,0.2899495632919178,0.2428003849473031,0.176056338028169,0.176056338028169,0.0789253924325938,172.87393188476562
0.09,321,spectral,{'n_clusters': 500},0.2913027432648542,0.2913027432648542,0.23987997981098,0.176056338028169,0.176056338028169,0.0789253924325938,172.87393188476562
0.09,321,spectral,{'n_clusters': 494},0.2850289088448763,0.2850289088448763,0.226438497471922,0.176056338028169,0.176056338028169,0.0789253924325938,172.87393188476562
0.09,321,spectral,{'n_clusters': 450},0.2639931110837741,0.2639931110837741,0.2111034569402963,0.176056338028169,0.176056338028169,0.0789253924325938,172.87393188476562
0.09,321,spectral,{'n_clusters': 400},0.2595645220814368,0.2595645220814368,0.2025908956269741,0.176056338028169,0.176056338028169,0.0789253924325938,172.87393188476562
0.09,321,spectral,{'n_clusters': 350},0.2487390822979456,0.2487390822979456,0.1945642600797201,0.176056338028169,0.176056338028169,0.0789253924325938,172.87393188476562
0.09,321,spectral,{'n_clusters': 300},0.2456636732685447,0.2456636732685447,0.1840461986220465,0.176056338028169,0.176056338028169,0.0789253924325938,172.87393188476562
0.09,321,spectral,{'n_clusters': 250},0.2294255135933079,0.2294255135933079,0.1668326513439125,0.176056338028169,0.176056338028169,0.0789253924325938,172.87393188476562
0.09,321,spectral,{'n_clusters': 200},0.2168778447533522,0.2168778447533522,0.1454896829434488,0.176056338028169,0.176056338028169,0.0789253924325938,172.87393188476562
0.09,321,louvain,{},0.2018698486898757,0.2018698486898757,0.0943679857411561,0.176056338028169,0.176056338028169,0.0789253924325938,172.87393188476562
0.09,321,dbscan,"{'eps': 0.9, 'min_samples': 2}",0.1391315044900971,0.1391315044900971,0.033986551096825,0.176056338028169,0.176056338028169,0.0789253924325938,172.87393188476562
0.09,321,kmeans,{'n_clusters': 550},0.3732316398080945,0.3732316398080945,0.324805771498682,0.176056338028169,0.176056338028169,0.0789253924325938,172.87393188476562
0.09,321,kmeans,{'n_clusters': 500},0.3587157091893221,0.3587157091893221,0.3032812448533895,0.176056338028169,0.176056338028169,0.0789253924325938,172.87393188476562
0.09,321,kmeans,{'n_clusters': 494},0.361668101857547,0.361668101857547,0.3127436121060025,0.176056338028169,0.176056338028169,0.0789253924325938,172.87393188476562
0.09,321,kmeans,{'n_clusters': 450},0.3498585311846475,0.3498585311846475,0.2987508060768552,0.176056338028169,0.176056338028169,0.0789253924325938,172.87393188476562
0.09,321,kmeans,{'n_clusters': 400},0.3443227949317259,0.3443227949317259,0.2889417453729528,0.176056338028169,0.176056338028169,0.0789253924325938,172.87393188476562
0.09,321,kmeans,{'n_clusters': 350},0.3223028662812154,0.3223028662812154,0.266060252342881,0.176056338028169,0.176056338028169,0.0789253924325938,172.87393188476562
0.09,321,kmeans,{'n_clusters': 300},0.3112313937753721,0.3112313937753721,0.2517077829132141,0.176056338028169,0.176056338028169,0.0789253924325938,172.87393188476562
0.09,321,kmeans,{'n_clusters': 250},0.2901955960142699,0.2901955960142699,0.2323358641879163,0.176056338028169,0.176056338028169,0.0789253924325938,172.87393188476562
0.09,321,kmeans,{'n_clusters': 200},0.2744495017837372,0.2744495017837372,0.2076344941660571,0.176056338028169,0.176056338028169,0.0789253924325938,172.87393188476562
0.09,321,label_propagation,{'seed': 0},0.1711157583958666,0.1711157583958666,0.0670996950320763,0.176056338028169,0.176056338028169,0.0789253924325938,172.87393188476562
0.09,321,label_propagation,{'seed': 1},0.1732070365358592,0.1732070365358592,0.0681633493844476,0.176056338028169,0.176056338028169,0.0789253924325938,172.87393188476562
0.09,321,label_propagation,{'seed': 2},0.1727149710911551,0.1727149710911551,0.0631653129459313,0.176056338028169,0.176056338028169,0.0789253924325938,172.87393188476562
0.09,3,spectral,{'n_clusters': 250},0.5473588342440802,0.5473588342440802,0.4876010027982194,0.3473053892215569,0.3473053892215569,0.2397289787670317,4.005197286605835
0.09,3,spectral,{'n_clusters': 200},0.5072859744990893,0.5072859744990893,0.4310672252506053,0.3473053892215569,0.3473053892215569,0.2397289787670317,4.005197286605835
0.09,3,spectral,{'n_clusters': 199},0.494535519125683,0.494535519125683,0.4234112778969959,0.3473053892215569,0.3473053892215569,0.2397289787670317,4.005197286605835
0.09,3,spectral,{'n_clusters': 190},0.4890710382513661,0.4890710382513661,0.4186052663021737,0.3473053892215569,0.3473053892215569,0.2397289787670317,4.005197286605835
0.09,3,spectral,{'n_clusters': 180},0.4872495446265938,0.4872495446265938,0.4185823317374666,0.3473053892215569,0.3473053892215569,0.2397289787670317,4.005197286605835
0.09,3,spectral,{'n_clusters': 170},0.4790528233151184,0.4790528233151184,0.4101856319709434,0.3473053892215569,0.3473053892215569,0.2397289787670317,4.005197286605835
0.09,3,spectral,{'n_clusters': 160},0.4608378870673952,0.4608378870673952,0.3877224256847356,0.3473053892215569,0.3473053892215569,0.2397289787670317,4.005197286605835
0.09,3,spectral,{'n_clusters': 150},0.4544626593806922,0.4544626593806922,0.3828824334202463,0.3473053892215569,0.3473053892215569,0.2397289787670317,4.005197286605835
0.09,3,spectral,{'n_clusters': 140},0.4307832422586521,0.4307832422586521,0.3464869436133714,0.3473053892215569,0.3473053892215569,0.2397289787670317,4.005197286605835
0.09,3,spectral,{'n_clusters': 130},0.4234972677595628,0.4234972677595628,0.3419372079516322,0.3473053892215569,0.3473053892215569,0.2397289787670317,4.005197286605835
0.09,3,spectral,{'n_clusters': 120},0.4016393442622951,0.4016393442622951,0.3196552062817994,0.3473053892215569,0.3473053892215569,0.2397289787670317,4.005197286605835
0.09,3,spectral,{'n_clusters': 110},0.4052823315118397,0.4052823315118397,0.3246138759777185,0.3473053892215569,0.3473053892215569,0.2397289787670317,4.005197286605835
0.09,3,spectral,{'n_clusters': 100},0.3888888888888889,0.3888888888888889,0.3025288889745806,0.3473053892215569,0.3473053892215569,0.2397289787670317,4.005197286605835
0.09,3,louvain,{},0.2932604735883424,0.2932604735883424,0.1665007890755021,0.3473053892215569,0.3473053892215569,0.2397289787670317,4.005197286605835
0.09,3,dbscan,"{'eps': 0.9, 'min_samples': 2}",0.2704918032786885,0.2704918032786885,0.1151771549444738,0.3473053892215569,0.3473053892215569,0.2397289787670317,4.005197286605835
0.09,3,kmeans,{'n_clusters': 250},0.5364298724954463,0.5364298724954463,0.4826298575012187,0.3473053892215569,0.3473053892215569,0.2397289787670317,4.005197286605835
0.09,3,kmeans,{'n_clusters': 200},0.4872495446265938,0.4872495446265938,0.4195911483031875,0.3473053892215569,0.3473053892215569,0.2397289787670317,4.005197286605835
0.09,3,kmeans,{'n_clusters': 199},0.4954462659380692,0.4954462659380692,0.4326120804230164,0.3473053892215569,0.3473053892215569,0.2397289787670317,4.005197286605835
0.09,3,kmeans,{'n_clusters': 190},0.4845173041894353,0.4845173041894353,0.417246402424893,0.3473053892215569,0.3473053892215569,0.2397289787670317,4.005197286605835
0.09,3,kmeans,{'n_clusters': 180},0.4717668488160291,0.4717668488160291,0.4010052564502522,0.3473053892215569,0.3473053892215569,0.2397289787670317,4.005197286605835
0.09,3,kmeans,{'n_clusters': 170},0.4744990892531876,0.4744990892531876,0.4046356918755303,0.3473053892215569,0.3473053892215569,0.2397289787670317,4.005197286605835
0.09,3,kmeans,{'n_clusters': 160},0.4517304189435337,0.4517304189435337,0.3640275256975628,0.3473053892215569,0.3473053892215569,0.2397289787670317,4.005197286605835
0.09,3,kmeans,{'n_clusters': 150},0.4508196721311475,0.4508196721311475,0.3741754532375954,0.3473053892215569,0.3473053892215569,0.2397289787670317,4.005197286605835
0.09,3,kmeans,{'n_clusters': 140},0.4408014571948998,0.4408014571948998,0.364194567679097,0.3473053892215569,0.3473053892215569,0.2397289787670317,4.005197286605835
0.09,3,kmeans,{'n_clusters': 130},0.4316939890710382,0.4316939890710382,0.357757978997721,0.3473053892215569,0.3473053892215569,0.2397289787670317,4.005197286605835
0.09,3,kmeans,{'n_clusters': 120},0.4007285974499089,0.4007285974499089,0.3318004962210233,0.3473053892215569,0.3473053892215569,0.2397289787670317,4.005197286605835
0.09,3,kmeans,{'n_clusters': 110},0.4016393442622951,0.4016393442622951,0.3039472032523783,0.3473053892215569,0.3473053892215569,0.2397289787670317,4.005197286605835
0.09,3,kmeans,{'n_clusters': 100},0.3843351548269581,0.3843351548269581,0.2941901320506925,0.3473053892215569,0.3473053892215569,0.2397289787670317,4.005197286605835
0.09,3,label_propagation,{'seed': 0},0.3806921675774135,0.3806921675774135,0.2963738117537217,0.3473053892215569,0.3473053892215569,0.2397289787670317,4.005197286605835
0.09,3,label_propagation,{'seed': 1},0.3825136612021858,0.3825136612021858,0.3011731265441124,0.3473053892215569,0.3473053892215569,0.2397289787670317,4.005197286605835
0.09,3,label_propagation,{'seed': 2},0.3825136612021858,0.3825136612021858,0.2973722330567706,0.3473053892215569,0.3473053892215569,0.2397289787670317,4.005197286605835
0.09,32,spectral,{'n_clusters': 500},0.3847944142746315,0.3847944142746315,0.3561753715543999,0.2248520710059171,0.2248520710059171,0.102246639797942,28.12924027442932
0.09,32,spectral,{'n_clusters': 450},0.3712179984484096,0.3712179984484096,0.3500731282458548,0.2248520710059171,0.2248520710059171,0.102246639797942,28.12924027442932
0.09,32,spectral,{'n_clusters': 411},0.3487199379363848,0.3487199379363848,0.3180368714892075,0.2248520710059171,0.2248520710059171,0.102246639797942,28.12924027442932
0.09,32,spectral,{'n_clusters': 400},0.3425135764158262,0.3425135764158262,0.3060252351631229,0.2248520710059171,0.2248520710059171,0.102246639797942,28.12924027442932
0.09,32,spectral,{'n_clusters': 350},0.3332040341349883,0.3332040341349883,0.2933544509214125,0.2248520710059171,0.2248520710059171,0.102246639797942,28.12924027442932
0.09,32,spectral,{'n_clusters': 300},0.2979053529868115,0.2979053529868115,0.252370559435094,0.2248520710059171,0.2248520710059171,0.102246639797942,28.12924027442932
0.09,32,spectral,{'n_clusters': 250},0.2967416602017067,0.2967416602017067,0.2543110272422916,0.2248520710059171,0.2248520710059171,0.102246639797942,28.12924027442932
0.09,32,spectral,{'n_clusters': 200},0.273855702094647,0.273855702094647,0.2231740471332472,0.2248520710059171,0.2248520710059171,0.102246639797942,28.12924027442932
0.09,32,louvain,{},0.1640806826997672,0.1640806826997672,0.0789677370451612,0.2248520710059171,0.2248520710059171,0.102246639797942,28.12924027442932
0.09,32,dbscan,"{'eps': 0.9, 'min_samples': 2}",0.1330488750969744,0.1330488750969744,0.0312466717961398,0.2248520710059171,0.2248520710059171,0.102246639797942,28.12924027442932
0.09,32,kmeans,{'n_clusters': 500},0.4363847944142746,0.4363847944142746,0.3807854046061148,0.2248520710059171,0.2248520710059171,0.102246639797942,28.12924027442932
0.09,32,kmeans,{'n_clusters': 450},0.4158262218774243,0.4158262218774243,0.3589842938420812,0.2248520710059171,0.2248520710059171,0.102246639797942,28.12924027442932
0.09,32,kmeans,{'n_clusters': 411},0.3979829325058184,0.3979829325058184,0.3457640937298927,0.2248520710059171,0.2248520710059171,0.102246639797942,28.12924027442932
0.09,32,kmeans,{'n_clusters': 400},0.3921644685802948,0.3921644685802948,0.3384335732231998,0.2248520710059171,0.2248520710059171,0.102246639797942,28.12924027442932
0.09,32,kmeans,{'n_clusters': 350},0.3673390224980605,0.3673390224980605,0.3069677478738872,0.2248520710059171,0.2248520710059171,0.102246639797942,28.12924027442932
0.09,32,kmeans,{'n_clusters': 300},0.3498836307214895,0.3498836307214895,0.2836373795732168,0.2248520710059171,0.2248520710059171,0.102246639797942,28.12924027442932
0.09,32,kmeans,{'n_clusters': 250},0.3107059736229635,0.3107059736229635,0.2399493180869777,0.2248520710059171,0.2248520710059171,0.102246639797942,28.12924027442932
0.09,32,kmeans,{'n_clusters': 200},0.286656322730799,0.286656322730799,0.2179128968865529,0.2248520710059171,0.2248520710059171,0.102246639797942,28.12924027442932
0.09,32,label_propagation,{'seed': 0},0.1927851047323506,0.1927851047323506,0.1179856980562666,0.2248520710059171,0.2248520710059171,0.102246639797942,28.12924027442932
0.09,32,label_propagation,{'seed': 1},0.1602017067494181,0.1602017067494181,0.0735166952813642,0.2248520710059171,0.2248520710059171,0.102246639797942,28.12924027442932
0.09,32,label_propagation,{'seed': 2},0.2071373157486423,0.2071373157486423,0.1197245440918652,0.2248520710059171,0.2248520710059171,0.102246639797942,28.12924027442932
0.15,3,spectral,{'n_clusters': 250},0.5422974176313446,0.5422974176313446,0.4931174924436936,0.2783171521035599,0.2783171521035599,0.191057690985901,206.28722643852237
0.15,3,spectral,{'n_clusters': 200},0.4737310774710596,0.4737310774710596,0.4125259573190368,0.2783171521035599,0.2783171521035599,0.191057690985901,206.28722643852237
0.15,3,spectral,{'n_clusters': 199},0.4772929652715939,0.4772929652715939,0.4130724071715737,0.2783171521035599,0.2783171521035599,0.191057690985901,206.28722643852237
0.15,3,spectral,{'n_clusters': 190},0.4683882457702582,0.4683882457702582,0.4128957497953027,0.2783171521035599,0.2783171521035599,0.191057690985901,206.28722643852237
0.15,3,spectral,{'n_clusters': 180},0.4461264470169189,0.4461264470169189,0.3755244526873846,0.2783171521035599,0.2783171521035599,0.191057690985901,206.28722643852237
0.15,3,spectral,{'n_clusters': 170},0.4416740872662511,0.4416740872662511,0.3709676411857683,0.2783171521035599,0.2783171521035599,0.191057690985901,206.28722643852237
0.15,3,spectral,{'n_clusters': 160},0.4390026714158504,0.4390026714158504,0.3793476096421475,0.2783171521035599,0.2783171521035599,0.191057690985901,206.28722643852237
0.15,3,spectral,{'n_clusters': 150},0.4256455921638468,0.4256455921638468,0.3551772452641879,0.2783171521035599,0.2783171521035599,0.191057690985901,206.28722643852237
0.15,3,spectral,{'n_clusters': 140},0.4122885129118432,0.4122885129118432,0.330733470236365,0.2783171521035599,0.2783171521035599,0.191057690985901,206.28722643852237
0.15,3,spectral,{'n_clusters': 130},0.4105075690115761,0.4105075690115761,0.3291155017628831,0.2783171521035599,0.2783171521035599,0.191057690985901,206.28722643852237
0.15,3,spectral,{'n_clusters': 120},0.4158504007123775,0.4158504007123775,0.3354755272317564,0.2783171521035599,0.2783171521035599,0.191057690985901,206.28722643852237
0.15,3,spectral,{'n_clusters': 110},0.3811219946571683,0.3811219946571683,0.2850967203867529,0.2783171521035599,0.2783171521035599,0.191057690985901,206.28722643852237
0.15,3,spectral,{'n_clusters': 100},0.396260017809439,0.396260017809439,0.30907906297331,0.2783171521035599,0.2783171521035599,0.191057690985901,206.28722643852237
0.15,3,louvain,{},0.2876224398931433,0.2876224398931433,0.1471589955441523,0.2783171521035599,0.2783171521035599,0.191057690985901,206.28722643852237
0.15,3,dbscan,"{'eps': 0.9, 'min_samples': 2}",0.2822796081923419,0.2822796081923419,0.1242814386069061,0.2783171521035599,0.2783171521035599,0.191057690985901,206.28722643852237
0.15,3,kmeans,{'n_clusters': 250},0.5699020480854853,0.5699020480854853,0.5156636320980429,0.2783171521035599,0.2783171521035599,0.191057690985901,206.28722643852237
0.15,3,kmeans,{'n_clusters': 200},0.5164737310774711,0.5164737310774711,0.4479403261592838,0.2783171521035599,0.2783171521035599,0.191057690985901,206.28722643852237
0.15,3,kmeans,{'n_clusters': 199},0.5200356188780053,0.5200356188780053,0.4558112219441442,0.2783171521035599,0.2783171521035599,0.191057690985901,206.28722643852237
0.15,3,kmeans,{'n_clusters': 190},0.5048975957257347,0.5048975957257347,0.4295038389584469,0.2783171521035599,0.2783171521035599,0.191057690985901,206.28722643852237
0.15,3,kmeans,{'n_clusters': 180},0.4853072128227961,0.4853072128227961,0.4204756154219761,0.2783171521035599,0.2783171521035599,0.191057690985901,206.28722643852237
0.15,3,kmeans,{'n_clusters': 170},0.4826357969723954,0.4826357969723954,0.4090411703292913,0.2783171521035599,0.2783171521035599,0.191057690985901,206.28722643852237
0.15,3,kmeans,{'n_clusters': 160},0.4746215494211932,0.4746215494211932,0.4008433360227812,0.2783171521035599,0.2783171521035599,0.191057690985901,206.28722643852237
0.15,3,kmeans,{'n_clusters': 150},0.4764024933214604,0.4764024933214604,0.4073587354323462,0.2783171521035599,0.2783171521035599,0.191057690985901,206.28722643852237
0.15,3,kmeans,{'n_clusters': 140},0.4559216384683882,0.4559216384683882,0.379083360616903,0.2783171521035599,0.2783171521035599,0.191057690985901,206.28722643852237
0.15,3,kmeans,{'n_clusters': 130},0.4470169189670525,0.4470169189670525,0.366480372357127,0.2783171521035599,0.2783171521035599,0.191057690985901,206.28722643852237
0.15,3,kmeans,{'n_clusters': 120},0.4363312555654497,0.4363312555654497,0.3624045920076981,0.2783171521035599,0.2783171521035599,0.191057690985901,206.28722643852237
0.15,3,kmeans,{'n_clusters': 110},0.4247551202137132,0.4247551202137132,0.3417359031077011,0.2783171521035599,0.2783171521035599,0.191057690985901,206.28722643852237
0.15,3,kmeans,{'n_clusters': 100},0.4176313446126447,0.4176313446126447,0.3399870633855016,0.2783171521035599,0.2783171521035599,0.191057690985901,206.28722643852237
0.15,3,label_propagation,{'seed': 0},0.2822796081923419,0.2822796081923419,0.1242814386069061,0.2783171521035599,0.2783171521035599,0.191057690985901,206.28722643852237
0.15,3,label_propagation,{'seed': 1},0.2822796081923419,0.2822796081923419,0.1242814386069061,0.2783171521035599,0.2783171521035599,0.191057690985901,206.28722643852237
0.15,3,label_propagation,{'seed': 2},0.2822796081923419,0.2822796081923419,0.1242814386069061,0.2783171521035599,0.2783171521035599,0.191057690985901,206.28722643852237
0.15,32,spectral,{'n_clusters': 500},0.3863981762917933,0.3863981762917933,0.3666150412560353,0.1929260450160771,0.1929260450160771,0.1040017034231578,143.8631501197815
0.15,32,spectral,{'n_clusters': 450},0.3598024316109423,0.3598024316109423,0.3390818675288274,0.1929260450160771,0.1929260450160771,0.1040017034231578,143.8631501197815
0.15,32,spectral,{'n_clusters': 411},0.3434650455927052,0.3434650455927052,0.3230048996449993,0.1929260450160771,0.1929260450160771,0.1040017034231578,143.8631501197815
0.15,32,spectral,{'n_clusters': 400},0.3328267477203647,0.3328267477203647,0.3097446611557228,0.1929260450160771,0.1929260450160771,0.1040017034231578,143.8631501197815
0.15,32,spectral,{'n_clusters': 350},0.3294072948328267,0.3294072948328267,0.2935530419230657,0.1929260450160771,0.1929260450160771,0.1040017034231578,143.8631501197815
0.15,32,spectral,{'n_clusters': 300},0.3020516717325228,0.3020516717325228,0.2679188044217238,0.1929260450160771,0.1929260450160771,0.1040017034231578,143.8631501197815
0.15,32,spectral,{'n_clusters': 250},0.2841945288753799,0.2841945288753799,0.2392512226831321,0.1929260450160771,0.1929260450160771,0.1040017034231578,143.8631501197815
0.15,32,spectral,{'n_clusters': 200},0.2492401215805471,0.2492401215805471,0.198455661585983,0.1929260450160771,0.1929260450160771,0.1040017034231578,143.8631501197815
0.15,32,louvain,{},0.1580547112462006,0.1580547112462006,0.0482069117142499,0.1929260450160771,0.1929260450160771,0.1040017034231578,143.8631501197815
0.15,32,dbscan,"{'eps': 0.9, 'min_samples': 2}",0.1443768996960486,0.1443768996960486,0.0364297622075023,0.1929260450160771,0.1929260450160771,0.1040017034231578,143.8631501197815
0.15,32,kmeans,{'n_clusters': 500},0.4384498480243161,0.4384498480243161,0.3813673843705737,0.1929260450160771,0.1929260450160771,0.1040017034231578,143.8631501197815
0.15,32,kmeans,{'n_clusters': 450},0.4156534954407295,0.4156534954407295,0.3585651429735276,0.1929260450160771,0.1929260450160771,0.1040017034231578,143.8631501197815
0.15,32,kmeans,{'n_clusters': 411},0.4076747720364742,0.4076747720364742,0.3525655066601604,0.1929260450160771,0.1929260450160771,0.1040017034231578,143.8631501197815
0.15,32,kmeans,{'n_clusters': 400},0.4019756838905775,0.4019756838905775,0.341083215272133,0.1929260450160771,0.1929260450160771,0.1040017034231578,143.8631501197815
0.15,32,kmeans,{'n_clusters': 350},0.3731003039513678,0.3731003039513678,0.3111196847533223,0.1929260450160771,0.1929260450160771,0.1040017034231578,143.8631501197815
0.15,32,kmeans,{'n_clusters': 300},0.3472644376899696,0.3472644376899696,0.2872851346953138,0.1929260450160771,0.1929260450160771,0.1040017034231578,143.8631501197815
0.15,32,kmeans,{'n_clusters': 250},0.3233282674772036,0.3233282674772036,0.2596018403738961,0.1929260450160771,0.1929260450160771,0.1040017034231578,143.8631501197815
0.15,32,kmeans,{'n_clusters': 200},0.2967325227963526,0.2967325227963526,0.2284930414529296,0.1929260450160771,0.1929260450160771,0.1040017034231578,143.8631501197815
0.15,32,label_propagation,{'seed': 0},0.1443768996960486,0.1443768996960486,0.0364297622075023,0.1929260450160771,0.1929260450160771,0.1040017034231578,143.8631501197815
0.15,32,label_propagation,{'seed': 1},0.1443768996960486,0.1443768996960486,0.0364297622075023,0.1929260450160771,0.1929260450160771,0.1040017034231578,143.8631501197815
0.15,32,label_propagation,{'seed': 2},0.1443768996960486,0.1443768996960486,0.0364297622075023,0.1929260450160771,0.1929260450160771,0.1040017034231578,143.8631501197815
0.1,321,spectral,{'n_clusters': 550},0.275082893282574,0.275082893282574,0.2335423210854754,0.1752786220871327,0.1752786220871327,0.0763834003788428,221.4860074520111
0.1,321,spectral,{'n_clusters': 500},0.2675917966351467,0.2675917966351467,0.2191732603831763,0.1752786220871327,0.1752786220871327,0.0763834003788428,221.4860074520111
0.1,321,spectral,{'n_clusters': 494},0.2603463097138647,0.2603463097138647,0.2109498197273584,0.1752786220871327,0.1752786220871327,0.0763834003788428,221.4860074520111
0.1,321,spectral,{'n_clusters': 450},0.2528552130664374,0.2528552130664374,0.2050148207406325,0.1752786220871327,0.1752786220871327,0.0763834003788428,221.4860074520111
0.1,321,spectral,{'n_clusters': 400},0.2700478938965983,0.2700478938965983,0.2166707798587697,0.1752786220871327,0.1752786220871327,0.0763834003788428,221.4860074520111
0.1,321,spectral,{'n_clusters': 350},0.2426624094314134,0.2426624094314134,0.1864180873874571,0.1752786220871327,0.1752786220871327,0.0763834003788428,221.4860074520111
0.1,321,spectral,{'n_clusters': 300},0.2533464325187277,0.2533464325187277,0.1873896361549864,0.1752786220871327,0.1752786220871327,0.0763834003788428,221.4860074520111
0.1,321,spectral,{'n_clusters': 250},0.2421711899791231,0.2421711899791231,0.180465160921376,0.1752786220871327,0.1752786220871327,0.0763834003788428,221.4860074520111
0.1,321,spectral,{'n_clusters': 200},0.2413115559376151,0.2413115559376151,0.1683214579541673,0.1752786220871327,0.1752786220871327,0.0763834003788428,221.4860074520111
0.1,321,louvain,{},0.2013999754390273,0.2013999754390273,0.1058997068413065,0.1752786220871327,0.1752786220871327,0.0763834003788428,221.4860074520111
0.1,321,dbscan,"{'eps': 0.9, 'min_samples': 2}",0.137541446641287,0.137541446641287,0.0332605894933048,0.1752786220871327,0.1752786220871327,0.0763834003788428,221.4860074520111
0.1,321,kmeans,{'n_clusters': 550},0.3732039788775635,0.3732039788775635,0.3217369048867382,0.1752786220871327,0.1752786220871327,0.0763834003788428,221.4860074520111
0.1,321,kmeans,{'n_clusters': 500},0.3626427606533218,0.3626427606533218,0.3106610749987188,0.1752786220871327,0.1752786220871327,0.0763834003788428,221.4860074520111
0.1,321,kmeans,{'n_clusters': 494},0.3615375168856686,0.3615375168856686,0.3106634162676903,0.1752786220871327,0.1752786220871327,0.0763834003788428,221.4860074520111
0.1,321,kmeans,{'n_clusters': 450},0.3415203242048385,0.3415203242048385,0.2910733073847737,0.1752786220871327,0.1752786220871327,0.0763834003788428,221.4860074520111
0.1,321,kmeans,{'n_clusters': 400},0.3378361783126611,0.3378361783126611,0.2820963013079804,0.1752786220871327,0.1752786220871327,0.0763834003788428,221.4860074520111
0.1,321,kmeans,{'n_clusters': 350},0.3253100822792583,0.3253100822792583,0.2715166655287467,0.1752786220871327,0.1752786220871327,0.0763834003788428,221.4860074520111
0.1,321,kmeans,{'n_clusters': 300},0.3048016701461378,0.3048016701461378,0.2444076498370408,0.1752786220871327,0.1752786220871327,0.0763834003788428,221.4860074520111
0.1,321,kmeans,{'n_clusters': 250},0.3007491096647427,0.3007491096647427,0.2382041113108143,0.1752786220871327,0.1752786220871327,0.0763834003788428,221.4860074520111
0.1,321,kmeans,{'n_clusters': 200},0.2758197224610094,0.2758197224610094,0.2106867304062147,0.1752786220871327,0.1752786220871327,0.0763834003788428,221.4860074520111
0.1,321,label_propagation,{'seed': 0},0.1565762004175365,0.1565762004175365,0.047998681158853,0.1752786220871327,0.1752786220871327,0.0763834003788428,221.4860074520111
0.1,321,label_propagation,{'seed': 1},0.1565762004175365,0.1565762004175365,0.047998681158853,0.1752786220871327,0.1752786220871327,0.0763834003788428,221.4860074520111
0.1,321,label_propagation,{'seed': 2},0.1565762004175365,0.1565762004175365,0.0486785949046202,0.1752786220871327,0.1752786220871327,0.0763834003788428,221.4860074520111
0.1,3,spectral,{'n_clusters': 250},0.5430346051464063,0.5430346051464063,0.4870489597610293,0.3147540983606557,0.3147540983606557,0.1814868365973141,7.71320652961731
0.1,3,spectral,{'n_clusters': 200},0.4960070984915705,0.4960070984915705,0.438966790339128,0.3147540983606557,0.3147540983606557,0.1814868365973141,7.71320652961731
0.1,3,spectral,{'n_clusters': 199},0.4906832298136646,0.4906832298136646,0.4289500742265666,0.3147540983606557,0.3147540983606557,0.1814868365973141,7.71320652961731
0.1,3,spectral,{'n_clusters': 190},0.4906832298136646,0.4906832298136646,0.4307208270646465,0.3147540983606557,0.3147540983606557,0.1814868365973141,7.71320652961731
0.1,3,spectral,{'n_clusters': 180},0.4702750665483585,0.4702750665483585,0.4130500988965362,0.3147540983606557,0.3147540983606557,0.1814868365973141,7.71320652961731
0.1,3,spectral,{'n_clusters': 170},0.4658385093167702,0.4658385093167702,0.4035199401470163,0.3147540983606557,0.3147540983606557,0.1814868365973141,7.71320652961731
0.1,3,spectral,{'n_clusters': 160},0.4374445430346051,0.4374445430346051,0.3649843243060017,0.3147540983606557,0.3147540983606557,0.1814868365973141,7.71320652961731
0.1,3,spectral,{'n_clusters': 150},0.4587400177462289,0.4587400177462289,0.391302298566401,0.3147540983606557,0.3147540983606557,0.1814868365973141,7.71320652961731
0.1,3,spectral,{'n_clusters': 140},0.4303460514640639,0.4303460514640639,0.3555405348721706,0.3147540983606557,0.3147540983606557,0.1814868365973141,7.71320652961731
0.1,3,spectral,{'n_clusters': 130},0.448092280390417,0.448092280390417,0.3726370765788179,0.3147540983606557,0.3147540983606557,0.1814868365973141,7.71320652961731
0.1,3,spectral,{'n_clusters': 120},0.4303460514640639,0.4303460514640639,0.3518264341973783,0.3147540983606557,0.3147540983606557,0.1814868365973141,7.71320652961731
0.1,3,spectral,{'n_clusters': 110},0.4134871339840284,0.4134871339840284,0.3392189769562601,0.3147540983606557,0.3147540983606557,0.1814868365973141,7.71320652961731
0.1,3,spectral,{'n_clusters': 100},0.4037267080745341,0.4037267080745341,0.3195477451168158,0.3147540983606557,0.3147540983606557,0.1814868365973141,7.71320652961731
0.1,3,louvain,{},0.2839396628216504,0.2839396628216504,0.1851667257663468,0.3147540983606557,0.3147540983606557,0.1814868365973141,7.71320652961731
0.1,3,dbscan,"{'eps': 0.9, 'min_samples': 2}",0.2697426796805678,0.2697426796805678,0.1146076514645599,0.3147540983606557,0.3147540983606557,0.1814868365973141,7.71320652961731
0.1,3,kmeans,{'n_clusters': 250},0.5785270629991127,0.5785270629991127,0.5208541468542123,0.3147540983606557,0.3147540983606557,0.1814868365973141,7.71320652961731
0.1,3,kmeans,{'n_clusters': 200},0.5119787045252884,0.5119787045252884,0.4494134094619186,0.3147540983606557,0.3147540983606557,0.1814868365973141,7.71320652961731
0.1,3,kmeans,{'n_clusters': 199},0.5341614906832298,0.5341614906832298,0.4636610922892314,0.3147540983606557,0.3147540983606557,0.1814868365973141,7.71320652961731
0.1,3,kmeans,{'n_clusters': 190},0.5039929015084295,0.5039929015084295,0.4388005041692403,0.3147540983606557,0.3147540983606557,0.1814868365973141,7.71320652961731
0.1,3,kmeans,{'n_clusters': 180},0.4906832298136646,0.4906832298136646,0.4127572958114319,0.3147540983606557,0.3147540983606557,0.1814868365973141,7.71320652961731
0.1,3,kmeans,{'n_clusters': 170},0.4906832298136646,0.4906832298136646,0.4331670215302043,0.3147540983606557,0.3147540983606557,0.1814868365973141,7.71320652961731
0.1,3,kmeans,{'n_clusters': 160},0.4800354924578527,0.4800354924578527,0.4223050646649099,0.3147540983606557,0.3147540983606557,0.1814868365973141,7.71320652961731
0.1,3,kmeans,{'n_clusters': 150},0.4605146406388642,0.4605146406388642,0.3866957199826787,0.3147540983606557,0.3147540983606557,0.1814868365973141,7.71320652961731
0.1,3,kmeans,{'n_clusters': 140},0.4472049689440994,0.4472049689440994,0.3709271512773801,0.3147540983606557,0.3147540983606557,0.1814868365973141,7.71320652961731
0.1,3,kmeans,{'n_clusters': 130},0.4409937888198758,0.4409937888198758,0.3670927425568601,0.3147540983606557,0.3147540983606557,0.1814868365973141,7.71320652961731
0.1,3,kmeans,{'n_clusters': 120},0.4365572315882874,0.4365572315882874,0.353277889048674,0.3147540983606557,0.3147540983606557,0.1814868365973141,7.71320652961731
0.1,3,kmeans,{'n_clusters': 110},0.419698314108252,0.419698314108252,0.3485276439640771,0.3147540983606557,0.3147540983606557,0.1814868365973141,7.71320652961731
0.1,3,kmeans,{'n_clusters': 100},0.4010647737355812,0.4010647737355812,0.331299987409177,0.3147540983606557,0.3147540983606557,0.1814868365973141,7.71320652961731
0.1,3,label_propagation,{'seed': 0},0.3025732031943212,0.3025732031943212,0.1841430209329688,0.3147540983606557,0.3147540983606557,0.1814868365973141,7.71320652961731
0.1,3,label_propagation,{'seed': 1},0.3114463176574978,0.3114463176574978,0.2271163726218965,0.3147540983606557,0.3147540983606557,0.1814868365973141,7.71320652961731
0.1,3,label_propagation,{'seed': 2},0.3203194321206744,0.3203194321206744,0.2160418145555678,0.3147540983606557,0.3147540983606557,0.1814868365973141,7.71320652961731
0.1,32,spectral,{'n_clusters': 500},0.3997700268302031,0.3997700268302031,0.3783074226883101,0.1736434108527131,0.1736434108527131,0.0906169664884063,34.88474106788635
0.1,32,spectral,{'n_clusters': 450},0.3840551935607512,0.3840551935607512,0.3518272064156986,0.1736434108527131,0.1736434108527131,0.0906169664884063,34.88474106788635
0.1,32,spectral,{'n_clusters': 411},0.3664239172096589,0.3664239172096589,0.3395391905082028,0.1736434108527131,0.1736434108527131,0.0906169664884063,34.88474106788635
0.1,32,spectral,{'n_clusters': 400},0.3453430433116136,0.3453430433116136,0.3131951038690051,0.1736434108527131,0.1736434108527131,0.0906169664884063,34.88474106788635
0.1,32,spectral,{'n_clusters': 350},0.3553085473361441,0.3553085473361441,0.3236074019464602,0.1736434108527131,0.1736434108527131,0.0906169664884063,34.88474106788635
0.1,32,spectral,{'n_clusters': 300},0.3384438482177079,0.3384438482177079,0.3002010684468548,0.1736434108527131,0.1736434108527131,0.0906169664884063,34.88474106788635
0.1,32,spectral,{'n_clusters': 250},0.3162131084706784,0.3162131084706784,0.2644328992551278,0.1736434108527131,0.1736434108527131,0.0906169664884063,34.88474106788635
0.1,32,spectral,{'n_clusters': 200},0.2866998850134151,0.2866998850134151,0.2253204653469594,0.1736434108527131,0.1736434108527131,0.0906169664884063,34.88474106788635
0.1,32,louvain,{},0.1743963204292832,0.1743963204292832,0.0842095980147471,0.1736434108527131,0.1736434108527131,0.0906169664884063,34.88474106788635
0.1,32,dbscan,"{'eps': 0.9, 'min_samples': 2}",0.1456496742046761,0.1456496742046761,0.0370337077268497,0.1736434108527131,0.1736434108527131,0.0906169664884063,34.88474106788635
0.1,32,kmeans,{'n_clusters': 500},0.4465312380222307,0.4465312380222307,0.3873601476471293,0.1736434108527131,0.1736434108527131,0.0906169664884063,34.88474106788635
0.1,32,kmeans,{'n_clusters': 450},0.4208509007282484,0.4208509007282484,0.3629851200380535,0.1736434108527131,0.1736434108527131,0.0906169664884063,34.88474106788635
0.1,32,kmeans,{'n_clusters': 411},0.4043694902261402,0.4043694902261402,0.342114588009138,0.1736434108527131,0.1736434108527131,0.0906169664884063,34.88474106788635
0.1,32,kmeans,{'n_clusters': 400},0.3940206975852817,0.3940206975852817,0.3357153832721717,0.1736434108527131,0.1736434108527131,0.0906169664884063,34.88474106788635
0.1,32,kmeans,{'n_clusters': 350},0.3760061326178612,0.3760061326178612,0.3138935588265636,0.1736434108527131,0.1736434108527131,0.0906169664884063,34.88474106788635
0.1,32,kmeans,{'n_clusters': 300},0.346876197776926,0.346876197776926,0.2863035175333434,0.1736434108527131,0.1736434108527131,0.0906169664884063,34.88474106788635
0.1,32,kmeans,{'n_clusters': 250},0.3254120352625527,0.3254120352625527,0.2625032500118496,0.1736434108527131,0.1736434108527131,0.0906169664884063,34.88474106788635
0.1,32,kmeans,{'n_clusters': 200},0.2920659256420084,0.2920659256420084,0.2223724433539553,0.1736434108527131,0.1736434108527131,0.0906169664884063,34.88474106788635
0.1,32,label_propagation,{'seed': 0},0.1510157148332694,0.1510157148332694,0.0477158039566036,0.1736434108527131,0.1736434108527131,0.0906169664884063,34.88474106788635
0.1,32,label_propagation,{'seed': 1},0.1475661172863166,0.1475661172863166,0.0408785280054456,0.1736434108527131,0.1736434108527131,0.0906169664884063,34.88474106788635
0.1,32,label_propagation,{'seed': 2},0.1552318896128785,0.1552318896128785,0.0542505833422359,0.1736434108527131,0.1736434108527131,0.0906169664884063,34.88474106788635
0.05,321,spectral,{'n_clusters': 550},0.3326553959577984,0.3326553959577984,0.2937484178080878,0.2977777777777777,0.2977777777777777,0.211720712916178,126.29816746711732
0.05,321,spectral,{'n_clusters': 500},0.3425702300749968,0.3425702300749968,0.2964711656354062,0.2977777777777777,0.2977777777777777,0.211720712916178,126.29816746711732
0.05,321,spectral,{'n_clusters': 494},0.3447311554595144,0.3447311554595144,0.3109584263649022,0.2977777777777777,0.2977777777777777,0.211720712916178,126.29816746711732
0.05,321,spectral,{'n_clusters': 450},0.3447311554595144,0.3447311554595144,0.3047848193302461,0.2977777777777777,0.2977777777777777,0.211720712916178,126.29816746711732
0.05,321,spectral,{'n_clusters': 400},0.3242659209355535,0.3242659209355535,0.2783274813090937,0.2977777777777777,0.2977777777777777,0.211720712916178,126.29816746711732
0.05,321,spectral,{'n_clusters': 350},0.278759374602771,0.278759374602771,0.2300286660430776,0.2977777777777777,0.2977777777777777,0.211720712916178,126.29816746711732
0.05,321,spectral,{'n_clusters': 300},0.2914707003940511,0.2914707003940511,0.2403393749673005,0.2977777777777777,0.2977777777777777,0.211720712916178,126.29816746711732
0.05,321,spectral,{'n_clusters': 250},0.2538451760518622,0.2538451760518622,0.2042665702935903,0.2977777777777777,0.2977777777777777,0.211720712916178,126.29816746711732
0.05,321,spectral,{'n_clusters': 200},0.2396084911656285,0.2396084911656285,0.1754107297533968,0.2977777777777777,0.2977777777777777,0.211720712916178,126.29816746711732
0.05,321,louvain,{},0.2309647896275581,0.2309647896275581,0.153243069900078,0.2977777777777777,0.2977777777777777,0.211720712916178,126.29816746711732
0.05,321,dbscan,"{'eps': 0.9, 'min_samples': 2}",0.1004194737511122,0.1004194737511122,0.0191727866519801,0.2977777777777777,0.2977777777777777,0.211720712916178,126.29816746711732
0.05,321,kmeans,{'n_clusters': 550},0.34498538197534,0.34498538197534,0.2986143871171481,0.2977777777777777,0.2977777777777777,0.211720712916178,126.29816746711732
0.05,321,kmeans,{'n_clusters': 500},0.3402821914325664,0.3402821914325664,0.2854661428712162,0.2977777777777777,0.2977777777777777,0.211720712916178,126.29816746711732
0.05,321,kmeans,{'n_clusters': 494},0.3395195118850896,0.3395195118850896,0.2888540896876386,0.2977777777777777,0.2977777777777777,0.211720712916178,126.29816746711732
0.05,321,kmeans,{'n_clusters': 450},0.3256641667725943,0.3256641667725943,0.270339587557316,0.2977777777777777,0.2977777777777777,0.211720712916178,126.29816746711732
0.05,321,kmeans,{'n_clusters': 400},0.3176560315240879,0.3176560315240879,0.2654538471816683,0.2977777777777777,0.2977777777777777,0.211720712916178,126.29816746711732
0.05,321,kmeans,{'n_clusters': 350},0.2941400788102199,0.2941400788102199,0.2374134947545685,0.2977777777777777,0.2977777777777777,0.211720712916178,126.29816746711732
0.05,321,kmeans,{'n_clusters': 300},0.2848608109825855,0.2848608109825855,0.2264798106867017,0.2977777777777777,0.2977777777777777,0.211720712916178,126.29816746711732
0.05,321,kmeans,{'n_clusters': 250},0.264141349942799,0.264141349942799,0.2015638571986831,0.2977777777777777,0.2977777777777777,0.211720712916178,126.29816746711732
0.05,321,kmeans,{'n_clusters': 200},0.2430405491292742,0.2430405491292742,0.1804558855135636,0.2977777777777777,0.2977777777777777,0.211720712916178,126.29816746711732
0.05,321,label_propagation,{'seed': 0},0.4548112368119995,0.4548112368119995,0.4165345964290772,0.2977777777777777,0.2977777777777777,0.211720712916178,126.29816746711732
0.05,321,label_propagation,{'seed': 1},0.4550654633278251,0.4550654633278251,0.4162248328676842,0.2977777777777777,0.2977777777777777,0.211720712916178,126.29816746711732
0.05,321,label_propagation,{'seed': 2},0.4503622727850515,0.4503622727850515,0.4126760464125361,0.2977777777777777,0.2977777777777777,0.211720712916178,126.29816746711732
0.05,3,spectral,{'n_clusters': 250},0.5749574105621805,0.5749574105621805,0.5081804953176038,0.3023255813953488,0.3023255813953488,0.1962313129542738,7.636183738708496
0.05,3,spectral,{'n_clusters': 200},0.5264054514480409,0.5264054514480409,0.4489100205168416,0.3023255813953488,0.3023255813953488,0.1962313129542738,7.636183738708496
0.05,3,spectral,{'n_clusters': 199},0.5229982964224872,0.5229982964224872,0.4487572357621872,0.3023255813953488,0.3023255813953488,0.1962313129542738,7.636183738708496
0.05,3,spectral,{'n_clusters': 190},0.5340715502555367,0.5340715502555367,0.4559531431833281,0.3023255813953488,0.3023255813953488,0.1962313129542738,7.636183738708496
0.05,3,spectral,{'n_clusters': 180},0.5119250425894378,0.5119250425894378,0.4335507650086695,0.3023255813953488,0.3023255813953488,0.1962313129542738,7.636183738708496
0.05,3,spectral,{'n_clusters': 170},0.5059625212947189,0.5059625212947189,0.436646576011366,0.3023255813953488,0.3023255813953488,0.1962313129542738,7.636183738708496
0.05,3,spectral,{'n_clusters': 160},0.4948892674616695,0.4948892674616695,0.4149521241522925,0.3023255813953488,0.3023255813953488,0.1962313129542738,7.636183738708496
0.05,3,spectral,{'n_clusters': 150},0.4744463373083475,0.4744463373083475,0.3957168342081427,0.3023255813953488,0.3023255813953488,0.1962313129542738,7.636183738708496
0.05,3,spectral,{'n_clusters': 140},0.4710391822827938,0.4710391822827938,0.3939218969488838,0.3023255813953488,0.3023255813953488,0.1962313129542738,7.636183738708496
0.05,3,spectral,{'n_clusters': 130},0.4565587734241908,0.4565587734241908,0.3789053542960647,0.3023255813953488,0.3023255813953488,0.1962313129542738,7.636183738708496
0.05,3,spectral,{'n_clusters': 120},0.4463373083475298,0.4463373083475298,0.3652882053169537,0.3023255813953488,0.3023255813953488,0.1962313129542738,7.636183738708496
0.05,3,spectral,{'n_clusters': 110},0.4310051107325383,0.4310051107325383,0.3530112212474693,0.3023255813953488,0.3023255813953488,0.1962313129542738,7.636183738708496
0.05,3,spectral,{'n_clusters': 100},0.4250425894378194,0.4250425894378194,0.3370836286279191,0.3023255813953488,0.3023255813953488,0.1962313129542738,7.636183738708496
0.05,3,louvain,{},0.3160136286201022,0.3160136286201022,0.2156642492725267,0.3023255813953488,0.3023255813953488,0.1962313129542738,7.636183738708496
0.05,3,dbscan,"{'eps': 0.9, 'min_samples': 2}",0.2657580919931857,0.2657580919931857,0.1167770307324784,0.3023255813953488,0.3023255813953488,0.1962313129542738,7.636183738708496
0.05,3,kmeans,{'n_clusters': 250},0.5672913117546848,0.5672913117546848,0.5002734152636679,0.3023255813953488,0.3023255813953488,0.1962313129542738,7.636183738708496
0.05,3,kmeans,{'n_clusters': 200},0.5264054514480409,0.5264054514480409,0.4627385743119739,0.3023255813953488,0.3023255813953488,0.1962313129542738,7.636183738708496
0.05,3,kmeans,{'n_clusters': 199},0.5127768313458262,0.5127768313458262,0.4502367320601527,0.3023255813953488,0.3023255813953488,0.1962313129542738,7.636183738708496
0.05,3,kmeans,{'n_clusters': 190},0.4957410562180579,0.4957410562180579,0.4367543667235019,0.3023255813953488,0.3023255813953488,0.1962313129542738,7.636183738708496
0.05,3,kmeans,{'n_clusters': 180},0.4965928449744463,0.4965928449744463,0.4297756187995108,0.3023255813953488,0.3023255813953488,0.1962313129542738,7.636183738708496
0.05,3,kmeans,{'n_clusters': 170},0.489778534923339,0.489778534923339,0.417819570782103,0.3023255813953488,0.3023255813953488,0.1962313129542738,7.636183738708496
0.05,3,kmeans,{'n_clusters': 160},0.4846678023850085,0.4846678023850085,0.4148570833090538,0.3023255813953488,0.3023255813953488,0.1962313129542738,7.636183738708496
0.05,3,kmeans,{'n_clusters': 150},0.4514480408858603,0.4514480408858603,0.3825283711655715,0.3023255813953488,0.3023255813953488,0.1962313129542738,7.636183738708496
0.05,3,kmeans,{'n_clusters': 140},0.4480408858603066,0.4480408858603066,0.3800415433210107,0.3023255813953488,0.3023255813953488,0.1962313129542738,7.636183738708496
0.05,3,kmeans,{'n_clusters': 130},0.444633730834753,0.444633730834753,0.3720262899682898,0.3023255813953488,0.3023255813953488,0.1962313129542738,7.636183738708496
0.05,3,kmeans,{'n_clusters': 120},0.4386712095400341,0.4386712095400341,0.3731467723895393,0.3023255813953488,0.3023255813953488,0.1962313129542738,7.636183738708496
0.05,3,kmeans,{'n_clusters': 110},0.4173764906303236,0.4173764906303236,0.3383833908877374,0.3023255813953488,0.3023255813953488,0.1962313129542738,7.636183738708496
0.05,3,kmeans,{'n_clusters': 100},0.4063032367972742,0.4063032367972742,0.3325529899776613,0.3023255813953488,0.3023255813953488,0.1962313129542738,7.636183738708496
0.05,3,label_propagation,{'seed': 0},0.5127768313458262,0.5127768313458262,0.4365754979771263,0.3023255813953488,0.3023255813953488,0.1962313129542738,7.636183738708496
0.05,3,label_propagation,{'seed': 1},0.5161839863713799,0.5161839863713799,0.4401839010788044,0.3023255813953488,0.3023255813953488,0.1962313129542738,7.636183738708496
0.05,3,label_propagation,{'seed': 2},0.5229982964224872,0.5229982964224872,0.4470491699091688,0.3023255813953488,0.3023255813953488,0.1962313129542738,7.636183738708496
0.05,32,spectral,{'n_clusters': 500},0.4651702786377709,0.4651702786377709,0.4151329405312033,0.2074626865671641,0.2074626865671641,0.1233103631405603,29.89630913734436
0.05,32,spectral,{'n_clusters': 450},0.451625386996904,0.451625386996904,0.3974507071141776,0.2074626865671641,0.2074626865671641,0.1233103631405603,29.89630913734436
0.05,32,spectral,{'n_clusters': 411},0.4291795665634675,0.4291795665634675,0.3745949173278926,0.2074626865671641,0.2074626865671641,0.1233103631405603,29.89630913734436
0.05,32,spectral,{'n_clusters': 400},0.4307275541795665,0.4307275541795665,0.3764066036640794,0.2074626865671641,0.2074626865671641,0.1233103631405603,29.89630913734436
0.05,32,spectral,{'n_clusters': 350},0.4160216718266253,0.4160216718266253,0.3588210831864638,0.2074626865671641,0.2074626865671641,0.1233103631405603,29.89630913734436
0.05,32,spectral,{'n_clusters': 300},0.3897058823529412,0.3897058823529412,0.3283602052902808,0.2074626865671641,0.2074626865671641,0.1233103631405603,29.89630913734436
0.05,32,spectral,{'n_clusters': 250},0.3556501547987616,0.3556501547987616,0.2921719265375936,0.2074626865671641,0.2074626865671641,0.1233103631405603,29.89630913734436
0.05,32,spectral,{'n_clusters': 200},0.3243034055727554,0.3243034055727554,0.2585525508037898,0.2074626865671641,0.2074626865671641,0.1233103631405603,29.89630913734436
0.05,32,louvain,{},0.2244582043343653,0.2244582043343653,0.1403189661487863,0.2074626865671641,0.2074626865671641,0.1233103631405603,29.89630913734436
0.05,32,dbscan,"{'eps': 0.9, 'min_samples': 2}",0.1528637770897832,0.1528637770897832,0.044153472642305,0.2074626865671641,0.2074626865671641,0.1233103631405603,29.89630913734436
0.05,32,kmeans,{'n_clusters': 500},0.446594427244582,0.446594427244582,0.3842656985509177,0.2074626865671641,0.2074626865671641,0.1233103631405603,29.89630913734436
0.05,32,kmeans,{'n_clusters': 450},0.4191176470588235,0.4191176470588235,0.3557207039383512,0.2074626865671641,0.2074626865671641,0.1233103631405603,29.89630913734436
0.05,32,kmeans,{'n_clusters': 411},0.4055727554179567,0.4055727554179567,0.3354942843529942,0.2074626865671641,0.2074626865671641,0.1233103631405603,29.89630913734436
0.05,32,kmeans,{'n_clusters': 400},0.4024767801857585,0.4024767801857585,0.3396917052347014,0.2074626865671641,0.2074626865671641,0.1233103631405603,29.89630913734436
0.05,32,kmeans,{'n_clusters': 350},0.3707430340557275,0.3707430340557275,0.3023702781815742,0.2074626865671641,0.2074626865671641,0.1233103631405603,29.89630913734436
0.05,32,kmeans,{'n_clusters': 300},0.3347523219814241,0.3347523219814241,0.268113525862959,0.2074626865671641,0.2074626865671641,0.1233103631405603,29.89630913734436
0.05,32,kmeans,{'n_clusters': 250},0.3212074303405572,0.3212074303405572,0.2520970583663146,0.2074626865671641,0.2074626865671641,0.1233103631405603,29.89630913734436
0.05,32,kmeans,{'n_clusters': 200},0.2890866873065015,0.2890866873065015,0.2182448738668594,0.2074626865671641,0.2074626865671641,0.1233103631405603,29.89630913734436
0.05,32,label_propagation,{'seed': 0},0.4376934984520124,0.4376934984520124,0.3854868806784819,0.2074626865671641,0.2074626865671641,0.1233103631405603,29.89630913734436
0.05,32,label_propagation,{'seed': 1},0.4458204334365325,0.4458204334365325,0.3928332234438353,0.2074626865671641,0.2074626865671641,0.1233103631405603,29.89630913734436
0.05,32,label_propagation,{'seed': 2},0.4419504643962848,0.4419504643962848,0.3888408087771052,0.2074626865671641,0.2074626865671641,0.1233103631405603,29.89630913734436
0.12,321,spectral,{'n_clusters': 550},0.2359263050153531,0.2359263050153531,0.2125594978535453,0.2855280312907431,0.2855280312907431,0.1878683245894327,569.7511472702026
0.12,321,spectral,{'n_clusters': 500},0.2205731832139201,0.2205731832139201,0.1882702660177794,0.2855280312907431,0.2855280312907431,0.1878683245894327,569.7511472702026
0.12,321,spectral,{'n_clusters': 494},0.2146878198567042,0.2146878198567042,0.1849613003399349,0.2855280312907431,0.2855280312907431,0.1878683245894327,569.7511472702026
0.12,321,spectral,{'n_clusters': 450},0.2064994882292732,0.2064994882292732,0.1756647197147899,0.2855280312907431,0.2855280312907431,0.1878683245894327,569.7511472702026
0.12,321,spectral,{'n_clusters': 400},0.2148157625383828,0.2148157625383828,0.1783331157724822,0.2855280312907431,0.2855280312907431,0.1878683245894327,569.7511472702026
0.12,321,spectral,{'n_clusters': 350},0.2207011258955987,0.2207011258955987,0.1715152991426529,0.2855280312907431,0.2855280312907431,0.1878683245894327,569.7511472702026
0.12,321,spectral,{'n_clusters': 300},0.2027891504605936,0.2027891504605936,0.1564562412200502,0.2855280312907431,0.2855280312907431,0.1878683245894327,569.7511472702026
0.12,321,spectral,{'n_clusters': 250},0.2177584442169907,0.2177584442169907,0.1635579491481445,0.2855280312907431,0.2855280312907431,0.1878683245894327,569.7511472702026
0.12,321,spectral,{'n_clusters': 200},0.2177584442169907,0.2177584442169907,0.1538753646977506,0.2855280312907431,0.2855280312907431,0.1878683245894327,569.7511472702026
0.12,321,louvain,{},0.1745138178096213,0.1745138178096213,0.0812600596917868,0.2855280312907431,0.2855280312907431,0.1878683245894327,569.7511472702026
0.12,321,dbscan,"{'eps': 0.9, 'min_samples': 2}",0.11028659160696,0.11028659160696,0.0219098967423829,0.2855280312907431,0.2855280312907431,0.1878683245894327,569.7511472702026
0.12,321,kmeans,{'n_clusters': 550},0.3512026612077789,0.3512026612077789,0.298577317905787,0.2855280312907431,0.2855280312907431,0.1878683245894327,569.7511472702026
0.12,321,kmeans,{'n_clusters': 500},0.3349539406345957,0.3349539406345957,0.2810903615356196,0.2855280312907431,0.2855280312907431,0.1878683245894327,569.7511472702026
0.12,321,kmeans,{'n_clusters': 494},0.3309877175025588,0.3309877175025588,0.2795875565907716,0.2855280312907431,0.2855280312907431,0.1878683245894327,569.7511472702026
0.12,321,kmeans,{'n_clusters': 450},0.320496417604913,0.320496417604913,0.266368215091107,0.2855280312907431,0.2855280312907431,0.1878683245894327,569.7511472702026
0.12,321,kmeans,{'n_clusters': 400},0.3105168884339815,0.3105168884339815,0.2545994504981626,0.2855280312907431,0.2855280312907431,0.1878683245894327,569.7511472702026
0.12,321,kmeans,{'n_clusters': 350},0.2883828045035824,0.2883828045035824,0.2303102695847509,0.2855280312907431,0.2855280312907431,0.1878683245894327,569.7511472702026
0.12,321,kmeans,{'n_clusters': 300},0.2780194472876151,0.2780194472876151,0.2153103620218883,0.2855280312907431,0.2855280312907431,0.1878683245894327,569.7511472702026
0.12,321,kmeans,{'n_clusters': 250},0.2606192425793244,0.2606192425793244,0.1993512526095741,0.2855280312907431,0.2855280312907431,0.1878683245894327,569.7511472702026
0.12,321,kmeans,{'n_clusters': 200},0.2488485158648925,0.2488485158648925,0.1779549893261051,0.2855280312907431,0.2855280312907431,0.1878683245894327,569.7511472702026
0.12,321,label_propagation,{'seed': 0},0.11028659160696,0.11028659160696,0.0219098967423829,0.2855280312907431,0.2855280312907431,0.1878683245894327,569.7511472702026
0.12,321,label_propagation,{'seed': 1},0.11028659160696,0.11028659160696,0.0219098967423829,0.2855280312907431,0.2855280312907431,0.1878683245894327,569.7511472702026
0.12,321,label_propagation,{'seed': 2},0.11028659160696,0.11028659160696,0.0219098967423829,0.2855280312907431,0.2855280312907431,0.1878683245894327,569.7511472702026
0.12,3,spectral,{'n_clusters': 250},0.5386620330147698,0.5386620330147698,0.4870653476401598,0.3345195729537366,0.3345195729537366,0.2214109807352731,11.138675212860107
0.12,3,spectral,{'n_clusters': 200},0.5039096437880104,0.5039096437880104,0.4499606978779747,0.3345195729537366,0.3345195729537366,0.2214109807352731,11.138675212860107
0.12,3,spectral,{'n_clusters': 199},0.4943527367506516,0.4943527367506516,0.438718291803956,0.3345195729537366,0.3345195729537366,0.2214109807352731,11.138675212860107
0.12,3,spectral,{'n_clusters': 190},0.4865334491746307,0.4865334491746307,0.437492634750055,0.3345195729537366,0.3345195729537366,0.2214109807352731,11.138675212860107
0.12,3,spectral,{'n_clusters': 180},0.473501303214596,0.473501303214596,0.4111926496191345,0.3345195729537366,0.3345195729537366,0.2214109807352731,11.138675212860107
0.12,3,spectral,{'n_clusters': 170},0.4569939183318853,0.4569939183318853,0.3897219097766134,0.3345195729537366,0.3345195729537366,0.2214109807352731,11.138675212860107
0.12,3,spectral,{'n_clusters': 160},0.4526498696785404,0.4526498696785404,0.3917131099067731,0.3345195729537366,0.3345195729537366,0.2214109807352731,11.138675212860107
0.12,3,spectral,{'n_clusters': 150},0.4613379669852302,0.4613379669852302,0.3976709708620915,0.3345195729537366,0.3345195729537366,0.2214109807352731,11.138675212860107
0.12,3,spectral,{'n_clusters': 140},0.4387489139878366,0.4387489139878366,0.3769406973430884,0.3345195729537366,0.3345195729537366,0.2214109807352731,11.138675212860107
0.12,3,spectral,{'n_clusters': 130},0.4404865334491746,0.4404865334491746,0.3803362426313389,0.3345195729537366,0.3345195729537366,0.2214109807352731,11.138675212860107
0.12,3,spectral,{'n_clusters': 120},0.4248479582971329,0.4248479582971329,0.3566788387975046,0.3345195729537366,0.3345195729537366,0.2214109807352731,11.138675212860107
0.12,3,spectral,{'n_clusters': 110},0.4074717636837532,0.4074717636837532,0.3265421039406841,0.3345195729537366,0.3345195729537366,0.2214109807352731,11.138675212860107
0.12,3,spectral,{'n_clusters': 100},0.4057341442224152,0.4057341442224152,0.3403092343001138,0.3345195729537366,0.3345195729537366,0.2214109807352731,11.138675212860107
0.12,3,louvain,{},0.2988705473501303,0.2988705473501303,0.2022060877350313,0.3345195729537366,0.3345195729537366,0.2214109807352731,11.138675212860107
0.12,3,dbscan,"{'eps': 0.9, 'min_samples': 2}",0.2641181581233709,0.2641181581233709,0.1103669004391818,0.3345195729537366,0.3345195729537366,0.2214109807352731,11.138675212860107
0.12,3,kmeans,{'n_clusters': 250},0.5629887054735013,0.5629887054735013,0.5066588967773705,0.3345195729537366,0.3345195729537366,0.2214109807352731,11.138675212860107
0.12,3,kmeans,{'n_clusters': 200},0.526498696785404,0.526498696785404,0.4611706510173708,0.3345195729537366,0.3345195729537366,0.2214109807352731,11.138675212860107
0.12,3,kmeans,{'n_clusters': 199},0.5091225021720244,0.5091225021720244,0.4457798468672874,0.3345195729537366,0.3345195729537366,0.2214109807352731,11.138675212860107
0.12,3,kmeans,{'n_clusters': 190},0.5056472632493484,0.5056472632493484,0.4380688206388056,0.3345195729537366,0.3345195729537366,0.2214109807352731,11.138675212860107
0.12,3,kmeans,{'n_clusters': 180},0.4769765421372719,0.4769765421372719,0.4133598529142737,0.3345195729537366,0.3345195729537366,0.2214109807352731,11.138675212860107
0.12,3,kmeans,{'n_clusters': 170},0.4978279756733275,0.4978279756733275,0.4372747129686175,0.3345195729537366,0.3345195729537366,0.2214109807352731,11.138675212860107
0.12,3,kmeans,{'n_clusters': 160},0.4682884448305821,0.4682884448305821,0.3996330248936763,0.3345195729537366,0.3345195729537366,0.2214109807352731,11.138675212860107
0.12,3,kmeans,{'n_clusters': 150},0.4639443961772372,0.4639443961772372,0.3864516243446347,0.3345195729537366,0.3345195729537366,0.2214109807352731,11.138675212860107
0.12,3,kmeans,{'n_clusters': 140},0.4370112945264987,0.4370112945264987,0.3702321375442667,0.3345195729537366,0.3345195729537366,0.2214109807352731,11.138675212860107
0.12,3,kmeans,{'n_clusters': 130},0.4326672458731538,0.4326672458731538,0.3601346207504474,0.3345195729537366,0.3345195729537366,0.2214109807352731,11.138675212860107
0.12,3,kmeans,{'n_clusters': 120},0.4370112945264987,0.4370112945264987,0.3641842009477109,0.3345195729537366,0.3345195729537366,0.2214109807352731,11.138675212860107
0.12,3,kmeans,{'n_clusters': 110},0.4317984361424848,0.4317984361424848,0.349175597661532,0.3345195729537366,0.3345195729537366,0.2214109807352731,11.138675212860107
0.12,3,kmeans,{'n_clusters': 100},0.3927019982623805,0.3927019982623805,0.3167436157807963,0.3345195729537366,0.3345195729537366,0.2214109807352731,11.138675212860107
0.12,3,label_propagation,{'seed': 0},0.2641181581233709,0.2641181581233709,0.1103669004391818,0.3345195729537366,0.3345195729537366,0.2214109807352731,11.138675212860107
0.12,3,label_propagation,{'seed': 1},0.2641181581233709,0.2641181581233709,0.1103669004391818,0.3345195729537366,0.3345195729537366,0.2214109807352731,11.138675212860107
0.12,3,label_propagation,{'seed': 2},0.2641181581233709,0.2641181581233709,0.1103669004391818,0.3345195729537366,0.3345195729537366,0.2214109807352731,11.138675212860107
0.12,32,spectral,{'n_clusters': 500},0.3939976914197768,0.3939976914197768,0.3811091185223177,0.2076335877862595,0.2076335877862595,0.1004760666972482,55.64116621017456
0.12,32,spectral,{'n_clusters': 450},0.3570604078491727,0.3570604078491727,0.3367754417220565,0.2076335877862595,0.2076335877862595,0.1004760666972482,55.64116621017456
0.12,32,spectral,{'n_clusters': 411},0.3409003462870335,0.3409003462870335,0.3120128848272653,0.2076335877862595,0.2076335877862595,0.1004760666972482,55.64116621017456
0.12,32,spectral,{'n_clusters': 400},0.3424393997691419,0.3424393997691419,0.314849165371994,0.2076335877862595,0.2076335877862595,0.1004760666972482,55.64116621017456
0.12,32,spectral,{'n_clusters': 350},0.3239707579838399,0.3239707579838399,0.2921328598856343,0.2076335877862595,0.2076335877862595,0.1004760666972482,55.64116621017456
0.12,32,spectral,{'n_clusters': 300},0.3005001923816852,0.3005001923816852,0.2626795419654931,0.2076335877862595,0.2076335877862595,0.1004760666972482,55.64116621017456
0.12,32,spectral,{'n_clusters': 250},0.2916506348595614,0.2916506348595614,0.2402087184223308,0.2076335877862595,0.2076335877862595,0.1004760666972482,55.64116621017456
0.12,32,spectral,{'n_clusters': 200},0.2762601000384763,0.2762601000384763,0.2236699804344064,0.2076335877862595,0.2076335877862595,0.1004760666972482,55.64116621017456
0.12,32,louvain,{},0.1654482493266641,0.1654482493266641,0.0729063963640402,0.2076335877862595,0.2076335877862595,0.1004760666972482,55.64116621017456
0.12,32,dbscan,"{'eps': 0.9, 'min_samples': 2}",0.1404386302424009,0.1404386302424009,0.0345884615644239,0.2076335877862595,0.2076335877862595,0.1004760666972482,55.64116621017456
0.12,32,kmeans,{'n_clusters': 500},0.4351673720661793,0.4351673720661793,0.3772678061210672,0.2076335877862595,0.2076335877862595,0.1004760666972482,55.64116621017456
0.12,32,kmeans,{'n_clusters': 450},0.422085417468257,0.422085417468257,0.366551952421316,0.2076335877862595,0.2076335877862595,0.1004760666972482,55.64116621017456
0.12,32,kmeans,{'n_clusters': 411},0.4055405925355906,0.4055405925355906,0.3463232973001214,0.2076335877862595,0.2076335877862595,0.1004760666972482,55.64116621017456
0.12,32,kmeans,{'n_clusters': 400},0.3959215082724124,0.3959215082724124,0.3387958078359985,0.2076335877862595,0.2076335877862595,0.1004760666972482,55.64116621017456
0.12,32,kmeans,{'n_clusters': 350},0.3832243170450173,0.3832243170450173,0.3194934453967283,0.2076335877862595,0.2076335877862595,0.1004760666972482,55.64116621017456
0.12,32,kmeans,{'n_clusters': 300},0.3585994613312813,0.3585994613312813,0.2978871686557809,0.2076335877862595,0.2076335877862595,0.1004760666972482,55.64116621017456
0.12,32,kmeans,{'n_clusters': 250},0.3193535975375144,0.3193535975375144,0.2504317714240849,0.2076335877862595,0.2076335877862595,0.1004760666972482,55.64116621017456
0.12,32,kmeans,{'n_clusters': 200},0.296652558676414,0.296652558676414,0.2256579665693082,0.2076335877862595,0.2076335877862595,0.1004760666972482,55.64116621017456
0.12,32,label_propagation,{'seed': 0},0.1404386302424009,0.1404386302424009,0.0345884615644239,0.2076335877862595,0.2076335877862595,0.1004760666972482,55.64116621017456
0.12,32,label_propagation,{'seed': 1},0.1404386302424009,0.1404386302424009,0.0345884615644239,0.2076335877862595,0.2076335877862595,0.1004760666972482,55.64116621017456
0.12,32,label_propagation,{'seed': 2},0.1404386302424009,0.1404386302424009,0.0345884615644239,0.2076335877862595,0.2076335877862595,0.1004760666972482,55.64116621017456
0.06,321,spectral,{'n_clusters': 550},0.3387878787878788,0.3387878787878788,0.2913516817288036,0.1569362613818961,0.1569362613818961,0.065356343654104,137.59479188919067
0.06,321,spectral,{'n_clusters': 500},0.3375757575757576,0.3375757575757576,0.2875762933781023,0.1569362613818961,0.1569362613818961,0.065356343654104,137.59479188919067
0.06,321,spectral,{'n_clusters': 494},0.3323636363636363,0.3323636363636363,0.2795745511620009,0.1569362613818961,0.1569362613818961,0.065356343654104,137.59479188919067
0.06,321,spectral,{'n_clusters': 450},0.330060606060606,0.330060606060606,0.2751878836341073,0.1569362613818961,0.1569362613818961,0.065356343654104,137.59479188919067
0.06,321,spectral,{'n_clusters': 400},0.3356363636363636,0.3356363636363636,0.2808770605724862,0.1569362613818961,0.1569362613818961,0.065356343654104,137.59479188919067
0.06,321,spectral,{'n_clusters': 350},0.3135757575757575,0.3135757575757575,0.2581951976458728,0.1569362613818961,0.1569362613818961,0.065356343654104,137.59479188919067
0.06,321,spectral,{'n_clusters': 300},0.276,0.276,0.2176301480101757,0.1569362613818961,0.1569362613818961,0.065356343654104,137.59479188919067
0.06,321,spectral,{'n_clusters': 250},0.264,0.264,0.2252910820992598,0.1569362613818961,0.1569362613818961,0.065356343654104,137.59479188919067
0.06,321,spectral,{'n_clusters': 200},0.2627878787878788,0.2627878787878788,0.1956058893623274,0.1569362613818961,0.1569362613818961,0.065356343654104,137.59479188919067
0.06,321,louvain,{},0.2435151515151515,0.2435151515151515,0.1589172663689693,0.1569362613818961,0.1569362613818961,0.065356343654104,137.59479188919067
0.06,321,dbscan,"{'eps': 0.9, 'min_samples': 2}",0.1376969696969697,0.1376969696969697,0.0333312928991599,0.1569362613818961,0.1569362613818961,0.065356343654104,137.59479188919067
0.06,321,kmeans,{'n_clusters': 550},0.3736969696969697,0.3736969696969697,0.3243428386103238,0.1569362613818961,0.1569362613818961,0.065356343654104,137.59479188919067
0.06,321,kmeans,{'n_clusters': 500},0.3597575757575758,0.3597575757575758,0.3127643788705871,0.1569362613818961,0.1569362613818961,0.065356343654104,137.59479188919067
0.06,321,kmeans,{'n_clusters': 494},0.3556363636363636,0.3556363636363636,0.2987207632730063,0.1569362613818961,0.1569362613818961,0.065356343654104,137.59479188919067
0.06,321,kmeans,{'n_clusters': 450},0.3535757575757576,0.3535757575757576,0.3046640180219879,0.1569362613818961,0.1569362613818961,0.065356343654104,137.59479188919067
0.06,321,kmeans,{'n_clusters': 400},0.3424242424242424,0.3424242424242424,0.2824894672713934,0.1569362613818961,0.1569362613818961,0.065356343654104,137.59479188919067
0.06,321,kmeans,{'n_clusters': 350},0.3196363636363636,0.3196363636363636,0.2575430436543496,0.1569362613818961,0.1569362613818961,0.065356343654104,137.59479188919067
0.06,321,kmeans,{'n_clusters': 300},0.3033939393939394,0.3033939393939394,0.2437499478355574,0.1569362613818961,0.1569362613818961,0.065356343654104,137.59479188919067
0.06,321,kmeans,{'n_clusters': 250},0.2922424242424242,0.2922424242424242,0.2292192092168603,0.1569362613818961,0.1569362613818961,0.065356343654104,137.59479188919067
0.06,321,kmeans,{'n_clusters': 200},0.2699393939393939,0.2699393939393939,0.2027184422091648,0.1569362613818961,0.1569362613818961,0.065356343654104,137.59479188919067
0.06,321,label_propagation,{'seed': 0},0.3878787878787879,0.3878787878787879,0.3277361540890021,0.1569362613818961,0.1569362613818961,0.065356343654104,137.59479188919067
0.06,321,label_propagation,{'seed': 1},0.3835151515151515,0.3835151515151515,0.3270518397314666,0.1569362613818961,0.1569362613818961,0.065356343654104,137.59479188919067
0.06,321,label_propagation,{'seed': 2},0.3769696969696969,0.3769696969696969,0.3177844898050936,0.1569362613818961,0.1569362613818961,0.065356343654104,137.59479188919067
0.06,3,spectral,{'n_clusters': 250},0.578397212543554,0.578397212543554,0.5133244458598779,0.352112676056338,0.352112676056338,0.2231051406140451,3.691937923431397
0.06,3,spectral,{'n_clusters': 200},0.5182926829268293,0.5182926829268293,0.4461375072606419,0.352112676056338,0.352112676056338,0.2231051406140451,3.691937923431397
0.06,3,spectral,{'n_clusters': 199},0.5226480836236934,0.5226480836236934,0.453632692348949,0.352112676056338,0.352112676056338,0.2231051406140451,3.691937923431397
0.06,3,spectral,{'n_clusters': 190},0.4973867595818815,0.4973867595818815,0.4255996790006062,0.352112676056338,0.352112676056338,0.2231051406140451,3.691937923431397
0.06,3,spectral,{'n_clusters': 180},0.4808362369337979,0.4808362369337979,0.3996312004950481,0.352112676056338,0.352112676056338,0.2231051406140451,3.691937923431397
0.06,3,spectral,{'n_clusters': 170},0.4721254355400697,0.4721254355400697,0.4002599817127151,0.352112676056338,0.352112676056338,0.2231051406140451,3.691937923431397
0.06,3,spectral,{'n_clusters': 160},0.4668989547038327,0.4668989547038327,0.396077252192323,0.352112676056338,0.352112676056338,0.2231051406140451,3.691937923431397
0.06,3,spectral,{'n_clusters': 150},0.4564459930313589,0.4564459930313589,0.3787025744065349,0.352112676056338,0.352112676056338,0.2231051406140451,3.691937923431397
0.06,3,spectral,{'n_clusters': 140},0.455574912891986,0.455574912891986,0.3789501026708418,0.352112676056338,0.352112676056338,0.2231051406140451,3.691937923431397
0.06,3,spectral,{'n_clusters': 130},0.4512195121951219,0.4512195121951219,0.3714342681072699,0.352112676056338,0.352112676056338,0.2231051406140451,3.691937923431397
0.06,3,spectral,{'n_clusters': 120},0.4372822299651568,0.4372822299651568,0.3597405955625479,0.352112676056338,0.352112676056338,0.2231051406140451,3.691937923431397
0.06,3,spectral,{'n_clusters': 110},0.4224738675958188,0.4224738675958188,0.3453317430955931,0.352112676056338,0.352112676056338,0.2231051406140451,3.691937923431397
0.06,3,spectral,{'n_clusters': 100},0.4137630662020906,0.4137630662020906,0.3396749684235473,0.352112676056338,0.352112676056338,0.2231051406140451,3.691937923431397
0.06,3,louvain,{},0.3083623693379791,0.3083623693379791,0.2107236810474839,0.352112676056338,0.352112676056338,0.2231051406140451,3.691937923431397
0.06,3,dbscan,"{'eps': 0.9, 'min_samples': 2}",0.25,0.25,0.1,0.352112676056338,0.352112676056338,0.2231051406140451,3.691937923431397
0.06,3,kmeans,{'n_clusters': 250},0.563588850174216,0.563588850174216,0.5004018809113785,0.352112676056338,0.352112676056338,0.2231051406140451,3.691937923431397
0.06,3,kmeans,{'n_clusters': 200},0.5209059233449478,0.5209059233449478,0.4554106067499754,0.352112676056338,0.352112676056338,0.2231051406140451,3.691937923431397
0.06,3,kmeans,{'n_clusters': 199},0.5217770034843205,0.5217770034843205,0.4547906286295792,0.352112676056338,0.352112676056338,0.2231051406140451,3.691937923431397
0.06,3,kmeans,{'n_clusters': 190},0.5078397212543554,0.5078397212543554,0.4450215610072331,0.352112676056338,0.352112676056338,0.2231051406140451,3.691937923431397
0.06,3,kmeans,{'n_clusters': 180},0.4895470383275261,0.4895470383275261,0.4228677047116745,0.352112676056338,0.352112676056338,0.2231051406140451,3.691937923431397
0.06,3,kmeans,{'n_clusters': 170},0.4930313588850174,0.4930313588850174,0.4128882830841477,0.352112676056338,0.352112676056338,0.2231051406140451,3.691937923431397
0.06,3,kmeans,{'n_clusters': 160},0.4773519163763066,0.4773519163763066,0.415197058659257,0.352112676056338,0.352112676056338,0.2231051406140451,3.691937923431397
0.06,3,kmeans,{'n_clusters': 150},0.4529616724738676,0.4529616724738676,0.3765125422154604,0.352112676056338,0.352112676056338,0.2231051406140451,3.691937923431397
0.06,3,kmeans,{'n_clusters': 140},0.4520905923344948,0.4520905923344948,0.3824801728174474,0.352112676056338,0.352112676056338,0.2231051406140451,3.691937923431397
0.06,3,kmeans,{'n_clusters': 130},0.4277003484320557,0.4277003484320557,0.3545751778273767,0.352112676056338,0.352112676056338,0.2231051406140451,3.691937923431397
0.06,3,kmeans,{'n_clusters': 120},0.4128919860627177,0.4128919860627177,0.3387179488013322,0.352112676056338,0.352112676056338,0.2231051406140451,3.691937923431397
0.06,3,kmeans,{'n_clusters': 110},0.4094076655052265,0.4094076655052265,0.3331496348110995,0.352112676056338,0.352112676056338,0.2231051406140451,3.691937923431397
0.06,3,kmeans,{'n_clusters': 100},0.3893728222996516,0.3893728222996516,0.3111838527592662,0.352112676056338,0.352112676056338,0.2231051406140451,3.691937923431397
0.06,3,label_propagation,{'seed': 0},0.5078397212543554,0.5078397212543554,0.4386035687124658,0.352112676056338,0.352112676056338,0.2231051406140451,3.691937923431397
0.06,3,label_propagation,{'seed': 1},0.4991289198606272,0.4991289198606272,0.4256511687477343,0.352112676056338,0.352112676056338,0.2231051406140451,3.691937923431397
0.06,3,label_propagation,{'seed': 2},0.5034843205574913,0.5034843205574913,0.4339690989455924,0.352112676056338,0.352112676056338,0.2231051406140451,3.691937923431397
0.06,32,spectral,{'n_clusters': 500},0.4762822984959506,0.4762822984959506,0.4207590631750371,0.1936459909228441,0.1936459909228441,0.1001100944586723,19.88420605659485
0.06,32,spectral,{'n_clusters': 450},0.454685692248361,0.454685692248361,0.3968308106877665,0.1936459909228441,0.1936459909228441,0.1001100944586723,19.88420605659485
0.06,32,spectral,{'n_clusters': 411},0.4300038565368299,0.4300038565368299,0.3698478259213603,0.1936459909228441,0.1936459909228441,0.1001100944586723,19.88420605659485
0.06,32,spectral,{'n_clusters': 400},0.4234477439259544,0.4234477439259544,0.3649342917274047,0.1936459909228441,0.1936459909228441,0.1001100944586723,19.88420605659485
0.06,32,spectral,{'n_clusters': 350},0.4030080987273428,0.4030080987273428,0.3421148096335371,0.1936459909228441,0.1936459909228441,0.1001100944586723,19.88420605659485
0.06,32,spectral,{'n_clusters': 300},0.3613575009641342,0.3613575009641342,0.2997302315920341,0.1936459909228441,0.1936459909228441,0.1001100944586723,19.88420605659485
0.06,32,spectral,{'n_clusters': 250},0.3440030852294639,0.3440030852294639,0.2833606659696229,0.1936459909228441,0.1936459909228441,0.1001100944586723,19.88420605659485
0.06,32,spectral,{'n_clusters': 200},0.3116081758580794,0.3116081758580794,0.254498932166403,0.1936459909228441,0.1936459909228441,0.1001100944586723,19.88420605659485
0.06,32,louvain,{},0.2148091014269186,0.2148091014269186,0.1357301613079236,0.1936459909228441,0.1936459909228441,0.1001100944586723,19.88420605659485
0.06,32,dbscan,"{'eps': 0.9, 'min_samples': 2}",0.1488623216351716,0.1488623216351716,0.0391656468778529,0.1936459909228441,0.1936459909228441,0.1001100944586723,19.88420605659485
0.06,32,kmeans,{'n_clusters': 500},0.4485152333204782,0.4485152333204782,0.3914626503188778,0.1936459909228441,0.1936459909228441,0.1001100944586723,19.88420605659485
0.06,32,kmeans,{'n_clusters': 450},0.4230620902429618,0.4230620902429618,0.3619577404212337,0.1936459909228441,0.1936459909228441,0.1001100944586723,19.88420605659485
0.06,32,kmeans,{'n_clusters': 411},0.4033937524103355,0.4033937524103355,0.3424388782083767,0.1936459909228441,0.1936459909228441,0.1001100944586723,19.88420605659485
0.06,32,kmeans,{'n_clusters': 400},0.4084072502892402,0.4084072502892402,0.3485571328275821,0.1936459909228441,0.1936459909228441,0.1001100944586723,19.88420605659485
0.06,32,kmeans,{'n_clusters': 350},0.3802545314307751,0.3802545314307751,0.3156032505484496,0.1936459909228441,0.1936459909228441,0.1001100944586723,19.88420605659485
0.06,32,kmeans,{'n_clusters': 300},0.3478596220593907,0.3478596220593907,0.2814911610858492,0.1936459909228441,0.1936459909228441,0.1001100944586723,19.88420605659485
0.06,32,kmeans,{'n_clusters': 250},0.3305052063247204,0.3305052063247204,0.2623009513320106,0.1936459909228441,0.1936459909228441,0.1001100944586723,19.88420605659485
0.06,32,kmeans,{'n_clusters': 200},0.3035094485152333,0.3035094485152333,0.2282494352276431,0.1936459909228441,0.1936459909228441,0.1001100944586723,19.88420605659485
0.06,32,label_propagation,{'seed': 0},0.392209795603548,0.392209795603548,0.3314674534564042,0.1936459909228441,0.1936459909228441,0.1001100944586723,19.88420605659485
0.06,32,label_propagation,{'seed': 1},0.3868106440416506,0.3868106440416506,0.3277585601955831,0.1936459909228441,0.1936459909228441,0.1001100944586723,19.88420605659485
0.06,32,label_propagation,{'seed': 2},0.3972232934824528,0.3972232934824528,0.332585385131642,0.1936459909228441,0.1936459909228441,0.1001100944586723,19.88420605659485
0.01,321,spectral,{'n_clusters': 550},0.4414205516231388,0.4414205516231388,0.3966058099591893,0.1705668226729069,0.1705668226729069,0.0758445555489671,128.02592730522156
0.01,321,spectral,{'n_clusters': 500},0.4311691481571882,0.4311691481571882,0.3815727196813993,0.1705668226729069,0.1705668226729069,0.0758445555489671,128.02592730522156
0.01,321,spectral,{'n_clusters': 494},0.4289724188430558,0.4289724188430558,0.3806323792627261,0.1705668226729069,0.1705668226729069,0.0758445555489671,128.02592730522156
0.01,321,spectral,{'n_clusters': 450},0.4212838662435929,0.4212838662435929,0.3695950661388004,0.1705668226729069,0.1705668226729069,0.0758445555489671,128.02592730522156
0.01,321,spectral,{'n_clusters': 400},0.4084696119111545,0.4084696119111545,0.3537200913077593,0.1705668226729069,0.1705668226729069,0.0758445555489671,128.02592730522156
0.01,321,spectral,{'n_clusters': 350},0.3954112765438125,0.3954112765438125,0.3411277723010966,0.1705668226729069,0.1705668226729069,0.0758445555489671,128.02592730522156
0.01,321,spectral,{'n_clusters': 300},0.3819868196241152,0.3819868196241152,0.3253774945331076,0.1705668226729069,0.1705668226729069,0.0758445555489671,128.02592730522156
0.01,321,spectral,{'n_clusters': 250},0.3760068342689773,0.3760068342689773,0.3179052962041882,0.1705668226729069,0.1705668226729069,0.0758445555489671,128.02592730522156
0.01,321,spectral,{'n_clusters': 200},0.3517207712960703,0.3517207712960703,0.2890537898761282,0.1705668226729069,0.1705668226729069,0.0758445555489671,128.02592730522156
0.01,321,louvain,{},0.28435440566268,0.28435440566268,0.2134081152812794,0.1705668226729069,0.1705668226729069,0.0758445555489671,128.02592730522156
0.01,321,dbscan,"{'eps': 0.9, 'min_samples': 2}",0.2592140590676104,0.2592140590676104,0.2104694766863036,0.1705668226729069,0.1705668226729069,0.0758445555489671,128.02592730522156
0.01,321,kmeans,{'n_clusters': 550},0.3819868196241152,0.3819868196241152,0.3372639445136989,0.1705668226729069,0.1705668226729069,0.0758445555489671,128.02592730522156
0.01,321,kmeans,{'n_clusters': 500},0.3680742006346107,0.3680742006346107,0.3156023676811933,0.1705668226729069,0.1705668226729069,0.0758445555489671,128.02592730522156
0.01,321,kmeans,{'n_clusters': 494},0.3695386868440322,0.3695386868440322,0.3184106606863801,0.1705668226729069,0.1705668226729069,0.0758445555489671,128.02592730522156
0.01,321,kmeans,{'n_clusters': 450},0.3559921894068831,0.3559921894068831,0.308090642231026,0.1705668226729069,0.1705668226729069,0.0758445555489671,128.02592730522156
0.01,321,kmeans,{'n_clusters': 400},0.3434220161093483,0.3434220161093483,0.2921263145978653,0.1705668226729069,0.1705668226729069,0.0758445555489671,128.02592730522156
0.01,321,kmeans,{'n_clusters': 350},0.3201122772760556,0.3201122772760556,0.2593656741591653,0.1705668226729069,0.1705668226729069,0.0758445555489671,128.02592730522156
0.01,321,kmeans,{'n_clusters': 300},0.3137661703685623,0.3137661703685623,0.2538225896445643,0.1705668226729069,0.1705668226729069,0.0758445555489671,128.02592730522156
0.01,321,kmeans,{'n_clusters': 250},0.2975347815474737,0.2975347815474737,0.2358949330054998,0.1705668226729069,0.1705668226729069,0.0758445555489671,128.02592730522156
0.01,321,kmeans,{'n_clusters': 200},0.2782523797900903,0.2782523797900903,0.211855242625459,0.1705668226729069,0.1705668226729069,0.0758445555489671,128.02592730522156
0.01,321,label_propagation,{'seed': 0},0.5807908225530877,0.5807908225530877,0.5513656193526384,0.1705668226729069,0.1705668226729069,0.0758445555489671,128.02592730522156
0.01,321,label_propagation,{'seed': 1},0.5807908225530877,0.5807908225530877,0.5526093327630769,0.1705668226729069,0.1705668226729069,0.0758445555489671,128.02592730522156
0.01,321,label_propagation,{'seed': 2},0.5806687820356359,0.5806687820356359,0.5516357397821608,0.1705668226729069,0.1705668226729069,0.0758445555489671,128.02592730522156
0.01,3,spectral,{'n_clusters': 250},0.6012006861063465,0.6012006861063465,0.5444765377300922,0.2932330827067669,0.2932330827067669,0.1633744687806473,9.114622592926024
0.01,3,spectral,{'n_clusters': 200},0.5480274442538593,0.5480274442538593,0.4839990793267542,0.2932330827067669,0.2932330827067669,0.1633744687806473,9.114622592926024
0.01,3,spectral,{'n_clusters': 199},0.5583190394511149,0.5583190394511149,0.4934170868249612,0.2932330827067669,0.2932330827067669,0.1633744687806473,9.114622592926024
0.01,3,spectral,{'n_clusters': 190},0.5385934819897084,0.5385934819897084,0.4699645397614946,0.2932330827067669,0.2932330827067669,0.1633744687806473,9.114622592926024
0.01,3,spectral,{'n_clusters': 180},0.5257289879931389,0.5257289879931389,0.454975570825181,0.2932330827067669,0.2932330827067669,0.1633744687806473,9.114622592926024
0.01,3,spectral,{'n_clusters': 170},0.5222984562607204,0.5222984562607204,0.4550133280074475,0.2932330827067669,0.2932330827067669,0.1633744687806473,9.114622592926024
0.01,3,spectral,{'n_clusters': 160},0.5111492281303602,0.5111492281303602,0.4442012401309951,0.2932330827067669,0.2932330827067669,0.1633744687806473,9.114622592926024
0.01,3,spectral,{'n_clusters': 150},0.5102915951972555,0.5102915951972555,0.4419078354346331,0.2932330827067669,0.2932330827067669,0.1633744687806473,9.114622592926024
0.01,3,spectral,{'n_clusters': 140},0.4965694682675814,0.4965694682675814,0.4284046359716756,0.2932330827067669,0.2932330827067669,0.1633744687806473,9.114622592926024
0.01,3,spectral,{'n_clusters': 130},0.4931389365351629,0.4931389365351629,0.4190352514206514,0.2932330827067669,0.2932330827067669,0.1633744687806473,9.114622592926024
0.01,3,spectral,{'n_clusters': 120},0.4656946826758147,0.4656946826758147,0.3935479370338164,0.2932330827067669,0.2932330827067669,0.1633744687806473,9.114622592926024
0.01,3,spectral,{'n_clusters': 110},0.4622641509433962,0.4622641509433962,0.3866889155099041,0.2932330827067669,0.2932330827067669,0.1633744687806473,9.114622592926024
0.01,3,spectral,{'n_clusters': 100},0.4356775300171526,0.4356775300171526,0.3562525319651755,0.2932330827067669,0.2932330827067669,0.1633744687806473,9.114622592926024
0.01,3,louvain,{},0.3198970840480274,0.3198970840480274,0.2258743891162089,0.2932330827067669,0.2932330827067669,0.1633744687806473,9.114622592926024
0.01,3,dbscan,"{'eps': 0.9, 'min_samples': 2}",0.2692967409948542,0.2692967409948542,0.1230423854072293,0.2932330827067669,0.2932330827067669,0.1633744687806473,9.114622592926024
0.01,3,kmeans,{'n_clusters': 250},0.5891938250428816,0.5891938250428816,0.5334617845496988,0.2932330827067669,0.2932330827067669,0.1633744687806473,9.114622592926024
0.01,3,kmeans,{'n_clusters': 200},0.5111492281303602,0.5111492281303602,0.4520255772642245,0.2932330827067669,0.2932330827067669,0.1633744687806473,9.114622592926024
0.01,3,kmeans,{'n_clusters': 199},0.5300171526586621,0.5300171526586621,0.4665082705478606,0.2932330827067669,0.2932330827067669,0.1633744687806473,9.114622592926024
0.01,3,kmeans,{'n_clusters': 190},0.5102915951972555,0.5102915951972555,0.4443464332292373,0.2932330827067669,0.2932330827067669,0.1633744687806473,9.114622592926024
0.01,3,kmeans,{'n_clusters': 180},0.4879931389365352,0.4879931389365352,0.4241820848319015,0.2932330827067669,0.2932330827067669,0.1633744687806473,9.114622592926024
0.01,3,kmeans,{'n_clusters': 170},0.4888507718696398,0.4888507718696398,0.4208311020871201,0.2932330827067669,0.2932330827067669,0.1633744687806473,9.114622592926024
0.01,3,kmeans,{'n_clusters': 160},0.4931389365351629,0.4931389365351629,0.4268301888217583,0.2932330827067669,0.2932330827067669,0.1633744687806473,9.114622592926024
0.01,3,kmeans,{'n_clusters': 150},0.4554030874785592,0.4554030874785592,0.3839890936643624,0.2932330827067669,0.2932330827067669,0.1633744687806473,9.114622592926024
0.01,3,kmeans,{'n_clusters': 140},0.4656946826758147,0.4656946826758147,0.3920526341907199,0.2932330827067669,0.2932330827067669,0.1633744687806473,9.114622592926024
0.01,3,kmeans,{'n_clusters': 130},0.4605488850771869,0.4605488850771869,0.3939467137383479,0.2932330827067669,0.2932330827067669,0.1633744687806473,9.114622592926024
0.01,3,kmeans,{'n_clusters': 120},0.4425385934819897,0.4425385934819897,0.367876528298923,0.2932330827067669,0.2932330827067669,0.1633744687806473,9.114622592926024
0.01,3,kmeans,{'n_clusters': 110},0.4228130360205832,0.4228130360205832,0.3547195824955186,0.2932330827067669,0.2932330827067669,0.1633744687806473,9.114622592926024
0.01,3,kmeans,{'n_clusters': 100},0.4039451114922813,0.4039451114922813,0.3242499217005819,0.2932330827067669,0.2932330827067669,0.1633744687806473,9.114622592926024
0.01,3,label_propagation,{'seed': 0},0.5471698113207547,0.5471698113207547,0.481675389105637,0.2932330827067669,0.2932330827067669,0.1633744687806473,9.114622592926024
0.01,3,label_propagation,{'seed': 1},0.5471698113207547,0.5471698113207547,0.4815208277784967,0.2932330827067669,0.2932330827067669,0.1633744687806473,9.114622592926024
0.01,3,label_propagation,{'seed': 2},0.5437392795883362,0.5437392795883362,0.4770530213870285,0.2932330827067669,0.2932330827067669,0.1633744687806473,9.114622592926024
0.01,32,spectral,{'n_clusters': 500},0.4793261868300153,0.4793261868300153,0.419535878636447,0.2180685358255451,0.2180685358255451,0.1049563778310603,24.777707815170288
0.01,32,spectral,{'n_clusters': 450},0.4590352220520673,0.4590352220520673,0.3990161232539855,0.2180685358255451,0.2180685358255451,0.1049563778310603,24.777707815170288
0.01,32,spectral,{'n_clusters': 411},0.4372128637059724,0.4372128637059724,0.3771086527990745,0.2180685358255451,0.2180685358255451,0.1049563778310603,24.777707815170288
0.01,32,spectral,{'n_clusters': 400},0.4383614088820827,0.4383614088820827,0.3812830732723163,0.2180685358255451,0.2180685358255451,0.1049563778310603,24.777707815170288
0.01,32,spectral,{'n_clusters': 350},0.4157733537519142,0.4157733537519142,0.3569982937813605,0.2180685358255451,0.2180685358255451,0.1049563778310603,24.777707815170288
0.01,32,spectral,{'n_clusters': 300},0.3889739663093415,0.3889739663093415,0.3301116427740435,0.2180685358255451,0.2180685358255451,0.1049563778310603,24.777707815170288
0.01,32,spectral,{'n_clusters': 250},0.3560490045941807,0.3560490045941807,0.2950091239936214,0.2180685358255451,0.2180685358255451,0.1049563778310603,24.777707815170288
0.01,32,spectral,{'n_clusters': 200},0.3365237366003062,0.3365237366003062,0.2710517514641933,0.2180685358255451,0.2180685358255451,0.1049563778310603,24.777707815170288
0.01,32,louvain,{},0.2193721286370597,0.2193721286370597,0.1392089232414891,0.2180685358255451,0.2180685358255451,0.1049563778310603,24.777707815170288
0.01,32,dbscan,"{'eps': 0.9, 'min_samples': 2}",0.2048238897396631,0.2048238897396631,0.1219071661831168,0.2180685358255451,0.2180685358255451,0.1049563778310603,24.777707815170288
0.01,32,kmeans,{'n_clusters': 500},0.4506125574272588,0.4506125574272588,0.3899411146645071,0.2180685358255451,0.2180685358255451,0.1049563778310603,24.777707815170288
0.01,32,kmeans,{'n_clusters': 450},0.425344563552833,0.425344563552833,0.3633002563184921,0.2180685358255451,0.2180685358255451,0.1049563778310603,24.777707815170288
0.01,32,kmeans,{'n_clusters': 411},0.4069678407350689,0.4069678407350689,0.350172399421976,0.2180685358255451,0.2180685358255451,0.1049563778310603,24.777707815170288
0.01,32,kmeans,{'n_clusters': 400},0.3954823889739663,0.3954823889739663,0.3332063813812376,0.2180685358255451,0.2180685358255451,0.1049563778310603,24.777707815170288
0.01,32,kmeans,{'n_clusters': 350},0.3763399693721286,0.3763399693721286,0.3140003313763265,0.2180685358255451,0.2180685358255451,0.1049563778310603,24.777707815170288
0.01,32,kmeans,{'n_clusters': 300},0.3487748851454824,0.3487748851454824,0.2838080771825965,0.2180685358255451,0.2180685358255451,0.1049563778310603,24.777707815170288
0.01,32,kmeans,{'n_clusters': 250},0.3330781010719755,0.3330781010719755,0.2664370310713296,0.2180685358255451,0.2180685358255451,0.1049563778310603,24.777707815170288
0.01,32,kmeans,{'n_clusters': 200},0.2970903522205206,0.2970903522205206,0.2275416030967356,0.2180685358255451,0.2180685358255451,0.1049563778310603,24.777707815170288
0.01,32,label_propagation,{'seed': 0},0.4754977029096477,0.4754977029096477,0.4194414474789161,0.2180685358255451,0.2180685358255451,0.1049563778310603,24.777707815170288
0.01,32,label_propagation,{'seed': 1},0.475114854517611,0.475114854517611,0.4205818014239142,0.2180685358255451,0.2180685358255451,0.1049563778310603,24.777707815170288
0.01,32,label_propagation,{'seed': 2},0.476646248085758,0.476646248085758,0.4225922288536826,0.2180685358255451,0.2180685358255451,0.1049563778310603,24.777707815170288
0.14,321,spectral,{'n_clusters': 550},0.2655741806354766,0.2655741806354766,0.2188163449755401,0.2011304757418747,0.2011304757418747,0.1057795174314045,1472.4583189487455
0.14,321,spectral,{'n_clusters': 500},0.2734550913184889,0.2734550913184889,0.2169549605856479,0.2011304757418747,0.2011304757418747,0.1057795174314045,1472.4583189487455
0.14,321,spectral,{'n_clusters': 494},0.2704528396297223,0.2704528396297223,0.2532919258619434,0.2011304757418747,0.2011304757418747,0.1057795174314045,1472.4583189487455
0.14,321,spectral,{'n_clusters': 450},0.2693269952464348,0.2693269952464348,0.2146887662721648,0.2011304757418747,0.2011304757418747,0.1057795174314045,1472.4583189487455
0.14,321,spectral,{'n_clusters': 400},0.2614460845634225,0.2614460845634225,0.1994029168994016,0.2011304757418747,0.2011304757418747,0.1057795174314045,1472.4583189487455
0.14,321,spectral,{'n_clusters': 350},0.2331748811608706,0.2331748811608706,0.1665841335579113,0.2011304757418747,0.2011304757418747,0.1057795174314045,1472.4583189487455
0.14,321,spectral,{'n_clusters': 300},0.2307980985739304,0.2307980985739304,0.157665256800096,0.2011304757418747,0.2011304757418747,0.1057795174314045,1472.4583189487455
0.14,321,spectral,{'n_clusters': 250},0.2266700025018764,0.2266700025018764,0.153940939768216,0.2011304757418747,0.2011304757418747,0.1057795174314045,1472.4583189487455
0.14,321,spectral,{'n_clusters': 200},0.2311733800350262,0.2311733800350262,0.150126068301593,0.2011304757418747,0.2011304757418747,0.1057795174314045,1472.4583189487455
0.14,321,louvain,{},0.1920190142606955,0.1920190142606955,0.0883750718315875,0.2011304757418747,0.2011304757418747,0.1057795174314045,1472.4583189487455
0.14,321,dbscan,"{'eps': 0.9, 'min_samples': 2}",0.1418563922942206,0.1418563922942206,0.0352465269197296,0.2011304757418747,0.2011304757418747,0.1057795174314045,1472.4583189487455
0.14,321,kmeans,{'n_clusters': 550},0.3717788341255942,0.3717788341255942,0.3234297096563754,0.2011304757418747,0.2011304757418747,0.1057795174314045,1472.4583189487455
0.14,321,kmeans,{'n_clusters': 500},0.3556417312984739,0.3556417312984739,0.3052546488771188,0.2011304757418747,0.2011304757418747,0.1057795174314045,1472.4583189487455
0.14,321,kmeans,{'n_clusters': 494},0.3541406054540906,0.3541406054540906,0.3058080594255513,0.2011304757418747,0.2011304757418747,0.1057795174314045,1472.4583189487455
0.14,321,kmeans,{'n_clusters': 450},0.3468851638729047,0.3468851638729047,0.2948025725142774,0.2011304757418747,0.2011304757418747,0.1057795174314045,1472.4583189487455
0.14,321,kmeans,{'n_clusters': 400},0.3345008756567426,0.3345008756567426,0.2732126871902603,0.2011304757418747,0.2011304757418747,0.1057795174314045,1472.4583189487455
0.14,321,kmeans,{'n_clusters': 350},0.3166124593445084,0.3166124593445084,0.261427557390832,0.2011304757418747,0.2011304757418747,0.1057795174314045,1472.4583189487455
0.14,321,kmeans,{'n_clusters': 300},0.301851388541406,0.301851388541406,0.2384950805984181,0.2011304757418747,0.2011304757418747,0.1057795174314045,1472.4583189487455
0.14,321,kmeans,{'n_clusters': 250},0.2854640980735551,0.2854640980735551,0.2232588922600229,0.2011304757418747,0.2011304757418747,0.1057795174314045,1472.4583189487455
0.14,321,kmeans,{'n_clusters': 200},0.2699524643482612,0.2699524643482612,0.2079214712924618,0.2011304757418747,0.2011304757418747,0.1057795174314045,1472.4583189487455
0.14,321,label_propagation,{'seed': 0},0.1418563922942206,0.1418563922942206,0.0352465269197296,0.2011304757418747,0.2011304757418747,0.1057795174314045,1472.4583189487455
0.14,321,label_propagation,{'seed': 1},0.1418563922942206,0.1418563922942206,0.0352465269197296,0.2011304757418747,0.2011304757418747,0.1057795174314045,1472.4583189487455
0.14,321,label_propagation,{'seed': 2},0.1418563922942206,0.1418563922942206,0.0352465269197296,0.2011304757418747,0.2011304757418747,0.1057795174314045,1472.4583189487455
0.14,3,spectral,{'n_clusters': 250},0.5295154185022026,0.5295154185022026,0.4816810460598513,0.367003367003367,0.367003367003367,0.2926694348888106,18.055917739868164
0.14,3,spectral,{'n_clusters': 200},0.4889867841409692,0.4889867841409692,0.43190159064009,0.367003367003367,0.367003367003367,0.2926694348888106,18.055917739868164
0.14,3,spectral,{'n_clusters': 199},0.4837004405286343,0.4837004405286343,0.4279362780766816,0.367003367003367,0.367003367003367,0.2926694348888106,18.055917739868164
0.14,3,spectral,{'n_clusters': 190},0.4898678414096916,0.4898678414096916,0.4289716916698517,0.367003367003367,0.367003367003367,0.2926694348888106,18.055917739868164
0.14,3,spectral,{'n_clusters': 180},0.4696035242290748,0.4696035242290748,0.4144573803379637,0.367003367003367,0.367003367003367,0.2926694348888106,18.055917739868164
0.14,3,spectral,{'n_clusters': 170},0.4599118942731277,0.4599118942731277,0.4043885634725694,0.367003367003367,0.367003367003367,0.2926694348888106,18.055917739868164
0.14,3,spectral,{'n_clusters': 160},0.4449339207048458,0.4449339207048458,0.3677293086985269,0.367003367003367,0.367003367003367,0.2926694348888106,18.055917739868164
0.14,3,spectral,{'n_clusters': 150},0.4325991189427313,0.4325991189427313,0.353659717879646,0.367003367003367,0.367003367003367,0.2926694348888106,18.055917739868164
0.14,3,spectral,{'n_clusters': 140},0.4449339207048458,0.4449339207048458,0.3784629776916092,0.367003367003367,0.367003367003367,0.2926694348888106,18.055917739868164
0.14,3,spectral,{'n_clusters': 130},0.4211453744493392,0.4211453744493392,0.3458232017234259,0.367003367003367,0.367003367003367,0.2926694348888106,18.055917739868164
0.14,3,spectral,{'n_clusters': 120},0.4185022026431718,0.4185022026431718,0.3462998040603627,0.367003367003367,0.367003367003367,0.2926694348888106,18.055917739868164
0.14,3,spectral,{'n_clusters': 110},0.4061674008810573,0.4061674008810573,0.3163349717273265,0.367003367003367,0.367003367003367,0.2926694348888106,18.055917739868164
0.14,3,spectral,{'n_clusters': 100},0.3832599118942731,0.3832599118942731,0.2935881339515719,0.367003367003367,0.367003367003367,0.2926694348888106,18.055917739868164
0.14,3,louvain,{},0.2907488986784141,0.2907488986784141,0.1706679880445727,0.367003367003367,0.367003367003367,0.2926694348888106,18.055917739868164
0.14,3,dbscan,"{'eps': 0.9, 'min_samples': 2}",0.2740088105726872,0.2740088105726872,0.1178654773002845,0.367003367003367,0.367003367003367,0.2926694348888106,18.055917739868164
0.14,3,kmeans,{'n_clusters': 250},0.5585903083700441,0.5585903083700441,0.5024466468037274,0.367003367003367,0.367003367003367,0.2926694348888106,18.055917739868164
0.14,3,kmeans,{'n_clusters': 200},0.5022026431718062,0.5022026431718062,0.4377562252215385,0.367003367003367,0.367003367003367,0.2926694348888106,18.055917739868164
0.14,3,kmeans,{'n_clusters': 199},0.5083700440528635,0.5083700440528635,0.4410708411394534,0.367003367003367,0.367003367003367,0.2926694348888106,18.055917739868164
0.14,3,kmeans,{'n_clusters': 190},0.5101321585903084,0.5101321585903084,0.4506701299558555,0.367003367003367,0.367003367003367,0.2926694348888106,18.055917739868164
0.14,3,kmeans,{'n_clusters': 180},0.4881057268722467,0.4881057268722467,0.4125762802178194,0.367003367003367,0.367003367003367,0.2926694348888106,18.055917739868164
0.14,3,kmeans,{'n_clusters': 170},0.4713656387665198,0.4713656387665198,0.397331990750011,0.367003367003367,0.367003367003367,0.2926694348888106,18.055917739868164
0.14,3,kmeans,{'n_clusters': 160},0.4722466960352423,0.4722466960352423,0.4093638214186246,0.367003367003367,0.367003367003367,0.2926694348888106,18.055917739868164
0.14,3,kmeans,{'n_clusters': 150},0.4643171806167401,0.4643171806167401,0.3821511573660358,0.367003367003367,0.367003367003367,0.2926694348888106,18.055917739868164
0.14,3,kmeans,{'n_clusters': 140},0.4519823788546255,0.4519823788546255,0.3732875016631444,0.367003367003367,0.367003367003367,0.2926694348888106,18.055917739868164
0.14,3,kmeans,{'n_clusters': 130},0.4255506607929515,0.4255506607929515,0.35334173945821,0.367003367003367,0.367003367003367,0.2926694348888106,18.055917739868164
0.14,3,kmeans,{'n_clusters': 120},0.4255506607929515,0.4255506607929515,0.3449413719784003,0.367003367003367,0.367003367003367,0.2926694348888106,18.055917739868164
0.14,3,kmeans,{'n_clusters': 110},0.4035242290748899,0.4035242290748899,0.3232067088509662,0.367003367003367,0.367003367003367,0.2926694348888106,18.055917739868164
0.14,3,kmeans,{'n_clusters': 100},0.4008810572687225,0.4008810572687225,0.3254449187309071,0.367003367003367,0.367003367003367,0.2926694348888106,18.055917739868164
0.14,3,label_propagation,{'seed': 0},0.2740088105726872,0.2740088105726872,0.1178654773002845,0.367003367003367,0.367003367003367,0.2926694348888106,18.055917739868164
0.14,3,label_propagation,{'seed': 1},0.2740088105726872,0.2740088105726872,0.1178654773002845,0.367003367003367,0.367003367003367,0.2926694348888106,18.055917739868164
0.14,3,label_propagation,{'seed': 2},0.2740088105726872,0.2740088105726872,0.1178654773002845,0.367003367003367,0.367003367003367,0.2926694348888106,18.055917739868164
0.14,32,spectral,{'n_clusters': 500},0.3837342497136312,0.3837342497136312,0.3648782144328993,0.1858267716535433,0.1858267716535433,0.0801548448569434,101.2527949810028
0.14,32,spectral,{'n_clusters': 450},0.3638793432607866,0.3638793432607866,0.3446843954713191,0.1858267716535433,0.1858267716535433,0.0801548448569434,101.2527949810028
0.14,32,spectral,{'n_clusters': 411},0.3352424589537991,0.3352424589537991,0.3188303205814161,0.1858267716535433,0.1858267716535433,0.0801548448569434,101.2527949810028
0.14,32,spectral,{'n_clusters': 400},0.3486063382970599,0.3486063382970599,0.3205267638412263,0.1858267716535433,0.1858267716535433,0.0801548448569434,101.2527949810028
0.14,32,spectral,{'n_clusters': 350},0.3207331042382589,0.3207331042382589,0.2879050810019869,0.1858267716535433,0.1858267716535433,0.0801548448569434,101.2527949810028
0.14,32,spectral,{'n_clusters': 300},0.3100420007636502,0.3100420007636502,0.2781401968550505,0.1858267716535433,0.1858267716535433,0.0801548448569434,101.2527949810028
0.14,32,spectral,{'n_clusters': 250},0.2756777395952653,0.2756777395952653,0.235515802313405,0.1858267716535433,0.1858267716535433,0.0801548448569434,101.2527949810028
0.14,32,spectral,{'n_clusters': 200},0.2619320351279114,0.2619320351279114,0.2102142518124433,0.1858267716535433,0.1858267716535433,0.0801548448569434,101.2527949810028
0.14,32,louvain,{},0.1523482245131729,0.1523482245131729,0.0718958780618346,0.1858267716535433,0.1858267716535433,0.0801548448569434,101.2527949810028
0.14,32,dbscan,"{'eps': 0.9, 'min_samples': 2}",0.1412752959144711,0.1412752959144711,0.034976152217032,0.1858267716535433,0.1858267716535433,0.0801548448569434,101.2527949810028
0.14,32,kmeans,{'n_clusters': 500},0.4536082474226804,0.4536082474226804,0.4008909691064633,0.1858267716535433,0.1858267716535433,0.0801548448569434,101.2527949810028
0.14,32,kmeans,{'n_clusters': 450},0.4222985872470408,0.4222985872470408,0.3662589774060951,0.1858267716535433,0.1858267716535433,0.0801548448569434,101.2527949810028
0.14,32,kmeans,{'n_clusters': 411},0.4051164566628484,0.4051164566628484,0.3442778493692331,0.1858267716535433,0.1858267716535433,0.0801548448569434,101.2527949810028
0.14,32,kmeans,{'n_clusters': 400},0.3955708285605193,0.3955708285605193,0.3371128114558455,0.1858267716535433,0.1858267716535433,0.0801548448569434,101.2527949810028
0.14,32,kmeans,{'n_clusters': 350},0.3791523482245131,0.3791523482245131,0.3156835822825842,0.1858267716535433,0.1858267716535433,0.0801548448569434,101.2527949810028
0.14,32,kmeans,{'n_clusters': 300},0.3512791141657121,0.3512791141657121,0.2880337539166183,0.1858267716535433,0.1858267716535433,0.0801548448569434,101.2527949810028
0.14,32,kmeans,{'n_clusters': 250},0.3310423825887743,0.3310423825887743,0.2676435953225406,0.1858267716535433,0.1858267716535433,0.0801548448569434,101.2527949810028
0.14,32,kmeans,{'n_clusters': 200},0.2917143948071783,0.2917143948071783,0.2253717534270355,0.1858267716535433,0.1858267716535433,0.0801548448569434,101.2527949810028
0.14,32,label_propagation,{'seed': 0},0.1412752959144711,0.1412752959144711,0.034976152217032,0.1858267716535433,0.1858267716535433,0.0801548448569434,101.2527949810028
0.14,32,label_propagation,{'seed': 1},0.1412752959144711,0.1412752959144711,0.034976152217032,0.1858267716535433,0.1858267716535433,0.0801548448569434,101.2527949810028
0.14,32,label_propagation,{'seed': 2},0.1412752959144711,0.1412752959144711,0.034976152217032,0.1858267716535433,0.1858267716535433,0.0801548448569434,101.2527949810028
0.03,321,spectral,{'n_clusters': 550},0.4475286096907718,0.4475286096907718,0.3945659574283953,0.1481870730425643,0.1481870730425643,0.0599828248649477,130.41774034500122
0.03,321,spectral,{'n_clusters': 500},0.4273192111029948,0.4273192111029948,0.3809042200256729,0.1481870730425643,0.1481870730425643,0.0599828248649477,130.41774034500122
0.03,321,spectral,{'n_clusters': 494},0.4245191137083029,0.4245191137083029,0.3702974140984294,0.1481870730425643,0.1481870730425643,0.0599828248649477,130.41774034500122
0.03,321,spectral,{'n_clusters': 450},0.4265887509130752,0.4265887509130752,0.3750918730176716,0.1481870730425643,0.1481870730425643,0.0599828248649477,130.41774034500122
0.03,321,spectral,{'n_clusters': 400},0.417944971999026,0.417944971999026,0.3675702880355924,0.1481870730425643,0.1481870730425643,0.0599828248649477,130.41774034500122
0.03,321,spectral,{'n_clusters': 350},0.4028487947406866,0.4028487947406866,0.3491627728234072,0.1481870730425643,0.1481870730425643,0.0599828248649477,130.41774034500122
0.03,321,spectral,{'n_clusters': 300},0.3774044314584855,0.3774044314584855,0.3229518562660147,0.1481870730425643,0.1481870730425643,0.0599828248649477,130.41774034500122
0.03,321,spectral,{'n_clusters': 250},0.3709520331141953,0.3709520331141953,0.3098265063528371,0.1481870730425643,0.1481870730425643,0.0599828248649477,130.41774034500122
0.03,321,spectral,{'n_clusters': 200},0.36109082055028,0.36109082055028,0.2943233224240972,0.1481870730425643,0.1481870730425643,0.0599828248649477,130.41774034500122
0.03,321,louvain,{},0.3042366691015339,0.3042366691015339,0.2275995234371214,0.1481870730425643,0.1481870730425643,0.0599828248649477,130.41774034500122
0.03,321,dbscan,"{'eps': 0.9, 'min_samples': 2}",0.1785975164353542,0.1785975164353542,0.0842819706403231,0.1481870730425643,0.1481870730425643,0.0599828248649477,130.41774034500122
0.03,321,kmeans,{'n_clusters': 550},0.3869004139274409,0.3869004139274409,0.3408800098175744,0.1481870730425643,0.1481870730425643,0.0599828248649477,130.41774034500122
0.03,321,kmeans,{'n_clusters': 500},0.3747260774287801,0.3747260774287801,0.3182091442036812,0.1481870730425643,0.1481870730425643,0.0599828248649477,130.41774034500122
0.03,321,kmeans,{'n_clusters': 494},0.3677867056245434,0.3677867056245434,0.3144154546027836,0.1481870730425643,0.1481870730425643,0.0599828248649477,130.41774034500122
0.03,321,kmeans,{'n_clusters': 450},0.3585342098855612,0.3585342098855612,0.3089816887189872,0.1481870730425643,0.1481870730425643,0.0599828248649477,130.41774034500122
0.03,321,kmeans,{'n_clusters': 400},0.3428293158022887,0.3428293158022887,0.2879515296207425,0.1481870730425643,0.1481870730425643,0.0599828248649477,130.41774034500122
0.03,321,kmeans,{'n_clusters': 350},0.3316289262235208,0.3316289262235208,0.2805595154553399,0.1481870730425643,0.1481870730425643,0.0599828248649477,130.41774034500122
0.03,321,kmeans,{'n_clusters': 300},0.3112977842707572,0.3112977842707572,0.2486560670943594,0.1481870730425643,0.1481870730425643,0.0599828248649477,130.41774034500122
0.03,321,kmeans,{'n_clusters': 250},0.2980277574872169,0.2980277574872169,0.2352543411386673,0.1481870730425643,0.1481870730425643,0.0599828248649477,130.41774034500122
0.03,321,kmeans,{'n_clusters': 200},0.2869491112734356,0.2869491112734356,0.2230400470240729,0.1481870730425643,0.1481870730425643,0.0599828248649477,130.41774034500122
0.03,321,label_propagation,{'seed': 0},0.5819332846359874,0.5819332846359874,0.5553553861894389,0.1481870730425643,0.1481870730425643,0.0599828248649477,130.41774034500122
0.03,321,label_propagation,{'seed': 1},0.5840029218407596,0.5840029218407596,0.5561526790848813,0.1481870730425643,0.1481870730425643,0.0599828248649477,130.41774034500122
0.03,321,label_propagation,{'seed': 2},0.58327246165084,0.58327246165084,0.5571098629633949,0.1481870730425643,0.1481870730425643,0.0599828248649477,130.41774034500122
0.03,3,spectral,{'n_clusters': 250},0.5893470790378007,0.5893470790378007,0.5307852707675342,0.3470149253731343,0.3470149253731343,0.2311893369893672,9.437132596969604
0.03,3,spectral,{'n_clusters': 200},0.5292096219931272,0.5292096219931272,0.4683848620008676,0.3470149253731343,0.3470149253731343,0.2311893369893672,9.437132596969604
0.03,3,spectral,{'n_clusters': 199},0.5352233676975945,0.5352233676975945,0.4764071310518961,0.3470149253731343,0.3470149253731343,0.2311893369893672,9.437132596969604
0.03,3,spectral,{'n_clusters': 190},0.5214776632302406,0.5214776632302406,0.4617018615037387,0.3470149253731343,0.3470149253731343,0.2311893369893672,9.437132596969604
0.03,3,spectral,{'n_clusters': 180},0.5128865979381443,0.5128865979381443,0.4491120883638594,0.3470149253731343,0.3470149253731343,0.2311893369893672,9.437132596969604
0.03,3,spectral,{'n_clusters': 170},0.506872852233677,0.506872852233677,0.4398885053793973,0.3470149253731343,0.3470149253731343,0.2311893369893672,9.437132596969604
0.03,3,spectral,{'n_clusters': 160},0.4922680412371134,0.4922680412371134,0.4213923978463696,0.3470149253731343,0.3470149253731343,0.2311893369893672,9.437132596969604
0.03,3,spectral,{'n_clusters': 150},0.468213058419244,0.468213058419244,0.3955444769732266,0.3470149253731343,0.3470149253731343,0.2311893369893672,9.437132596969604
0.03,3,spectral,{'n_clusters': 140},0.4759450171821305,0.4759450171821305,0.4040147683774369,0.3470149253731343,0.3470149253731343,0.2311893369893672,9.437132596969604
0.03,3,spectral,{'n_clusters': 130},0.4656357388316151,0.4656357388316151,0.3932832623449639,0.3470149253731343,0.3470149253731343,0.2311893369893672,9.437132596969604
0.03,3,spectral,{'n_clusters': 120},0.4510309278350515,0.4510309278350515,0.3822525947462408,0.3470149253731343,0.3470149253731343,0.2311893369893672,9.437132596969604
0.03,3,spectral,{'n_clusters': 110},0.4390034364261168,0.4390034364261168,0.3624994678114941,0.3470149253731343,0.3470149253731343,0.2311893369893672,9.437132596969604
0.03,3,spectral,{'n_clusters': 100},0.4372852233676976,0.4372852233676976,0.3584232777172599,0.3470149253731343,0.3470149253731343,0.2311893369893672,9.437132596969604
0.03,3,louvain,{},0.3084192439862543,0.3084192439862543,0.2011825898546944,0.3470149253731343,0.3470149253731343,0.2311893369893672,9.437132596969604
0.03,3,dbscan,"{'eps': 0.9, 'min_samples': 2}",0.2869415807560137,0.2869415807560137,0.1388484988670862,0.3470149253731343,0.3470149253731343,0.2311893369893672,9.437132596969604
0.03,3,kmeans,{'n_clusters': 250},0.5670103092783505,0.5670103092783505,0.5000246293296728,0.3470149253731343,0.3470149253731343,0.2311893369893672,9.437132596969604
0.03,3,kmeans,{'n_clusters': 200},0.5223367697594502,0.5223367697594502,0.4545397596453358,0.3470149253731343,0.3470149253731343,0.2311893369893672,9.437132596969604
0.03,3,kmeans,{'n_clusters': 199},0.511168384879725,0.511168384879725,0.4454108851895887,0.3470149253731343,0.3470149253731343,0.2311893369893672,9.437132596969604
0.03,3,kmeans,{'n_clusters': 190},0.520618556701031,0.520618556701031,0.4513435917955342,0.3470149253731343,0.3470149253731343,0.2311893369893672,9.437132596969604
0.03,3,kmeans,{'n_clusters': 180},0.4965635738831615,0.4965635738831615,0.4316530133365175,0.3470149253731343,0.3470149253731343,0.2311893369893672,9.437132596969604
0.03,3,kmeans,{'n_clusters': 170},0.493127147766323,0.493127147766323,0.4126062605894284,0.3470149253731343,0.3470149253731343,0.2311893369893672,9.437132596969604
0.03,3,kmeans,{'n_clusters': 160},0.4836769759450172,0.4836769759450172,0.403734813231886,0.3470149253731343,0.3470149253731343,0.2311893369893672,9.437132596969604
0.03,3,kmeans,{'n_clusters': 150},0.4579037800687285,0.4579037800687285,0.3847740984712999,0.3470149253731343,0.3470149253731343,0.2311893369893672,9.437132596969604
0.03,3,kmeans,{'n_clusters': 140},0.4475945017182131,0.4475945017182131,0.3759923368366003,0.3470149253731343,0.3470149253731343,0.2311893369893672,9.437132596969604
0.03,3,kmeans,{'n_clusters': 130},0.4321305841924399,0.4321305841924399,0.3601799616092205,0.3470149253731343,0.3470149253731343,0.2311893369893672,9.437132596969604
0.03,3,kmeans,{'n_clusters': 120},0.4243986254295532,0.4243986254295532,0.3499885960820307,0.3470149253731343,0.3470149253731343,0.2311893369893672,9.437132596969604
0.03,3,kmeans,{'n_clusters': 110},0.4209621993127148,0.4209621993127148,0.3433696806536945,0.3470149253731343,0.3470149253731343,0.2311893369893672,9.437132596969604
0.03,3,kmeans,{'n_clusters': 100},0.4046391752577319,0.4046391752577319,0.3128725772920498,0.3470149253731343,0.3470149253731343,0.2311893369893672,9.437132596969604
0.03,3,label_propagation,{'seed': 0},0.5335051546391752,0.5335051546391752,0.468828812501081,0.3470149253731343,0.3470149253731343,0.2311893369893672,9.437132596969604
0.03,3,label_propagation,{'seed': 1},0.5335051546391752,0.5335051546391752,0.4685479703828054,0.3470149253731343,0.3470149253731343,0.2311893369893672,9.437132596969604
0.03,3,label_propagation,{'seed': 2},0.5343642611683849,0.5343642611683849,0.4689471008883095,0.3470149253731343,0.3470149253731343,0.2311893369893672,9.437132596969604
0.03,32,spectral,{'n_clusters': 500},0.4793196752995748,0.4793196752995748,0.4245239995405569,0.184407796101949,0.184407796101949,0.0855467663542481,22.06719732284546
0.03,32,spectral,{'n_clusters': 450},0.4576729802860456,0.4576729802860456,0.4029576270907389,0.184407796101949,0.184407796101949,0.0855467663542481,22.06719732284546
0.03,32,spectral,{'n_clusters': 411},0.4340935446463084,0.4340935446463084,0.3761111781100273,0.184407796101949,0.184407796101949,0.0855467663542481,22.06719732284546
0.03,32,spectral,{'n_clusters': 400},0.4313877077696173,0.4313877077696173,0.3696683981369868,0.184407796101949,0.184407796101949,0.0855467663542481,22.06719732284546
0.03,32,spectral,{'n_clusters': 350},0.4116737533822961,0.4116737533822961,0.3461517606141266,0.184407796101949,0.184407796101949,0.0855467663542481,22.06719732284546
0.03,32,spectral,{'n_clusters': 300},0.3900270583687669,0.3900270583687669,0.3227034358352301,0.184407796101949,0.184407796101949,0.0855467663542481,22.06719732284546
0.03,32,spectral,{'n_clusters': 250},0.3625821414766138,0.3625821414766138,0.2953074796451843,0.184407796101949,0.184407796101949,0.0855467663542481,22.06719732284546
0.03,32,spectral,{'n_clusters': 200},0.3351372245844607,0.3351372245844607,0.2646487602401817,0.184407796101949,0.184407796101949,0.0855467663542481,22.06719732284546
0.03,32,louvain,{},0.2272902976420564,0.2272902976420564,0.1366856306939866,0.184407796101949,0.184407796101949,0.0855467663542481,22.06719732284546
0.03,32,dbscan,"{'eps': 0.9, 'min_samples': 2}",0.1592578275995361,0.1592578275995361,0.0595867461669678,0.184407796101949,0.184407796101949,0.0855467663542481,22.06719732284546
0.03,32,kmeans,{'n_clusters': 500},0.4437572477773482,0.4437572477773482,0.3824146238257394,0.184407796101949,0.184407796101949,0.0855467663542481,22.06719732284546
0.03,32,kmeans,{'n_clusters': 450},0.4232701971395439,0.4232701971395439,0.3634347736693842,0.184407796101949,0.184407796101949,0.0855467663542481,22.06719732284546
0.03,32,kmeans,{'n_clusters': 411},0.4078082721298802,0.4078082721298802,0.3420170131903326,0.184407796101949,0.184407796101949,0.0855467663542481,22.06719732284546
0.03,32,kmeans,{'n_clusters': 400},0.394665635871666,0.394665635871666,0.3319049899702602,0.184407796101949,0.184407796101949,0.0855467663542481,22.06719732284546
0.03,32,kmeans,{'n_clusters': 350},0.3676072671047545,0.3676072671047545,0.3050141236521406,0.184407796101949,0.184407796101949,0.0855467663542481,22.06719732284546
0.03,32,kmeans,{'n_clusters': 300},0.3505991495941244,0.3505991495941244,0.2834179496152625,0.184407796101949,0.184407796101949,0.0855467663542481,22.06719732284546
0.03,32,kmeans,{'n_clusters': 250},0.3243138770776961,0.3243138770776961,0.2592921485496625,0.184407796101949,0.184407796101949,0.0855467663542481,22.06719732284546
0.03,32,kmeans,{'n_clusters': 200},0.2980286045612679,0.2980286045612679,0.2287662391219054,0.184407796101949,0.184407796101949,0.0855467663542481,22.06719732284546
0.03,32,label_propagation,{'seed': 0},0.4704290684190181,0.4704290684190181,0.4125832505158673,0.184407796101949,0.184407796101949,0.0855467663542481,22.06719732284546
0.03,32,label_propagation,{'seed': 1},0.4719752609199845,0.4719752609199845,0.4139338068678536,0.184407796101949,0.184407796101949,0.0855467663542481,22.06719732284546
0.03,32,label_propagation,{'seed': 2},0.4700425202937766,0.4700425202937766,0.4122937494015772,0.184407796101949,0.184407796101949,0.0855467663542481,22.06719732284546
0.13,321,spectral,{'n_clusters': 550},0.2350432872464142,0.2350432872464142,0.2046898390639021,0.3145500420521446,0.3145500420521446,0.2064355370479958,953.133013010025
0.13,321,spectral,{'n_clusters': 500},0.2219925054916655,0.2219925054916655,0.1909445724101942,0.3145500420521446,0.3145500420521446,0.2064355370479958,953.133013010025
0.13,321,spectral,{'n_clusters': 494},0.2020932937071973,0.2020932937071973,0.1747517287100569,0.3145500420521446,0.3145500420521446,0.2064355370479958,953.133013010025
0.13,321,spectral,{'n_clusters': 450},0.2048068225868975,0.2048068225868975,0.1688340877368982,0.3145500420521446,0.3145500420521446,0.2064355370479958,953.133013010025
0.13,321,spectral,{'n_clusters': 400},0.2221217211526037,0.2221217211526037,0.1799988594106824,0.3145500420521446,0.3145500420521446,0.2064355370479958,953.133013010025
0.13,321,spectral,{'n_clusters': 350},0.204160744282207,0.204160744282207,0.156760203827437,0.3145500420521446,0.3145500420521446,0.2064355370479958,953.133013010025
0.13,321,spectral,{'n_clusters': 300},0.1874919240211913,0.1874919240211913,0.1476451948659334,0.3145500420521446,0.3145500420521446,0.2064355370479958,953.133013010025
0.13,321,spectral,{'n_clusters': 250},0.192014472154025,0.192014472154025,0.1413825980167302,0.3145500420521446,0.3145500420521446,0.2064355370479958,953.133013010025
0.13,321,spectral,{'n_clusters': 200},0.2024809406900116,0.2024809406900116,0.1438005602492636,0.3145500420521446,0.3145500420521446,0.2064355370479958,953.133013010025
0.13,321,louvain,{},0.1438170306241116,0.1438170306241116,0.0525547984270573,0.3145500420521446,0.3145500420521446,0.2064355370479958,953.133013010025
0.13,321,dbscan,"{'eps': 0.9, 'min_samples': 2}",0.1050523323426799,0.1050523323426799,0.0199737011680539,0.3145500420521446,0.3145500420521446,0.2064355370479958,953.133013010025
0.13,321,kmeans,{'n_clusters': 550},0.3389326786406512,0.3389326786406512,0.2899858778688406,0.3145500420521446,0.3145500420521446,0.2064355370479958,953.133013010025
0.13,321,kmeans,{'n_clusters': 500},0.3240728776327691,0.3240728776327691,0.2741021307456555,0.3145500420521446,0.3145500420521446,0.2064355370479958,953.133013010025
0.13,321,kmeans,{'n_clusters': 494},0.3315673859671792,0.3315673859671792,0.2787956735796687,0.3145500420521446,0.3145500420521446,0.2064355370479958,953.133013010025
0.13,321,kmeans,{'n_clusters': 450},0.3181289572296162,0.3181289572296162,0.2671787253716399,0.3145500420521446,0.3145500420521446,0.2064355370479958,953.133013010025
0.13,321,kmeans,{'n_clusters': 400},0.3027522935779816,0.3027522935779816,0.2471325606995263,0.3145500420521446,0.3145500420521446,0.2064355370479958,953.133013010025
0.13,321,kmeans,{'n_clusters': 350},0.2924150407029331,0.2924150407029331,0.2369805201800232,0.3145500420521446,0.3145500420521446,0.2064355370479958,953.133013010025
0.13,321,kmeans,{'n_clusters': 300},0.271352887970022,0.271352887970022,0.2125851399501555,0.3145500420521446,0.3145500420521446,0.2064355370479958,953.133013010025
0.13,321,kmeans,{'n_clusters': 250},0.2634707326527975,0.2634707326527975,0.2007695832823455,0.3145500420521446,0.3145500420521446,0.2064355370479958,953.133013010025
0.13,321,kmeans,{'n_clusters': 200},0.2411164233105052,0.2411164233105052,0.1791950002379211,0.3145500420521446,0.3145500420521446,0.2064355370479958,953.133013010025
0.13,321,label_propagation,{'seed': 0},0.1050523323426799,0.1050523323426799,0.0199737011680539,0.3145500420521446,0.3145500420521446,0.2064355370479958,953.133013010025
0.13,321,label_propagation,{'seed': 1},0.1050523323426799,0.1050523323426799,0.0199737011680539,0.3145500420521446,0.3145500420521446,0.2064355370479958,953.133013010025
0.13,321,label_propagation,{'seed': 2},0.1050523323426799,0.1050523323426799,0.0199737011680539,0.3145500420521446,0.3145500420521446,0.2064355370479958,953.133013010025
0.13,3,spectral,{'n_clusters': 250},0.5352363960749331,0.5352363960749331,0.4896576859693911,0.315112540192926,0.315112540192926,0.1916782646254259,14.846537828445436
0.13,3,spectral,{'n_clusters': 200},0.5049063336306869,0.5049063336306869,0.4470952297180111,0.315112540192926,0.315112540192926,0.1916782646254259,14.846537828445436
0.13,3,spectral,{'n_clusters': 199},0.4754683318465655,0.4754683318465655,0.4150525729726836,0.315112540192926,0.315112540192926,0.1916782646254259,14.846537828445436
0.13,3,spectral,{'n_clusters': 190},0.487957181088314,0.487957181088314,0.4295977892330999,0.315112540192926,0.315112540192926,0.1916782646254259,14.846537828445436
0.13,3,spectral,{'n_clusters': 180},0.4834968777876895,0.4834968777876895,0.4190691573592987,0.315112540192926,0.315112540192926,0.1916782646254259,14.846537828445436
0.13,3,spectral,{'n_clusters': 170},0.4683318465655665,0.4683318465655665,0.4066201271282619,0.315112540192926,0.315112540192926,0.1916782646254259,14.846537828445436
0.13,3,spectral,{'n_clusters': 160},0.4531668153434433,0.4531668153434433,0.3904191049014395,0.315112540192926,0.315112540192926,0.1916782646254259,14.846537828445436
0.13,3,spectral,{'n_clusters': 150},0.4380017841213202,0.4380017841213202,0.3741981771650007,0.315112540192926,0.315112540192926,0.1916782646254259,14.846537828445436
0.13,3,spectral,{'n_clusters': 140},0.4406779661016949,0.4406779661016949,0.3719625168003387,0.315112540192926,0.315112540192926,0.1916782646254259,14.846537828445436
0.13,3,spectral,{'n_clusters': 130},0.4058876003568242,0.4058876003568242,0.3262824949834131,0.315112540192926,0.315112540192926,0.1916782646254259,14.846537828445436
0.13,3,spectral,{'n_clusters': 120},0.4112399643175736,0.4112399643175736,0.3386317462809223,0.315112540192926,0.315112540192926,0.1916782646254259,14.846537828445436
0.13,3,spectral,{'n_clusters': 110},0.4014272970561998,0.4014272970561998,0.3381069170653037,0.315112540192926,0.315112540192926,0.1916782646254259,14.846537828445436
0.13,3,spectral,{'n_clusters': 100},0.3871543264942016,0.3871543264942016,0.2961314042493797,0.315112540192926,0.315112540192926,0.1916782646254259,14.846537828445436
0.13,3,louvain,{},0.2854594112399643,0.2854594112399643,0.1547381831995229,0.315112540192926,0.315112540192926,0.1916782646254259,14.846537828445436
0.13,3,dbscan,"{'eps': 0.9, 'min_samples': 2}",0.272078501338091,0.272078501338091,0.1163870167014274,0.315112540192926,0.315112540192926,0.1916782646254259,14.846537828445436
0.13,3,kmeans,{'n_clusters': 250},0.5530776092774309,0.5530776092774309,0.4975583062988528,0.315112540192926,0.315112540192926,0.1916782646254259,14.846537828445436
0.13,3,kmeans,{'n_clusters': 200},0.5165031222123104,0.5165031222123104,0.4504079336906441,0.315112540192926,0.315112540192926,0.1916782646254259,14.846537828445436
0.13,3,kmeans,{'n_clusters': 199},0.504014272970562,0.504014272970562,0.4400908578573845,0.315112540192926,0.315112540192926,0.1916782646254259,14.846537828445436
0.13,3,kmeans,{'n_clusters': 190},0.5049063336306869,0.5049063336306869,0.4221121786925404,0.315112540192926,0.315112540192926,0.1916782646254259,14.846537828445436
0.13,3,kmeans,{'n_clusters': 180},0.4790365744870651,0.4790365744870651,0.4100566786782393,0.315112540192926,0.315112540192926,0.1916782646254259,14.846537828445436
0.13,3,kmeans,{'n_clusters': 170},0.4834968777876895,0.4834968777876895,0.420291940404755,0.315112540192926,0.315112540192926,0.1916782646254259,14.846537828445436
0.13,3,kmeans,{'n_clusters': 160},0.4710080285459411,0.4710080285459411,0.4069931550310535,0.315112540192926,0.315112540192926,0.1916782646254259,14.846537828445436
0.13,3,kmeans,{'n_clusters': 150},0.447814451382694,0.447814451382694,0.3702274903936643,0.315112540192926,0.315112540192926,0.1916782646254259,14.846537828445436
0.13,3,kmeans,{'n_clusters': 140},0.4540588760035682,0.4540588760035682,0.3815097952022185,0.315112540192926,0.315112540192926,0.1916782646254259,14.846537828445436
0.13,3,kmeans,{'n_clusters': 130},0.4299732381801962,0.4299732381801962,0.3499114608684391,0.315112540192926,0.315112540192926,0.1916782646254259,14.846537828445436
0.13,3,kmeans,{'n_clusters': 120},0.4228367528991971,0.4228367528991971,0.3508678481163984,0.315112540192926,0.315112540192926,0.1916782646254259,14.846537828445436
0.13,3,kmeans,{'n_clusters': 110},0.4219446922390722,0.4219446922390722,0.3459794172151222,0.315112540192926,0.315112540192926,0.1916782646254259,14.846537828445436
0.13,3,kmeans,{'n_clusters': 100},0.4032114183764496,0.4032114183764496,0.3285512811604861,0.315112540192926,0.315112540192926,0.1916782646254259,14.846537828445436
0.13,3,label_propagation,{'seed': 0},0.272078501338091,0.272078501338091,0.1163870167014274,0.315112540192926,0.315112540192926,0.1916782646254259,14.846537828445436
0.13,3,label_propagation,{'seed': 1},0.272078501338091,0.272078501338091,0.1163870167014274,0.315112540192926,0.315112540192926,0.1916782646254259,14.846537828445436
0.13,3,label_propagation,{'seed': 2},0.272078501338091,0.272078501338091,0.1163870167014274,0.315112540192926,0.315112540192926,0.1916782646254259,14.846537828445436
0.13,32,spectral,{'n_clusters': 500},0.3928296067848882,0.3928296067848882,0.3707087970354469,0.2075757575757575,0.2075757575757575,0.0995024600759034,78.95823001861572
0.13,32,spectral,{'n_clusters': 450},0.3604471858134155,0.3604471858134155,0.3410987951145057,0.2075757575757575,0.2075757575757575,0.0995024600759034,78.95823001861572
0.13,32,spectral,{'n_clusters': 411},0.3404009252120277,0.3404009252120277,0.3176725937362851,0.2075757575757575,0.2075757575757575,0.0995024600759034,78.95823001861572
0.13,32,spectral,{'n_clusters': 400},0.3473400154202005,0.3473400154202005,0.3268044430438933,0.2075757575757575,0.2075757575757575,0.0995024600759034,78.95823001861572
0.13,32,spectral,{'n_clusters': 350},0.3315343099460293,0.3315343099460293,0.3086734944334302,0.2075757575757575,0.2075757575757575,0.0995024600759034,78.95823001861572
0.13,32,spectral,{'n_clusters': 300},0.3215111796453354,0.3215111796453354,0.2871574793380751,0.2075757575757575,0.2075757575757575,0.0995024600759034,78.95823001861572
0.13,32,spectral,{'n_clusters': 250},0.2706245181187355,0.2706245181187355,0.2150471634343585,0.2075757575757575,0.2075757575757575,0.0995024600759034,78.95823001861572
0.13,32,spectral,{'n_clusters': 200},0.2652274479568234,0.2652274479568234,0.2044350002863869,0.2075757575757575,0.2075757575757575,0.0995024600759034,78.95823001861572
0.13,32,louvain,{},0.1495759444872783,0.1495759444872783,0.05053620984328,0.2075757575757575,0.2075757575757575,0.0995024600759034,78.95823001861572
0.13,32,dbscan,"{'eps': 0.9, 'min_samples': 2}",0.1449498843484965,0.1449498843484965,0.0367011154983398,0.2075757575757575,0.2075757575757575,0.0995024600759034,78.95823001861572
0.13,32,kmeans,{'n_clusters': 500},0.4421742482652274,0.4421742482652274,0.3864130401969259,0.2075757575757575,0.2075757575757575,0.0995024600759034,78.95823001861572
0.13,32,kmeans,{'n_clusters': 450},0.4221279876638396,0.4221279876638396,0.3634225775712881,0.2075757575757575,0.2075757575757575,0.0995024600759034,78.95823001861572
0.13,32,kmeans,{'n_clusters': 411},0.4063222821896685,0.4063222821896685,0.3496523429535767,0.2075757575757575,0.2075757575757575,0.0995024600759034,78.95823001861572
0.13,32,kmeans,{'n_clusters': 400},0.3947571318427139,0.3947571318427139,0.342328074859423,0.2075757575757575,0.2075757575757575,0.0995024600759034,78.95823001861572
0.13,32,kmeans,{'n_clusters': 350},0.3816499614494988,0.3816499614494988,0.3166294084949471,0.2075757575757575,0.2075757575757575,0.0995024600759034,78.95823001861572
0.13,32,kmeans,{'n_clusters': 300},0.3554356206630686,0.3554356206630686,0.2903734779766448,0.2075757575757575,0.2075757575757575,0.0995024600759034,78.95823001861572
0.13,32,kmeans,{'n_clusters': 250},0.3218966846569005,0.3218966846569005,0.2573214085956601,0.2075757575757575,0.2075757575757575,0.0995024600759034,78.95823001861572
0.13,32,kmeans,{'n_clusters': 200},0.2964533538936006,0.2964533538936006,0.2238198148719349,0.2075757575757575,0.2075757575757575,0.0995024600759034,78.95823001861572
0.13,32,label_propagation,{'seed': 0},0.1449498843484965,0.1449498843484965,0.0367011154983398,0.2075757575757575,0.2075757575757575,0.0995024600759034,78.95823001861572
0.13,32,label_propagation,{'seed': 1},0.1449498843484965,0.1449498843484965,0.0367011154983398,0.2075757575757575,0.2075757575757575,0.0995024600759034,78.95823001861572
0.13,32,label_propagation,{'seed': 2},0.1449498843484965,0.1449498843484965,0.0367011154983398,0.2075757575757575,0.2075757575757575,0.0995024600759034,78.95823001861572
0.11,321,spectral,{'n_clusters': 550},0.2601547388781431,0.2601547388781431,0.2101626535310557,0.1365853658536585,0.1365853658536585,0.0597540985055016,346.85528445243835
0.11,321,spectral,{'n_clusters': 500},0.2600338491295938,0.2600338491295938,0.2080509703930895,0.1365853658536585,0.1365853658536585,0.0597540985055016,346.85528445243835
0.11,321,spectral,{'n_clusters': 494},0.2501208897485493,0.2501208897485493,0.1975494323290168,0.1365853658536585,0.1365853658536585,0.0597540985055016,346.85528445243835
0.11,321,spectral,{'n_clusters': 450},0.2386363636363636,0.2386363636363636,0.1838259784376755,0.1365853658536585,0.1365853658536585,0.0597540985055016,346.85528445243835
0.11,321,spectral,{'n_clusters': 400},0.2457688588007737,0.2457688588007737,0.1895325058166693,0.1365853658536585,0.1365853658536585,0.0597540985055016,346.85528445243835
0.11,321,spectral,{'n_clusters': 350},0.2336798839458413,0.2336798839458413,0.1719523980793285,0.1365853658536585,0.1365853658536585,0.0597540985055016,346.85528445243835
0.11,321,spectral,{'n_clusters': 300},0.2522969052224371,0.2522969052224371,0.1845391894158041,0.1365853658536585,0.1365853658536585,0.0597540985055016,346.85528445243835
0.11,321,spectral,{'n_clusters': 250},0.2306576402321083,0.2306576402321083,0.1653593125026484,0.1365853658536585,0.1365853658536585,0.0597540985055016,346.85528445243835
0.11,321,spectral,{'n_clusters': 200},0.2514506769825919,0.2514506769825919,0.2059352003101087,0.1365853658536585,0.1365853658536585,0.0597540985055016,346.85528445243835
0.11,321,louvain,{},0.2165135396518375,0.2165135396518375,0.1143059383131894,0.1365853658536585,0.1365853658536585,0.0597540985055016,346.85528445243835
0.11,321,dbscan,"{'eps': 0.9, 'min_samples': 2}",0.1506286266924564,0.1506286266924564,0.0394375433617988,0.1365853658536585,0.1365853658536585,0.0597540985055016,346.85528445243835
0.11,321,kmeans,{'n_clusters': 550},0.3830996131528046,0.3830996131528046,0.3349263046088347,0.1365853658536585,0.1365853658536585,0.0597540985055016,346.85528445243835
0.11,321,kmeans,{'n_clusters': 500},0.3722195357833656,0.3722195357833656,0.3171317374072001,0.1365853658536585,0.1365853658536585,0.0597540985055016,346.85528445243835
0.11,321,kmeans,{'n_clusters': 494},0.3745164410058027,0.3745164410058027,0.3260521449644032,0.1365853658536585,0.1365853658536585,0.0597540985055016,346.85528445243835
0.11,321,kmeans,{'n_clusters': 450},0.3557785299806576,0.3557785299806576,0.3087742749553182,0.1365853658536585,0.1365853658536585,0.0597540985055016,346.85528445243835
0.11,321,kmeans,{'n_clusters': 400},0.3491295938104449,0.3491295938104449,0.2909818742001278,0.1365853658536585,0.1365853658536585,0.0597540985055016,346.85528445243835
0.11,321,kmeans,{'n_clusters': 350},0.3314796905222437,0.3314796905222437,0.2781148386374253,0.1365853658536585,0.1365853658536585,0.0597540985055016,346.85528445243835
0.11,321,kmeans,{'n_clusters': 300},0.3195116054158607,0.3195116054158607,0.2525700126135186,0.1365853658536585,0.1365853658536585,0.0597540985055016,346.85528445243835
0.11,321,kmeans,{'n_clusters': 250},0.296784332688588,0.296784332688588,0.2347507717712637,0.1365853658536585,0.1365853658536585,0.0597540985055016,346.85528445243835
0.11,321,kmeans,{'n_clusters': 200},0.2871131528046421,0.2871131528046421,0.2114834437128762,0.1365853658536585,0.1365853658536585,0.0597540985055016,346.85528445243835
0.11,321,label_propagation,{'seed': 0},0.1687620889748549,0.1687620889748549,0.0546771805372061,0.1365853658536585,0.1365853658536585,0.0597540985055016,346.85528445243835
0.11,321,label_propagation,{'seed': 1},0.1687620889748549,0.1687620889748549,0.0546771805372061,0.1365853658536585,0.1365853658536585,0.0597540985055016,346.85528445243835
0.11,321,label_propagation,{'seed': 2},0.1687620889748549,0.1687620889748549,0.0546771805372061,0.1365853658536585,0.1365853658536585,0.0597540985055016,346.85528445243835
0.11,3,spectral,{'n_clusters': 250},0.527802294792586,0.527802294792586,0.4737881221849962,0.3511705685618729,0.3511705685618729,0.2842720159500732,5.675466299057007
0.11,3,spectral,{'n_clusters': 200},0.4845542806707855,0.4845542806707855,0.420003413364782,0.3511705685618729,0.3511705685618729,0.2842720159500732,5.675466299057007
0.11,3,spectral,{'n_clusters': 199},0.4863195057369814,0.4863195057369814,0.4244615319173911,0.3511705685618729,0.3511705685618729,0.2842720159500732,5.675466299057007
0.11,3,spectral,{'n_clusters': 190},0.4774933804060017,0.4774933804060017,0.4219631660474653,0.3511705685618729,0.3511705685618729,0.2842720159500732,5.675466299057007
0.11,3,spectral,{'n_clusters': 180},0.4677846425419241,0.4677846425419241,0.4000300411836847,0.3511705685618729,0.3511705685618729,0.2842720159500732,5.675466299057007
0.11,3,spectral,{'n_clusters': 170},0.4607237422771403,0.4607237422771403,0.392490937382726,0.3511705685618729,0.3511705685618729,0.2842720159500732,5.675466299057007
0.11,3,spectral,{'n_clusters': 160},0.4598411297440423,0.4598411297440423,0.3840128772220308,0.3511705685618729,0.3511705685618729,0.2842720159500732,5.675466299057007
0.11,3,spectral,{'n_clusters': 150},0.4501323918799647,0.4501323918799647,0.3774542620384231,0.3511705685618729,0.3511705685618729,0.2842720159500732,5.675466299057007
0.11,3,spectral,{'n_clusters': 140},0.4386584289496911,0.4386584289496911,0.3661930194843388,0.3511705685618729,0.3511705685618729,0.2842720159500732,5.675466299057007
0.11,3,spectral,{'n_clusters': 130},0.4263018534863195,0.4263018534863195,0.3524759219081852,0.3511705685618729,0.3511705685618729,0.2842720159500732,5.675466299057007
0.11,3,spectral,{'n_clusters': 120},0.4165931156222418,0.4165931156222418,0.3353898437664297,0.3511705685618729,0.3511705685618729,0.2842720159500732,5.675466299057007
0.11,3,spectral,{'n_clusters': 110},0.4095322153574581,0.4095322153574581,0.3284338772809439,0.3511705685618729,0.3511705685618729,0.2842720159500732,5.675466299057007
0.11,3,spectral,{'n_clusters': 100},0.3980582524271844,0.3980582524271844,0.3106888134795876,0.3511705685618729,0.3511705685618729,0.2842720159500732,5.675466299057007
0.11,3,louvain,{},0.294792586054722,0.294792586054722,0.157856230533121,0.3511705685618729,0.3511705685618729,0.2842720159500732,5.675466299057007
0.11,3,dbscan,"{'eps': 0.9, 'min_samples': 2}",0.2709620476610768,0.2709620476610768,0.1155352064332646,0.3511705685618729,0.3511705685618729,0.2842720159500732,5.675466299057007
0.11,3,kmeans,{'n_clusters': 250},0.5507502206531333,0.5507502206531333,0.4890588783524168,0.3511705685618729,0.3511705685618729,0.2842720159500732,5.675466299057007
0.11,3,kmeans,{'n_clusters': 200},0.5119152691968226,0.5119152691968226,0.4435844215783548,0.3511705685618729,0.3511705685618729,0.2842720159500732,5.675466299057007
0.11,3,kmeans,{'n_clusters': 199},0.499558693733451,0.499558693733451,0.4275503142779608,0.3511705685618729,0.3511705685618729,0.2842720159500732,5.675466299057007
0.11,3,kmeans,{'n_clusters': 190},0.498676081200353,0.498676081200353,0.4269014780340231,0.3511705685618729,0.3511705685618729,0.2842720159500732,5.675466299057007
0.11,3,kmeans,{'n_clusters': 180},0.470432480141218,0.470432480141218,0.3919666877720549,0.3511705685618729,0.3511705685618729,0.2842720159500732,5.675466299057007
0.11,3,kmeans,{'n_clusters': 170},0.4669020300088261,0.4669020300088261,0.398587029564205,0.3511705685618729,0.3511705685618729,0.2842720159500732,5.675466299057007
0.11,3,kmeans,{'n_clusters': 160},0.4457193292144748,0.4457193292144748,0.3739384924491469,0.3511705685618729,0.3511705685618729,0.2842720159500732,5.675466299057007
0.11,3,kmeans,{'n_clusters': 150},0.4677846425419241,0.4677846425419241,0.3939598502369409,0.3511705685618729,0.3511705685618729,0.2842720159500732,5.675466299057007
0.11,3,kmeans,{'n_clusters': 140},0.4280670785525154,0.4280670785525154,0.3555546430908666,0.3511705685618729,0.3511705685618729,0.2842720159500732,5.675466299057007
0.11,3,kmeans,{'n_clusters': 130},0.4263018534863195,0.4263018534863195,0.3441408546265511,0.3511705685618729,0.3511705685618729,0.2842720159500732,5.675466299057007
0.11,3,kmeans,{'n_clusters': 120},0.4218887908208296,0.4218887908208296,0.3408728199025955,0.3511705685618729,0.3511705685618729,0.2842720159500732,5.675466299057007
0.11,3,kmeans,{'n_clusters': 110},0.4210061782877317,0.4210061782877317,0.3415754761767403,0.3511705685618729,0.3511705685618729,0.2842720159500732,5.675466299057007
0.11,3,kmeans,{'n_clusters': 100},0.3980582524271844,0.3980582524271844,0.3086269001715211,0.3511705685618729,0.3511705685618729,0.2842720159500732,5.675466299057007
0.11,3,label_propagation,{'seed': 0},0.2894969108561341,0.2894969108561341,0.166548230223876,0.3511705685618729,0.3511705685618729,0.2842720159500732,5.675466299057007
0.11,3,label_propagation,{'seed': 1},0.2850838481906443,0.2850838481906443,0.1403169175231694,0.3511705685618729,0.3511705685618729,0.2842720159500732,5.675466299057007
0.11,3,label_propagation,{'seed': 2},0.2903795233892321,0.2903795233892321,0.1673635684445205,0.3511705685618729,0.3511705685618729,0.2842720159500732,5.675466299057007
0.11,32,spectral,{'n_clusters': 500},0.3888455538221529,0.3888455538221529,0.3733902661166996,0.1826086956521739,0.1826086956521739,0.0776923001867269,37.08398485183716
0.11,32,spectral,{'n_clusters': 450},0.3732449297971918,0.3732449297971918,0.3546032669876797,0.1826086956521739,0.1826086956521739,0.0776923001867269,37.08398485183716
0.11,32,spectral,{'n_clusters': 411},0.3451638065522621,0.3451638065522621,0.3233382074130201,0.1826086956521739,0.1826086956521739,0.0776923001867269,37.08398485183716
0.11,32,spectral,{'n_clusters': 400},0.3393135725429017,0.3393135725429017,0.3127300285129149,0.1826086956521739,0.1826086956521739,0.0776923001867269,37.08398485183716
0.11,32,spectral,{'n_clusters': 350},0.3174726989079563,0.3174726989079563,0.2853948807217664,0.1826086956521739,0.1826086956521739,0.0776923001867269,37.08398485183716
0.11,32,spectral,{'n_clusters': 300},0.3061622464898595,0.3061622464898595,0.2596586388810984,0.1826086956521739,0.1826086956521739,0.0776923001867269,37.08398485183716
0.11,32,spectral,{'n_clusters': 250},0.3026521060842433,0.3026521060842433,0.2525707815791057,0.1826086956521739,0.1826086956521739,0.0776923001867269,37.08398485183716
0.11,32,spectral,{'n_clusters': 200},0.2585803432137285,0.2585803432137285,0.2097413413259888,0.1826086956521739,0.1826086956521739,0.0776923001867269,37.08398485183716
0.11,32,louvain,{},0.1688767550702028,0.1688767550702028,0.0745493060590163,0.1826086956521739,0.1826086956521739,0.0776923001867269,37.08398485183716
0.11,32,dbscan,"{'eps': 0.9, 'min_samples': 2}",0.1400156006240249,0.1400156006240249,0.0343931581416523,0.1826086956521739,0.1826086956521739,0.0776923001867269,37.08398485183716
0.11,32,kmeans,{'n_clusters': 500},0.43798751950078,0.43798751950078,0.3840716767595216,0.1826086956521739,0.1826086956521739,0.0776923001867269,37.08398485183716
0.11,32,kmeans,{'n_clusters': 450},0.4153666146645866,0.4153666146645866,0.3586095695857504,0.1826086956521739,0.1826086956521739,0.0776923001867269,37.08398485183716
0.11,32,kmeans,{'n_clusters': 411},0.3950858034321373,0.3950858034321373,0.3338866678959685,0.1826086956521739,0.1826086956521739,0.0776923001867269,37.08398485183716
0.11,32,kmeans,{'n_clusters': 400},0.3935257410296411,0.3935257410296411,0.3346007385524923,0.1826086956521739,0.1826086956521739,0.0776923001867269,37.08398485183716
0.11,32,kmeans,{'n_clusters': 350},0.3822152886115444,0.3822152886115444,0.3200344927873003,0.1826086956521739,0.1826086956521739,0.0776923001867269,37.08398485183716
0.11,32,kmeans,{'n_clusters': 300},0.3432137285491419,0.3432137285491419,0.2836702314319238,0.1826086956521739,0.1826086956521739,0.0776923001867269,37.08398485183716
0.11,32,kmeans,{'n_clusters': 250},0.3143525741029641,0.3143525741029641,0.2499669005015084,0.1826086956521739,0.1826086956521739,0.0776923001867269,37.08398485183716
0.11,32,kmeans,{'n_clusters': 200},0.2905616224648986,0.2905616224648986,0.2150510909511604,0.1826086956521739,0.1826086956521739,0.0776923001867269,37.08398485183716
0.11,32,label_propagation,{'seed': 0},0.141575663026521,0.141575663026521,0.0363790909588048,0.1826086956521739,0.1826086956521739,0.0776923001867269,37.08398485183716
0.11,32,label_propagation,{'seed': 1},0.141575663026521,0.141575663026521,0.0363790909588048,0.1826086956521739,0.1826086956521739,0.0776923001867269,37.08398485183716
0.11,32,label_propagation,{'seed': 2},0.141575663026521,0.141575663026521,0.0363790909588048,0.1826086956521739,0.1826086956521739,0.0776923001867269,37.08398485183716
0.08,321,spectral,{'n_clusters': 550},0.2966254353308514,0.2966254353308514,0.2548824525496552,0.1363128491620111,0.1363128491620111,0.0544563533390058,139.3336465358734
0.08,321,spectral,{'n_clusters': 500},0.2871382250510388,0.2871382250510388,0.2407393734996649,0.1363128491620111,0.1363128491620111,0.0544563533390058,139.3336465358734
0.08,321,spectral,{'n_clusters': 494},0.2878587726672271,0.2878587726672271,0.240622985325548,0.1363128491620111,0.1363128491620111,0.0544563533390058,139.3336465358734
0.08,321,spectral,{'n_clusters': 450},0.2668428005284016,0.2668428005284016,0.2172771811320958,0.1363128491620111,0.1363128491620111,0.0544563533390058,139.3336465358734
0.08,321,spectral,{'n_clusters': 400},0.2760898282694848,0.2760898282694848,0.2250093181431262,0.1363128491620111,0.1363128491620111,0.0544563533390058,139.3336465358734
0.08,321,spectral,{'n_clusters': 350},0.2648012489492014,0.2648012489492014,0.2085707512961724,0.1363128491620111,0.1363128491620111,0.0544563533390058,139.3336465358734
0.08,321,spectral,{'n_clusters': 300},0.2451062807733877,0.2451062807733877,0.1835881412847504,0.1363128491620111,0.1363128491620111,0.0544563533390058,139.3336465358734
0.08,321,spectral,{'n_clusters': 250},0.2597574156358833,0.2597574156358833,0.1916946988101704,0.1363128491620111,0.1363128491620111,0.0544563533390058,139.3336465358734
0.08,321,spectral,{'n_clusters': 200},0.2509907529722589,0.2509907529722589,0.1792422608135772,0.1363128491620111,0.1363128491620111,0.0544563533390058,139.3336465358734
0.08,321,louvain,{},0.2124414555061847,0.2124414555061847,0.1012788782119903,0.1363128491620111,0.1363128491620111,0.0544563533390058,139.3336465358734
0.08,321,dbscan,"{'eps': 0.9, 'min_samples': 2}",0.1468716224330491,0.1468716224330491,0.0376175904158364,0.1363128491620111,0.1363128491620111,0.0544563533390058,139.3336465358734
0.08,321,kmeans,{'n_clusters': 550},0.3792482286537769,0.3792482286537769,0.3299516284736879,0.1363128491620111,0.1363128491620111,0.0544563533390058,139.3336465358734
0.08,321,kmeans,{'n_clusters': 500},0.3706016572595172,0.3706016572595172,0.3160125927164454,0.1363128491620111,0.1363128491620111,0.0544563533390058,139.3336465358734
0.08,321,kmeans,{'n_clusters': 494},0.3650774588687402,0.3650774588687402,0.3110772251784686,0.1363128491620111,0.1363128491620111,0.0544563533390058,139.3336465358734
0.08,321,kmeans,{'n_clusters': 450},0.352828149393539,0.352828149393539,0.2989935355299704,0.1363128491620111,0.1363128491620111,0.0544563533390058,139.3336465358734
0.08,321,kmeans,{'n_clusters': 400},0.3425003002281734,0.3425003002281734,0.286007596787485,0.1363128491620111,0.1363128491620111,0.0544563533390058,139.3336465358734
0.08,321,kmeans,{'n_clusters': 350},0.327368800288219,0.327368800288219,0.2704349145794003,0.1363128491620111,0.1363128491620111,0.0544563533390058,139.3336465358734
0.08,321,kmeans,{'n_clusters': 300},0.3075537408430407,0.3075537408430407,0.2442761709213649,0.1363128491620111,0.1363128491620111,0.0544563533390058,139.3336465358734
0.08,321,kmeans,{'n_clusters': 250},0.297225891677675,0.297225891677675,0.2346627968969477,0.1363128491620111,0.1363128491620111,0.0544563533390058,139.3336465358734
0.08,321,kmeans,{'n_clusters': 200},0.2823345742764501,0.2823345742764501,0.2152674041041436,0.1363128491620111,0.1363128491620111,0.0544563533390058,139.3336465358734
0.08,321,label_propagation,{'seed': 0},0.2567551339017653,0.2567551339017653,0.1944464539099579,0.1363128491620111,0.1363128491620111,0.0544563533390058,139.3336465358734
0.08,321,label_propagation,{'seed': 1},0.2637204275249189,0.2637204275249189,0.1856337431805601,0.1363128491620111,0.1363128491620111,0.0544563533390058,139.3336465358734
0.08,321,label_propagation,{'seed': 2},0.2373003482646811,0.2373003482646811,0.1503252787018409,0.1363128491620111,0.1363128491620111,0.0544563533390058,139.3336465358734
0.08,3,spectral,{'n_clusters': 250},0.5614646904969486,0.5614646904969486,0.5026017068095121,0.3649122807017544,0.3649122807017544,0.2387536124759925,9.58592939376831
0.08,3,spectral,{'n_clusters': 200},0.5108979947689625,0.5108979947689625,0.4441190593551247,0.3649122807017544,0.3649122807017544,0.2387536124759925,9.58592939376831
0.08,3,spectral,{'n_clusters': 199},0.5108979947689625,0.5108979947689625,0.4473927403474393,0.3649122807017544,0.3649122807017544,0.2387536124759925,9.58592939376831
0.08,3,spectral,{'n_clusters': 190},0.4943330427201395,0.4943330427201395,0.4302977934254642,0.3649122807017544,0.3649122807017544,0.2387536124759925,9.58592939376831
0.08,3,spectral,{'n_clusters': 180},0.4925893635571055,0.4925893635571055,0.4316565262261671,0.3649122807017544,0.3649122807017544,0.2387536124759925,9.58592939376831
0.08,3,spectral,{'n_clusters': 170},0.4768962510897995,0.4768962510897995,0.4060487523746436,0.3649122807017544,0.3649122807017544,0.2387536124759925,9.58592939376831
0.08,3,spectral,{'n_clusters': 160},0.4612031386224934,0.4612031386224934,0.3921528022254745,0.3649122807017544,0.3649122807017544,0.2387536124759925,9.58592939376831
0.08,3,spectral,{'n_clusters': 150},0.4585876198779424,0.4585876198779424,0.387493581282389,0.3649122807017544,0.3649122807017544,0.2387536124759925,9.58592939376831
0.08,3,spectral,{'n_clusters': 140},0.4472537053182214,0.4472537053182214,0.3759906912226783,0.3649122807017544,0.3649122807017544,0.2387536124759925,9.58592939376831
0.08,3,spectral,{'n_clusters': 130},0.4498692240627724,0.4498692240627724,0.3721663642148695,0.3649122807017544,0.3649122807017544,0.2387536124759925,9.58592939376831
0.08,3,spectral,{'n_clusters': 120},0.4306887532693984,0.4306887532693984,0.3661193490983784,0.3649122807017544,0.3649122807017544,0.2387536124759925,9.58592939376831
0.08,3,spectral,{'n_clusters': 110},0.4394071490845684,0.4394071490845684,0.3664416482698743,0.3649122807017544,0.3649122807017544,0.2387536124759925,9.58592939376831
0.08,3,spectral,{'n_clusters': 100},0.4228421970357454,0.4228421970357454,0.3434089810450397,0.3649122807017544,0.3649122807017544,0.2387536124759925,9.58592939376831
0.08,3,louvain,{},0.3060156931124673,0.3060156931124673,0.2166575105186025,0.3649122807017544,0.3649122807017544,0.2387536124759925,9.58592939376831
0.08,3,dbscan,"{'eps': 0.9, 'min_samples': 2}",0.2563208369659983,0.2563208369659983,0.1061482904415782,0.3649122807017544,0.3649122807017544,0.2387536124759925,9.58592939376831
0.08,3,kmeans,{'n_clusters': 250},0.5614646904969486,0.5614646904969486,0.5047999792772796,0.3649122807017544,0.3649122807017544,0.2387536124759925,9.58592939376831
0.08,3,kmeans,{'n_clusters': 200},0.5030514385353095,0.5030514385353095,0.4423164653583497,0.3649122807017544,0.3649122807017544,0.2387536124759925,9.58592939376831
0.08,3,kmeans,{'n_clusters': 199},0.5170008718395815,0.5170008718395815,0.4548551549861663,0.3649122807017544,0.3649122807017544,0.2387536124759925,9.58592939376831
0.08,3,kmeans,{'n_clusters': 190},0.5143853530950305,0.5143853530950305,0.4492758087642922,0.3649122807017544,0.3649122807017544,0.2387536124759925,9.58592939376831
0.08,3,kmeans,{'n_clusters': 180},0.4995640802092415,0.4995640802092415,0.4339762630162199,0.3649122807017544,0.3649122807017544,0.2387536124759925,9.58592939376831
0.08,3,kmeans,{'n_clusters': 170},0.4786399302528334,0.4786399302528334,0.410316572771576,0.3649122807017544,0.3649122807017544,0.2387536124759925,9.58592939376831
0.08,3,kmeans,{'n_clusters': 160},0.4629468177855275,0.4629468177855275,0.391840760828925,0.3649122807017544,0.3649122807017544,0.2387536124759925,9.58592939376831
0.08,3,kmeans,{'n_clusters': 150},0.4551002615518744,0.4551002615518744,0.3906185975106021,0.3649122807017544,0.3649122807017544,0.2387536124759925,9.58592939376831
0.08,3,kmeans,{'n_clusters': 140},0.4507410636442894,0.4507410636442894,0.3946182406001278,0.3649122807017544,0.3649122807017544,0.2387536124759925,9.58592939376831
0.08,3,kmeans,{'n_clusters': 130},0.4489973844812554,0.4489973844812554,0.3756095546109179,0.3649122807017544,0.3649122807017544,0.2387536124759925,9.58592939376831
0.08,3,kmeans,{'n_clusters': 120},0.4193548387096774,0.4193548387096774,0.349999674058852,0.3649122807017544,0.3649122807017544,0.2387536124759925,9.58592939376831
0.08,3,kmeans,{'n_clusters': 110},0.4106364428945074,0.4106364428945074,0.3298165423844537,0.3649122807017544,0.3649122807017544,0.2387536124759925,9.58592939376831
0.08,3,kmeans,{'n_clusters': 100},0.4132519616390584,0.4132519616390584,0.336157417357771,0.3649122807017544,0.3649122807017544,0.2387536124759925,9.58592939376831
0.08,3,label_propagation,{'seed': 0},0.4254577157802964,0.4254577157802964,0.3531976552775733,0.3649122807017544,0.3649122807017544,0.2387536124759925,9.58592939376831
0.08,3,label_propagation,{'seed': 1},0.4263295553618134,0.4263295553618134,0.351041025333251,0.3649122807017544,0.3649122807017544,0.2387536124759925,9.58592939376831
0.08,3,label_propagation,{'seed': 2},0.4263295553618134,0.4263295553618134,0.3551038213328144,0.3649122807017544,0.3649122807017544,0.2387536124759925,9.58592939376831
0.08,32,spectral,{'n_clusters': 500},0.4106935296396745,0.4106935296396745,0.3815822945336514,0.2095096582466567,0.2095096582466567,0.1103968586445416,26.134154319763184
0.08,32,spectral,{'n_clusters': 450},0.3862843858969392,0.3862843858969392,0.3549013224863173,0.2095096582466567,0.2095096582466567,0.1103968586445416,26.134154319763184
0.08,32,spectral,{'n_clusters': 411},0.385896939170864,0.385896939170864,0.3475859143923052,0.2095096582466567,0.2095096582466567,0.1103968586445416,26.134154319763184
0.08,32,spectral,{'n_clusters': 400},0.3723363037582332,0.3723363037582332,0.3343150156495679,0.2095096582466567,0.2095096582466567,0.1103968586445416,26.134154319763184
0.08,32,spectral,{'n_clusters': 350},0.3599380085238279,0.3599380085238279,0.316222242893859,0.2095096582466567,0.2095096582466567,0.1103968586445416,26.134154319763184
0.08,32,spectral,{'n_clusters': 300},0.3448275862068966,0.3448275862068966,0.2989829425311815,0.2095096582466567,0.2095096582466567,0.1103968586445416,26.134154319763184
0.08,32,spectral,{'n_clusters': 250},0.3146067415730337,0.3146067415730337,0.2618895342305068,0.2095096582466567,0.2095096582466567,0.1103968586445416,26.134154319763184
0.08,32,spectral,{'n_clusters': 200},0.2816737698566447,0.2816737698566447,0.2271050349143348,0.2095096582466567,0.2095096582466567,0.1103968586445416,26.134154319763184
0.08,32,louvain,{},0.1747384734598992,0.1747384734598992,0.092263234154789,0.2095096582466567,0.2095096582466567,0.1103968586445416,26.134154319763184
0.08,32,dbscan,"{'eps': 0.9, 'min_samples': 2}",0.1402557148392096,0.1402557148392096,0.0345039543131456,0.2095096582466567,0.2095096582466567,0.1103968586445416,26.134154319763184
0.08,32,kmeans,{'n_clusters': 500},0.425803951956606,0.425803951956606,0.3722124983111474,0.2095096582466567,0.2095096582466567,0.1103968586445416,26.134154319763184
0.08,32,kmeans,{'n_clusters': 450},0.4227043781480046,0.4227043781480046,0.3630865718217528,0.2095096582466567,0.2095096582466567,0.1103968586445416,26.134154319763184
0.08,32,kmeans,{'n_clusters': 411},0.4006199147617202,0.4006199147617202,0.3418195785240006,0.2095096582466567,0.2095096582466567,0.1103968586445416,26.134154319763184
0.08,32,kmeans,{'n_clusters': 400},0.3893839597055404,0.3893839597055404,0.3251312833428811,0.2095096582466567,0.2095096582466567,0.1103968586445416,26.134154319763184
0.08,32,kmeans,{'n_clusters': 350},0.3707865168539326,0.3707865168539326,0.311494554125373,0.2095096582466567,0.2095096582466567,0.1103968586445416,26.134154319763184
0.08,32,kmeans,{'n_clusters': 300},0.3452150329329717,0.3452150329329717,0.2779640712785591,0.2095096582466567,0.2095096582466567,0.1103968586445416,26.134154319763184
0.08,32,kmeans,{'n_clusters': 250},0.3138318481208834,0.3138318481208834,0.2439942243792959,0.2095096582466567,0.2095096582466567,0.1103968586445416,26.134154319763184
0.08,32,kmeans,{'n_clusters': 200},0.2901975978302983,0.2901975978302983,0.2221891798388094,0.2095096582466567,0.2095096582466567,0.1103968586445416,26.134154319763184
0.08,32,label_propagation,{'seed': 0},0.256489732661759,0.256489732661759,0.1832797872030613,0.2095096582466567,0.2095096582466567,0.1103968586445416,26.134154319763184
0.08,32,label_propagation,{'seed': 1},0.2502905850445563,0.2502905850445563,0.1763648824946477,0.2095096582466567,0.2095096582466567,0.1103968586445416,26.134154319763184
0.08,32,label_propagation,{'seed': 2},0.2673382409918636,0.2673382409918636,0.1976625533460637,0.2095096582466567,0.2095096582466567,0.1103968586445416,26.134154319763184
0.04,321,spectral,{'n_clusters': 550},0.4332134292565947,0.4332134292565947,0.3780403633190691,0.1069217782779966,0.1069217782779966,0.045450074116786,107.52202773094176
0.04,321,spectral,{'n_clusters': 500},0.4221822541966427,0.4221822541966427,0.3844958783101653,0.1069217782779966,0.1069217782779966,0.045450074116786,107.52202773094176
0.04,321,spectral,{'n_clusters': 494},0.4287769784172662,0.4287769784172662,0.368532414550493,0.1069217782779966,0.1069217782779966,0.045450074116786,107.52202773094176
0.04,321,spectral,{'n_clusters': 450},0.4224220623501199,0.4224220623501199,0.3702741347451301,0.1069217782779966,0.1069217782779966,0.045450074116786,107.52202773094176
0.04,321,spectral,{'n_clusters': 400},0.4069544364508393,0.4069544364508393,0.3622789358659044,0.1069217782779966,0.1069217782779966,0.045450074116786,107.52202773094176
0.04,321,spectral,{'n_clusters': 350},0.3906474820143885,0.3906474820143885,0.3264398310860452,0.1069217782779966,0.1069217782779966,0.045450074116786,107.52202773094176
0.04,321,spectral,{'n_clusters': 300},0.3682254196642686,0.3682254196642686,0.3041309472390479,0.1069217782779966,0.1069217782779966,0.045450074116786,107.52202773094176
0.04,321,spectral,{'n_clusters': 250},0.3768585131894484,0.3768585131894484,0.3132250627087804,0.1069217782779966,0.1069217782779966,0.045450074116786,107.52202773094176
0.04,321,spectral,{'n_clusters': 200},0.3473621103117506,0.3473621103117506,0.2841711445453661,0.1069217782779966,0.1069217782779966,0.045450074116786,107.52202773094176
0.04,321,louvain,{},0.3052757793764988,0.3052757793764988,0.219431932483906,0.1069217782779966,0.1069217782779966,0.045450074116786,107.52202773094176
0.04,321,dbscan,"{'eps': 0.9, 'min_samples': 2}",0.1546762589928057,0.1546762589928057,0.0460405625441196,0.1069217782779966,0.1069217782779966,0.045450074116786,107.52202773094176
0.04,321,kmeans,{'n_clusters': 550},0.3884892086330935,0.3884892086330935,0.3339831595419494,0.1069217782779966,0.1069217782779966,0.045450074116786,107.52202773094176
0.04,321,kmeans,{'n_clusters': 500},0.3727817745803357,0.3727817745803357,0.324126256085517,0.1069217782779966,0.1069217782779966,0.045450074116786,107.52202773094176
0.04,321,kmeans,{'n_clusters': 494},0.3744604316546762,0.3744604316546762,0.321176874954572,0.1069217782779966,0.1069217782779966,0.045450074116786,107.52202773094176
0.04,321,kmeans,{'n_clusters': 450},0.3645083932853717,0.3645083932853717,0.3116623945801396,0.1069217782779966,0.1069217782779966,0.045450074116786,107.52202773094176
0.04,321,kmeans,{'n_clusters': 400},0.345083932853717,0.345083932853717,0.2888198997150971,0.1069217782779966,0.1069217782779966,0.045450074116786,107.52202773094176
0.04,321,kmeans,{'n_clusters': 350},0.3348920863309352,0.3348920863309352,0.2748448737926837,0.1069217782779966,0.1069217782779966,0.045450074116786,107.52202773094176
0.04,321,kmeans,{'n_clusters': 300},0.3248201438848921,0.3248201438848921,0.2606603321869186,0.1069217782779966,0.1069217782779966,0.045450074116786,107.52202773094176
0.04,321,kmeans,{'n_clusters': 250},0.2986810551558753,0.2986810551558753,0.2286903995109911,0.1069217782779966,0.1069217782779966,0.045450074116786,107.52202773094176
0.04,321,kmeans,{'n_clusters': 200},0.2768585131894484,0.2768585131894484,0.2118500900221004,0.1069217782779966,0.1069217782779966,0.045450074116786,107.52202773094176
0.04,321,label_propagation,{'seed': 0},0.5504796163069544,0.5504796163069544,0.5205200449782756,0.1069217782779966,0.1069217782779966,0.045450074116786,107.52202773094176
0.04,321,label_propagation,{'seed': 1},0.5523980815347722,0.5523980815347722,0.522554172384889,0.1069217782779966,0.1069217782779966,0.045450074116786,107.52202773094176
0.04,321,label_propagation,{'seed': 2},0.5526378896882495,0.5526378896882495,0.523711252807317,0.1069217782779966,0.1069217782779966,0.045450074116786,107.52202773094176
0.04,3,spectral,{'n_clusters': 250},0.5898778359511344,0.5898778359511344,0.5280000151927595,0.2762237762237762,0.2762237762237762,0.1575096911635373,3.1424715518951416
0.04,3,spectral,{'n_clusters': 200},0.5645724258289704,0.5645724258289704,0.5022567455279133,0.2762237762237762,0.2762237762237762,0.1575096911635373,3.1424715518951416
0.04,3,spectral,{'n_clusters': 199},0.5645724258289704,0.5645724258289704,0.5034194008267646,0.2762237762237762,0.2762237762237762,0.1575096911635373,3.1424715518951416
0.04,3,spectral,{'n_clusters': 190},0.543630017452007,0.543630017452007,0.4796314642857661,0.2762237762237762,0.2762237762237762,0.1575096911635373,3.1424715518951416
0.04,3,spectral,{'n_clusters': 180},0.5357766143106457,0.5357766143106457,0.4669861327890128,0.2762237762237762,0.2762237762237762,0.1575096911635373,3.1424715518951416
0.04,3,spectral,{'n_clusters': 170},0.5340314136125655,0.5340314136125655,0.4658613422080965,0.2762237762237762,0.2762237762237762,0.1575096911635373,3.1424715518951416
0.04,3,spectral,{'n_clusters': 160},0.5148342059336823,0.5148342059336823,0.4481788000085676,0.2762237762237762,0.2762237762237762,0.1575096911635373,3.1424715518951416
0.04,3,spectral,{'n_clusters': 150},0.5069808027923212,0.5069808027923212,0.4430921265781823,0.2762237762237762,0.2762237762237762,0.1575096911635373,3.1424715518951416
0.04,3,spectral,{'n_clusters': 140},0.4921465968586387,0.4921465968586387,0.4250765690152345,0.2762237762237762,0.2762237762237762,0.1575096911635373,3.1424715518951416
0.04,3,spectral,{'n_clusters': 130},0.4781849912739965,0.4781849912739965,0.4117220925200234,0.2762237762237762,0.2762237762237762,0.1575096911635373,3.1424715518951416
0.04,3,spectral,{'n_clusters': 120},0.4703315881326352,0.4703315881326352,0.404945849098963,0.2762237762237762,0.2762237762237762,0.1575096911635373,3.1424715518951416
0.04,3,spectral,{'n_clusters': 110},0.4546247818499127,0.4546247818499127,0.3867162336199717,0.2762237762237762,0.2762237762237762,0.1575096911635373,3.1424715518951416
0.04,3,spectral,{'n_clusters': 100},0.4406631762652705,0.4406631762652705,0.3731321568523389,0.2762237762237762,0.2762237762237762,0.1575096911635373,3.1424715518951416
0.04,3,louvain,{},0.3246073298429319,0.3246073298429319,0.2091792816084876,0.2762237762237762,0.2762237762237762,0.1575096911635373,3.1424715518951416
0.04,3,dbscan,"{'eps': 0.9, 'min_samples': 2}",0.2862129144851658,0.2862129144851658,0.1638585498824076,0.2762237762237762,0.2762237762237762,0.1575096911635373,3.1424715518951416
0.04,3,kmeans,{'n_clusters': 250},0.5837696335078534,0.5837696335078534,0.5256803448821814,0.2762237762237762,0.2762237762237762,0.1575096911635373,3.1424715518951416
0.04,3,kmeans,{'n_clusters': 200},0.5200698080279232,0.5200698080279232,0.4517353627830359,0.2762237762237762,0.2762237762237762,0.1575096911635373,3.1424715518951416
0.04,3,kmeans,{'n_clusters': 199},0.5314136125654451,0.5314136125654451,0.463854633358546,0.2762237762237762,0.2762237762237762,0.1575096911635373,3.1424715518951416
0.04,3,kmeans,{'n_clusters': 190},0.5244328097731239,0.5244328097731239,0.4556131420620071,0.2762237762237762,0.2762237762237762,0.1575096911635373,3.1424715518951416
0.04,3,kmeans,{'n_clusters': 180},0.512216404886562,0.512216404886562,0.447031351001519,0.2762237762237762,0.2762237762237762,0.1575096911635373,3.1424715518951416
0.04,3,kmeans,{'n_clusters': 170},0.4904013961605584,0.4904013961605584,0.4280734379639029,0.2762237762237762,0.2762237762237762,0.1575096911635373,3.1424715518951416
0.04,3,kmeans,{'n_clusters': 160},0.4851657940663176,0.4851657940663176,0.4134995419907979,0.2762237762237762,0.2762237762237762,0.1575096911635373,3.1424715518951416
0.04,3,kmeans,{'n_clusters': 150},0.4773123909249563,0.4773123909249563,0.4010860814719122,0.2762237762237762,0.2762237762237762,0.1575096911635373,3.1424715518951416
0.04,3,kmeans,{'n_clusters': 140},0.468586387434555,0.468586387434555,0.4017442004630865,0.2762237762237762,0.2762237762237762,0.1575096911635373,3.1424715518951416
0.04,3,kmeans,{'n_clusters': 130},0.4467713787085515,0.4467713787085515,0.3735523884136451,0.2762237762237762,0.2762237762237762,0.1575096911635373,3.1424715518951416
0.04,3,kmeans,{'n_clusters': 120},0.43804537521815,0.43804537521815,0.357181708794852,0.2762237762237762,0.2762237762237762,0.1575096911635373,3.1424715518951416
0.04,3,kmeans,{'n_clusters': 110},0.4162303664921466,0.4162303664921466,0.3387936019747246,0.2762237762237762,0.2762237762237762,0.1575096911635373,3.1424715518951416
0.04,3,kmeans,{'n_clusters': 100},0.412739965095986,0.412739965095986,0.337375768589261,0.2762237762237762,0.2762237762237762,0.1575096911635373,3.1424715518951416
0.04,3,label_propagation,{'seed': 0},0.5383944153577661,0.5383944153577661,0.4743511537146234,0.2762237762237762,0.2762237762237762,0.1575096911635373,3.1424715518951416
0.04,3,label_propagation,{'seed': 1},0.5392670157068062,0.5392670157068062,0.4736491199230586,0.2762237762237762,0.2762237762237762,0.1575096911635373,3.1424715518951416
0.04,3,label_propagation,{'seed': 2},0.5383944153577661,0.5383944153577661,0.4730427490995872,0.2762237762237762,0.2762237762237762,0.1575096911635373,3.1424715518951416
0.04,32,spectral,{'n_clusters': 500},0.494522100491122,0.494522100491122,0.4398442611042757,0.1466227347611202,0.1466227347611202,0.062844364600165,17.759761810302734
0.04,32,spectral,{'n_clusters': 450},0.4752550056667926,0.4752550056667926,0.4188746215423941,0.1466227347611202,0.1466227347611202,0.062844364600165,17.759761810302734
0.04,32,spectral,{'n_clusters': 411},0.4506989044200982,0.4506989044200982,0.39063226779604,0.1466227347611202,0.1466227347611202,0.062844364600165,17.759761810302734
0.04,32,spectral,{'n_clusters': 400},0.4522100491122025,0.4522100491122025,0.3934244005418008,0.1466227347611202,0.1466227347611202,0.062844364600165,17.759761810302734
0.04,32,spectral,{'n_clusters': 350},0.426898375519456,0.426898375519456,0.3639149006021393,0.1466227347611202,0.1466227347611202,0.062844364600165,17.759761810302734
0.04,32,spectral,{'n_clusters': 300},0.3940309784661881,0.3940309784661881,0.327678765408118,0.1466227347611202,0.1466227347611202,0.062844364600165,17.759761810302734
0.04,32,spectral,{'n_clusters': 250},0.3872308273517189,0.3872308273517189,0.3217893428499939,0.1466227347611202,0.1466227347611202,0.062844364600165,17.759761810302734
0.04,32,spectral,{'n_clusters': 200},0.3558745749905553,0.3558745749905553,0.2850688062759183,0.1466227347611202,0.1466227347611202,0.062844364600165,17.759761810302734
0.04,32,louvain,{},0.236116358141292,0.236116358141292,0.1532751701634723,0.1466227347611202,0.1466227347611202,0.062844364600165,17.759761810302734
0.04,32,dbscan,"{'eps': 0.9, 'min_samples': 2}",0.1564034756327918,0.1564034756327918,0.0436110349146515,0.1466227347611202,0.1466227347611202,0.062844364600165,17.759761810302734
0.04,32,kmeans,{'n_clusters': 500},0.4548545523233849,0.4548545523233849,0.3956286717020373,0.1466227347611202,0.1466227347611202,0.062844364600165,17.759761810302734
0.04,32,kmeans,{'n_clusters': 450},0.4367208160181337,0.4367208160181337,0.3816807609186423,0.1466227347611202,0.1466227347611202,0.062844364600165,17.759761810302734
0.04,32,kmeans,{'n_clusters': 411},0.4151870041556479,0.4151870041556479,0.3546573429635105,0.1466227347611202,0.1466227347611202,0.062844364600165,17.759761810302734
0.04,32,kmeans,{'n_clusters': 400},0.4129202871174915,0.4129202871174915,0.3510677179558262,0.1466227347611202,0.1466227347611202,0.062844364600165,17.759761810302734
0.04,32,kmeans,{'n_clusters': 350},0.3898753305629014,0.3898753305629014,0.3254669732821294,0.1466227347611202,0.1466227347611202,0.062844364600165,17.759761810302734
0.04,32,kmeans,{'n_clusters': 300},0.3656970154892331,0.3656970154892331,0.2942635232376387,0.1466227347611202,0.1466227347611202,0.062844364600165,17.759761810302734
0.04,32,kmeans,{'n_clusters': 250},0.3396297695504344,0.3396297695504344,0.2692587397229743,0.1466227347611202,0.1466227347611202,0.062844364600165,17.759761810302734
0.04,32,kmeans,{'n_clusters': 200},0.3180959576879486,0.3180959576879486,0.2430081136081758,0.1466227347611202,0.1466227347611202,0.062844364600165,17.759761810302734
0.04,32,label_propagation,{'seed': 0},0.4748772194937665,0.4748772194937665,0.4179882541107609,0.1466227347611202,0.1466227347611202,0.062844364600165,17.759761810302734
0.04,32,label_propagation,{'seed': 1},0.4805440120891575,0.4805440120891575,0.4231595234577395,0.1466227347611202,0.1466227347611202,0.062844364600165,17.759761810302734
0.04,32,label_propagation,{'seed': 2},0.4756327918398186,0.4756327918398186,0.4187498391068603,0.1466227347611202,0.1466227347611202,0.062844364600165,17.759761810302734
0.07,321,spectral,{'n_clusters': 550},0.2982107355864811,0.2982107355864811,0.2518488816560249,0.1899468342194296,0.1899468342194296,0.0836596069290492,127.31771230697632
0.07,321,spectral,{'n_clusters': 500},0.2881461232604373,0.2881461232604373,0.2430072196747731,0.1899468342194296,0.1899468342194296,0.0836596069290492,127.31771230697632
0.07,321,spectral,{'n_clusters': 494},0.3097664015904572,0.3097664015904572,0.2619262627385651,0.1899468342194296,0.1899468342194296,0.0836596069290492,127.31771230697632
0.07,321,spectral,{'n_clusters': 450},0.2836729622266402,0.2836729622266402,0.2321151210750211,0.1899468342194296,0.1899468342194296,0.0836596069290492,127.31771230697632
0.07,321,spectral,{'n_clusters': 400},0.2784542743538767,0.2784542743538767,0.2207636481564105,0.1899468342194296,0.1899468342194296,0.0836596069290492,127.31771230697632
0.07,321,spectral,{'n_clusters': 350},0.2664015904572565,0.2664015904572565,0.2088376046632282,0.1899468342194296,0.1899468342194296,0.0836596069290492,127.31771230697632
0.07,321,spectral,{'n_clusters': 300},0.2527335984095427,0.2527335984095427,0.1922017370568196,0.1899468342194296,0.1899468342194296,0.0836596069290492,127.31771230697632
0.07,321,spectral,{'n_clusters': 250},0.2534791252485089,0.2534791252485089,0.1880537986486546,0.1899468342194296,0.1899468342194296,0.0836596069290492,127.31771230697632
0.07,321,spectral,{'n_clusters': 200},0.2256461232604373,0.2256461232604373,0.194532806812741,0.1899468342194296,0.1899468342194296,0.0836596069290492,127.31771230697632
0.07,321,louvain,{},0.2293737574552684,0.2293737574552684,0.1464694763584371,0.1899468342194296,0.1899468342194296,0.0836596069290492,127.31771230697632
0.07,321,dbscan,"{'eps': 0.9, 'min_samples': 2}",0.1327037773359841,0.1327037773359841,0.0312855979798089,0.1899468342194296,0.1899468342194296,0.0836596069290492,127.31771230697632
0.07,321,kmeans,{'n_clusters': 550},0.3689115308151093,0.3689115308151093,0.321763196254721,0.1899468342194296,0.1899468342194296,0.0836596069290492,127.31771230697632
0.07,321,kmeans,{'n_clusters': 500},0.3490308151093439,0.3490308151093439,0.299998812425991,0.1899468342194296,0.1899468342194296,0.0836596069290492,127.31771230697632
0.07,321,kmeans,{'n_clusters': 494},0.3542495029821073,0.3542495029821073,0.3015544029763877,0.1899468342194296,0.1899468342194296,0.0836596069290492,127.31771230697632
0.07,321,kmeans,{'n_clusters': 450},0.3372266401590457,0.3372266401590457,0.2809676982662005,0.1899468342194296,0.1899468342194296,0.0836596069290492,127.31771230697632
0.07,321,kmeans,{'n_clusters': 400},0.3316351888667992,0.3316351888667992,0.2804292504404024,0.1899468342194296,0.1899468342194296,0.0836596069290492,127.31771230697632
0.07,321,kmeans,{'n_clusters': 350},0.3164761431411531,0.3164761431411531,0.2599652757635898,0.1899468342194296,0.1899468342194296,0.0836596069290492,127.31771230697632
0.07,321,kmeans,{'n_clusters': 300},0.297962226640159,0.297962226640159,0.2409496195322196,0.1899468342194296,0.1899468342194296,0.0836596069290492,127.31771230697632
0.07,321,kmeans,{'n_clusters': 250},0.2818091451292246,0.2818091451292246,0.2187582759266196,0.1899468342194296,0.1899468342194296,0.0836596069290492,127.31771230697632
0.07,321,kmeans,{'n_clusters': 200},0.2632952286282306,0.2632952286282306,0.1899175942899075,0.1899468342194296,0.1899468342194296,0.0836596069290492,127.31771230697632
0.07,321,label_propagation,{'seed': 0},0.3076540755467197,0.3076540755467197,0.2447206148853523,0.1899468342194296,0.1899468342194296,0.0836596069290492,127.31771230697632
0.07,321,label_propagation,{'seed': 1},0.3138667992047714,0.3138667992047714,0.2561536514304548,0.1899468342194296,0.1899468342194296,0.0836596069290492,127.31771230697632
0.07,321,label_propagation,{'seed': 2},0.30529324055666,0.30529324055666,0.244122225477551,0.1899468342194296,0.1899468342194296,0.0836596069290492,127.31771230697632
0.07,3,spectral,{'n_clusters': 250},0.5638766519823789,0.5638766519823789,0.5079571906896287,0.3973063973063973,0.3973063973063973,0.2806316654150385,3.741774320602417
0.07,3,spectral,{'n_clusters': 200},0.5242290748898678,0.5242290748898678,0.4576363531787572,0.3973063973063973,0.3973063973063973,0.2806316654150385,3.741774320602417
0.07,3,spectral,{'n_clusters': 199},0.5215859030837005,0.5215859030837005,0.4558540341109364,0.3973063973063973,0.3973063973063973,0.2806316654150385,3.741774320602417
0.07,3,spectral,{'n_clusters': 190},0.5145374449339207,0.5145374449339207,0.4477051832138731,0.3973063973063973,0.3973063973063973,0.2806316654150385,3.741774320602417
0.07,3,spectral,{'n_clusters': 180},0.5092511013215859,0.5092511013215859,0.4430837106956654,0.3973063973063973,0.3973063973063973,0.2806316654150385,3.741774320602417
0.07,3,spectral,{'n_clusters': 170},0.4942731277533039,0.4942731277533039,0.4253393753329801,0.3973063973063973,0.3973063973063973,0.2806316654150385,3.741774320602417
0.07,3,spectral,{'n_clusters': 160},0.4916299559471365,0.4916299559471365,0.4281505463403957,0.3973063973063973,0.3973063973063973,0.2806316654150385,3.741774320602417
0.07,3,spectral,{'n_clusters': 150},0.479295154185022,0.479295154185022,0.4101886490962911,0.3973063973063973,0.3973063973063973,0.2806316654150385,3.741774320602417
0.07,3,spectral,{'n_clusters': 140},0.4634361233480176,0.4634361233480176,0.3944004817790189,0.3973063973063973,0.3973063973063973,0.2806316654150385,3.741774320602417
0.07,3,spectral,{'n_clusters': 130},0.4519823788546255,0.4519823788546255,0.3808446678380606,0.3973063973063973,0.3973063973063973,0.2806316654150385,3.741774320602417
0.07,3,spectral,{'n_clusters': 120},0.4440528634361233,0.4440528634361233,0.370696631067073,0.3973063973063973,0.3973063973063973,0.2806316654150385,3.741774320602417
0.07,3,spectral,{'n_clusters': 110},0.4334801762114537,0.4334801762114537,0.3596971516720562,0.3973063973063973,0.3973063973063973,0.2806316654150385,3.741774320602417
0.07,3,spectral,{'n_clusters': 100},0.4123348017621145,0.4123348017621145,0.3324931895177108,0.3973063973063973,0.3973063973063973,0.2806316654150385,3.741774320602417
0.07,3,louvain,{},0.3092511013215859,0.3092511013215859,0.2005373723284433,0.3973063973063973,0.3973063973063973,0.2806316654150385,3.741774320602417
0.07,3,dbscan,"{'eps': 0.9, 'min_samples': 2}",0.2607929515418502,0.2607929515418502,0.1078891875001924,0.3973063973063973,0.3973063973063973,0.2806316654150385,3.741774320602417
0.07,3,kmeans,{'n_clusters': 250},0.5612334801762114,0.5612334801762114,0.4982680816483019,0.3973063973063973,0.3973063973063973,0.2806316654150385,3.741774320602417
0.07,3,kmeans,{'n_clusters': 200},0.5154185022026432,0.5154185022026432,0.4516289356156279,0.3973063973063973,0.3973063973063973,0.2806316654150385,3.741774320602417
0.07,3,kmeans,{'n_clusters': 199},0.5224669603524229,0.5224669603524229,0.4555667926530206,0.3973063973063973,0.3973063973063973,0.2806316654150385,3.741774320602417
0.07,3,kmeans,{'n_clusters': 190},0.5013215859030837,0.5013215859030837,0.4352728094526019,0.3973063973063973,0.3973063973063973,0.2806316654150385,3.741774320602417
0.07,3,kmeans,{'n_clusters': 180},0.5039647577092511,0.5039647577092511,0.4292687091167657,0.3973063973063973,0.3973063973063973,0.2806316654150385,3.741774320602417
0.07,3,kmeans,{'n_clusters': 170},0.492511013215859,0.492511013215859,0.4322408135500836,0.3973063973063973,0.3973063973063973,0.2806316654150385,3.741774320602417
0.07,3,kmeans,{'n_clusters': 160},0.4819383259911894,0.4819383259911894,0.4153389952736073,0.3973063973063973,0.3973063973063973,0.2806316654150385,3.741774320602417
0.07,3,kmeans,{'n_clusters': 150},0.4475770925110132,0.4475770925110132,0.3706854343509504,0.3973063973063973,0.3973063973063973,0.2806316654150385,3.741774320602417
0.07,3,kmeans,{'n_clusters': 140},0.4466960352422907,0.4466960352422907,0.3704033621865626,0.3973063973063973,0.3973063973063973,0.2806316654150385,3.741774320602417
0.07,3,kmeans,{'n_clusters': 130},0.4273127753303964,0.4273127753303964,0.3470001841421695,0.3973063973063973,0.3973063973063973,0.2806316654150385,3.741774320602417
0.07,3,kmeans,{'n_clusters': 120},0.4149779735682819,0.4149779735682819,0.3491874298258639,0.3973063973063973,0.3973063973063973,0.2806316654150385,3.741774320602417
0.07,3,kmeans,{'n_clusters': 110},0.4255506607929515,0.4255506607929515,0.3493974092407949,0.3973063973063973,0.3973063973063973,0.2806316654150385,3.741774320602417
0.07,3,kmeans,{'n_clusters': 100},0.3991189427312775,0.3991189427312775,0.3189890009315094,0.3973063973063973,0.3973063973063973,0.2806316654150385,3.741774320602417
0.07,3,label_propagation,{'seed': 0},0.4784140969162995,0.4784140969162995,0.4119450295342922,0.3973063973063973,0.3973063973063973,0.2806316654150385,3.741774320602417
0.07,3,label_propagation,{'seed': 1},0.4599118942731277,0.4599118942731277,0.3857153298526398,0.3973063973063973,0.3973063973063973,0.2806316654150385,3.741774320602417
0.07,3,label_propagation,{'seed': 2},0.4722466960352423,0.4722466960352423,0.4062814345411742,0.3973063973063973,0.3973063973063973,0.2806316654150385,3.741774320602417
0.07,32,spectral,{'n_clusters': 500},0.4314623902252768,0.4314623902252768,0.380228839176135,0.1748031496062992,0.1748031496062992,0.0946454951327805,21.51081323623657
0.07,32,spectral,{'n_clusters': 450},0.4295532646048109,0.4295532646048109,0.3785033612363059,0.1748031496062992,0.1748031496062992,0.0946454951327805,21.51081323623657
0.07,32,spectral,{'n_clusters': 411},0.3879343260786559,0.3879343260786559,0.3294525918674273,0.1748031496062992,0.1748031496062992,0.0946454951327805,21.51081323623657
0.07,32,spectral,{'n_clusters': 400},0.4161893852615502,0.4161893852615502,0.3632371281745473,0.1748031496062992,0.1748031496062992,0.0946454951327805,21.51081323623657
0.07,32,spectral,{'n_clusters': 350},0.3951890034364261,0.3951890034364261,0.3392133669622778,0.1748031496062992,0.1748031496062992,0.0946454951327805,21.51081323623657
0.07,32,spectral,{'n_clusters': 300},0.3715158457426498,0.3715158457426498,0.3055610238187292,0.1748031496062992,0.1748031496062992,0.0946454951327805,21.51081323623657
0.07,32,spectral,{'n_clusters': 250},0.3298969072164948,0.3298969072164948,0.2657575873554931,0.1748031496062992,0.1748031496062992,0.0946454951327805,21.51081323623657
0.07,32,spectral,{'n_clusters': 200},0.3127147766323024,0.3127147766323024,0.2439060932010107,0.1748031496062992,0.1748031496062992,0.0946454951327805,21.51081323623657
0.07,32,louvain,{},0.1974035891561665,0.1974035891561665,0.1146453488214238,0.1748031496062992,0.1748031496062992,0.0946454951327805,21.51081323623657
0.07,32,dbscan,"{'eps': 0.9, 'min_samples': 2}",0.1531118747613593,0.1531118747613593,0.0421568297669566,0.1748031496062992,0.1748031496062992,0.0946454951327805,21.51081323623657
0.07,32,kmeans,{'n_clusters': 500},0.4494081710576555,0.4494081710576555,0.3932343227204562,0.1748031496062992,0.1748031496062992,0.0946454951327805,21.51081323623657
0.07,32,kmeans,{'n_clusters': 450},0.4253531882397862,0.4253531882397862,0.3669287457602749,0.1748031496062992,0.1748031496062992,0.0946454951327805,21.51081323623657
0.07,32,kmeans,{'n_clusters': 411},0.4119893088965254,0.4119893088965254,0.3492286596218324,0.1748031496062992,0.1748031496062992,0.0946454951327805,21.51081323623657
0.07,32,kmeans,{'n_clusters': 400},0.3978617793050782,0.3978617793050782,0.3382265069384417,0.1748031496062992,0.1748031496062992,0.0946454951327805,21.51081323623657
0.07,32,kmeans,{'n_clusters': 350},0.3829705994654448,0.3829705994654448,0.3213442130188625,0.1748031496062992,0.1748031496062992,0.0946454951327805,21.51081323623657
0.07,32,kmeans,{'n_clusters': 300},0.3528064146620848,0.3528064146620848,0.2880928665680189,0.1748031496062992,0.1748031496062992,0.0946454951327805,21.51081323623657
0.07,32,kmeans,{'n_clusters': 250},0.3253150057273768,0.3253150057273768,0.2551937086282645,0.1748031496062992,0.1748031496062992,0.0946454951327805,21.51081323623657
0.07,32,kmeans,{'n_clusters': 200},0.2894234440626193,0.2894234440626193,0.2209480235976159,0.1748031496062992,0.1748031496062992,0.0946454951327805,21.51081323623657
0.07,32,label_propagation,{'seed': 0},0.3123329515082092,0.3123329515082092,0.2477250209241185,0.1748031496062992,0.1748031496062992,0.0946454951327805,21.51081323623657
0.07,32,label_propagation,{'seed': 1},0.327987781596029,0.327987781596029,0.267886312522312,0.1748031496062992,0.1748031496062992,0.0946454951327805,21.51081323623657
0.07,32,label_propagation,{'seed': 2},0.3306605574646811,0.3306605574646811,0.2716013318543782,0.1748031496062992,0.1748031496062992,0.0946454951327805,21.51081323623657
0.02,321,spectral,{'n_clusters': 550},0.436078140454995,0.436078140454995,0.3874848807603005,0.1710202069985214,0.1710202069985214,0.0980863398613397,131.8257646560669
0.02,321,spectral,{'n_clusters': 500},0.4217359050445103,0.4217359050445103,0.373062352867374,0.1710202069985214,0.1710202069985214,0.0980863398613397,131.8257646560669
0.02,321,spectral,{'n_clusters': 494},0.4228486646884273,0.4228486646884273,0.3733043008861162,0.1710202069985214,0.1710202069985214,0.0980863398613397,131.8257646560669
0.02,321,spectral,{'n_clusters': 450},0.408135509396637,0.408135509396637,0.3559898254021988,0.1710202069985214,0.1710202069985214,0.0980863398613397,131.8257646560669
0.02,321,spectral,{'n_clusters': 400},0.4009643916913946,0.4009643916913946,0.3497545689176179,0.1710202069985214,0.1710202069985214,0.0980863398613397,131.8257646560669
0.02,321,spectral,{'n_clusters': 350},0.388971315529179,0.388971315529179,0.3370958408380773,0.1710202069985214,0.1710202069985214,0.0980863398613397,131.8257646560669
0.02,321,spectral,{'n_clusters': 300},0.377349159248269,0.377349159248269,0.3177475800203866,0.1710202069985214,0.1710202069985214,0.0980863398613397,131.8257646560669
0.02,321,spectral,{'n_clusters': 250},0.3611523244312561,0.3611523244312561,0.2992119312517866,0.1710202069985214,0.1710202069985214,0.0980863398613397,131.8257646560669
0.02,321,spectral,{'n_clusters': 200},0.3496538081107814,0.3496538081107814,0.2834106961234084,0.1710202069985214,0.1710202069985214,0.0980863398613397,131.8257646560669
0.02,321,louvain,{},0.2878338278931751,0.2878338278931751,0.2107783613145511,0.1710202069985214,0.1710202069985214,0.0980863398613397,131.8257646560669
0.02,321,dbscan,"{'eps': 0.9, 'min_samples': 2}",0.2319485657764589,0.2319485657764589,0.1490308838425628,0.1710202069985214,0.1710202069985214,0.0980863398613397,131.8257646560669
0.02,321,kmeans,{'n_clusters': 550},0.3721562809099901,0.3721562809099901,0.3229318429988448,0.1710202069985214,0.1710202069985214,0.0980863398613397,131.8257646560669
0.02,321,kmeans,{'n_clusters': 500},0.3565776458951533,0.3565776458951533,0.3071357150866847,0.1710202069985214,0.1710202069985214,0.0980863398613397,131.8257646560669
0.02,321,kmeans,{'n_clusters': 494},0.3625123639960435,0.3625123639960435,0.3080996776393885,0.1710202069985214,0.1710202069985214,0.0980863398613397,131.8257646560669
0.02,321,kmeans,{'n_clusters': 450},0.347675568743818,0.347675568743818,0.298350617618247,0.1710202069985214,0.1710202069985214,0.0980863398613397,131.8257646560669
0.02,321,kmeans,{'n_clusters': 400},0.337784371909001,0.337784371909001,0.2792808934743543,0.1710202069985214,0.1710202069985214,0.0980863398613397,131.8257646560669
0.02,321,kmeans,{'n_clusters': 350},0.3236894164193867,0.3236894164193867,0.2649407286381514,0.1710202069985214,0.1710202069985214,0.0980863398613397,131.8257646560669
0.02,321,kmeans,{'n_clusters': 300},0.2987141444114738,0.2987141444114738,0.238922297508579,0.1710202069985214,0.1710202069985214,0.0980863398613397,131.8257646560669
0.02,321,kmeans,{'n_clusters': 250},0.2849901088031651,0.2849901088031651,0.2217963743109082,0.1710202069985214,0.1710202069985214,0.0980863398613397,131.8257646560669
0.02,321,kmeans,{'n_clusters': 200},0.2689169139465875,0.2689169139465875,0.198477910344295,0.1710202069985214,0.1710202069985214,0.0980863398613397,131.8257646560669
0.02,321,label_propagation,{'seed': 0},0.5738130563798219,0.5738130563798219,0.543954849279413,0.1710202069985214,0.1710202069985214,0.0980863398613397,131.8257646560669
0.02,321,label_propagation,{'seed': 1},0.5749258160237388,0.5749258160237388,0.5452388647505763,0.1710202069985214,0.1710202069985214,0.0980863398613397,131.8257646560669
0.02,321,label_propagation,{'seed': 2},0.5730712166172107,0.5730712166172107,0.5435877181485333,0.1710202069985214,0.1710202069985214,0.0980863398613397,131.8257646560669
0.02,3,spectral,{'n_clusters': 250},0.5814159292035398,0.5814159292035398,0.5196201314220636,0.3940397350993377,0.3940397350993377,0.3268170928915652,4.25176739692688
0.02,3,spectral,{'n_clusters': 200},0.5336283185840708,0.5336283185840708,0.468706454169092,0.3940397350993377,0.3940397350993377,0.3268170928915652,4.25176739692688
0.02,3,spectral,{'n_clusters': 199},0.5247787610619469,0.5247787610619469,0.4597635920251052,0.3940397350993377,0.3940397350993377,0.3268170928915652,4.25176739692688
0.02,3,spectral,{'n_clusters': 190},0.5230088495575221,0.5230088495575221,0.4581569699747046,0.3940397350993377,0.3940397350993377,0.3268170928915652,4.25176739692688
0.02,3,spectral,{'n_clusters': 180},0.5097345132743363,0.5097345132743363,0.4423154542700633,0.3940397350993377,0.3940397350993377,0.3268170928915652,4.25176739692688
0.02,3,spectral,{'n_clusters': 170},0.5061946902654867,0.5061946902654867,0.4414063034600259,0.3940397350993377,0.3940397350993377,0.3268170928915652,4.25176739692688
0.02,3,spectral,{'n_clusters': 160},0.4884955752212389,0.4884955752212389,0.4172704995954573,0.3940397350993377,0.3940397350993377,0.3268170928915652,4.25176739692688
0.02,3,spectral,{'n_clusters': 150},0.4734513274336283,0.4734513274336283,0.4022080178224553,0.3940397350993377,0.3940397350993377,0.3268170928915652,4.25176739692688
0.02,3,spectral,{'n_clusters': 140},0.4628318584070796,0.4628318584070796,0.3875191433265623,0.3940397350993377,0.3940397350993377,0.3268170928915652,4.25176739692688
0.02,3,spectral,{'n_clusters': 130},0.4513274336283185,0.4513274336283185,0.3768206227544763,0.3940397350993377,0.3940397350993377,0.3268170928915652,4.25176739692688
0.02,3,spectral,{'n_clusters': 120},0.4371681415929203,0.4371681415929203,0.3629198609000336,0.3940397350993377,0.3940397350993377,0.3268170928915652,4.25176739692688
0.02,3,spectral,{'n_clusters': 110},0.4238938053097345,0.4238938053097345,0.3500036974998711,0.3940397350993377,0.3940397350993377,0.3268170928915652,4.25176739692688
0.02,3,spectral,{'n_clusters': 100},0.411504424778761,0.411504424778761,0.3350860612323574,0.3940397350993377,0.3940397350993377,0.3268170928915652,4.25176739692688
0.02,3,louvain,{},0.2991150442477876,0.2991150442477876,0.1805564011642087,0.3940397350993377,0.3940397350993377,0.3268170928915652,4.25176739692688
0.02,3,dbscan,"{'eps': 0.9, 'min_samples': 2}",0.2964601769911504,0.2964601769911504,0.1704963415306006,0.3940397350993377,0.3940397350993377,0.3268170928915652,4.25176739692688
0.02,3,kmeans,{'n_clusters': 250},0.5530973451327433,0.5530973451327433,0.4896142506787251,0.3940397350993377,0.3940397350993377,0.3268170928915652,4.25176739692688
0.02,3,kmeans,{'n_clusters': 200},0.5106194690265486,0.5106194690265486,0.4397604300681713,0.3940397350993377,0.3940397350993377,0.3268170928915652,4.25176739692688
0.02,3,kmeans,{'n_clusters': 199},0.5070796460176992,0.5070796460176992,0.4380558247046738,0.3940397350993377,0.3940397350993377,0.3268170928915652,4.25176739692688
0.02,3,kmeans,{'n_clusters': 190},0.4938053097345132,0.4938053097345132,0.4184629027603747,0.3940397350993377,0.3940397350993377,0.3268170928915652,4.25176739692688
0.02,3,kmeans,{'n_clusters': 180},0.4849557522123894,0.4849557522123894,0.4203686194913336,0.3940397350993377,0.3940397350993377,0.3268170928915652,4.25176739692688
0.02,3,kmeans,{'n_clusters': 170},0.4628318584070796,0.4628318584070796,0.3775317314982248,0.3940397350993377,0.3940397350993377,0.3268170928915652,4.25176739692688
0.02,3,kmeans,{'n_clusters': 160},0.4672566371681416,0.4672566371681416,0.3898306366272551,0.3940397350993377,0.3940397350993377,0.3268170928915652,4.25176739692688
0.02,3,kmeans,{'n_clusters': 150},0.447787610619469,0.447787610619469,0.3774356511318788,0.3940397350993377,0.3940397350993377,0.3268170928915652,4.25176739692688
0.02,3,kmeans,{'n_clusters': 140},0.4486725663716814,0.4486725663716814,0.3744215355741436,0.3940397350993377,0.3940397350993377,0.3268170928915652,4.25176739692688
0.02,3,kmeans,{'n_clusters': 130},0.4353982300884956,0.4353982300884956,0.3571705238371191,0.3940397350993377,0.3940397350993377,0.3268170928915652,4.25176739692688
0.02,3,kmeans,{'n_clusters': 120},0.4150442477876106,0.4150442477876106,0.3370065243654791,0.3940397350993377,0.3940397350993377,0.3268170928915652,4.25176739692688
0.02,3,kmeans,{'n_clusters': 110},0.3946902654867256,0.3946902654867256,0.3112845031603249,0.3940397350993377,0.3940397350993377,0.3268170928915652,4.25176739692688
0.02,3,kmeans,{'n_clusters': 100},0.3920353982300885,0.3920353982300885,0.3124314094843349,0.3940397350993377,0.3940397350993377,0.3268170928915652,4.25176739692688
0.02,3,label_propagation,{'seed': 0},0.5247787610619469,0.5247787610619469,0.4603764247770146,0.3940397350993377,0.3940397350993377,0.3268170928915652,4.25176739692688
0.02,3,label_propagation,{'seed': 1},0.5256637168141592,0.5256637168141592,0.4626985607446261,0.3940397350993377,0.3940397350993377,0.3268170928915652,4.25176739692688
0.02,3,label_propagation,{'seed': 2},0.5247787610619469,0.5247787610619469,0.4595743631763765,0.3940397350993377,0.3940397350993377,0.3268170928915652,4.25176739692688
0.02,32,spectral,{'n_clusters': 500},0.497737556561086,0.497737556561086,0.444418044559014,0.1760797342192691,0.1760797342192691,0.0700380991078665,18.919697523117065
0.02,32,spectral,{'n_clusters': 450},0.4709653092006033,0.4709653092006033,0.4152011738411846,0.1760797342192691,0.1760797342192691,0.0700380991078665,18.919697523117065
0.02,32,spectral,{'n_clusters': 411},0.4521116138763197,0.4521116138763197,0.3895042293705236,0.1760797342192691,0.1760797342192691,0.0700380991078665,18.919697523117065
0.02,32,spectral,{'n_clusters': 400},0.4457013574660634,0.4457013574660634,0.3838271235749069,0.1760797342192691,0.1760797342192691,0.0700380991078665,18.919697523117065
0.02,32,spectral,{'n_clusters': 350},0.4257164404223227,0.4257164404223227,0.3607741228403914,0.1760797342192691,0.1760797342192691,0.0700380991078665,18.919697523117065
0.02,32,spectral,{'n_clusters': 300},0.3993212669683258,0.3993212669683258,0.3307340418320765,0.1760797342192691,0.1760797342192691,0.0700380991078665,18.919697523117065
0.02,32,spectral,{'n_clusters': 250},0.3748114630467571,0.3748114630467571,0.3082303666487629,0.1760797342192691,0.1760797342192691,0.0700380991078665,18.919697523117065
0.02,32,spectral,{'n_clusters': 200},0.3416289592760181,0.3416289592760181,0.2679025607395925,0.1760797342192691,0.1760797342192691,0.0700380991078665,18.919697523117065
0.02,32,louvain,{},0.2439668174962292,0.2439668174962292,0.1594151234674964,0.1760797342192691,0.1760797342192691,0.0700380991078665,18.919697523117065
0.02,32,dbscan,"{'eps': 0.9, 'min_samples': 2}",0.2081447963800905,0.2081447963800905,0.1231510732419185,0.1760797342192691,0.1760797342192691,0.0700380991078665,18.919697523117065
0.02,32,kmeans,{'n_clusters': 500},0.4502262443438914,0.4502262443438914,0.3923107267041196,0.1760797342192691,0.1760797342192691,0.0700380991078665,18.919697523117065
0.02,32,kmeans,{'n_clusters': 450},0.4298642533936652,0.4298642533936652,0.3708439160364526,0.1760797342192691,0.1760797342192691,0.0700380991078665,18.919697523117065
0.02,32,kmeans,{'n_clusters': 411},0.4234539969834087,0.4234539969834087,0.3629967149186057,0.1760797342192691,0.1760797342192691,0.0700380991078665,18.919697523117065
0.02,32,kmeans,{'n_clusters': 400},0.4110105580693816,0.4110105580693816,0.352204100207078,0.1760797342192691,0.1760797342192691,0.0700380991078665,18.919697523117065
0.02,32,kmeans,{'n_clusters': 350},0.385369532428356,0.385369532428356,0.3189171722058043,0.1760797342192691,0.1760797342192691,0.0700380991078665,18.919697523117065
0.02,32,kmeans,{'n_clusters': 300},0.358974358974359,0.358974358974359,0.2988247957746202,0.1760797342192691,0.1760797342192691,0.0700380991078665,18.919697523117065
0.02,32,kmeans,{'n_clusters': 250},0.3363499245852187,0.3363499245852187,0.2676489521681386,0.1760797342192691,0.1760797342192691,0.0700380991078665,18.919697523117065
0.02,32,kmeans,{'n_clusters': 200},0.305052790346908,0.305052790346908,0.2328776419325225,0.1760797342192691,0.1760797342192691,0.0700380991078665,18.919697523117065
0.02,32,label_propagation,{'seed': 0},0.4883107088989442,0.4883107088989442,0.4329468680014403,0.1760797342192691,0.1760797342192691,0.0700380991078665,18.919697523117065
0.02,32,label_propagation,{'seed': 1},0.4879336349924585,0.4879336349924585,0.4324187621005251,0.1760797342192691,0.1760797342192691,0.0700380991078665,18.919697523117065
0.02,32,label_propagation,{'seed': 2},0.4879336349924585,0.4879336349924585,0.4316795541245869,0.1760797342192691,0.1760797342192691,0.0700380991078665,18.919697523117065
