threshold,score,method,params,train_accuracy,train_recall,train_f1,test_accuracy,test_recall,test_f1,execution_time
0.09,321,louvain,{},0.2116369846303976,0.2116369846303976,0.1101001540426901,0.1563314226159458,0.1563314226159458,0.0744268772983212,98.26304340362547
0.09,321,dbscan,"{'eps': 0.9, 'min_samples': 2}",0.1480848987557941,0.1480848987557941,0.0389196226328737,0.1563314226159458,0.1563314226159458,0.0744268772983212,98.26304340362547
0.09,321,kmeans,{'n_clusters': 550},0.381678458160527,0.381678458160527,0.3333762847105174,0.1563314226159458,0.1563314226159458,0.0744268772983212,98.26304340362547
0.09,321,kmeans,{'n_clusters': 500},0.3655769699926811,0.3655769699926811,0.3104899374950897,0.1563314226159458,0.1563314226159458,0.0744268772983212,98.26304340362547
0.09,321,kmeans,{'n_clusters': 494},0.3760673334959746,0.3760673334959746,0.3208161860692499,0.1563314226159458,0.1563314226159458,0.0744268772983212,98.26304340362547
0.09,321,kmeans,{'n_clusters': 450},0.3560624542571359,0.3560624542571359,0.3020568735095852,0.1563314226159458,0.1563314226159458,0.0744268772983212,98.26304340362547
0.09,321,kmeans,{'n_clusters': 400},0.3414247377409124,0.3414247377409124,0.2832982576505773,0.1563314226159458,0.1563314226159458,0.0744268772983212,98.26304340362547
0.09,321,kmeans,{'n_clusters': 350},0.3353256891924859,0.3353256891924859,0.2756324487378246,0.1563314226159458,0.1563314226159458,0.0744268772983212,98.26304340362547
0.09,321,kmeans,{'n_clusters': 300},0.310197609172969,0.310197609172969,0.2481776023059712,0.1563314226159458,0.1563314226159458,0.0744268772983212,98.26304340362547
0.09,321,kmeans,{'n_clusters': 250},0.2988533788728958,0.2988533788728958,0.2350931160841909,0.1563314226159458,0.1563314226159458,0.0744268772983212,98.26304340362547
0.09,321,kmeans,{'n_clusters': 200},0.2737252988533789,0.2737252988533789,0.2095142552695741,0.1563314226159458,0.1563314226159458,0.0744268772983212,98.26304340362547
0.09,321,label_propagation,{'seed': 0},0.1704074164430349,0.1704074164430349,0.0614219357289682,0.1563314226159458,0.1563314226159458,0.0744268772983212,98.26304340362547
0.09,321,label_propagation,{'seed': 1},0.1766284459624298,0.1766284459624298,0.065761281804556,0.1563314226159458,0.1563314226159458,0.0744268772983212,98.26304340362547
0.09,321,label_propagation,{'seed': 2},0.1707733593559404,0.1707733593559404,0.0614690051526957,0.1563314226159458,0.1563314226159458,0.0744268772983212,98.26304340362547
0.09,3,louvain,{},0.4230430958663149,0.4230430958663149,0.3498828457717663,0.3254237288135593,0.3254237288135593,0.1783734747191288,3.576988935470581
0.09,3,dbscan,"{'eps': 0.9, 'min_samples': 2}",0.2858399296394019,0.2858399296394019,0.1452617909851233,0.3254237288135593,0.3254237288135593,0.1783734747191288,3.576988935470581
0.09,3,kmeans,{'n_clusters': 250},0.5523306948109059,0.5523306948109059,0.4982140802905755,0.3254237288135593,0.3254237288135593,0.1783734747191288,3.576988935470581
0.09,3,kmeans,{'n_clusters': 200},0.4934036939313984,0.4934036939313984,0.4205901243517558,0.3254237288135593,0.3254237288135593,0.1783734747191288,3.576988935470581
0.09,3,kmeans,{'n_clusters': 199},0.4854881266490765,0.4854881266490765,0.4211307725656018,0.3254237288135593,0.3254237288135593,0.1783734747191288,3.576988935470581
0.09,3,kmeans,{'n_clusters': 190},0.4881266490765171,0.4881266490765171,0.422114929110149,0.3254237288135593,0.3254237288135593,0.1783734747191288,3.576988935470581
0.09,3,kmeans,{'n_clusters': 180},0.4810905892700088,0.4810905892700088,0.4148946875697096,0.3254237288135593,0.3254237288135593,0.1783734747191288,3.576988935470581
0.09,3,kmeans,{'n_clusters': 170},0.465259454705365,0.465259454705365,0.3883317338238763,0.3254237288135593,0.3254237288135593,0.1783734747191288,3.576988935470581
0.09,3,kmeans,{'n_clusters': 160},0.4643799472295514,0.4643799472295514,0.3942601790219311,0.3254237288135593,0.3254237288135593,0.1783734747191288,3.576988935470581
0.09,3,kmeans,{'n_clusters': 150},0.4388742304309587,0.4388742304309587,0.3604200612800579,0.3254237288135593,0.3254237288135593,0.1783734747191288,3.576988935470581
0.09,3,kmeans,{'n_clusters': 140},0.4379947229551451,0.4379947229551451,0.3587304838718564,0.3254237288135593,0.3254237288135593,0.1783734747191288,3.576988935470581
0.09,3,kmeans,{'n_clusters': 130},0.4212840809146878,0.4212840809146878,0.3358019135165154,0.3254237288135593,0.3254237288135593,0.1783734747191288,3.576988935470581
0.09,3,kmeans,{'n_clusters': 120},0.4186455584872471,0.4186455584872471,0.333566716913969,0.3254237288135593,0.3254237288135593,0.1783734747191288,3.576988935470581
0.09,3,kmeans,{'n_clusters': 110},0.4160070360598065,0.4160070360598065,0.3323270382070019,0.3254237288135593,0.3254237288135593,0.1783734747191288,3.576988935470581
0.09,3,kmeans,{'n_clusters': 100},0.3887423043095866,0.3887423043095866,0.2960516178585043,0.3254237288135593,0.3254237288135593,0.1783734747191288,3.576988935470581
0.09,3,label_propagation,{'seed': 0},0.4423922603342128,0.4423922603342128,0.3816277583370865,0.3254237288135593,0.3254237288135593,0.1783734747191288,3.576988935470581
0.09,3,label_propagation,{'seed': 1},0.4379947229551451,0.4379947229551451,0.378591967490307,0.3254237288135593,0.3254237288135593,0.1783734747191288,3.576988935470581
0.09,3,label_propagation,{'seed': 2},0.4397537379067722,0.4397537379067722,0.3786857881910503,0.3254237288135593,0.3254237288135593,0.1783734747191288,3.576988935470581
0.09,32,louvain,{},0.1947245927075252,0.1947245927075252,0.117959474132484,0.1878698224852071,0.1878698224852071,0.1032922240975351,13.001150369644163
0.09,32,dbscan,"{'eps': 0.9, 'min_samples': 2}",0.1508921644685802,0.1508921644685802,0.040169411226771,0.1878698224852071,0.1878698224852071,0.1032922240975351,13.001150369644163
0.09,32,kmeans,{'n_clusters': 500},0.439100077579519,0.439100077579519,0.3811610612669015,0.1878698224852071,0.1878698224852071,0.1032922240975351,13.001150369644163
0.09,32,kmeans,{'n_clusters': 450},0.4185415050426687,0.4185415050426687,0.3626753504234856,0.1878698224852071,0.1878698224852071,0.1032922240975351,13.001150369644163
0.09,32,kmeans,{'n_clusters': 411},0.399922420480993,0.399922420480993,0.3379222438455946,0.1878698224852071,0.1878698224852071,0.1032922240975351,13.001150369644163
0.09,32,kmeans,{'n_clusters': 400},0.395655546935609,0.395655546935609,0.3376905042195801,0.1878698224852071,0.1878698224852071,0.1032922240975351,13.001150369644163
0.09,32,kmeans,{'n_clusters': 350},0.3758727695888285,0.3758727695888285,0.3112392318449329,0.1878698224852071,0.1878698224852071,0.1032922240975351,13.001150369644163
0.09,32,kmeans,{'n_clusters': 300},0.3525989138867339,0.3525989138867339,0.2861646559495228,0.1878698224852071,0.1878698224852071,0.1032922240975351,13.001150369644163
0.09,32,kmeans,{'n_clusters': 250},0.3118696664080683,0.3118696664080683,0.2414138876589093,0.1878698224852071,0.1878698224852071,0.1032922240975351,13.001150369644163
0.09,32,kmeans,{'n_clusters': 200},0.2905352986811482,0.2905352986811482,0.2206476125762985,0.1878698224852071,0.1878698224852071,0.1032922240975351,13.001150369644163
0.09,32,label_propagation,{'seed': 0},0.2176105508145849,0.2176105508145849,0.1422220479901955,0.1878698224852071,0.1878698224852071,0.1032922240975351,13.001150369644163
0.09,32,label_propagation,{'seed': 1},0.2145073700543056,0.2145073700543056,0.1406007940659834,0.1878698224852071,0.1878698224852071,0.1032922240975351,13.001150369644163
0.09,32,label_propagation,{'seed': 2},0.2114041892940263,0.2114041892940263,0.1333538468656598,0.1878698224852071,0.1878698224852071,0.1032922240975351,13.001150369644163
0.1,321,louvain,{},0.2051500060731203,0.2051500060731203,0.0989241102283481,0.1507430997876857,0.1507430997876857,0.0621223295119981,159.20615363121033
0.1,321,dbscan,"{'eps': 0.9, 'min_samples': 2}",0.1405320053443459,0.1405320053443459,0.0353713618288262,0.1507430997876857,0.1507430997876857,0.0621223295119981,159.20615363121033
0.1,321,kmeans,{'n_clusters': 550},0.3838212073363294,0.3838212073363294,0.3315710315428857,0.1507430997876857,0.1507430997876857,0.0621223295119981,159.20615363121033
0.1,321,kmeans,{'n_clusters': 500},0.3651159965990526,0.3651159965990526,0.314482179866668,0.1507430997876857,0.1507430997876857,0.0621223295119981,159.20615363121033
0.1,321,kmeans,{'n_clusters': 494},0.3691242560427548,0.3691242560427548,0.3140078889506094,0.1507430997876857,0.1507430997876857,0.0621223295119981,159.20615363121033
0.1,321,kmeans,{'n_clusters': 450},0.3547916919713348,0.3547916919713348,0.3055620214276582,0.1507430997876857,0.1507430997876857,0.0621223295119981,159.20615363121033
0.1,321,kmeans,{'n_clusters': 400},0.3455605490100814,0.3455605490100814,0.2891548656793814,0.1507430997876857,0.1507430997876857,0.0621223295119981,159.20615363121033
0.1,321,kmeans,{'n_clusters': 350},0.3340216203085145,0.3340216203085145,0.2732974273624614,0.1507430997876857,0.1507430997876857,0.0621223295119981,159.20615363121033
0.1,321,kmeans,{'n_clusters': 300},0.3167739584598567,0.3167739584598567,0.2538987138852607,0.1507430997876857,0.1507430997876857,0.0621223295119981,159.20615363121033
0.1,321,kmeans,{'n_clusters': 250},0.3052350297582898,0.3052350297582898,0.240113958530867,0.1507430997876857,0.1507430997876857,0.0621223295119981,159.20615363121033
0.1,321,kmeans,{'n_clusters': 200},0.2870156686505526,0.2870156686505526,0.2204718544829404,0.1507430997876857,0.1507430997876857,0.0621223295119981,159.20615363121033
0.1,321,label_propagation,{'seed': 0},0.1793999757075185,0.1793999757075185,0.0654255828525394,0.1507430997876857,0.1507430997876857,0.0621223295119981,159.20615363121033
0.1,321,label_propagation,{'seed': 1},0.160208915340702,0.160208915340702,0.0496056802044348,0.1507430997876857,0.1507430997876857,0.0621223295119981,159.20615363121033
0.1,321,label_propagation,{'seed': 2},0.1599659905259322,0.1599659905259322,0.0500840353853377,0.1507430997876857,0.1507430997876857,0.0621223295119981,159.20615363121033
0.1,3,louvain,{},0.3086206896551724,0.3086206896551724,0.2189967006476707,0.4044117647058823,0.4044117647058823,0.2506949419725155,4.082300424575806
0.1,3,dbscan,"{'eps': 0.9, 'min_samples': 2}",0.2387931034482758,0.2387931034482758,0.0940159021168148,0.4044117647058823,0.4044117647058823,0.2506949419725155,4.082300424575806
0.1,3,kmeans,{'n_clusters': 250},0.5663793103448276,0.5663793103448276,0.5087686447410114,0.4044117647058823,0.4044117647058823,0.2506949419725155,4.082300424575806
0.1,3,kmeans,{'n_clusters': 200},0.4991379310344828,0.4991379310344828,0.435263355544446,0.4044117647058823,0.4044117647058823,0.2506949419725155,4.082300424575806
0.1,3,kmeans,{'n_clusters': 199},0.4991379310344828,0.4991379310344828,0.4312599596333346,0.4044117647058823,0.4044117647058823,0.2506949419725155,4.082300424575806
0.1,3,kmeans,{'n_clusters': 190},0.4896551724137931,0.4896551724137931,0.4249765531124593,0.4044117647058823,0.4044117647058823,0.2506949419725155,4.082300424575806
0.1,3,kmeans,{'n_clusters': 180},0.4862068965517241,0.4862068965517241,0.4142487174535344,0.4044117647058823,0.4044117647058823,0.2506949419725155,4.082300424575806
0.1,3,kmeans,{'n_clusters': 170},0.4956896551724138,0.4956896551724138,0.4333483880786319,0.4044117647058823,0.4044117647058823,0.2506949419725155,4.082300424575806
0.1,3,kmeans,{'n_clusters': 160},0.4646551724137931,0.4646551724137931,0.401126268757248,0.4044117647058823,0.4044117647058823,0.2506949419725155,4.082300424575806
0.1,3,kmeans,{'n_clusters': 150},0.4525862068965517,0.4525862068965517,0.3735054932107203,0.4044117647058823,0.4044117647058823,0.2506949419725155,4.082300424575806
0.1,3,kmeans,{'n_clusters': 140},0.443103448275862,0.443103448275862,0.3726106668637812,0.4044117647058823,0.4044117647058823,0.2506949419725155,4.082300424575806
0.1,3,kmeans,{'n_clusters': 130},0.4293103448275862,0.4293103448275862,0.359605291998171,0.4044117647058823,0.4044117647058823,0.2506949419725155,4.082300424575806
0.1,3,kmeans,{'n_clusters': 120},0.4146551724137931,0.4146551724137931,0.3472733401821622,0.4044117647058823,0.4044117647058823,0.2506949419725155,4.082300424575806
0.1,3,kmeans,{'n_clusters': 110},0.4206896551724138,0.4206896551724138,0.344127902838125,0.4044117647058823,0.4044117647058823,0.2506949419725155,4.082300424575806
0.1,3,kmeans,{'n_clusters': 100},0.4008620689655172,0.4008620689655172,0.3273628610986943,0.4044117647058823,0.4044117647058823,0.2506949419725155,4.082300424575806
0.1,3,label_propagation,{'seed': 0},0.3198275862068965,0.3198275862068965,0.2574917247215602,0.4044117647058823,0.4044117647058823,0.2506949419725155,4.082300424575806
0.1,3,label_propagation,{'seed': 1},0.321551724137931,0.321551724137931,0.2321867001859231,0.4044117647058823,0.4044117647058823,0.2506949419725155,4.082300424575806
0.1,3,label_propagation,{'seed': 2},0.325,0.325,0.2459025774030432,0.4044117647058823,0.4044117647058823,0.2506949419725155,4.082300424575806
0.1,32,louvain,{},0.1914483821263482,0.1914483821263482,0.0918343942849193,0.155015197568389,0.155015197568389,0.059649647527858,15.813169240951538
0.1,32,dbscan,"{'eps': 0.9, 'min_samples': 2}",0.1517719568567026,0.1517719568567026,0.0403313437404346,0.155015197568389,0.155015197568389,0.059649647527858,15.813169240951538
0.1,32,kmeans,{'n_clusters': 500},0.4487673343605547,0.4487673343605547,0.3933849253780641,0.155015197568389,0.155015197568389,0.059649647527858,15.813169240951538
0.1,32,kmeans,{'n_clusters': 450},0.4364406779661017,0.4364406779661017,0.3807629615023559,0.155015197568389,0.155015197568389,0.059649647527858,15.813169240951538
0.1,32,kmeans,{'n_clusters': 411},0.4129429892141756,0.4129429892141756,0.349581032334545,0.155015197568389,0.155015197568389,0.059649647527858,15.813169240951538
0.1,32,kmeans,{'n_clusters': 400},0.4140986132511556,0.4140986132511556,0.3562219732394504,0.155015197568389,0.155015197568389,0.059649647527858,15.813169240951538
0.1,32,kmeans,{'n_clusters': 350},0.3848228043143297,0.3848228043143297,0.3265052894981086,0.155015197568389,0.155015197568389,0.059649647527858,15.813169240951538
0.1,32,kmeans,{'n_clusters': 300},0.3505392912172573,0.3505392912172573,0.2861252435648276,0.155015197568389,0.155015197568389,0.059649647527858,15.813169240951538
0.1,32,kmeans,{'n_clusters': 250},0.3320493066255778,0.3320493066255778,0.265028625380037,0.155015197568389,0.155015197568389,0.059649647527858,15.813169240951538
0.1,32,kmeans,{'n_clusters': 200},0.3020030816640986,0.3020030816640986,0.2367851552930369,0.155015197568389,0.155015197568389,0.059649647527858,15.813169240951538
0.1,32,label_propagation,{'seed': 0},0.1594761171032357,0.1594761171032357,0.0577820507605562,0.155015197568389,0.155015197568389,0.059649647527858,15.813169240951538
0.1,32,label_propagation,{'seed': 1},0.1594761171032357,0.1594761171032357,0.0577820507605562,0.155015197568389,0.155015197568389,0.059649647527858,15.813169240951538
0.1,32,label_propagation,{'seed': 2},0.160246533127889,0.160246533127889,0.0598832478059455,0.155015197568389,0.155015197568389,0.059649647527858,15.813169240951538
0.05,321,louvain,{},0.4839374469632683,0.4839374469632683,0.4570995920113977,0.1498929336188436,0.1498929336188436,0.0555149674646525,33.96329665184021
0.05,321,dbscan,"{'eps': 0.9, 'min_samples': 2}",0.2040247302703358,0.2040247302703358,0.1365270144136747,0.1498929336188436,0.1498929336188436,0.0555149674646525,33.96329665184021
0.05,321,kmeans,{'n_clusters': 550},0.3338586495332767,0.3338586495332767,0.3010997726200418,0.1498929336188436,0.1498929336188436,0.0555149674646525,33.96329665184021
0.05,321,kmeans,{'n_clusters': 500},0.3258576797187538,0.3258576797187538,0.2823508569238471,0.1498929336188436,0.1498929336188436,0.0555149674646525,33.96329665184021
0.05,321,kmeans,{'n_clusters': 494},0.3262213601648684,0.3262213601648684,0.2888142003365259,0.1498929336188436,0.1498929336188436,0.0555149674646525,33.96329665184021
0.05,321,kmeans,{'n_clusters': 450},0.3104618741665656,0.3104618741665656,0.2713498319713034,0.1498929336188436,0.1498929336188436,0.0555149674646525,33.96329665184021
0.05,321,kmeans,{'n_clusters': 400},0.2990665535216389,0.2990665535216389,0.2562391903365492,0.1498929336188436,0.1498929336188436,0.0555149674646525,33.96329665184021
0.05,321,kmeans,{'n_clusters': 350},0.2890047278457995,0.2890047278457995,0.2426080996398983,0.1498929336188436,0.1498929336188436,0.0555149674646525,33.96329665184021
0.05,321,kmeans,{'n_clusters': 300},0.2825797066311068,0.2825797066311068,0.2327245241216998,0.1498929336188436,0.1498929336188436,0.0555149674646525,33.96329665184021
0.05,321,kmeans,{'n_clusters': 250},0.2613650139410837,0.2613650139410837,0.2091012002254041,0.1498929336188436,0.1498929336188436,0.0555149674646525,33.96329665184021
0.05,321,kmeans,{'n_clusters': 200},0.2593041580797672,0.2593041580797672,0.2045823073521103,0.1498929336188436,0.1498929336188436,0.0555149674646525,33.96329665184021
0.05,321,label_propagation,{'seed': 0},0.5835858891986907,0.5835858891986907,0.5559306428239157,0.1498929336188436,0.1498929336188436,0.0555149674646525,33.96329665184021
0.05,321,label_propagation,{'seed': 1},0.5866165595829798,0.5866165595829798,0.5598300389483242,0.1498929336188436,0.1498929336188436,0.0555149674646525,33.96329665184021
0.05,321,label_propagation,{'seed': 2},0.591223178567099,0.591223178567099,0.5680878065690712,0.1498929336188436,0.1498929336188436,0.0555149674646525,33.96329665184021
0.05,3,louvain,{},0.8049645390070922,0.8049645390070922,0.7767450125544475,0.4013157894736842,0.4013157894736842,0.308323603578835,1.8652527332305908
0.05,3,dbscan,"{'eps': 0.9, 'min_samples': 2}",0.3687943262411347,0.3687943262411347,0.2715968128092261,0.4013157894736842,0.4013157894736842,0.308323603578835,1.8652527332305908
0.05,3,kmeans,{'n_clusters': 250},0.5212765957446809,0.5212765957446809,0.4664410007783255,0.4013157894736842,0.4013157894736842,0.308323603578835,1.8652527332305908
0.05,3,kmeans,{'n_clusters': 200},0.4583333333333333,0.4583333333333333,0.4016436505749958,0.4013157894736842,0.4013157894736842,0.308323603578835,1.8652527332305908
0.05,3,kmeans,{'n_clusters': 199},0.4530141843971631,0.4530141843971631,0.3942129459433449,0.4013157894736842,0.4013157894736842,0.308323603578835,1.8652527332305908
0.05,3,kmeans,{'n_clusters': 190},0.4636524822695035,0.4636524822695035,0.3965850516813615,0.4013157894736842,0.4013157894736842,0.308323603578835,1.8652527332305908
0.05,3,kmeans,{'n_clusters': 180},0.4441489361702128,0.4441489361702128,0.3767541849062266,0.4013157894736842,0.4013157894736842,0.308323603578835,1.8652527332305908
0.05,3,kmeans,{'n_clusters': 170},0.4202127659574468,0.4202127659574468,0.3491478284166404,0.4013157894736842,0.4013157894736842,0.308323603578835,1.8652527332305908
0.05,3,kmeans,{'n_clusters': 160},0.4184397163120567,0.4184397163120567,0.3428757788742925,0.4013157894736842,0.4013157894736842,0.308323603578835,1.8652527332305908
0.05,3,kmeans,{'n_clusters': 150},0.4131205673758865,0.4131205673758865,0.3315638774696891,0.4013157894736842,0.4013157894736842,0.308323603578835,1.8652527332305908
0.05,3,kmeans,{'n_clusters': 140},0.3936170212765957,0.3936170212765957,0.3162893321359918,0.4013157894736842,0.4013157894736842,0.308323603578835,1.8652527332305908
0.05,3,kmeans,{'n_clusters': 130},0.3980496453900709,0.3980496453900709,0.3131466470862284,0.4013157894736842,0.4013157894736842,0.308323603578835,1.8652527332305908
0.05,3,kmeans,{'n_clusters': 120},0.3812056737588652,0.3812056737588652,0.2999188859169677,0.4013157894736842,0.4013157894736842,0.308323603578835,1.8652527332305908
0.05,3,kmeans,{'n_clusters': 110},0.3696808510638298,0.3696808510638298,0.2875032524181348,0.4013157894736842,0.4013157894736842,0.308323603578835,1.8652527332305908
0.05,3,kmeans,{'n_clusters': 100},0.350177304964539,0.350177304964539,0.2532429229169269,0.4013157894736842,0.4013157894736842,0.308323603578835,1.8652527332305908
0.05,3,label_propagation,{'seed': 0},0.8111702127659575,0.8111702127659575,0.7864793378621804,0.4013157894736842,0.4013157894736842,0.308323603578835,1.8652527332305908
0.05,3,label_propagation,{'seed': 1},0.8111702127659575,0.8111702127659575,0.7864793378621804,0.4013157894736842,0.4013157894736842,0.308323603578835,1.8652527332305908
0.05,3,label_propagation,{'seed': 2},0.8111702127659575,0.8111702127659575,0.7864793378621804,0.4013157894736842,0.4013157894736842,0.308323603578835,1.8652527332305908
0.05,32,louvain,{},0.6300422589320015,0.6300422589320015,0.5948895417365284,0.2196620583717358,0.2196620583717358,0.1267479046131032,6.342394828796387
0.05,32,dbscan,"{'eps': 0.9, 'min_samples': 2}",0.2800614675374567,0.2800614675374567,0.2185741383916596,0.2196620583717358,0.2196620583717358,0.1267479046131032,6.342394828796387
0.05,32,kmeans,{'n_clusters': 500},0.3899346907414521,0.3899346907414521,0.3561164092519516,0.2196620583717358,0.2196620583717358,0.1267479046131032,6.342394828796387
0.05,32,kmeans,{'n_clusters': 450},0.3699577410679984,0.3699577410679984,0.3326851669809103,0.2196620583717358,0.2196620583717358,0.1267479046131032,6.342394828796387
0.05,32,kmeans,{'n_clusters': 411},0.3538225124855935,0.3538225124855935,0.3157094706819854,0.2196620583717358,0.2196620583717358,0.1267479046131032,6.342394828796387
0.05,32,kmeans,{'n_clusters': 400},0.3549750288129081,0.3549750288129081,0.3134446404486067,0.2196620583717358,0.2196620583717358,0.1267479046131032,6.342394828796387
0.05,32,kmeans,{'n_clusters': 350},0.3280829811755666,0.3280829811755666,0.2839048216952564,0.2196620583717358,0.2196620583717358,0.1267479046131032,6.342394828796387
0.05,32,kmeans,{'n_clusters': 300},0.3107952362658471,0.3107952362658471,0.2605961128419954,0.2196620583717358,0.2196620583717358,0.1267479046131032,6.342394828796387
0.05,32,kmeans,{'n_clusters': 250},0.2869765655013446,0.2869765655013446,0.228040662875466,0.2196620583717358,0.2196620583717358,0.1267479046131032,6.342394828796387
0.05,32,kmeans,{'n_clusters': 200},0.2520169035728006,0.2520169035728006,0.1956012902575781,0.2196620583717358,0.2196620583717358,0.1267479046131032,6.342394828796387
0.05,32,label_propagation,{'seed': 0},0.660391855551287,0.660391855551287,0.6216896509141782,0.2196620583717358,0.2196620583717358,0.1267479046131032,6.342394828796387
0.05,32,label_propagation,{'seed': 1},0.6546292739147138,0.6546292739147138,0.6156720767236845,0.2196620583717358,0.2196620583717358,0.1267479046131032,6.342394828796387
0.05,32,label_propagation,{'seed': 2},0.6553976181329235,0.6553976181329235,0.6181329909767808,0.2196620583717358,0.2196620583717358,0.1267479046131032,6.342394828796387
0.12,321,louvain,{},0.2006040775232821,0.2006040775232821,0.0949376058559192,0.2118839244587747,0.2118839244587747,0.106202762131274,549.9673225879669
0.12,321,dbscan,"{'eps': 0.9, 'min_samples': 2}",0.1342813994462622,0.1342813994462622,0.0317936876088232,0.2118839244587747,0.2118839244587747,0.106202762131274,549.9673225879669
0.12,321,kmeans,{'n_clusters': 550},0.3548955449282658,0.3548955449282658,0.3083494951880965,0.2118839244587747,0.2118839244587747,0.106202762131274,549.9673225879669
0.12,321,kmeans,{'n_clusters': 500},0.3467153284671533,0.3467153284671533,0.3004712411189403,0.2118839244587747,0.2118839244587747,0.106202762131274,549.9673225879669
0.12,321,kmeans,{'n_clusters': 494},0.3491064686634785,0.3491064686634785,0.2981821562879371,0.2118839244587747,0.2118839244587747,0.106202762131274,549.9673225879669
0.12,321,kmeans,{'n_clusters': 450},0.3357664233576642,0.3357664233576642,0.2842037760326462,0.2118839244587747,0.2118839244587747,0.106202762131274,549.9673225879669
0.12,321,kmeans,{'n_clusters': 400},0.3263277120563805,0.3263277120563805,0.2734872368018582,0.2118839244587747,0.2118839244587747,0.106202762131274,549.9673225879669
0.12,321,kmeans,{'n_clusters': 350},0.3112257739743267,0.3112257739743267,0.2553628548587454,0.2118839244587747,0.2118839244587747,0.106202762131274,549.9673225879669
0.12,321,kmeans,{'n_clusters': 300},0.2874402214950918,0.2874402214950918,0.2285025215317602,0.2118839244587747,0.2118839244587747,0.106202762131274,549.9673225879669
0.12,321,kmeans,{'n_clusters': 250},0.2842939843946639,0.2842939843946639,0.2195686148920076,0.2118839244587747,0.2118839244587747,0.106202762131274,549.9673225879669
0.12,321,kmeans,{'n_clusters': 200},0.2556003020387616,0.2556003020387616,0.1911428860976263,0.2118839244587747,0.2118839244587747,0.106202762131274,549.9673225879669
0.12,321,label_propagation,{'seed': 0},0.1342813994462622,0.1342813994462622,0.0317936876088232,0.2118839244587747,0.2118839244587747,0.106202762131274,549.9673225879669
0.12,321,label_propagation,{'seed': 1},0.1342813994462622,0.1342813994462622,0.0317936876088232,0.2118839244587747,0.2118839244587747,0.106202762131274,549.9673225879669
0.12,321,label_propagation,{'seed': 2},0.1342813994462622,0.1342813994462622,0.0317936876088232,0.2118839244587747,0.2118839244587747,0.106202762131274,549.9673225879669
0.12,3,louvain,{},0.2825509300265721,0.2825509300265721,0.1931607281990438,0.3663366336633663,0.3663366336633663,0.2562727011529243,7.109809875488281
0.12,3,dbscan,"{'eps': 0.9, 'min_samples': 2}",0.24977856510186,0.24977856510186,0.1011483009865538,0.3663366336633663,0.3663366336633663,0.2562727011529243,7.109809875488281
0.12,3,kmeans,{'n_clusters': 250},0.5589016829052259,0.5589016829052259,0.4935366202127205,0.3663366336633663,0.3663366336633663,0.2562727011529243,7.109809875488281
0.12,3,kmeans,{'n_clusters': 200},0.5146147032772365,0.5146147032772365,0.4563145296495283,0.3663366336633663,0.3663366336633663,0.2562727011529243,7.109809875488281
0.12,3,kmeans,{'n_clusters': 199},0.5128432240921169,0.5128432240921169,0.4567579631187696,0.3663366336633663,0.3663366336633663,0.2562727011529243,7.109809875488281
0.12,3,kmeans,{'n_clusters': 190},0.4871567759078831,0.4871567759078831,0.4253379717452954,0.3663366336633663,0.3663366336633663,0.2562727011529243,7.109809875488281
0.12,3,kmeans,{'n_clusters': 180},0.491585473870682,0.491585473870682,0.433254592288849,0.3663366336633663,0.3663366336633663,0.2562727011529243,7.109809875488281
0.12,3,kmeans,{'n_clusters': 170},0.4676705048715677,0.4676705048715677,0.4041548210843936,0.3663366336633663,0.3663366336633663,0.2562727011529243,7.109809875488281
0.12,3,kmeans,{'n_clusters': 160},0.4729849424269264,0.4729849424269264,0.3984381317121858,0.3663366336633663,0.3663366336633663,0.2562727011529243,7.109809875488281
0.12,3,kmeans,{'n_clusters': 150},0.4508414526129318,0.4508414526129318,0.3856556085043021,0.3663366336633663,0.3663366336633663,0.2562727011529243,7.109809875488281
0.12,3,kmeans,{'n_clusters': 140},0.4340124003542958,0.4340124003542958,0.3635368561390305,0.3663366336633663,0.3663366336633663,0.2562727011529243,7.109809875488281
0.12,3,kmeans,{'n_clusters': 130},0.433126660761736,0.433126660761736,0.3621793523138752,0.3663366336633663,0.3663366336633663,0.2562727011529243,7.109809875488281
0.12,3,kmeans,{'n_clusters': 120},0.4260407440212577,0.4260407440212577,0.3492410139078175,0.3663366336633663,0.3663366336633663,0.2562727011529243,7.109809875488281
0.12,3,kmeans,{'n_clusters': 110},0.4003542958370239,0.4003542958370239,0.3177998668906229,0.3663366336633663,0.3663366336633663,0.2562727011529243,7.109809875488281
0.12,3,kmeans,{'n_clusters': 100},0.395925597874225,0.395925597874225,0.3071574716233526,0.3663366336633663,0.3663366336633663,0.2562727011529243,7.109809875488281
0.12,3,label_propagation,{'seed': 0},0.2515500442869796,0.2515500442869796,0.1044722959639078,0.3663366336633663,0.3663366336633663,0.2562727011529243,7.109809875488281
0.12,3,label_propagation,{'seed': 1},0.2515500442869796,0.2515500442869796,0.1044722959639078,0.3663366336633663,0.3663366336633663,0.2562727011529243,7.109809875488281
0.12,3,label_propagation,{'seed': 2},0.2515500442869796,0.2515500442869796,0.1044722959639078,0.3663366336633663,0.3663366336633663,0.2562727011529243,7.109809875488281
0.12,32,louvain,{},0.1600937133932057,0.1600937133932057,0.0617119125411247,0.1717171717171717,0.1717171717171717,0.0751161359017031,35.262840032577515
0.12,32,dbscan,"{'eps': 0.9, 'min_samples': 2}",0.1464271768840296,0.1464271768840296,0.0374047624874054,0.1717171717171717,0.1717171717171717,0.0751161359017031,35.262840032577515
0.12,32,kmeans,{'n_clusters': 500},0.4388910581803983,0.4388910581803983,0.3837880699357757,0.1717171717171717,0.1717171717171717,0.0751161359017031,35.262840032577515
0.12,32,kmeans,{'n_clusters': 450},0.4240531042561499,0.4240531042561499,0.3636420986062975,0.1717171717171717,0.1717171717171717,0.0751161359017031,35.262840032577515
0.12,32,kmeans,{'n_clusters': 411},0.3955486138227255,0.3955486138227255,0.3350204786912554,0.1717171717171717,0.1717171717171717,0.0751161359017031,35.262840032577515
0.12,32,kmeans,{'n_clusters': 400},0.3959390862944162,0.3959390862944162,0.3334171338946567,0.1717171717171717,0.1717171717171717,0.0751161359017031,35.262840032577515
0.12,32,kmeans,{'n_clusters': 350},0.3760249902381882,0.3760249902381882,0.3131874553888077,0.1717171717171717,0.1717171717171717,0.0751161359017031,35.262840032577515
0.12,32,kmeans,{'n_clusters': 300},0.344006247559547,0.344006247559547,0.2800518140945005,0.1717171717171717,0.1717171717171717,0.0751161359017031,35.262840032577515
0.12,32,kmeans,{'n_clusters': 250},0.31940648184303,0.31940648184303,0.2541041067534713,0.1717171717171717,0.1717171717171717,0.0751161359017031,35.262840032577515
0.12,32,kmeans,{'n_clusters': 200},0.3037875829754002,0.3037875829754002,0.2314121880950116,0.1717171717171717,0.1717171717171717,0.0751161359017031,35.262840032577515
0.12,32,label_propagation,{'seed': 0},0.1464271768840296,0.1464271768840296,0.0374047624874054,0.1717171717171717,0.1717171717171717,0.0751161359017031,35.262840032577515
0.12,32,label_propagation,{'seed': 1},0.1464271768840296,0.1464271768840296,0.0374047624874054,0.1717171717171717,0.1717171717171717,0.0751161359017031,35.262840032577515
0.12,32,label_propagation,{'seed': 2},0.1464271768840296,0.1464271768840296,0.0374047624874054,0.1717171717171717,0.1717171717171717,0.0751161359017031,35.262840032577515
0.06,321,louvain,{},0.3456743483188515,0.3456743483188515,0.3035477378315477,0.244485294117647,0.244485294117647,0.1446147437977404,40.00699067115784
0.06,321,dbscan,"{'eps': 0.9, 'min_samples': 2}",0.1543886160433195,0.1543886160433195,0.0730091298923673,0.244485294117647,0.244485294117647,0.1446147437977404,40.00699067115784
0.06,321,kmeans,{'n_clusters': 550},0.3391260546530664,0.3391260546530664,0.2972331003446497,0.244485294117647,0.244485294117647,0.1446147437977404,40.00699067115784
0.06,321,kmeans,{'n_clusters': 500},0.3310666162951769,0.3310666162951769,0.2830475256903182,0.244485294117647,0.244485294117647,0.1446147437977404,40.00699067115784
0.06,321,kmeans,{'n_clusters': 494},0.3390001259287243,0.3390001259287243,0.2913192933682931,0.244485294117647,0.244485294117647,0.1446147437977404,40.00699067115784
0.06,321,kmeans,{'n_clusters': 450},0.3170885278932124,0.3170885278932124,0.2669700601324131,0.244485294117647,0.244485294117647,0.1446147437977404,40.00699067115784
0.06,321,kmeans,{'n_clusters': 400},0.3039919405616421,0.3039919405616421,0.2513881901966397,0.244485294117647,0.244485294117647,0.1446147437977404,40.00699067115784
0.06,321,kmeans,{'n_clusters': 350},0.3032363682155899,0.3032363682155899,0.2471984405606117,0.244485294117647,0.244485294117647,0.1446147437977404,40.00699067115784
0.06,321,kmeans,{'n_clusters': 300},0.2916509255761239,0.2916509255761239,0.2377774207652837,0.244485294117647,0.244485294117647,0.1446147437977404,40.00699067115784
0.06,321,kmeans,{'n_clusters': 250},0.2738949754438987,0.2738949754438987,0.2141012089380302,0.244485294117647,0.244485294117647,0.1446147437977404,40.00699067115784
0.06,321,kmeans,{'n_clusters': 200},0.258657599798514,0.258657599798514,0.1954885267509053,0.244485294117647,0.244485294117647,0.1446147437977404,40.00699067115784
0.06,321,label_propagation,{'seed': 0},0.4148092179826218,0.4148092179826218,0.3876890086289519,0.244485294117647,0.244485294117647,0.1446147437977404,40.00699067115784
0.06,321,label_propagation,{'seed': 1},0.4140536456365697,0.4140536456365697,0.379502643500674,0.244485294117647,0.244485294117647,0.1446147437977404,40.00699067115784
0.06,321,label_propagation,{'seed': 2},0.4175796499181463,0.4175796499181463,0.3840488634122238,0.244485294117647,0.244485294117647,0.1446147437977404,40.00699067115784
0.06,3,louvain,{},0.7081174438687392,0.7081174438687392,0.6735492001970828,0.3905109489051095,0.3905109489051095,0.2987796196965057,2.15274977684021
0.06,3,dbscan,"{'eps': 0.9, 'min_samples': 2}",0.3756476683937824,0.3756476683937824,0.2920122897488802,0.3905109489051095,0.3905109489051095,0.2987796196965057,2.15274977684021
0.06,3,kmeans,{'n_clusters': 250},0.5207253886010362,0.5207253886010362,0.4762747843016033,0.3905109489051095,0.3905109489051095,0.2987796196965057,2.15274977684021
0.06,3,kmeans,{'n_clusters': 200},0.4792746113989637,0.4792746113989637,0.4214593706624152,0.3905109489051095,0.3905109489051095,0.2987796196965057,2.15274977684021
0.06,3,kmeans,{'n_clusters': 199},0.4784110535405872,0.4784110535405872,0.4192870588438376,0.3905109489051095,0.3905109489051095,0.2987796196965057,2.15274977684021
0.06,3,kmeans,{'n_clusters': 190},0.464594127806563,0.464594127806563,0.400170781988216,0.3905109489051095,0.3905109489051095,0.2987796196965057,2.15274977684021
0.06,3,kmeans,{'n_clusters': 180},0.4559585492227979,0.4559585492227979,0.3937391061308575,0.3905109489051095,0.3905109489051095,0.2987796196965057,2.15274977684021
0.06,3,kmeans,{'n_clusters': 170},0.4421416234887737,0.4421416234887737,0.3728285404934053,0.3905109489051095,0.3905109489051095,0.2987796196965057,2.15274977684021
0.06,3,kmeans,{'n_clusters': 160},0.4395509499136442,0.4395509499136442,0.3713748023212924,0.3905109489051095,0.3905109489051095,0.2987796196965057,2.15274977684021
0.06,3,kmeans,{'n_clusters': 150},0.4352331606217616,0.4352331606217616,0.3606659144844508,0.3905109489051095,0.3905109489051095,0.2987796196965057,2.15274977684021
0.06,3,kmeans,{'n_clusters': 140},0.422279792746114,0.422279792746114,0.3510988523580996,0.3905109489051095,0.3905109489051095,0.2987796196965057,2.15274977684021
0.06,3,kmeans,{'n_clusters': 130},0.4170984455958549,0.4170984455958549,0.3393671074176647,0.3905109489051095,0.3905109489051095,0.2987796196965057,2.15274977684021
0.06,3,kmeans,{'n_clusters': 120},0.4041450777202072,0.4041450777202072,0.3296362361548305,0.3905109489051095,0.3905109489051095,0.2987796196965057,2.15274977684021
0.06,3,kmeans,{'n_clusters': 110},0.3937823834196891,0.3937823834196891,0.3111306258766573,0.3905109489051095,0.3905109489051095,0.2987796196965057,2.15274977684021
0.06,3,kmeans,{'n_clusters': 100},0.3860103626943005,0.3860103626943005,0.2959354268838803,0.3905109489051095,0.3905109489051095,0.2987796196965057,2.15274977684021
0.06,3,label_propagation,{'seed': 0},0.7392055267702936,0.7392055267702936,0.7038663436018064,0.3905109489051095,0.3905109489051095,0.2987796196965057,2.15274977684021
0.06,3,label_propagation,{'seed': 1},0.7288428324697754,0.7288428324697754,0.69243287302464,0.3905109489051095,0.3905109489051095,0.2987796196965057,2.15274977684021
0.06,3,label_propagation,{'seed': 2},0.7392055267702936,0.7392055267702936,0.7038663436018064,0.3905109489051095,0.3905109489051095,0.2987796196965057,2.15274977684021
0.06,32,louvain,{},0.484893696381947,0.484893696381947,0.4466901108798234,0.1727748691099476,0.1727748691099476,0.078543935185577,7.633127689361572
0.06,32,dbscan,"{'eps': 0.9, 'min_samples': 2}",0.2029093621782916,0.2029093621782916,0.1244864380552376,0.1727748691099476,0.1727748691099476,0.078543935185577,7.633127689361572
0.06,32,kmeans,{'n_clusters': 500},0.4255874673629243,0.4255874673629243,0.3814148230973678,0.1727748691099476,0.1727748691099476,0.078543935185577,7.633127689361572
0.06,32,kmeans,{'n_clusters': 450},0.4069377098097724,0.4069377098097724,0.3603440768793214,0.1727748691099476,0.1727748691099476,0.078543935185577,7.633127689361572
0.06,32,kmeans,{'n_clusters': 411},0.3894069377098098,0.3894069377098098,0.3396760363462533,0.1727748691099476,0.1727748691099476,0.078543935185577,7.633127689361572
0.06,32,kmeans,{'n_clusters': 400},0.3845580007459903,0.3845580007459903,0.3336247359366148,0.1727748691099476,0.1727748691099476,0.078543935185577,7.633127689361572
0.06,32,kmeans,{'n_clusters': 350},0.3577023498694517,0.3577023498694517,0.3026532547732076,0.1727748691099476,0.1727748691099476,0.078543935185577,7.633127689361572
0.06,32,kmeans,{'n_clusters': 300},0.3342036553524804,0.3342036553524804,0.2767059373222592,0.1727748691099476,0.1727748691099476,0.078543935185577,7.633127689361572
0.06,32,kmeans,{'n_clusters': 250},0.3155538977993286,0.3155538977993286,0.2529804381809288,0.1727748691099476,0.1727748691099476,0.078543935185577,7.633127689361572
0.06,32,kmeans,{'n_clusters': 200},0.2883252517717269,0.2883252517717269,0.2238487025247197,0.1727748691099476,0.1727748691099476,0.078543935185577,7.633127689361572
0.06,32,label_propagation,{'seed': 0},0.5330100708690787,0.5330100708690787,0.4889291477185188,0.1727748691099476,0.1727748691099476,0.078543935185577,7.633127689361572
0.06,32,label_propagation,{'seed': 1},0.5303991048116374,0.5303991048116374,0.4853703516970206,0.1727748691099476,0.1727748691099476,0.078543935185577,7.633127689361572
0.06,32,label_propagation,{'seed': 2},0.5281611339052592,0.5281611339052592,0.4791620475196965,0.1727748691099476,0.1727748691099476,0.078543935185577,7.633127689361572
0.01,321,louvain,{},0.945715676728335,0.945715676728335,0.9379888385801028,0.162546028406102,0.162546028406102,0.0669528928835068,23.01866602897644
0.01,321,dbscan,"{'eps': 0.9, 'min_samples': 2}",0.2563291139240506,0.2563291139240506,0.2527999370498955,0.162546028406102,0.162546028406102,0.0669528928835068,23.01866602897644
0.01,321,kmeans,{'n_clusters': 550},0.3423807205452775,0.3423807205452775,0.293928476015231,0.162546028406102,0.162546028406102,0.0669528928835068,23.01866602897644
0.01,321,kmeans,{'n_clusters': 500},0.3247322297955209,0.3247322297955209,0.2729281817546668,0.162546028406102,0.162546028406102,0.0669528928835068,23.01866602897644
0.01,321,kmeans,{'n_clusters': 494},0.3170642648490749,0.3170642648490749,0.2617227435471964,0.162546028406102,0.162546028406102,0.0669528928835068,23.01866602897644
0.01,321,kmeans,{'n_clusters': 450},0.2967380720545277,0.2967380720545277,0.2441022434431064,0.162546028406102,0.162546028406102,0.0669528928835068,23.01866602897644
0.01,321,kmeans,{'n_clusters': 400},0.2895569620253164,0.2895569620253164,0.2331564872218006,0.162546028406102,0.162546028406102,0.0669528928835068,23.01866602897644
0.01,321,kmeans,{'n_clusters': 350},0.2712999026290165,0.2712999026290165,0.2054922613120584,0.162546028406102,0.162546028406102,0.0669528928835068,23.01866602897644
0.01,321,kmeans,{'n_clusters': 300},0.2469571567672833,0.2469571567672833,0.1815999161679265,0.162546028406102,0.162546028406102,0.0669528928835068,23.01866602897644
0.01,321,kmeans,{'n_clusters': 250},0.2239532619279454,0.2239532619279454,0.1574330918216628,0.162546028406102,0.162546028406102,0.0669528928835068,23.01866602897644
0.01,321,kmeans,{'n_clusters': 200},0.2122687439143135,0.2122687439143135,0.1393744432201824,0.162546028406102,0.162546028406102,0.0669528928835068,23.01866602897644
0.01,321,label_propagation,{'seed': 0},0.9469328140214216,0.9469328140214216,0.9392794811262304,0.162546028406102,0.162546028406102,0.0669528928835068,23.01866602897644
0.01,321,label_propagation,{'seed': 1},0.9469328140214216,0.9469328140214216,0.9392794811262304,0.162546028406102,0.162546028406102,0.0669528928835068,23.01866602897644
0.01,321,label_propagation,{'seed': 2},0.9469328140214216,0.9469328140214216,0.9392794811262304,0.162546028406102,0.162546028406102,0.0669528928835068,23.01866602897644
0.01,3,louvain,{},0.9178321678321678,0.9178321678321678,0.8984896392623066,0.3680555555555556,0.3680555555555556,0.2396964204062969,1.062830924987793
0.01,3,dbscan,"{'eps': 0.9, 'min_samples': 2}",0.2622377622377622,0.2622377622377622,0.1189040599113194,0.3680555555555556,0.3680555555555556,0.2396964204062969,1.062830924987793
0.01,3,kmeans,{'n_clusters': 250},0.5568181818181818,0.5568181818181818,0.4995569538110478,0.3680555555555556,0.3680555555555556,0.2396964204062969,1.062830924987793
0.01,3,kmeans,{'n_clusters': 200},0.4938811188811189,0.4938811188811189,0.4278927609866219,0.3680555555555556,0.3680555555555556,0.2396964204062969,1.062830924987793
0.01,3,kmeans,{'n_clusters': 199},0.4956293706293706,0.4956293706293706,0.428093003992294,0.3680555555555556,0.3680555555555556,0.2396964204062969,1.062830924987793
0.01,3,kmeans,{'n_clusters': 190},0.4938811188811189,0.4938811188811189,0.4357218601816472,0.3680555555555556,0.3680555555555556,0.2396964204062969,1.062830924987793
0.01,3,kmeans,{'n_clusters': 180},0.4667832167832167,0.4667832167832167,0.4009867272249519,0.3680555555555556,0.3680555555555556,0.2396964204062969,1.062830924987793
0.01,3,kmeans,{'n_clusters': 170},0.4816433566433566,0.4816433566433566,0.4202894547144283,0.3680555555555556,0.3680555555555556,0.2396964204062969,1.062830924987793
0.01,3,kmeans,{'n_clusters': 160},0.4615384615384615,0.4615384615384615,0.386508108575759,0.3680555555555556,0.3680555555555556,0.2396964204062969,1.062830924987793
0.01,3,kmeans,{'n_clusters': 150},0.4571678321678322,0.4571678321678322,0.3800417685239868,0.3680555555555556,0.3680555555555556,0.2396964204062969,1.062830924987793
0.01,3,kmeans,{'n_clusters': 140},0.4405594405594406,0.4405594405594406,0.3635161668278774,0.3680555555555556,0.3680555555555556,0.2396964204062969,1.062830924987793
0.01,3,kmeans,{'n_clusters': 130},0.4379370629370629,0.4379370629370629,0.366277511497206,0.3680555555555556,0.3680555555555556,0.2396964204062969,1.062830924987793
0.01,3,kmeans,{'n_clusters': 120},0.4213286713286713,0.4213286713286713,0.3549292266495281,0.3680555555555556,0.3680555555555556,0.2396964204062969,1.062830924987793
0.01,3,kmeans,{'n_clusters': 110},0.4055944055944055,0.4055944055944055,0.3371693447292052,0.3680555555555556,0.3680555555555556,0.2396964204062969,1.062830924987793
0.01,3,kmeans,{'n_clusters': 100},0.3916083916083916,0.3916083916083916,0.3081078010935648,0.3680555555555556,0.3680555555555556,0.2396964204062969,1.062830924987793
0.01,3,label_propagation,{'seed': 0},0.9178321678321678,0.9178321678321678,0.8984896392623066,0.3680555555555556,0.3680555555555556,0.2396964204062969,1.062830924987793
0.01,3,label_propagation,{'seed': 1},0.9178321678321678,0.9178321678321678,0.8984896392623066,0.3680555555555556,0.3680555555555556,0.2396964204062969,1.062830924987793
0.01,3,label_propagation,{'seed': 2},0.9178321678321678,0.9178321678321678,0.8984896392623066,0.3680555555555556,0.3680555555555556,0.2396964204062969,1.062830924987793
0.01,32,louvain,{},0.8905472636815921,0.8905472636815921,0.8702348866221069,0.2090483619344773,0.2090483619344773,0.1083726498770888,3.915175676345825
0.01,32,dbscan,"{'eps': 0.9, 'min_samples': 2}",0.1794871794871795,0.1794871794871795,0.0956422126830571,0.2090483619344773,0.2090483619344773,0.1083726498770888,3.915175676345825
0.01,32,kmeans,{'n_clusters': 500},0.4366628396479142,0.4366628396479142,0.3872300631558382,0.2090483619344773,0.2090483619344773,0.1083726498770888,3.915175676345825
0.01,32,kmeans,{'n_clusters': 450},0.4133180252583238,0.4133180252583238,0.356512624218108,0.2090483619344773,0.2090483619344773,0.1083726498770888,3.915175676345825
0.01,32,kmeans,{'n_clusters': 411},0.3903559127439724,0.3903559127439724,0.3376478989690063,0.2090483619344773,0.2090483619344773,0.1083726498770888,3.915175676345825
0.01,32,kmeans,{'n_clusters': 400},0.3846153846153846,0.3846153846153846,0.3325471562046017,0.2090483619344773,0.2090483619344773,0.1083726498770888,3.915175676345825
0.01,32,kmeans,{'n_clusters': 350},0.3559127439724455,0.3559127439724455,0.3068186826670926,0.2090483619344773,0.2090483619344773,0.1083726498770888,3.915175676345825
0.01,32,kmeans,{'n_clusters': 300},0.3432835820895522,0.3432835820895522,0.2849605986928649,0.2090483619344773,0.2090483619344773,0.1083726498770888,3.915175676345825
0.01,32,kmeans,{'n_clusters': 250},0.3038652889399158,0.3038652889399158,0.2427557928586037,0.2090483619344773,0.2090483619344773,0.1083726498770888,3.915175676345825
0.01,32,kmeans,{'n_clusters': 200},0.2740145426712591,0.2740145426712591,0.210740397966952,0.2090483619344773,0.2090483619344773,0.1083726498770888,3.915175676345825
0.01,32,label_propagation,{'seed': 0},0.8905472636815921,0.8905472636815921,0.8702348866221069,0.2090483619344773,0.2090483619344773,0.1083726498770888,3.915175676345825
0.01,32,label_propagation,{'seed': 1},0.8905472636815921,0.8905472636815921,0.8702348866221069,0.2090483619344773,0.2090483619344773,0.1083726498770888,3.915175676345825
0.01,32,label_propagation,{'seed': 2},0.8905472636815921,0.8905472636815921,0.8702348866221069,0.2090483619344773,0.2090483619344773,0.1083726498770888,3.915175676345825
0.14,3,louvain,{},0.2692307692307692,0.2692307692307692,0.1455735045063571,0.34375,0.34375,0.2039979486043734,15.207798957824709
0.14,3,dbscan,"{'eps': 0.9, 'min_samples': 2}",0.2622377622377622,0.2622377622377622,0.1089630591015632,0.34375,0.34375,0.2039979486043734,15.207798957824709
0.14,3,kmeans,{'n_clusters': 250},0.5708041958041958,0.5708041958041958,0.5222277769010142,0.34375,0.34375,0.2039979486043734,15.207798957824709
0.14,3,kmeans,{'n_clusters': 200},0.527972027972028,0.527972027972028,0.468995979279177,0.34375,0.34375,0.2039979486043734,15.207798957824709
0.14,3,kmeans,{'n_clusters': 199},0.5227272727272727,0.5227272727272727,0.45701898799522,0.34375,0.34375,0.2039979486043734,15.207798957824709
0.14,3,kmeans,{'n_clusters': 190},0.5122377622377622,0.5122377622377622,0.4509052837115744,0.34375,0.34375,0.2039979486043734,15.207798957824709
0.14,3,kmeans,{'n_clusters': 180},0.4921328671328671,0.4921328671328671,0.430920266205653,0.34375,0.34375,0.2039979486043734,15.207798957824709
0.14,3,kmeans,{'n_clusters': 170},0.4772727272727273,0.4772727272727273,0.4057995183364199,0.34375,0.34375,0.2039979486043734,15.207798957824709
0.14,3,kmeans,{'n_clusters': 160},0.4903846153846153,0.4903846153846153,0.4097291797922767,0.34375,0.34375,0.2039979486043734,15.207798957824709
0.14,3,kmeans,{'n_clusters': 150},0.4746503496503496,0.4746503496503496,0.4090258968620072,0.34375,0.34375,0.2039979486043734,15.207798957824709
0.14,3,kmeans,{'n_clusters': 140},0.4562937062937063,0.4562937062937063,0.3858321620115089,0.34375,0.34375,0.2039979486043734,15.207798957824709
0.14,3,kmeans,{'n_clusters': 130},0.444055944055944,0.444055944055944,0.383299986534661,0.34375,0.34375,0.2039979486043734,15.207798957824709
0.14,3,kmeans,{'n_clusters': 120},0.4222027972027972,0.4222027972027972,0.353439787766746,0.34375,0.34375,0.2039979486043734,15.207798957824709
0.14,3,kmeans,{'n_clusters': 110},0.4274475524475524,0.4274475524475524,0.3516860688830984,0.34375,0.34375,0.2039979486043734,15.207798957824709
0.14,3,kmeans,{'n_clusters': 100},0.4003496503496503,0.4003496503496503,0.3249670674393542,0.34375,0.34375,0.2039979486043734,15.207798957824709
0.14,3,label_propagation,{'seed': 0},0.2622377622377622,0.2622377622377622,0.1089630591015632,0.34375,0.34375,0.2039979486043734,15.207798957824709
0.14,3,label_propagation,{'seed': 1},0.2622377622377622,0.2622377622377622,0.1089630591015632,0.34375,0.34375,0.2039979486043734,15.207798957824709
0.14,3,label_propagation,{'seed': 2},0.2622377622377622,0.2622377622377622,0.1089630591015632,0.34375,0.34375,0.2039979486043734,15.207798957824709
0.14,32,louvain,{},0.1630518977536793,0.1630518977536793,0.0719943305693633,0.2053571428571428,0.2053571428571428,0.1018263702372401,86.32697176933289
0.14,32,dbscan,"{'eps': 0.9, 'min_samples': 2}",0.1429124709527498,0.1429124709527498,0.0357402248604301,0.2053571428571428,0.2053571428571428,0.1018263702372401,86.32697176933289
0.14,32,kmeans,{'n_clusters': 500},0.4391944229279628,0.4391944229279628,0.3854259912282821,0.2053571428571428,0.2053571428571428,0.1018263702372401,86.32697176933289
0.14,32,kmeans,{'n_clusters': 450},0.4140201394268009,0.4140201394268009,0.3635146838085469,0.2053571428571428,0.2053571428571428,0.1018263702372401,86.32697176933289
0.14,32,kmeans,{'n_clusters': 411},0.3996901626646011,0.3996901626646011,0.3452684492374603,0.2053571428571428,0.2053571428571428,0.1018263702372401,86.32697176933289
0.14,32,kmeans,{'n_clusters': 400},0.3915569326103795,0.3915569326103795,0.333779502563415,0.2053571428571428,0.2053571428571428,0.1018263702372401,86.32697176933289
0.14,32,kmeans,{'n_clusters': 350},0.3690937257939581,0.3690937257939581,0.3102830860083483,0.2053571428571428,0.2053571428571428,0.1018263702372401,86.32697176933289
0.14,32,kmeans,{'n_clusters': 300},0.3474051123160341,0.3474051123160341,0.2840658687139521,0.2053571428571428,0.2053571428571428,0.1018263702372401,86.32697176933289
0.14,32,kmeans,{'n_clusters': 250},0.3230054221533694,0.3230054221533694,0.2552612879434043,0.2053571428571428,0.2053571428571428,0.1018263702372401,86.32697176933289
0.14,32,kmeans,{'n_clusters': 200},0.3020914020139427,0.3020914020139427,0.2245224255662748,0.2053571428571428,0.2053571428571428,0.1018263702372401,86.32697176933289
0.14,32,label_propagation,{'seed': 0},0.1429124709527498,0.1429124709527498,0.0357402248604301,0.2053571428571428,0.2053571428571428,0.1018263702372401,86.32697176933289
0.14,32,label_propagation,{'seed': 1},0.1429124709527498,0.1429124709527498,0.0357402248604301,0.2053571428571428,0.2053571428571428,0.1018263702372401,86.32697176933289
0.14,32,label_propagation,{'seed': 2},0.1429124709527498,0.1429124709527498,0.0357402248604301,0.2053571428571428,0.2053571428571428,0.1018263702372401,86.32697176933289
0.03,321,louvain,{},0.8349681216282492,0.8349681216282492,0.8238782425767948,0.1478837327893931,0.1478837327893931,0.0690509398567462,26.97892427444458
0.03,321,dbscan,"{'eps': 0.9, 'min_samples': 2}",0.375183913683178,0.375183913683178,0.3781086694250353,0.1478837327893931,0.1478837327893931,0.0690509398567462,26.97892427444458
0.03,321,kmeans,{'n_clusters': 550},0.2854340362923001,0.2854340362923001,0.2440440237659015,0.1478837327893931,0.1478837327893931,0.0690509398567462,26.97892427444458
0.03,321,kmeans,{'n_clusters': 500},0.2717018146150073,0.2717018146150073,0.2239325030059882,0.1478837327893931,0.1478837327893931,0.0690509398567462,26.97892427444458
0.03,321,kmeans,{'n_clusters': 494},0.280039234919078,0.280039234919078,0.22861804888602,0.1478837327893931,0.1478837327893931,0.0690509398567462,26.97892427444458
0.03,321,kmeans,{'n_clusters': 450},0.2682687591956841,0.2682687591956841,0.2206462875269294,0.1478837327893931,0.1478837327893931,0.0690509398567462,26.97892427444458
0.03,321,kmeans,{'n_clusters': 400},0.2572339382050024,0.2572339382050024,0.2037205731430598,0.1478837327893931,0.1478837327893931,0.0690509398567462,26.97892427444458
0.03,321,kmeans,{'n_clusters': 350},0.2509808729769495,0.2509808729769495,0.191437255046644,0.1478837327893931,0.1478837327893931,0.0690509398567462,26.97892427444458
0.03,321,kmeans,{'n_clusters': 300},0.2422756253065228,0.2422756253065228,0.1792967121638304,0.1478837327893931,0.1478837327893931,0.0690509398567462,26.97892427444458
0.03,321,kmeans,{'n_clusters': 250},0.2338155958803335,0.2338155958803335,0.1681313643967276,0.1478837327893931,0.1478837327893931,0.0690509398567462,26.97892427444458
0.03,321,kmeans,{'n_clusters': 200},0.2238842569887199,0.2238842569887199,0.1504723446568766,0.1478837327893931,0.1478837327893931,0.0690509398567462,26.97892427444458
0.03,321,label_propagation,{'seed': 0},0.8489455615497793,0.8489455615497793,0.8393666651396373,0.1478837327893931,0.1478837327893931,0.0690509398567462,26.97892427444458
0.03,321,label_propagation,{'seed': 1},0.8498038254046101,0.8498038254046101,0.8394950162159613,0.1478837327893931,0.1478837327893931,0.0690509398567462,26.97892427444458
0.03,321,label_propagation,{'seed': 2},0.8498038254046101,0.8498038254046101,0.8395314833748302,0.1478837327893931,0.1478837327893931,0.0690509398567462,26.97892427444458
0.03,3,louvain,{},0.9204946996466432,0.9204946996466432,0.9034318149456396,0.31,0.31,0.1678928247048138,1.437730312347412
0.03,3,dbscan,"{'eps': 0.9, 'min_samples': 2}",0.3666077738515901,0.3666077738515901,0.2742195450655993,0.31,0.31,0.1678928247048138,1.437730312347412
0.03,3,kmeans,{'n_clusters': 250},0.5618374558303887,0.5618374558303887,0.5024521685023766,0.31,0.31,0.1678928247048138,1.437730312347412
0.03,3,kmeans,{'n_clusters': 200},0.5053003533568905,0.5053003533568905,0.4494794907130359,0.31,0.31,0.1678928247048138,1.437730312347412
0.03,3,kmeans,{'n_clusters': 199},0.4991166077738516,0.4991166077738516,0.4392543317330048,0.31,0.31,0.1678928247048138,1.437730312347412
0.03,3,kmeans,{'n_clusters': 190},0.5,0.5,0.4373240573608348,0.31,0.31,0.1678928247048138,1.437730312347412
0.03,3,kmeans,{'n_clusters': 180},0.4796819787985866,0.4796819787985866,0.4227292863380057,0.31,0.31,0.1678928247048138,1.437730312347412
0.03,3,kmeans,{'n_clusters': 170},0.4823321554770318,0.4823321554770318,0.4200872241179158,0.31,0.31,0.1678928247048138,1.437730312347412
0.03,3,kmeans,{'n_clusters': 160},0.465547703180212,0.465547703180212,0.4024107220730877,0.31,0.31,0.1678928247048138,1.437730312347412
0.03,3,kmeans,{'n_clusters': 150},0.4469964664310954,0.4469964664310954,0.3795736795155808,0.31,0.31,0.1678928247048138,1.437730312347412
0.03,3,kmeans,{'n_clusters': 140},0.4337455830388692,0.4337455830388692,0.3665667553307237,0.31,0.31,0.1678928247048138,1.437730312347412
0.03,3,kmeans,{'n_clusters': 130},0.4204946996466431,0.4204946996466431,0.3566673243587931,0.31,0.31,0.1678928247048138,1.437730312347412
0.03,3,kmeans,{'n_clusters': 120},0.4010600706713781,0.4010600706713781,0.3324540563569592,0.31,0.31,0.1678928247048138,1.437730312347412
0.03,3,kmeans,{'n_clusters': 110},0.4037102473498233,0.4037102473498233,0.3258570995887269,0.31,0.31,0.1678928247048138,1.437730312347412
0.03,3,kmeans,{'n_clusters': 100},0.3886925795053003,0.3886925795053003,0.3220479221953783,0.31,0.31,0.1678928247048138,1.437730312347412
0.03,3,label_propagation,{'seed': 0},0.9204946996466432,0.9204946996466432,0.9034318149456396,0.31,0.31,0.1678928247048138,1.437730312347412
0.03,3,label_propagation,{'seed': 1},0.9204946996466432,0.9204946996466432,0.9034318149456396,0.31,0.31,0.1678928247048138,1.437730312347412
0.03,3,label_propagation,{'seed': 2},0.9204946996466432,0.9204946996466432,0.9034318149456396,0.31,0.31,0.1678928247048138,1.437730312347412
0.03,32,louvain,{},0.8496732026143791,0.8496732026143791,0.8277374578036647,0.2128637059724349,0.2128637059724349,0.1149086304431806,5.0636608600616455
0.03,32,dbscan,"{'eps': 0.9, 'min_samples': 2}",0.2864282968089196,0.2864282968089196,0.2415978713781197,0.2128637059724349,0.2128637059724349,0.1149086304431806,5.0636608600616455
0.03,32,kmeans,{'n_clusters': 500},0.4133025759323337,0.4133025759323337,0.3669878732004354,0.2128637059724349,0.2128637059724349,0.1149086304431806,5.0636608600616455
0.03,32,kmeans,{'n_clusters': 450},0.3825451749327181,0.3825451749327181,0.3347611304769051,0.2128637059724349,0.2128637059724349,0.1149086304431806,5.0636608600616455
0.03,32,kmeans,{'n_clusters': 411},0.3583237216455209,0.3583237216455209,0.317078930156,0.2128637059724349,0.2128637059724349,0.1149086304431806,5.0636608600616455
0.03,32,kmeans,{'n_clusters': 400},0.3394848135332564,0.3394848135332564,0.2991690827754206,0.2128637059724349,0.2128637059724349,0.1149086304431806,5.0636608600616455
0.03,32,kmeans,{'n_clusters': 350},0.3187235678585159,0.3187235678585159,0.2779837032876337,0.2128637059724349,0.2128637059724349,0.1149086304431806,5.0636608600616455
0.03,32,kmeans,{'n_clusters': 300},0.2798923490965013,0.2798923490965013,0.237528768103708,0.2128637059724349,0.2128637059724349,0.1149086304431806,5.0636608600616455
0.03,32,kmeans,{'n_clusters': 250},0.2745098039215686,0.2745098039215686,0.2217971983425328,0.2128637059724349,0.2128637059724349,0.1149086304431806,5.0636608600616455
0.03,32,kmeans,{'n_clusters': 200},0.2414455978469819,0.2414455978469819,0.185424876007629,0.2128637059724349,0.2128637059724349,0.1149086304431806,5.0636608600616455
0.03,32,label_propagation,{'seed': 0},0.8527489427143407,0.8527489427143407,0.8315079407479635,0.2128637059724349,0.2128637059724349,0.1149086304431806,5.0636608600616455
0.03,32,label_propagation,{'seed': 1},0.8527489427143407,0.8527489427143407,0.8315079407479635,0.2128637059724349,0.2128637059724349,0.1149086304431806,5.0636608600616455
0.03,32,label_propagation,{'seed': 2},0.8527489427143407,0.8527489427143407,0.8315079407479635,0.2128637059724349,0.2128637059724349,0.1149086304431806,5.0636608600616455
0.13,321,louvain,{},0.200024542888698,0.200024542888698,0.0987693442672439,0.2027439024390244,0.2027439024390244,0.0999405686014176,903.4334518909454
0.13,321,dbscan,"{'eps': 0.9, 'min_samples': 2}",0.1409988955700085,0.1409988955700085,0.0348478664250247,0.2027439024390244,0.2027439024390244,0.0999405686014176,903.4334518909454
0.13,321,kmeans,{'n_clusters': 550},0.3752607681924162,0.3752607681924162,0.330067603609251,0.2027439024390244,0.2027439024390244,0.0999405686014176,903.4334518909454
0.13,321,kmeans,{'n_clusters': 500},0.3609031783040864,0.3609031783040864,0.3101227760621425,0.2027439024390244,0.2027439024390244,0.0999405686014176,903.4334518909454
0.13,321,kmeans,{'n_clusters': 494},0.3621303227389864,0.3621303227389864,0.3107924764530261,0.2027439024390244,0.2027439024390244,0.0999405686014176,903.4334518909454
0.13,321,kmeans,{'n_clusters': 450},0.3470364461897165,0.3470364461897165,0.2982696169615865,0.2027439024390244,0.2027439024390244,0.0999405686014176,903.4334518909454
0.13,321,kmeans,{'n_clusters': 400},0.3361148607191066,0.3361148607191066,0.2797251105562167,0.2027439024390244,0.2027439024390244,0.0999405686014176,903.4334518909454
0.13,321,kmeans,{'n_clusters': 350},0.3194256964044668,0.3194256964044668,0.2617730215259842,0.2027439024390244,0.2027439024390244,0.0999405686014176,903.4334518909454
0.13,321,kmeans,{'n_clusters': 300},0.3051908209596269,0.3051908209596269,0.2438070535286379,0.2027439024390244,0.2027439024390244,0.0999405686014176,903.4334518909454
0.13,321,kmeans,{'n_clusters': 250},0.295373665480427,0.295373665480427,0.2363298611485474,0.2027439024390244,0.2027439024390244,0.0999405686014176,903.4334518909454
0.13,321,kmeans,{'n_clusters': 200},0.2745122100871272,0.2745122100871272,0.205546370751517,0.2027439024390244,0.2027439024390244,0.0999405686014176,903.4334518909454
0.13,321,label_propagation,{'seed': 0},0.1409988955700085,0.1409988955700085,0.0348478664250247,0.2027439024390244,0.2027439024390244,0.0999405686014176,903.4334518909454
0.13,321,label_propagation,{'seed': 1},0.1409988955700085,0.1409988955700085,0.0348478664250247,0.2027439024390244,0.2027439024390244,0.0999405686014176,903.4334518909454
0.13,321,label_propagation,{'seed': 2},0.1409988955700085,0.1409988955700085,0.0348478664250247,0.2027439024390244,0.2027439024390244,0.0999405686014176,903.4334518909454
0.13,3,louvain,{},0.2756467439785905,0.2756467439785905,0.1719229257697558,0.3247588424437299,0.3247588424437299,0.2200546226448887,15.88042140007019
0.13,3,dbscan,"{'eps': 0.9, 'min_samples': 2}",0.2667261373773416,0.2667261373773416,0.112325514191303,0.3247588424437299,0.3247588424437299,0.2200546226448887,15.88042140007019
0.13,3,kmeans,{'n_clusters': 250},0.5530776092774309,0.5530776092774309,0.4981760831689639,0.3247588424437299,0.3247588424437299,0.2200546226448887,15.88042140007019
0.13,3,kmeans,{'n_clusters': 200},0.5102586975914363,0.5102586975914363,0.4413397538213282,0.3247588424437299,0.3247588424437299,0.2200546226448887,15.88042140007019
0.13,3,kmeans,{'n_clusters': 199},0.5138269402319358,0.5138269402319358,0.4545056265289288,0.3247588424437299,0.3247588424437299,0.2200546226448887,15.88042140007019
0.13,3,kmeans,{'n_clusters': 190},0.512042818911686,0.512042818911686,0.4522013938831016,0.3247588424437299,0.3247588424437299,0.2200546226448887,15.88042140007019
0.13,3,kmeans,{'n_clusters': 180},0.4995539696699375,0.4995539696699375,0.4411220951012677,0.3247588424437299,0.3247588424437299,0.2200546226448887,15.88042140007019
0.13,3,kmeans,{'n_clusters': 170},0.4763603925066904,0.4763603925066904,0.4156820712243304,0.3247588424437299,0.3247588424437299,0.2200546226448887,15.88042140007019
0.13,3,kmeans,{'n_clusters': 160},0.4781445138269402,0.4781445138269402,0.4114314863845844,0.3247588424437299,0.3247588424437299,0.2200546226448887,15.88042140007019
0.13,3,kmeans,{'n_clusters': 150},0.4656556645851918,0.4656556645851918,0.400588223462375,0.3247588424437299,0.3247588424437299,0.2200546226448887,15.88042140007019
0.13,3,kmeans,{'n_clusters': 140},0.4603033006244424,0.4603033006244424,0.3986867961375406,0.3247588424437299,0.3247588424437299,0.2200546226448887,15.88042140007019
0.13,3,kmeans,{'n_clusters': 130},0.4380017841213202,0.4380017841213202,0.3660650871407077,0.3247588424437299,0.3247588424437299,0.2200546226448887,15.88042140007019
0.13,3,kmeans,{'n_clusters': 120},0.4281891168599465,0.4281891168599465,0.3514442661102679,0.3247588424437299,0.3247588424437299,0.2200546226448887,15.88042140007019
0.13,3,kmeans,{'n_clusters': 110},0.407671721677074,0.407671721677074,0.3289021956602185,0.3247588424437299,0.3247588424437299,0.2200546226448887,15.88042140007019
0.13,3,kmeans,{'n_clusters': 100},0.3969669937555753,0.3969669937555753,0.3191142754722235,0.3247588424437299,0.3247588424437299,0.2200546226448887,15.88042140007019
0.13,3,label_propagation,{'seed': 0},0.2667261373773416,0.2667261373773416,0.112325514191303,0.3247588424437299,0.3247588424437299,0.2200546226448887,15.88042140007019
0.13,3,label_propagation,{'seed': 1},0.2667261373773416,0.2667261373773416,0.112325514191303,0.3247588424437299,0.3247588424437299,0.2200546226448887,15.88042140007019
0.13,3,label_propagation,{'seed': 2},0.2667261373773416,0.2667261373773416,0.112325514191303,0.3247588424437299,0.3247588424437299,0.2200546226448887,15.88042140007019
0.13,32,louvain,{},0.1558095238095238,0.1558095238095238,0.0787287614742233,0.1860095389507154,0.1860095389507154,0.0876920558360252,60.27091217041016
0.13,32,dbscan,"{'eps': 0.9, 'min_samples': 2}",0.1428571428571428,0.1428571428571428,0.0357142857142857,0.1860095389507154,0.1860095389507154,0.0876920558360252,60.27091217041016
0.13,32,kmeans,{'n_clusters': 500},0.4388571428571428,0.4388571428571428,0.3838638576680558,0.1860095389507154,0.1860095389507154,0.0876920558360252,60.27091217041016
0.13,32,kmeans,{'n_clusters': 450},0.4220952380952381,0.4220952380952381,0.3633802034435329,0.1860095389507154,0.1860095389507154,0.0876920558360252,60.27091217041016
0.13,32,kmeans,{'n_clusters': 411},0.4083809523809524,0.4083809523809524,0.348626070937586,0.1860095389507154,0.1860095389507154,0.0876920558360252,60.27091217041016
0.13,32,kmeans,{'n_clusters': 400},0.3988571428571428,0.3988571428571428,0.336865130175247,0.1860095389507154,0.1860095389507154,0.0876920558360252,60.27091217041016
0.13,32,kmeans,{'n_clusters': 350},0.379047619047619,0.379047619047619,0.3172134111856943,0.1860095389507154,0.1860095389507154,0.0876920558360252,60.27091217041016
0.13,32,kmeans,{'n_clusters': 300},0.347047619047619,0.347047619047619,0.2791964720084962,0.1860095389507154,0.1860095389507154,0.0876920558360252,60.27091217041016
0.13,32,kmeans,{'n_clusters': 250},0.3249523809523809,0.3249523809523809,0.2547123028335714,0.1860095389507154,0.1860095389507154,0.0876920558360252,60.27091217041016
0.13,32,kmeans,{'n_clusters': 200},0.2982857142857142,0.2982857142857142,0.2234228276697761,0.1860095389507154,0.1860095389507154,0.0876920558360252,60.27091217041016
0.13,32,label_propagation,{'seed': 0},0.1428571428571428,0.1428571428571428,0.0357142857142857,0.1860095389507154,0.1860095389507154,0.0876920558360252,60.27091217041016
0.13,32,label_propagation,{'seed': 1},0.1428571428571428,0.1428571428571428,0.0357142857142857,0.1860095389507154,0.1860095389507154,0.0876920558360252,60.27091217041016
0.13,32,label_propagation,{'seed': 2},0.1428571428571428,0.1428571428571428,0.0357142857142857,0.1860095389507154,0.1860095389507154,0.0876920558360252,60.27091217041016
0.11,321,louvain,{},0.166833792930559,0.166833792930559,0.0759793336076846,0.2837774661056568,0.2837774661056568,0.1841787855523894,281.393162727356
0.11,321,dbscan,"{'eps': 0.9, 'min_samples': 2}",0.1060416144397092,0.1060416144397092,0.0203334555339968,0.2837774661056568,0.2837774661056568,0.1841787855523894,281.393162727356
0.11,321,kmeans,{'n_clusters': 550},0.3528453246427676,0.3528453246427676,0.3037350743047468,0.2837774661056568,0.2837774661056568,0.1841787855523894,281.393162727356
0.11,321,kmeans,{'n_clusters': 500},0.3388067184758084,0.3388067184758084,0.2884263047554494,0.2837774661056568,0.2837774661056568,0.1841787855523894,281.393162727356
0.11,321,kmeans,{'n_clusters': 494},0.3457006768613687,0.3457006768613687,0.2882052518673841,0.2837774661056568,0.2837774661056568,0.1841787855523894,281.393162727356
0.11,321,kmeans,{'n_clusters': 450},0.3284031085485084,0.3284031085485084,0.2736427380843321,0.2837774661056568,0.2837774661056568,0.1841787855523894,281.393162727356
0.11,321,kmeans,{'n_clusters': 400},0.3215091501629481,0.3215091501629481,0.2594051146391184,0.2837774661056568,0.2837774661056568,0.1841787855523894,281.393162727356
0.11,321,kmeans,{'n_clusters': 350},0.3033341689646528,0.3033341689646528,0.246016998580338,0.2837774661056568,0.2837774661056568,0.1841787855523894,281.393162727356
0.11,321,kmeans,{'n_clusters': 300},0.281774880922537,0.281774880922537,0.2184805151443845,0.2837774661056568,0.2837774661056568,0.1841787855523894,281.393162727356
0.11,321,kmeans,{'n_clusters': 250},0.2714966156931562,0.2714966156931562,0.2072404449283653,0.2837774661056568,0.2837774661056568,0.1841787855523894,281.393162727356
0.11,321,kmeans,{'n_clusters': 200},0.2469290549009777,0.2469290549009777,0.1828589215299554,0.2837774661056568,0.2837774661056568,0.1841787855523894,281.393162727356
0.11,321,label_propagation,{'seed': 0},0.1060416144397092,0.1060416144397092,0.0203334555339968,0.2837774661056568,0.2837774661056568,0.1841787855523894,281.393162727356
0.11,321,label_propagation,{'seed': 1},0.1060416144397092,0.1060416144397092,0.0203334555339968,0.2837774661056568,0.2837774661056568,0.1841787855523894,281.393162727356
0.11,321,label_propagation,{'seed': 2},0.1060416144397092,0.1060416144397092,0.0203334555339968,0.2837774661056568,0.2837774661056568,0.1841787855523894,281.393162727356
0.11,3,louvain,{},0.3235555555555555,0.3235555555555555,0.2141407792154486,0.3224755700325732,0.3224755700325732,0.199969962903475,11.952653884887695
0.11,3,dbscan,"{'eps': 0.9, 'min_samples': 2}",0.272,0.272,0.1250853249060355,0.3224755700325732,0.3224755700325732,0.199969962903475,11.952653884887695
0.11,3,kmeans,{'n_clusters': 250},0.5573333333333333,0.5573333333333333,0.5051012074323858,0.3224755700325732,0.3224755700325732,0.199969962903475,11.952653884887695
0.11,3,kmeans,{'n_clusters': 200},0.5173333333333333,0.5173333333333333,0.4526793896473916,0.3224755700325732,0.3224755700325732,0.199969962903475,11.952653884887695
0.11,3,kmeans,{'n_clusters': 199},0.5164444444444445,0.5164444444444445,0.4566360060760474,0.3224755700325732,0.3224755700325732,0.199969962903475,11.952653884887695
0.11,3,kmeans,{'n_clusters': 190},0.5164444444444445,0.5164444444444445,0.4536098663063408,0.3224755700325732,0.3224755700325732,0.199969962903475,11.952653884887695
0.11,3,kmeans,{'n_clusters': 180},0.4968888888888889,0.4968888888888889,0.4301699826112864,0.3224755700325732,0.3224755700325732,0.199969962903475,11.952653884887695
0.11,3,kmeans,{'n_clusters': 170},0.4906666666666666,0.4906666666666666,0.4222664642893733,0.3224755700325732,0.3224755700325732,0.199969962903475,11.952653884887695
0.11,3,kmeans,{'n_clusters': 160},0.4755555555555555,0.4755555555555555,0.3985727859294845,0.3224755700325732,0.3224755700325732,0.199969962903475,11.952653884887695
0.11,3,kmeans,{'n_clusters': 150},0.4444444444444444,0.4444444444444444,0.3845346754622986,0.3224755700325732,0.3224755700325732,0.199969962903475,11.952653884887695
0.11,3,kmeans,{'n_clusters': 140},0.456,0.456,0.3836610793376343,0.3224755700325732,0.3224755700325732,0.199969962903475,11.952653884887695
0.11,3,kmeans,{'n_clusters': 130},0.4622222222222222,0.4622222222222222,0.3926873029254987,0.3224755700325732,0.3224755700325732,0.199969962903475,11.952653884887695
0.11,3,kmeans,{'n_clusters': 120},0.4168888888888888,0.4168888888888888,0.3266198384010781,0.3224755700325732,0.3224755700325732,0.199969962903475,11.952653884887695
0.11,3,kmeans,{'n_clusters': 110},0.416,0.416,0.3419118893917514,0.3224755700325732,0.3224755700325732,0.199969962903475,11.952653884887695
0.11,3,kmeans,{'n_clusters': 100},0.3831111111111111,0.3831111111111111,0.3056573716791927,0.3224755700325732,0.3224755700325732,0.199969962903475,11.952653884887695
0.11,3,label_propagation,{'seed': 0},0.2862222222222222,0.2862222222222222,0.1449835817452951,0.3224755700325732,0.3224755700325732,0.199969962903475,11.952653884887695
0.11,3,label_propagation,{'seed': 1},0.3217777777777778,0.3217777777777778,0.216066882835918,0.3224755700325732,0.3224755700325732,0.199969962903475,11.952653884887695
0.11,3,label_propagation,{'seed': 2},0.3226666666666666,0.3226666666666666,0.2185488446136717,0.3224755700325732,0.3224755700325732,0.199969962903475,11.952653884887695
0.11,32,louvain,{},0.1792843691148775,0.1792843691148775,0.0887486248469319,0.1736227045075125,0.1736227045075125,0.0723197637027462,26.913994312286377
0.11,32,dbscan,"{'eps': 0.9, 'min_samples': 2}",0.1450094161958568,0.1450094161958568,0.0375385722751204,0.1736227045075125,0.1736227045075125,0.0723197637027462,26.913994312286377
0.11,32,kmeans,{'n_clusters': 500},0.4598870056497175,0.4598870056497175,0.4092424389535044,0.1736227045075125,0.1736227045075125,0.0723197637027462,26.913994312286377
0.11,32,kmeans,{'n_clusters': 450},0.431638418079096,0.431638418079096,0.3742444003971389,0.1736227045075125,0.1736227045075125,0.0723197637027462,26.913994312286377
0.11,32,kmeans,{'n_clusters': 411},0.4037664783427495,0.4037664783427495,0.3494573157142521,0.1736227045075125,0.1736227045075125,0.0723197637027462,26.913994312286377
0.11,32,kmeans,{'n_clusters': 400},0.4150659133709981,0.4150659133709981,0.3594630278497899,0.1736227045075125,0.1736227045075125,0.0723197637027462,26.913994312286377
0.11,32,kmeans,{'n_clusters': 350},0.3789077212806026,0.3789077212806026,0.3147377391217535,0.1736227045075125,0.1736227045075125,0.0723197637027462,26.913994312286377
0.11,32,kmeans,{'n_clusters': 300},0.3687382297551789,0.3687382297551789,0.3066621211580484,0.1736227045075125,0.1736227045075125,0.0723197637027462,26.913994312286377
0.11,32,kmeans,{'n_clusters': 250},0.3348399246704331,0.3348399246704331,0.2660396056769056,0.1736227045075125,0.1736227045075125,0.0723197637027462,26.913994312286377
0.11,32,kmeans,{'n_clusters': 200},0.3096045197740113,0.3096045197740113,0.2434333336920991,0.1736227045075125,0.1736227045075125,0.0723197637027462,26.913994312286377
0.11,32,label_propagation,{'seed': 0},0.1453860640301318,0.1453860640301318,0.0383895002446924,0.1736227045075125,0.1736227045075125,0.0723197637027462,26.913994312286377
0.11,32,label_propagation,{'seed': 1},0.1453860640301318,0.1453860640301318,0.0383895002446924,0.1736227045075125,0.1736227045075125,0.0723197637027462,26.913994312286377
0.11,32,label_propagation,{'seed': 2},0.1453860640301318,0.1453860640301318,0.0383895002446924,0.1736227045075125,0.1736227045075125,0.0723197637027462,26.913994312286377
0.08,321,louvain,{},0.1883490073145245,0.1883490073145245,0.1127657489617317,0.3600162535554652,0.3600162535554652,0.2504568291425402,65.50084495544434
0.08,321,dbscan,"{'eps': 0.9, 'min_samples': 2}",0.0899947753396029,0.0899947753396029,0.0193953864694314,0.3600162535554652,0.3600162535554652,0.2504568291425402,65.50084495544434
0.08,321,kmeans,{'n_clusters': 550},0.3262800417972831,0.3262800417972831,0.2764772605114678,0.3600162535554652,0.3600162535554652,0.2504568291425402,65.50084495544434
0.08,321,kmeans,{'n_clusters': 500},0.3130877742946708,0.3130877742946708,0.2623167474469126,0.3600162535554652,0.3600162535554652,0.2504568291425402,65.50084495544434
0.08,321,kmeans,{'n_clusters': 494},0.3137408568443051,0.3137408568443051,0.2625688738038991,0.3600162535554652,0.3600162535554652,0.2504568291425402,65.50084495544434
0.08,321,kmeans,{'n_clusters': 450},0.3009404388714733,0.3009404388714733,0.2532940607045856,0.3600162535554652,0.3600162535554652,0.2504568291425402,65.50084495544434
0.08,321,kmeans,{'n_clusters': 400},0.2872257053291536,0.2872257053291536,0.2312306066933676,0.3600162535554652,0.3600162535554652,0.2504568291425402,65.50084495544434
0.08,321,kmeans,{'n_clusters': 350},0.273380355276907,0.273380355276907,0.2203677011251059,0.3600162535554652,0.3600162535554652,0.2504568291425402,65.50084495544434
0.08,321,kmeans,{'n_clusters': 300},0.2609717868338558,0.2609717868338558,0.1993278845426728,0.3600162535554652,0.3600162535554652,0.2504568291425402,65.50084495544434
0.08,321,kmeans,{'n_clusters': 250},0.2365464994775339,0.2365464994775339,0.1816475720138542,0.3600162535554652,0.3600162535554652,0.2504568291425402,65.50084495544434
0.08,321,kmeans,{'n_clusters': 200},0.222962382445141,0.222962382445141,0.1602303954710706,0.3600162535554652,0.3600162535554652,0.2504568291425402,65.50084495544434
0.08,321,label_propagation,{'seed': 0},0.2106844305120167,0.2106844305120167,0.1513282491301885,0.3600162535554652,0.3600162535554652,0.2504568291425402,65.50084495544434
0.08,321,label_propagation,{'seed': 1},0.1576541274817137,0.1576541274817137,0.108211864755349,0.3600162535554652,0.3600162535554652,0.2504568291425402,65.50084495544434
0.08,321,label_propagation,{'seed': 2},0.155564263322884,0.155564263322884,0.108466888292118,0.3600162535554652,0.3600162535554652,0.2504568291425402,65.50084495544434
0.08,3,louvain,{},0.4754944110060189,0.4754944110060189,0.4234016092948079,0.3382899628252788,0.3382899628252788,0.20915849443149,3.05403733253479
0.08,3,dbscan,"{'eps': 0.9, 'min_samples': 2}",0.3043852106620808,0.3043852106620808,0.1752159148817547,0.3382899628252788,0.3382899628252788,0.20915849443149,3.05403733253479
0.08,3,kmeans,{'n_clusters': 250},0.5253654342218401,0.5253654342218401,0.4727541358569418,0.3382899628252788,0.3382899628252788,0.20915849443149,3.05403733253479
0.08,3,kmeans,{'n_clusters': 200},0.4875322441960447,0.4875322441960447,0.4251952999097654,0.3382899628252788,0.3382899628252788,0.20915849443149,3.05403733253479
0.08,3,kmeans,{'n_clusters': 199},0.4772141014617369,0.4772141014617369,0.4241962984344822,0.3382899628252788,0.3382899628252788,0.20915849443149,3.05403733253479
0.08,3,kmeans,{'n_clusters': 190},0.4660361134995701,0.4660361134995701,0.4032157067202278,0.3382899628252788,0.3382899628252788,0.20915849443149,3.05403733253479
0.08,3,kmeans,{'n_clusters': 180},0.4617368873602751,0.4617368873602751,0.3919041600395975,0.3382899628252788,0.3382899628252788,0.20915849443149,3.05403733253479
0.08,3,kmeans,{'n_clusters': 170},0.4557179707652622,0.4557179707652622,0.3920255872860778,0.3382899628252788,0.3382899628252788,0.20915849443149,3.05403733253479
0.08,3,kmeans,{'n_clusters': 160},0.4531384350816853,0.4531384350816853,0.3850329497607489,0.3382899628252788,0.3382899628252788,0.20915849443149,3.05403733253479
0.08,3,kmeans,{'n_clusters': 150},0.4273430782459157,0.4273430782459157,0.3621867924875736,0.3382899628252788,0.3382899628252788,0.20915849443149,3.05403733253479
0.08,3,kmeans,{'n_clusters': 140},0.4290627687016337,0.4290627687016337,0.3579025251537213,0.3382899628252788,0.3382899628252788,0.20915849443149,3.05403733253479
0.08,3,kmeans,{'n_clusters': 130},0.4178847807394669,0.4178847807394669,0.3449826884687884,0.3382899628252788,0.3382899628252788,0.20915849443149,3.05403733253479
0.08,3,kmeans,{'n_clusters': 120},0.4144453998280309,0.4144453998280309,0.3305531497819596,0.3382899628252788,0.3382899628252788,0.20915849443149,3.05403733253479
0.08,3,kmeans,{'n_clusters': 110},0.3869303525365434,0.3869303525365434,0.3070495988808573,0.3382899628252788,0.3382899628252788,0.20915849443149,3.05403733253479
0.08,3,kmeans,{'n_clusters': 100},0.3791917454858126,0.3791917454858126,0.2910967417565064,0.3382899628252788,0.3382899628252788,0.20915849443149,3.05403733253479
0.08,3,label_propagation,{'seed': 0},0.4883920894239037,0.4883920894239037,0.4449266758262543,0.3382899628252788,0.3382899628252788,0.20915849443149,3.05403733253479
0.08,3,label_propagation,{'seed': 1},0.5038693035253654,0.5038693035253654,0.4550861479938464,0.3382899628252788,0.3382899628252788,0.20915849443149,3.05403733253479
0.08,3,label_propagation,{'seed': 2},0.5038693035253654,0.5038693035253654,0.4550052274846773,0.3382899628252788,0.3382899628252788,0.20915849443149,3.05403733253479
0.08,32,louvain,{},0.2474668745128604,0.2474668745128604,0.179135388570648,0.188953488372093,0.188953488372093,0.1024650676165642,10.11069631576538
0.08,32,dbscan,"{'eps': 0.9, 'min_samples': 2}",0.1648480124707716,0.1648480124707716,0.0557593087755868,0.188953488372093,0.188953488372093,0.1024650676165642,10.11069631576538
0.08,32,kmeans,{'n_clusters': 500},0.4294621979734996,0.4294621979734996,0.3761409079982775,0.188953488372093,0.188953488372093,0.1024650676165642,10.11069631576538
0.08,32,kmeans,{'n_clusters': 450},0.4162120031176929,0.4162120031176929,0.3589727775750794,0.188953488372093,0.188953488372093,0.1024650676165642,10.11069631576538
0.08,32,kmeans,{'n_clusters': 411},0.3959469992205768,0.3959469992205768,0.3334771173991883,0.188953488372093,0.188953488372093,0.1024650676165642,10.11069631576538
0.08,32,kmeans,{'n_clusters': 400},0.3854247856586126,0.3854247856586126,0.3229742727918014,0.188953488372093,0.188953488372093,0.1024650676165642,10.11069631576538
0.08,32,kmeans,{'n_clusters': 350},0.3659392049883087,0.3659392049883087,0.3007815848756819,0.188953488372093,0.188953488372093,0.1024650676165642,10.11069631576538
0.08,32,kmeans,{'n_clusters': 300},0.3398285268901013,0.3398285268901013,0.2698904567306766,0.188953488372093,0.188953488372093,0.1024650676165642,10.11069631576538
0.08,32,kmeans,{'n_clusters': 250},0.3180046765393609,0.3180046765393609,0.2441577493108622,0.188953488372093,0.188953488372093,0.1024650676165642,10.11069631576538
0.08,32,kmeans,{'n_clusters': 200},0.2918939984411535,0.2918939984411535,0.2206549238611187,0.188953488372093,0.188953488372093,0.1024650676165642,10.11069631576538
0.08,32,label_propagation,{'seed': 0},0.2739672642244738,0.2739672642244738,0.2089586530098901,0.188953488372093,0.188953488372093,0.1024650676165642,10.11069631576538
0.08,32,label_propagation,{'seed': 1},0.2821512081060016,0.2821512081060016,0.2167420113840183,0.188953488372093,0.188953488372093,0.1024650676165642,10.11069631576538
0.08,32,label_propagation,{'seed': 2},0.2848791893998441,0.2848791893998441,0.2216944833438247,0.188953488372093,0.188953488372093,0.1024650676165642,10.11069631576538
0.04,321,louvain,{},0.6661883642055831,0.6661883642055831,0.6535485501030704,0.3043655650754794,0.3043655650754794,0.1903554304273187,30.4628221988678
0.04,321,dbscan,"{'eps': 0.9, 'min_samples': 2}",0.2859379076441429,0.2859379076441429,0.2519458196654368,0.3043655650754794,0.3043655650754794,0.1903554304273187,30.4628221988678
0.04,321,kmeans,{'n_clusters': 550},0.2851552308896425,0.2851552308896425,0.2572500105320709,0.3043655650754794,0.3043655650754794,0.1903554304273187,30.4628221988678
0.04,321,kmeans,{'n_clusters': 500},0.2758935559613879,0.2758935559613879,0.2421398318685618,0.3043655650754794,0.3043655650754794,0.1903554304273187,30.4628221988678
0.04,321,kmeans,{'n_clusters': 494},0.274067310200887,0.274067310200887,0.2362229346003171,0.3043655650754794,0.3043655650754794,0.1903554304273187,30.4628221988678
0.04,321,kmeans,{'n_clusters': 450},0.2672841116618836,0.2672841116618836,0.22873651090151,0.3043655650754794,0.3043655650754794,0.1903554304273187,30.4628221988678
0.04,321,kmeans,{'n_clusters': 400},0.2586746673623793,0.2586746673623793,0.2195059119391916,0.3043655650754794,0.3043655650754794,0.1903554304273187,30.4628221988678
0.04,321,kmeans,{'n_clusters': 350},0.250065223062875,0.250065223062875,0.2076549133407557,0.3043655650754794,0.3043655650754794,0.1903554304273187,30.4628221988678
0.04,321,kmeans,{'n_clusters': 300},0.2384555178711192,0.2384555178711192,0.1924982372394274,0.3043655650754794,0.3043655650754794,0.1903554304273187,30.4628221988678
0.04,321,kmeans,{'n_clusters': 250},0.2243673362901121,0.2243673362901121,0.173831124176725,0.3043655650754794,0.3043655650754794,0.1903554304273187,30.4628221988678
0.04,321,kmeans,{'n_clusters': 200},0.2076702321941038,0.2076702321941038,0.154705795354039,0.3043655650754794,0.3043655650754794,0.1903554304273187,30.4628221988678
0.04,321,label_propagation,{'seed': 0},0.7149752152361075,0.7149752152361075,0.7006469815768804,0.3043655650754794,0.3043655650754794,0.1903554304273187,30.4628221988678
0.04,321,label_propagation,{'seed': 1},0.7162796764936081,0.7162796764936081,0.7007529196322752,0.3043655650754794,0.3043655650754794,0.1903554304273187,30.4628221988678
0.04,321,label_propagation,{'seed': 2},0.7136707539786068,0.7136707539786068,0.697879591318217,0.3043655650754794,0.3043655650754794,0.1903554304273187,30.4628221988678
0.04,3,louvain,{},0.8664292074799644,0.8664292074799644,0.8474001222023936,0.3009708737864077,0.3009708737864077,0.1783047834264112,1.59816575050354
0.04,3,dbscan,"{'eps': 0.9, 'min_samples': 2}",0.4060552092609082,0.4060552092609082,0.3200435526636484,0.3009708737864077,0.3009708737864077,0.1783047834264112,1.59816575050354
0.04,3,kmeans,{'n_clusters': 250},0.5405164737310775,0.5405164737310775,0.4742192362543746,0.3009708737864077,0.3009708737864077,0.1783047834264112,1.59816575050354
0.04,3,kmeans,{'n_clusters': 200},0.4879786286731968,0.4879786286731968,0.4222892984843265,0.3009708737864077,0.3009708737864077,0.1783047834264112,1.59816575050354
0.04,3,kmeans,{'n_clusters': 199},0.4861976847729296,0.4861976847729296,0.4301341361277037,0.3009708737864077,0.3009708737864077,0.1783047834264112,1.59816575050354
0.04,3,kmeans,{'n_clusters': 190},0.4657168299198575,0.4657168299198575,0.4021546273235737,0.3009708737864077,0.3009708737864077,0.1783047834264112,1.59816575050354
0.04,3,kmeans,{'n_clusters': 180},0.4523597506678539,0.4523597506678539,0.3890910977010021,0.3009708737864077,0.3009708737864077,0.1783047834264112,1.59816575050354
0.04,3,kmeans,{'n_clusters': 170},0.4541406945681211,0.4541406945681211,0.3794241766126886,0.3009708737864077,0.3009708737864077,0.1783047834264112,1.59816575050354
0.04,3,kmeans,{'n_clusters': 160},0.4434550311665182,0.4434550311665182,0.3723501130839385,0.3009708737864077,0.3009708737864077,0.1783047834264112,1.59816575050354
0.04,3,kmeans,{'n_clusters': 150},0.4434550311665182,0.4434550311665182,0.3656724776014259,0.3009708737864077,0.3009708737864077,0.1783047834264112,1.59816575050354
0.04,3,kmeans,{'n_clusters': 140},0.4247551202137132,0.4247551202137132,0.3514615321672573,0.3009708737864077,0.3009708737864077,0.1783047834264112,1.59816575050354
0.04,3,kmeans,{'n_clusters': 130},0.4149599287622439,0.4149599287622439,0.3376647818208129,0.3009708737864077,0.3009708737864077,0.1783047834264112,1.59816575050354
0.04,3,kmeans,{'n_clusters': 120},0.4096170970614425,0.4096170970614425,0.3291092560662406,0.3009708737864077,0.3009708737864077,0.1783047834264112,1.59816575050354
0.04,3,kmeans,{'n_clusters': 110},0.3918076580587711,0.3918076580587711,0.3118734190925504,0.3009708737864077,0.3009708737864077,0.1783047834264112,1.59816575050354
0.04,3,kmeans,{'n_clusters': 100},0.3748886910062333,0.3748886910062333,0.2953785352605315,0.3009708737864077,0.3009708737864077,0.1783047834264112,1.59816575050354
0.04,3,label_propagation,{'seed': 0},0.8708815672306323,0.8708815672306323,0.8521731355928873,0.3009708737864077,0.3009708737864077,0.1783047834264112,1.59816575050354
0.04,3,label_propagation,{'seed': 1},0.8744434550311665,0.8744434550311665,0.855737965322373,0.3009708737864077,0.3009708737864077,0.1783047834264112,1.59816575050354
0.04,3,label_propagation,{'seed': 2},0.8744434550311665,0.8744434550311665,0.855737965322373,0.3009708737864077,0.3009708737864077,0.1783047834264112,1.59816575050354
0.04,32,louvain,{},0.7492401215805471,0.7492401215805471,0.7201245539314104,0.1897106109324758,0.1897106109324758,0.0974674408441552,5.610936164855957
0.04,32,dbscan,"{'eps': 0.9, 'min_samples': 2}",0.3259878419452887,0.3259878419452887,0.2650356475703748,0.1897106109324758,0.1897106109324758,0.0974674408441552,5.610936164855957
0.04,32,kmeans,{'n_clusters': 500},0.3943768996960486,0.3943768996960486,0.3721031351030753,0.1897106109324758,0.1897106109324758,0.0974674408441552,5.610936164855957
0.04,32,kmeans,{'n_clusters': 450},0.3693009118541033,0.3693009118541033,0.3379430516567069,0.1897106109324758,0.1897106109324758,0.0974674408441552,5.610936164855957
0.04,32,kmeans,{'n_clusters': 411},0.3609422492401216,0.3609422492401216,0.3344711190468886,0.1897106109324758,0.1897106109324758,0.0974674408441552,5.610936164855957
0.04,32,kmeans,{'n_clusters': 400},0.3533434650455927,0.3533434650455927,0.3265213387798042,0.1897106109324758,0.1897106109324758,0.0974674408441552,5.610936164855957
0.04,32,kmeans,{'n_clusters': 350},0.3290273556231003,0.3290273556231003,0.2946777281598137,0.1897106109324758,0.1897106109324758,0.0974674408441552,5.610936164855957
0.04,32,kmeans,{'n_clusters': 300},0.3111702127659574,0.3111702127659574,0.2770561234882937,0.1897106109324758,0.1897106109324758,0.0974674408441552,5.610936164855957
0.04,32,kmeans,{'n_clusters': 250},0.2819148936170212,0.2819148936170212,0.2321121002883645,0.1897106109324758,0.1897106109324758,0.0974674408441552,5.610936164855957
0.04,32,kmeans,{'n_clusters': 200},0.2591185410334346,0.2591185410334346,0.2024513842055226,0.1897106109324758,0.1897106109324758,0.0974674408441552,5.610936164855957
0.04,32,label_propagation,{'seed': 0},0.7678571428571429,0.7678571428571429,0.7372824452374506,0.1897106109324758,0.1897106109324758,0.0974674408441552,5.610936164855957
0.04,32,label_propagation,{'seed': 1},0.7693768996960486,0.7693768996960486,0.7396530834538244,0.1897106109324758,0.1897106109324758,0.0974674408441552,5.610936164855957
0.04,32,label_propagation,{'seed': 2},0.7686170212765957,0.7686170212765957,0.7382586988946616,0.1897106109324758,0.1897106109324758,0.0974674408441552,5.610936164855957
0.07,321,louvain,{},0.2752382101073453,0.2752382101073453,0.2009777479159674,0.1341730558598028,0.1341730558598028,0.0536185890439707,50.31628179550171
0.07,321,dbscan,"{'eps': 0.9, 'min_samples': 2}",0.1540224339645398,0.1540224339645398,0.0535888318991834,0.1341730558598028,0.1341730558598028,0.0536185890439707,50.31628179550171
0.07,321,kmeans,{'n_clusters': 550},0.3708840911832107,0.3708840911832107,0.3179904015200668,0.1341730558598028,0.1341730558598028,0.0536185890439707,50.31628179550171
0.07,321,kmeans,{'n_clusters': 500},0.3677481606561331,0.3677481606561331,0.3099188140893515,0.1341730558598028,0.1341730558598028,0.0536185890439707,50.31628179550171
0.07,321,kmeans,{'n_clusters': 494},0.3573754673742612,0.3573754673742612,0.2956806038741491,0.1341730558598028,0.1341730558598028,0.0536185890439707,50.31628179550171
0.07,321,kmeans,{'n_clusters': 450},0.3503799300446267,0.3503799300446267,0.2934087271466226,0.1341730558598028,0.1341730558598028,0.0536185890439707,50.31628179550171
0.07,321,kmeans,{'n_clusters': 400},0.3377155952237365,0.3377155952237365,0.2793856187105131,0.1341730558598028,0.1341730558598028,0.0536185890439707,50.31628179550171
0.07,321,kmeans,{'n_clusters': 350},0.3175732722228923,0.3175732722228923,0.2588230392929905,0.1341730558598028,0.1341730558598028,0.0536185890439707,50.31628179550171
0.07,321,kmeans,{'n_clusters': 300},0.3081654806416596,0.3081654806416596,0.2376447687429958,0.1341730558598028,0.1341730558598028,0.0536185890439707,50.31628179550171
0.07,321,kmeans,{'n_clusters': 250},0.3022554577252442,0.3022554577252442,0.2313878665208704,0.1341730558598028,0.1341730558598028,0.0536185890439707,50.31628179550171
0.07,321,kmeans,{'n_clusters': 200},0.2816306838740803,0.2816306838740803,0.2089630281757455,0.1341730558598028,0.1341730558598028,0.0536185890439707,50.31628179550171
0.07,321,label_propagation,{'seed': 0},0.334579664696659,0.334579664696659,0.2739636841623889,0.1341730558598028,0.1341730558598028,0.0536185890439707,50.31628179550171
0.07,321,label_propagation,{'seed': 1},0.3309612833192618,0.3309612833192618,0.2625666440016265,0.1341730558598028,0.1341730558598028,0.0536185890439707,50.31628179550171
0.07,321,label_propagation,{'seed': 2},0.306356289952961,0.306356289952961,0.2627233119999601,0.1341730558598028,0.1341730558598028,0.0536185890439707,50.31628179550171
0.07,3,louvain,{},0.5862068965517241,0.5862068965517241,0.5443332722324222,0.3521594684385382,0.3521594684385382,0.2163655921453857,2.6747820377349854
0.07,3,dbscan,"{'eps': 0.9, 'min_samples': 2}",0.3076923076923077,0.3076923076923077,0.1871764942831587,0.3521594684385382,0.3521594684385382,0.2163655921453857,2.6747820377349854
0.07,3,kmeans,{'n_clusters': 250},0.5428824049513705,0.5428824049513705,0.490112357594669,0.3521594684385382,0.3521594684385382,0.2163655921453857,2.6747820377349854
0.07,3,kmeans,{'n_clusters': 200},0.493368700265252,0.493368700265252,0.4245050841666861,0.3521594684385382,0.3521594684385382,0.2163655921453857,2.6747820377349854
0.07,3,kmeans,{'n_clusters': 199},0.4960212201591512,0.4960212201591512,0.4307581867246505,0.3521594684385382,0.3521594684385382,0.2163655921453857,2.6747820377349854
0.07,3,kmeans,{'n_clusters': 190},0.4871794871794871,0.4871794871794871,0.4258601741101164,0.3521594684385382,0.3521594684385382,0.2163655921453857,2.6747820377349854
0.07,3,kmeans,{'n_clusters': 180},0.4686118479221927,0.4686118479221927,0.4030145966842809,0.3521594684385382,0.3521594684385382,0.2163655921453857,2.6747820377349854
0.07,3,kmeans,{'n_clusters': 170},0.4597701149425287,0.4597701149425287,0.3933431041297368,0.3521594684385382,0.3521594684385382,0.2163655921453857,2.6747820377349854
0.07,3,kmeans,{'n_clusters': 160},0.4535809018567639,0.4535809018567639,0.3761442006417357,0.3521594684385382,0.3521594684385382,0.2163655921453857,2.6747820377349854
0.07,3,kmeans,{'n_clusters': 150},0.4465075154730327,0.4465075154730327,0.3724041680141666,0.3521594684385382,0.3521594684385382,0.2163655921453857,2.6747820377349854
0.07,3,kmeans,{'n_clusters': 140},0.4412024756852343,0.4412024756852343,0.3702947584131356,0.3521594684385382,0.3521594684385382,0.2163655921453857,2.6747820377349854
0.07,3,kmeans,{'n_clusters': 130},0.4155614500442087,0.4155614500442087,0.3416097260311943,0.3521594684385382,0.3521594684385382,0.2163655921453857,2.6747820377349854
0.07,3,kmeans,{'n_clusters': 120},0.4155614500442087,0.4155614500442087,0.3414633341259908,0.3521594684385382,0.3521594684385382,0.2163655921453857,2.6747820377349854
0.07,3,kmeans,{'n_clusters': 110},0.4040671971706454,0.4040671971706454,0.3331551528384114,0.3521594684385382,0.3521594684385382,0.2163655921453857,2.6747820377349854
0.07,3,kmeans,{'n_clusters': 100},0.3961096374889478,0.3961096374889478,0.3061001115201315,0.3521594684385382,0.3521594684385382,0.2163655921453857,2.6747820377349854
0.07,3,label_propagation,{'seed': 0},0.636604774535809,0.636604774535809,0.5907551812936718,0.3521594684385382,0.3521594684385382,0.2163655921453857,2.6747820377349854
0.07,3,label_propagation,{'seed': 1},0.6153846153846154,0.6153846153846154,0.5694374774584696,0.3521594684385382,0.3521594684385382,0.2163655921453857,2.6747820377349854
0.07,3,label_propagation,{'seed': 2},0.6242263483642794,0.6242263483642794,0.5812520082105277,0.3521594684385382,0.3521594684385382,0.2163655921453857,2.6747820377349854
0.07,32,louvain,{},0.3258469737342976,0.3258469737342976,0.2719854172273351,0.200956937799043,0.200956937799043,0.0879491908756402,8.442398309707642
0.07,32,dbscan,"{'eps': 0.9, 'min_samples': 2}",0.1568328892272554,0.1568328892272554,0.0657496032327394,0.200956937799043,0.200956937799043,0.0879491908756402,8.442398309707642
0.07,32,kmeans,{'n_clusters': 500},0.4430909783022459,0.4430909783022459,0.3940759127815926,0.200956937799043,0.200956937799043,0.0879491908756402,8.442398309707642
0.07,32,kmeans,{'n_clusters': 450},0.4122573277502855,0.4122573277502855,0.3655925926122333,0.200956937799043,0.200956937799043,0.0879491908756402,8.442398309707642
0.07,32,kmeans,{'n_clusters': 411},0.4076893795203654,0.4076893795203654,0.3540596663224715,0.200956937799043,0.200956937799043,0.0879491908756402,8.442398309707642
0.07,32,kmeans,{'n_clusters': 400},0.4019794442329653,0.4019794442329653,0.3473002864817777,0.200956937799043,0.200956937799043,0.0879491908756402,8.442398309707642
0.07,32,kmeans,{'n_clusters': 350},0.3703844689760183,0.3703844689760183,0.3153365088953376,0.200956937799043,0.200956937799043,0.0879491908756402,8.442398309707642
0.07,32,kmeans,{'n_clusters': 300},0.3517320137038447,0.3517320137038447,0.2898000207684474,0.200956937799043,0.200956937799043,0.0879491908756402,8.442398309707642
0.07,32,kmeans,{'n_clusters': 250},0.3243243243243243,0.3243243243243243,0.2626840005932878,0.200956937799043,0.200956937799043,0.0879491908756402,8.442398309707642
0.07,32,kmeans,{'n_clusters': 200},0.2969166349448039,0.2969166349448039,0.2306465802090653,0.200956937799043,0.200956937799043,0.0879491908756402,8.442398309707642
0.07,32,label_propagation,{'seed': 0},0.3951275218880852,0.3951275218880852,0.3440148651528809,0.200956937799043,0.200956937799043,0.0879491908756402,8.442398309707642
0.07,32,label_propagation,{'seed': 1},0.4057860677578987,0.4057860677578987,0.3552560471430429,0.200956937799043,0.200956937799043,0.0879491908756402,8.442398309707642
0.07,32,label_propagation,{'seed': 2},0.403882755995432,0.403882755995432,0.3502685665538705,0.200956937799043,0.200956937799043,0.0879491908756402,8.442398309707642
0.02,321,louvain,{},0.9070858156927368,0.9070858156927368,0.8982951528400793,0.2710951526032316,0.2710951526032316,0.1522051020251112,25.829581022262573
0.02,321,dbscan,"{'eps': 0.9, 'min_samples': 2}",0.3106857649892255,0.3106857649892255,0.3212456906239368,0.2710951526032316,0.2710951526032316,0.1522051020251112,25.829581022262573
0.02,321,kmeans,{'n_clusters': 550},0.2603625301052097,0.2603625301052097,0.2205803916375947,0.2710951526032316,0.2710951526032316,0.1522051020251112,25.829581022262573
0.02,321,kmeans,{'n_clusters': 500},0.239067055393586,0.239067055393586,0.2056762799735003,0.2710951526032316,0.2710951526032316,0.1522051020251112,25.829581022262573
0.02,321,kmeans,{'n_clusters': 494},0.2431233362910381,0.2431233362910381,0.2103537172238591,0.2710951526032316,0.2710951526032316,0.1522051020251112,25.829581022262573
0.02,321,kmeans,{'n_clusters': 450},0.2204335150209152,0.2204335150209152,0.1848224705975481,0.2710951526032316,0.2710951526032316,0.1522051020251112,25.829581022262573
0.02,321,kmeans,{'n_clusters': 400},0.2256306249207757,0.2256306249207757,0.184484751902672,0.2710951526032316,0.2710951526032316,0.1522051020251112,25.829581022262573
0.02,321,kmeans,{'n_clusters': 350},0.206363290657878,0.206363290657878,0.1649254205588891,0.2710951526032316,0.2710951526032316,0.1522051020251112,25.829581022262573
0.02,321,kmeans,{'n_clusters': 300},0.1864621625047534,0.1864621625047534,0.1494818025948405,0.2710951526032316,0.2710951526032316,0.1522051020251112,25.829581022262573
0.02,321,kmeans,{'n_clusters': 250},0.1774622892635315,0.1774622892635315,0.1356247126391368,0.2710951526032316,0.2710951526032316,0.1522051020251112,25.829581022262573
0.02,321,kmeans,{'n_clusters': 200},0.1699835213588541,0.1699835213588541,0.1232904739653215,0.2710951526032316,0.2710951526032316,0.1522051020251112,25.829581022262573
0.02,321,label_propagation,{'seed': 0},0.9084801622512358,0.9084801622512358,0.8995893799740816,0.2710951526032316,0.2710951526032316,0.1522051020251112,25.829581022262573
0.02,321,label_propagation,{'seed': 1},0.9084801622512358,0.9084801622512358,0.8995893799740816,0.2710951526032316,0.2710951526032316,0.1522051020251112,25.829581022262573
0.02,321,label_propagation,{'seed': 2},0.9077196095829636,0.9077196095829636,0.8990556837793515,0.2710951526032316,0.2710951526032316,0.1522051020251112,25.829581022262573
0.02,3,louvain,{},0.916955017301038,0.916955017301038,0.898396982123963,0.3369565217391304,0.3369565217391304,0.2347263263799021,1.237297296524048
0.02,3,dbscan,"{'eps': 0.9, 'min_samples': 2}",0.32439446366782,0.32439446366782,0.2105751738644934,0.3369565217391304,0.3369565217391304,0.2347263263799021,1.237297296524048
0.02,3,kmeans,{'n_clusters': 250},0.5614186851211073,0.5614186851211073,0.5065505425283944,0.3369565217391304,0.3369565217391304,0.2347263263799021,1.237297296524048
0.02,3,kmeans,{'n_clusters': 200},0.495674740484429,0.495674740484429,0.4387654982057251,0.3369565217391304,0.3369565217391304,0.2347263263799021,1.237297296524048
0.02,3,kmeans,{'n_clusters': 199},0.4930795847750865,0.4930795847750865,0.4332113655792241,0.3369565217391304,0.3369565217391304,0.2347263263799021,1.237297296524048
0.02,3,kmeans,{'n_clusters': 190},0.4948096885813148,0.4948096885813148,0.4318291316841171,0.3369565217391304,0.3369565217391304,0.2347263263799021,1.237297296524048
0.02,3,kmeans,{'n_clusters': 180},0.4809688581314879,0.4809688581314879,0.4181500345869584,0.3369565217391304,0.3369565217391304,0.2347263263799021,1.237297296524048
0.02,3,kmeans,{'n_clusters': 170},0.4818339100346021,0.4818339100346021,0.4130157328045213,0.3369565217391304,0.3369565217391304,0.2347263263799021,1.237297296524048
0.02,3,kmeans,{'n_clusters': 160},0.4593425605536332,0.4593425605536332,0.3896381235933332,0.3369565217391304,0.3369565217391304,0.2347263263799021,1.237297296524048
0.02,3,kmeans,{'n_clusters': 150},0.4645328719723183,0.4645328719723183,0.3935028984983867,0.3369565217391304,0.3369565217391304,0.2347263263799021,1.237297296524048
0.02,3,kmeans,{'n_clusters': 140},0.4429065743944637,0.4429065743944637,0.377655018868653,0.3369565217391304,0.3369565217391304,0.2347263263799021,1.237297296524048
0.02,3,kmeans,{'n_clusters': 130},0.4160899653979238,0.4160899653979238,0.3459220769750964,0.3369565217391304,0.3369565217391304,0.2347263263799021,1.237297296524048
0.02,3,kmeans,{'n_clusters': 120},0.4126297577854671,0.4126297577854671,0.3436791022225731,0.3369565217391304,0.3369565217391304,0.2347263263799021,1.237297296524048
0.02,3,kmeans,{'n_clusters': 110},0.4160899653979238,0.4160899653979238,0.3395225393208225,0.3369565217391304,0.3369565217391304,0.2347263263799021,1.237297296524048
0.02,3,kmeans,{'n_clusters': 100},0.3927335640138408,0.3927335640138408,0.3224956701481778,0.3369565217391304,0.3369565217391304,0.2347263263799021,1.237297296524048
0.02,3,label_propagation,{'seed': 0},0.916955017301038,0.916955017301038,0.898396982123963,0.3369565217391304,0.3369565217391304,0.2347263263799021,1.237297296524048
0.02,3,label_propagation,{'seed': 1},0.916955017301038,0.916955017301038,0.898396982123963,0.3369565217391304,0.3369565217391304,0.2347263263799021,1.237297296524048
0.02,3,label_propagation,{'seed': 2},0.916955017301038,0.916955017301038,0.898396982123963,0.3369565217391304,0.3369565217391304,0.2347263263799021,1.237297296524048
0.02,32,louvain,{},0.8732286480275756,0.8732286480275756,0.853679258353607,0.2052877138413686,0.2052877138413686,0.1050531628930152,4.33465576171875
0.02,32,dbscan,"{'eps': 0.9, 'min_samples': 2}",0.2401378782075833,0.2401378782075833,0.1780428852183765,0.2052877138413686,0.2052877138413686,0.1050531628930152,4.33465576171875
0.02,32,kmeans,{'n_clusters': 500},0.4362313289927231,0.4362313289927231,0.381418103088254,0.2052877138413686,0.2052877138413686,0.1050531628930152,4.33465576171875
0.02,32,kmeans,{'n_clusters': 450},0.4090386824971275,0.4090386824971275,0.3494067737594751,0.2052877138413686,0.2052877138413686,0.1050531628930152,4.33465576171875
0.02,32,kmeans,{'n_clusters': 411},0.388739946380697,0.388739946380697,0.3320866171166231,0.2052877138413686,0.2052877138413686,0.1050531628930152,4.33465576171875
0.02,32,kmeans,{'n_clusters': 400},0.3856759862121792,0.3856759862121792,0.3346679772218745,0.2052877138413686,0.2052877138413686,0.1050531628930152,4.33465576171875
0.02,32,kmeans,{'n_clusters': 350},0.352355419379548,0.352355419379548,0.2957107222592126,0.2052877138413686,0.2052877138413686,0.1050531628930152,4.33465576171875
0.02,32,kmeans,{'n_clusters': 300},0.3240137878207583,0.3240137878207583,0.2721088324671966,0.2052877138413686,0.2052877138413686,0.1050531628930152,4.33465576171875
0.02,32,kmeans,{'n_clusters': 250},0.2918422060513213,0.2918422060513213,0.2343139389339716,0.2052877138413686,0.2052877138413686,0.1050531628930152,4.33465576171875
0.02,32,kmeans,{'n_clusters': 200},0.2569896591344312,0.2569896591344312,0.1971188449069173,0.2052877138413686,0.2052877138413686,0.1050531628930152,4.33465576171875
0.02,32,label_propagation,{'seed': 0},0.8736116430486404,0.8736116430486404,0.8541357060595438,0.2052877138413686,0.2052877138413686,0.1050531628930152,4.33465576171875
0.02,32,label_propagation,{'seed': 1},0.8736116430486404,0.8736116430486404,0.8541357060595438,0.2052877138413686,0.2052877138413686,0.1050531628930152,4.33465576171875
0.02,32,label_propagation,{'seed': 2},0.8736116430486404,0.8736116430486404,0.8541357060595438,0.2052877138413686,0.2052877138413686,0.1050531628930152,4.33465576171875
