id,louvain_cluster,spectral_cluster,kmeans_cluster
CASSLLGGSNEQFF,0,4,0
CASSLAGGSYEQFF,1,4,0
CASSLSGGSKETQYF,0,4,0
CASSTLGGDNEQFF,0,4,0
CASLLAGYSNEQFF,0,4,0
CASSLAGRSYEQYF,1,4,0
CASLTGGSYEQYF,1,4,0
CASDALGGSYEQYF,1,4,0
CASSLARGSTEAFF,1,4,0
CASSLAGGAYEQYF,1,4,0
CASSLAGGSRNEQFF,1,4,0
CASSKAYGSYEQYF,1,4,0
CASSLAGTSMIEQFF,1,4,0
CASSLIRGSTEAFF,1,4,0
CASSLVRGDTEAFF,1,4,0
CASSLARRSEETQYF,1,4,0
CASSEVRGSGETQYF,1,4,0
CASSVSGTSYEQYF,0,4,2
CSASDSGGSKNEQFF,0,4,1
CASSLAGGQGNEQYF,1,4,0
CASSEAGGSKNIQYF,1,4,0
CASSLVGISGNTIYF,1,4,0
CASSLGGSGEAFF,2,4,1
CASSLTGSTEAFF,3,4,1
CASSLWGSGEQFF,4,4,1
CASSSLGTSRETQYF,2,4,1
CASSLGTSGTQYF,2,4,1
CASSLGYQGEQYF,2,4,1
CASSLSVGGSGANVLTF,2,4,1
CASSLTGTSYEQYF,5,4,0
CASSLTPGSYEQYF,1,4,0
CASSLEIGSYEQYF,1,4,0
CASSLTGGSNQPQHF,1,4,0
CASSFSGGDNEQFF,0,4,0
CASSPLKGSNEKLFF,3,4,2
CASSPLTGSYEQYF,3,4,1
CASSPPRGSNEQYF,3,4,2
CASSPRTGSYEQYF,3,4,1
CSARSPAGGSYNEQFF,3,4,1
CASSVTGSTEAFF,3,4,1
CASSLTGDTIYF,3,4,1
CASSVVNRQGEAFF,1,4,0
CASSLGTSYEQYF,6,0,0
CASSLGNSYEQYF,7,0,0
CASSLGFSYEQYF,6,0,0
CASSLGGDYEQYF,6,0,0
CASSLGTLYEQYF,6,0,1
CASSWGGSYEQYF,6,0,0
CASSLGGSYGYTF,6,0,0
CASTLLAGESGANVLTF,0,4,0
CASSLGGISYEQYF,5,4,0
CASSMTGTSYEQYF,5,4,0
CAWSLTGRSYNEQFF,5,4,0
CASSLVGGPAEAFF,8,3,1
CASSLAGGPQETQYF,8,3,1
CASSLATGLAEAFF,8,3,1
CASSLAGSREQFF,2,4,1
CASSFGTSHEQYF,2,4,1
CASGLGTSYEQYF,0,4,1
CASSGLGASYEQYF,0,4,1
CASSGSGGSYEQYF,0,4,1
CAGVGAGGSYEQYF,0,4,1
CASSGWTESYEQYF,0,4,1
CASSLVGTAYEQYF,1,4,0
CASSVAGGAGEQYF,1,4,0
CASSSLAGGLYNEQFF,1,4,0
CASSLGDSYEQYF,7,0,0
CASSLGGQMEAFF,6,0,0
CASSSQGGDTEAFF,6,0,0
CASSQAGGQYEQYF,6,0,0
CASSLEVRPYEQYF,1,4,0
CASSLAGGLNTEAFF,1,4,0
CSAPLLTGANTEAFF,1,4,0
CASSLWAGGLNTEAFF,1,4,0
CASSLVQISGNTIYF,1,4,0
CASSLAATSYEQYF,2,4,1
CASSLAAGSYNEQFF,2,4,1
CASSALTSYEQYF,2,4,1
CASSLALRSGEAFF,2,4,1
CASSLLWGQGNTIYF,1,4,0
CASSLVGGWGNGYTF,1,4,0
CASSLERYSNQPQHF,1,4,0
CASSLMGTDNSPLHF,1,4,0
CASSVVPEGSNEKLFF,3,4,2
CASSLSGTDYEQYF,0,4,2
CASSVSGNSYNEQFF,9,4,2
CASSRSGTSYEQYF,0,4,1
CASSLSAESYEQYF,0,4,1
CASSPPGGSYNEQFF,3,4,1
CASSVAGVSYNEQFF,3,4,1
CASSFGGFSYEQYF,5,4,0
CASSLRGLSYEQYF,5,4,0
CASSLAGGPDEQYF,10,3,1
CASSLWGTPQETQYF,8,3,1
CSATGLAGGPQETQYF,8,3,1
CASSQATGDQETQYF,8,3,1
CASSLGGTSNTEAFF,11,0,3
CASSLGGTSGGVQYF,11,0,3
CASSEAGTSVGTQYF,1,4,0
CASSLAGGNTEAFF,12,0,4
CASSPAGGNTEAFF,12,0,4
CASSVAGGGTEAFF,12,0,4
CASLTGGNTEAFF,10,3,2
CASSLAWGNTEAFF,12,0,4
CASSLVRGNTEAFF,12,0,4
CASSLAGGEREAFF,12,0,4
CAWTSLAGGREETQYF,12,0,4
CASSEYRGSGELFF,1,4,0
CASSESEGSGELFF,1,4,0
CASGARGPGELFF,1,4,0
CASSFAGGATEAFF,1,4,0
CASSVAIGFGETQYF,1,4,0
CASSGLAGSYNEQFF,2,4,1
CASSLARTSYNEQFF,2,4,1
CASSLVVYSNNEQFF,2,4,1
CASSLSVWLGSTNQPQHF,2,4,1
CASSLPGTAYEQYF,13,4,3
CASSLEGEAYEQYF,1,4,0
CASSLVGRAGYEQYF,1,4,0
CASSLGGSETQYF,6,0,0
CASSIGFSETQYF,6,0,0
CASTLGGSETQYF,6,0,0
CASSLVRGAYNEQFF,1,4,0
CASSLAGGVMRGMFF,1,4,0
CASSPAGGAYYGYTF,1,4,0
CATSRAWGSYTEAFF,1,4,0
CASSEFYRSYEQYF,1,4,0
CASSLGGLTEAFF,12,0,4
CASSLGGNTEAFF,12,0,4
CASSLKGLLEQYF,12,0,4
CASSWTGPYEQYF,6,0,0
CASSRGYSYEQYF,6,0,0
CASSLAGRVREQYF,12,0,4
CASSPAVYESYNEQFF,2,4,1
CASSLQGGSTDTQYF,14,1,3
CASSLVGGDTDTQYF,14,1,3
CASSLLFGSTDTQYF,14,1,1
CASSLAGKSTDTQYF,14,1,3
CASSLQGSSTDTQYF,14,1,3
CASSAQVTSTDTQYF,14,1,3
CASSPWTSGEQYF,4,4,1
CASSLWGQGTQYF,4,4,1
CASSLASGSYEQYF,15,4,0
CASRASGSYEQYF,15,4,0
CASSRASGSYEQYF,15,4,0
CVSRASGSYEQYF,15,4,0
CASSLGQGSYEQYF,15,4,0
CASSSLGWGSTDTQYF,14,1,1
CASSLLSGSTDTQYF,14,1,1
CASSPAWGPTDTQYF,14,1,1
CASSLAGDTEAFF,2,4,1
CASSAQGQREQYF,2,4,1
CASSTLLRPGELFF,2,4,1
CASSLGGGPSEQYF,10,3,2
CASSMAGGPSEQFF,10,3,1
CASSLGRSYGYTF,6,0,0
CASSVRGSYGYTF,6,0,0
CASSLTGSFGYTF,6,0,0
CASSLGVDYGYTF,6,0,0
CSARDSAGGDTGELFF,6,0,0
CASRLGQSYEQYF,0,4,1
CSVLRGDTQYF,14,1,3
RASSLGGDTQYF,14,1,3
CASSLAGGLGDTQYF,14,1,3
CASSVEGGPTDTQYF,14,1,3
CASSLVGPQTQQFF,14,1,3
CASSLGPGSYEQYF,15,4,0
CASSLAMGAAEAFF,8,3,1
CASGSGTPYEQYF,0,4,1
CSARPTSGGSRETQYF,0,4,1
CASSLTSGGSYNEQFF,0,4,1
CSAQGDRGSGELFF,0,4,1
CASIPTGSYEQYF,16,0,0
CASTPAGDYEQYF,16,0,0
CASSRGTGSYEQYF,16,0,1
CASSFDWFSYEQYF,16,0,0
CASSLQGRANEKLFF,13,4,1
CASSLQGMAYEQYF,13,4,3
CASSIIGGSNTEAFF,16,0,1
CASSIGGGSYNEQFF,16,0,1
CASSFMTGSFYEQYF,16,0,1
CASSLLGNLNQPQHF,13,4,3
CASSLPGTANQPQHF,13,4,3
CASSPALGGLNQPQHF,13,4,3
CASSAAGASNQPQHF,14,1,3
CSVDPAGLSNQPQHF,14,1,3
CASSSGARLSNQPQHF,14,1,3
CASSVAGLSPDTQYF,14,1,3
CASSLVGGPEYQYF,17,0,2
CASSLVRGPTYEQYF,17,0,2
CASSLAGGSLDEQFF,14,1,3
CASSLPGIQADTQYF,14,1,3
CASSLGHGSTEAFF,15,4,0
CASSLGHPSYEQYF,15,4,0
CASSLLYRDNYGYTF,11,0,3
CSARYRSGYTF,11,0,3
CASSPGRDGEAFF,6,0,3
CAWSHTGDTEAFF,6,0,0
CSAQQGWDTEAFF,6,0,0
CASSLAKGNNEQFF,12,0,4
CASSLAPGNNEQYF,12,0,4
CASSLEGTSGRVEFF,18,0,1
CASSQEGTSGYQQFF,18,0,1
CASSLLGLNNEKLFF,19,3,4
CASSLAGANTEAFF,19,3,4
CASSLLAAYNEQFF,19,3,4
CASSPLGGSVGTQYF,1,4,0
CSVEAGGSYEQYF,0,4,1
CASSLFQGSTEAFF,15,4,0
CASSSLGGLNTEAFF,20,0,4
CASSSLGRLNTEAFF,20,0,4
CASSLGGLGYTF,20,0,4
CASSSETGVNTEAFF,20,0,4
CASSLQGGDYGYTF,7,0,0
CASSLSRGDYGYTF,7,0,0
CASSDQGGQYTEAFF,7,0,0
CASSLDGQDYGYTF,7,0,0
CASSEVGNSNQPQHF,21,4,1
CASSEPGISNQPQHF,21,4,1
CASSEARTSNQPQHF,21,4,1
CASSQGAGSNEQYF,3,4,2
CASSPGAGSYEQYF,3,4,2
CASSQGLASNEKLFF,3,4,2
CASSQGAWSYEQYF,3,4,2
CASSQDTAGSNEKLFF,3,4,2
CASSPGGGDTEAFF,22,4,3
CASSPGGGQRETQYF,23,4,4
CASGTGGDTEAFF,22,4,3
CASSHGGIDGELFF,22,4,3
CSAPGTGDNEQFF,22,4,3
CASSLLPGQGYGYTF,1,4,0
CASSDPGGSNQPQHF,24,1,2
CASSQSIGSNQPQHF,24,1,2
CATSDFGGSTDTQYF,24,1,2
CATSDPGTPNSPLHF,24,1,2
CASSLARHSTDTQYF,14,1,3
CASSLEGLSTDTQYF,14,1,3
CASSLSGKPTDTQYF,14,1,3
CASSPIIGSYEQYF,3,4,2
CASSLGGSPLII,25,0,0
CASSLRGSPLHF,25,0,0
CASSLAGSPLHF,25,0,1
CASSEWGSPLHF,25,0,0
CASKVTGSPLHF,25,0,0
CASSLGTGPREQYF,10,3,2
CASSFGGGPRETQYF,10,3,2
CASSLGRRPTEAFF,10,3,2
CASSFAGGARETQYF,1,4,0
CASSFLGTANTEAFF,1,4,0
CASSRAGTLGETQYF,1,4,0
CASSLTIDGEQFF,2,4,1
CASSLLLGGNEQFF,26,0,4
CASSSLLAGGGETQYF,26,0,4
CASSLLAGGNNEQFF,26,0,4
CASSLALTGYEQFF,26,0,4
CASSLAARGNEQFF,26,0,4
CASSHRGLSTEAFF,5,4,0
CASSLRRKSYEQYF,5,4,0
CASSLRGSPYEQYF,5,4,0
CASSSQRGSYEQYF,2,4,1
CASSPRTSYEQYF,2,4,1
CASSQLGSYEQYF,2,4,1
CASSDDRGDYEQYF,2,4,1
CATPQRGSYEQYF,2,4,1
CASSPLPGTSNYGYTF,27,4,2
CSANSPGTSGYEQYF,27,4,2
CASSLGGGDGTEAFF,11,0,3
CSVSAGTGDGWEQFF,11,0,3
CASSLGGRQGVTQYF,11,0,3
CATSDPGRSGEQYF,6,0,3
CASSWGGTSTEAFF,5,4,0
CASSLGTGSYYEQYF,16,0,1
CASSSVGRGSYNEQFF,16,0,1
CASSLGGPNQQFF,14,1,3
CASSQLGGPWLQHF,14,1,3
CASSLFGGGEETQYF,12,0,4
CASSASGNSNQPQHF,21,4,1
CASSPAQGNSNQPQHF,21,4,1
CASSIDGTSNQPQHF,21,4,1
CSASGGDEQFF,21,4,1
CASSVGTVYEQYF,6,0,1
CASSLRGAYEQYF,6,0,1
CASSPSQFGGSGANVLTF,24,1,2
CASSLAWDTEAFF,2,4,1
CASSLVTDYEQYF,2,4,1
CASSFAGDNEQFF,2,4,1
CASSLALDHEQYF,2,4,1
CASSLVGQSQETQYF,28,0,1
CASSLTGQSQETQYF,28,0,2
CASSVGHSDEQYF,28,0,1
CASSLHRASQETQYF,28,0,1
CASSPRGSGEQFF,2,4,1
CASSPRTSGATF,2,4,1
CASSPREGSGELFF,3,4,1
CASSPGTVSYEQYF,3,4,2
CASSPRFGPNEKLFF,3,4,1
CASSPRTGDRPQHF,3,4,1
CASSEAWGPNEQFF,15,4,2
CASRAWTPFEQYF,15,4,2
CASSEAWGGNQPQHF,15,4,2
CASILKGDTQYF,14,1,3
CASSLATSSGEKLFF,19,3,4
CASSLATSGGETQYF,19,3,4
CASSLVEGNTEAFF,12,0,4
CASSLMRGNTEAFF,12,0,4
CASSASGRSYNEQFF,9,4,2
CASSSPSGVSYNSPLHF,9,4,2
CSVAPGNTIYF,12,0,4
CASSLARGPRTQYF,17,0,2
CASSSLRRGPNTEAFF,17,0,2
CASTRAGGSYEQFF,0,4,1
CASSLGAGFSYNEQFF,0,4,1
CASSSAGGPVETQYF,29,4,0
CASSLQGPVELFF,29,4,0
CASSLSAGGQVNEQFF,29,4,0
CASSLVRGPGYGYTF,17,0,2
CASSPTGGSGNEQFF,18,0,1
CASSPTGGPGYEQYF,18,0,1
CASSIDPIGTSGNQPQHF,18,0,1
CASSPGRTSGNTIYF,18,0,1
CASSLVQGPYEQYF,30,4,0
CASSLGQGPYEQYF,30,4,0
CASSLLWGNTEAFF,12,0,4
CASSLGTDTQYF,31,1,3
CASSLYGDEQYF,14,1,3
CASSVGGNTEAFF,12,0,4
CASSLFGNTEAFF,12,0,4
CASSAGGYTEAFF,12,0,4
CASSLGKNTEAFF,12,0,4
CASSLTGGTEAFF,12,0,4
CASSLAGSAGYTF,6,0,0
CASSPGDGSYEQYF,3,4,2
CASSFTQGSYEQYF,15,4,0
CATSESGRSHNEQFF,9,4,2
CASSLDGRSDEQYF,7,0,0
CASSSGTSDEQFF,7,0,0
CASSSPGSNEQFF,32,4,1
CASSPPTSNEQFF,32,4,1
CASSSPGANEQFF,32,4,2
CASSSAGSAEQFF,32,4,1
CSAKLAGGHNEQFF,8,3,1
CASKLAGGTGELFF,8,3,1
CASSGTGYSTEAFF,22,4,3
CASSGTRRDIETQYF,22,4,4
CASSQTGDRGYTF,3,4,1
CASSLTGMNTEAFF,10,3,2
CASSLTGANTEAFF,19,3,4
CASSLGGGNMEQYF,10,3,2
CASLGGGETEAFF,10,3,2
CASSLIGGRGEQYF,10,3,2
CASSKTTGNTEAFF,10,3,2
CASSLTTGIYEQYF,10,3,2
CSALTGTNTEAFF,10,3,2
CSASPGTGQRYEQYF,23,4,4
CASSPIAGQRETQYF,23,4,4
CASSPSGGSETQYF,0,4,1
CASSLDSGYSGNTIYF,0,4,2
CASSPAGMNTEAFF,12,0,4
CASSPLAGNTEAFF,12,0,4
CASSLGGLSGGEQFF,11,0,3
CSVEDVGGTSGYEQYF,11,0,3
CASSDSGGHNEQFF,6,0,1
CASSSSGGAGEQYF,6,0,1
CAISDSGRKNTEAFF,6,0,1
CASSRTWDGELFF,2,4,1
CASSSSGTSEETQYF,7,0,0
CASSSGRSYEQYF,7,0,0
CASSSGTSGKQFF,7,0,0
CASSLYGRHNEQFF,26,0,4
CASSLTGEHGELFF,26,0,4
CASSSVFPGQGYEQYF,1,4,0
CASSSGQSYEQYF,7,0,0
CASSAGGGGNEQFF,33,3,4
CASSLGGTYNEQFF,33,3,4
CASSLGGGGNQPQHF,33,3,4
CASSVGPGGNEQFF,33,3,4
CASSEDGGPYEQYF,34,3,2
CASSEQGRPYNEQFF,34,3,2
CASSQPGGNNEQFF,33,3,4
CSASQGGGYNEQFF,33,3,4
CASSDPGGLKEQYF,33,3,4
CASRPQSGGTNEKLFF,33,3,4
CASSLLAGGATDTQYF,14,1,1
CASSLATGTGQGYTF,14,1,3
CASSLAGKQETQYF,23,4,4
CASSLARLQETQYF,23,4,4
CASSLETFQETQYF,23,4,4
CASSATGGQETQYF,23,4,4
CASSFQGGLGEQFF,35,3,1
CASSGQGGLREKLFF,35,3,1
CASSYSGGAGELFF,35,3,1
CASSPGRGSYNEQFF,18,0,1
CASSRTRGSYNEQFF,16,0,1
CAGSAGRGSVTEAFF,16,0,1
CASSLRGSILFF,25,0,0
CASSLRGSEHGFF,25,0,0
CASRAGRDYEQYF,0,4,1
CRVPRAGRSYEQYF,0,4,1
CASSLVRSYGYTF,6,0,4
CASSLSRGLGEQYF,6,0,1
CASSQSTGAGETQYF,6,0,1
CASSLAGTGNTEAFF,36,0,4
CASSLAGYGNTIYF,36,0,4
CASSLAGTGGNIQYF,37,0,4
CASSLAGTGIYEQYF,38,0,4
CASSLAFGGNTIYF,36,0,4
CASSLHGGGNTEAFF,36,0,4
CASSLGTGNTIYF,36,0,4
CASSLVAGTMNTEAFF,36,0,4
CASSQAAGTGPAKQFF,36,0,4
CASSQTTGETEAFF,10,3,2
CASSVGVSAEQYF,28,0,4
CASSEGVVAEQFF,28,0,4
CASSGGGYSYNEQFF,16,0,1
CSASNGGASYNEQFF,16,0,1
CASSLAGGGSYNEQFF,16,0,1
CASSNHLTGLNTEAFF,1,4,0
CASSSLGDSKETQYF,7,0,0
CASSLGDPKQYF,7,0,0
CASSLNPSKLFF,7,0,0
CASSLGSDRAFF,7,0,0
CASSPSGGQETQYF,0,4,1
CASSPVGGQFYEQYF,1,4,0
CASRLRDSYEQYF,0,4,1
CASRAGPSHEQYF,0,4,1
CASSLRGGGNTEAFF,17,0,2
CASSQHTGRNTEAFF,36,0,4
CASSVLANTGELFF,26,0,4
CSARDLAAGRTEYGYTF,26,0,4
CASSHLAGKGAEAFF,26,0,4
CASSQDGRSNYGYTF,6,0,3
CASSQDFGSNYGYTF,6,0,3
CASSQGRSGYTF,6,0,3
CAAQRVAGSYNEQFF,2,4,1
CASQGLARSYEQYF,2,4,1
CASSLSGGVNQPQHF,13,4,3
CASSGSGGVTQPQHF,13,4,1
CASSLDGGVVDGYTF,13,4,3
CASSLSGGGHQPQHF,13,4,3
CASSPAGSYEQYF,2,4,1
CSALGTPEQFF,39,0,0
CSAAIVPEQFF,39,0,0
CSVAGYNEQFF,39,0,0
CASSSWTDSYEQYF,7,0,0
CSVSQGDSYEQYF,7,0,0
CASSFTGVSYEQYF,5,4,0
CASSFGGFSTDTQYF,5,4,0
CASSGGTFPYEQYF,5,4,0
CASSSVGTPNTEAFF,36,0,4
CASSPPFDNEQFF,32,4,1
CASSPPTLNEQFF,32,4,1
CASSVPASNEQFF,32,4,1
CASSQPRSTEQYF,32,4,1
CASSPPNSDEQYF,32,4,1
CASSKQGVSYEQYF,34,3,2
CASRQGAPYEQYF,34,3,2
CASSVGGLSNTEAFF,11,0,3
CASSYLGGLSNTGELFF,11,0,3
CASSLETGPGNTIYF,37,0,3
CASSLNTGLGNTIYF,37,0,3
CASSTGKSTEAFF,2,4,1
CASSSTRNSYEQYF,2,4,1
CASSDGGESTEAFF,2,4,1
CASSLATGVTGELFF,40,0,4
CASSLAAGLTGELFF,40,0,4
CASSLAGGITGYTF,40,0,4
CASSRGTGDGEQFF,16,0,1
CASRIRGSYEQYF,16,0,1
CASRNEGDYEQYF,16,0,1
CASSLYRESNSPLHF,1,4,0
CASSLATVNTEAFF,19,3,4
CAWSVLGVNTEAFF,19,3,4
CASSPAGLNTEAFF,19,3,4
CASSLAGLTGELFF,19,3,4
CASSEAGANGEQFF,19,3,4
CASSFGGGPYEQYF,10,3,2
CASSYGGGLYEQYF,10,3,2
CASSQGGPNIQYF,41,0,4
CASSQGGRTIQYF,41,0,4
CASSSGLAGGSRINEQFF,42,3,4
CASSYAAGGSYNEQFF,42,3,4
CASSALAGGSTDTQYF,43,1,1
CASSRLAGGSTDTQYF,43,1,1
CASSLLAGGPTDTQYF,43,1,1
CASSLAGGGSTDTQYF,43,1,1
CASGILAGTDKDTQYF,43,1,1
CASSRAGGGNEQFF,44,3,2
CASRQGGGNEQFF,44,3,2
CATSREGGGFEQYF,44,3,2
CASRVGTYNEQFF,44,3,2
CASRANNGGEQYF,44,3,0
CASSREGGSYNEQFF,16,0,1
CASSLIEGAYNEQFF,1,4,0
CSARDHVTGVYNEQFF,1,4,0
CASRPTAGTANTGELFF,1,4,1
CASSRAGGSTDTQYF,13,4,1
CASSTLGTSRDEQFF,13,4,1
CSAPRAGGHTDTQYF,13,4,1
CATSLLTGGGKPQHF,36,0,1
CASSLAYGGGTQYF,36,0,4
CASSPRGPYEQYF,2,4,1
CASSGSGTSKDTQYF,13,4,1
CAISEFGTPDEQYF,8,3,1
CASGLAGANEQFF,45,0,1
CAWSNLAGAYNEQFF,45,0,1
CASSSILAGVEETQYF,45,0,1
CASSPGLRSYNEQFF,3,4,2
CASSPRAGSNNEQFF,3,4,2
CASSSVGGTIEAFF,12,0,4
CASSWGGNTEAFF,12,0,4
CASRPGGPGEQYF,41,0,4
CASRPGGTGELFF,41,0,4
CASNSGAGTSANIQYF,1,4,0
CATSDLRGSTDTQYF,24,1,2
CASSQDSRGPGDIQYF,24,1,2
CASSLLAGGRNTQYF,26,0,4
CASSLVAGTNYGYTF,26,0,4
CASSLALGGHNEQFF,26,0,4
CASSLVATGANVLTF,26,0,4
CASRPVVAGGNTEAFF,26,0,4
CASSLLGAGNNEQFF,46,0,4
CASSLGAGNTIYF,46,0,4
CASSPTPGQSRETQYF,0,4,1
CASSLAGAYEQYF,6,0,1
CASSPTGAYEQYF,6,0,1
CASSERTAEELNF,6,0,1
CASSSRQGGLTYEQYF,35,3,1
CASSLVAASGNTIYF,1,4,3
CASSLVLVSGNTIYF,1,4,0
CASSLVADSGNTIYF,1,4,3
CASSSLAALSAGELFF,1,4,3
CASSLKVADGFEQYF,1,4,3
CASSQGTRDNEQFF,47,4,0
CASSQGDRDNEQFF,47,4,0
CSASRQGESNQPQHF,21,4,1
CASSYLGDYEQYF,2,4,1
CASSSSRAKQKETQYF,2,4,1
CASSEGRASGELFF,1,4,0
CASSEYRGATEAFF,1,4,0
CSAPRQGNSGQPQHF,21,4,2
CASSPPLWNSNQPQHF,21,4,1
CASSSLGRVNTEAFF,36,0,4
CASSVVGGRGLEQFF,10,3,2
CASSASFASTEAFF,0,4,1
CASSEGTGQETQYF,23,4,4
CASSSEPRYSTDTQYF,21,4,1
CASSQEPGLSGDQPQHF,21,4,1
CASARRSASGGPKYSTDTQYF,48,0,1
CASSLSGGNRYEQYF,48,0,1
CASSARRGPNYGYTF,17,0,2
CASSLRRTGNTIYF,17,0,2
CASGTGPSYEQYF,5,4,0
CASSFITAPYEQYF,5,4,0
CASSFKGAQWETQYF,5,4,0
CASSRAVTSYEQYF,15,4,2
CASSIALVSYEQYF,15,4,2
CASSPHLTSGNEQFF,2,4,1
CASSLIGVGGYTF,20,0,4
CSSRGTDTQYF,31,1,3
CASSQYTDTQYF,31,1,3
CASSVGQDTQYF,31,1,3
CASSPTRDGYTF,6,0,3
CASSQRGTSGNEQFF,18,0,1
CASSLRGQPQHF,25,0,0
CSASPGGSTEAFF,2,4,1
CSASPGGSGYTF,2,4,1
CASTSPIGSGELFF,2,4,4
CASSLDGAHTEAFF,41,0,4
CASSLDGMNTEAFF,41,0,4
CASSLSTLHRNEQYF,41,0,4
CASSQDRGSYNEQFF,2,4,1
CASSQDRGQTYEQYF,2,4,1
CASSPMDRGSYNEQFF,2,4,1
CASSLRGPYGYTF,6,0,0
CASSPSVRGSYNEQFF,6,0,0
CASSLSAGLYEQYF,32,4,2
CSASASSGLYEQYF,32,4,2
CASSPLNGLQETQYF,49,0,2
CASSPLAGADEQYF,49,0,2
CASSPLGGGQETQYF,49,0,2
CASSYDYNSNEQYF,16,0,0
CASSVKGSSTEAFF,50,4,1
CASSEEGSSYEQYF,50,4,1
CASSQDLGSNQPQHF,24,1,2
CSASLASGSTDTQYF,14,1,1
CSASGHSGSTDTQYF,14,1,1
CASSLSSGDNQPQHF,14,1,1
CASSSLGRTNTEAFF,36,0,4
CASSESKGDRKLFF,1,4,0
CASSAQGGRGEKLFF,41,0,4
CASSQGGRGEQYF,41,0,4
CASSLASGGRGETQYF,41,0,1
CASSPGGNSNQPQHF,31,1,3
CASSQGGISNQPQHF,31,1,3
CASSPTGYDNQPQHF,31,1,3
CASSPRGVSNQPQHF,31,1,3
CASCSSKGNSNQPQHF,31,1,3
CASSLAQGGNTIYF,36,0,4
CASSLAEGKETQYF,36,0,4
CASSLYRESDEQYF,28,0,1
CASSLVGSTQYF,31,1,3
CASSLVRDTQYF,31,1,3
CASSLETSGSRFF,31,1,3
CASSAGGGYEQYF,51,0,4
CASSLGTGYEQYF,51,0,4
CASSLKGGYEQYF,51,0,4
CSAPSAGGGNEQFF,51,0,4
CASSGPGGSSEAFF,9,4,2
CASSEPGRSSYEQYF,9,4,2
CSARDGGSSEQYF,9,4,2
CASSSNPGTDDIGELFF,9,4,2
CASRPPGGGGSSVDEQFF,9,4,2
CASSQLGRGTEAFF,36,0,4
CASSLGTGTEAFF,36,0,4
CASSLTGANVLTF,32,4,2
CASSLNGANVLTF,32,4,2
CASSFTGANVLTF,32,4,2
CASSVSGSSYEQYF,52,4,2
CASSVSGSSYNEQFF,52,4,2
CASSLSGSPGEQYF,52,4,2
CASSPGKGPSETQYF,10,3,2
CASSLGTGLDEQFF,10,3,2
CAWSVGVGPQETQYF,10,3,2
CASSQVVTVNEKLFF,6,0,1
CASSLVGWNEQFF,6,0,1
CASSQREIVNEQFF,6,0,1
CASSQVEGVNQPQHF,6,0,1
CASSLVGIYEQYF,6,0,1
CASSSLVCWAEAFF,6,0,1
CASSLAGDVTEAFF,38,0,4
CASSLAGDLTYEQYF,38,0,4
CASSLVGTGNQPQHF,33,3,4
CASSLVGAGNQPQHF,33,3,4
CASSLEGIGNQPQHF,33,3,4
CASSLDGTATPYTF,13,4,3
CSVHLAGIGSYNEQFF,16,0,1
CASSLFGGTSGNNEQFF,16,0,1
CASSEATGGPYNEQFF,16,0,1
CASSHGLAGGTSLRTDTQYF,16,0,1
CASSLGKGNEQFF,12,0,4
CASSLGRRNEQYF,12,0,4
CASSLPGLYEQYF,6,0,1
CASSLPGVTEAFF,6,0,2
CASSLDTLYEQYF,6,0,1
CASSLPGLGWTF,6,0,1
CASSLIAGSVTEAFF,16,0,1
CASSLEARSAYEQYF,16,0,1
CASSPREGPYNEQFF,3,4,1
CASSLESGSPEQYF,53,4,2
CASSLRSGSQETQYF,53,4,2
CASSQVSTSPEAFF,53,4,2
CSVLGEAGMFF,1,4,0
CASSQVGRAQYGYTF,1,4,3
CSASGGHEQYF,21,4,1
CASGSGGSEQYF,13,4,1
CASSASGGDQPQHF,21,4,1
CSASYGPEAFF,21,4,1
CASSLNQGSNQPQHF,54,2,1
CASSWGQGSNQPQHF,54,2,1
CASSLGSYSNQPQHF,54,2,1
CASSVSGSGELFF,53,4,2
CASSLSGPYEQYF,53,4,2
CASSPISRSGELFF,53,4,2
CASSLGGTYTEAFF,33,3,4
CASSLGGVYNEQFF,33,3,4
CSVAGGTYNEQFF,33,3,4
CSASGLTGYNEQFF,35,3,1
CASSYSTGYNEQFF,35,3,1
CASSTLTGKGEKLFF,35,3,1
CASSGVGGRYEKLFF,35,3,3
CASSLGVGTEQYF,36,0,4
CASSLGNTGELFF,36,0,4
CASSLETGGREQYF,38,0,4
CASSLERGGKYEQYF,38,0,4
CASSLEGGTRAFF,12,0,4
CASSHGRYSYEQYF,2,4,1
CASSSLAGGLSNEQFF,55,2,2
CASSLVGGHSYEQYF,55,2,2
CASSLVAGVSNEQFF,55,2,2
CASSPPGVGAPYF,6,0,2
CASSSQGRNSNQPQHF,31,1,3
CASSPQGGNSNQPQHF,31,1,3
CASSLGRYYEQYF,12,0,4
CASSQDTGTSGNYEQFF,18,0,1
CASSLDLRTSGANVLTF,2,4,1
CASSLSMGPSGHEQFF,2,4,1
CAWSPSGTSGYEQYF,7,0,2
CASSPSTMDGNTIYF,7,0,2
CASSLRGTGGNEQYF,37,0,4
CASSIAGTGGGYTF,37,0,4
CASSLEGGRNTIYF,17,0,3
CASSAYTGRNTEAFF,17,0,4
CASSLERGRAGYTF,17,0,2
CSARDLETPRNYGYTF,17,0,2
CASSPLTGAGNTIYF,6,0,1
CASSPQGGAGNTIYF,6,0,1
CASSLTTGTGNTIYF,37,0,3
CASSPLRTTLGNEQFF,37,0,3
CASTGTGDGYTF,11,0,3
CASSIGTPYEQYF,51,0,4
CASSFGTGYEQYF,51,0,4
CASSYGAPYEQYF,51,0,4
CASSEAVGGSGYFGQFF,40,0,0
CASSEALLGQGYEQYF,40,0,0
CASSLAVPPRETQYF,56,4,0
CASSLGDPPREQYF,56,4,0
CSASPVGADNQPQHF,14,1,3
CASSPLGEDRVRTFF,14,1,3
CASSSGTGSTDTQYF,24,1,2
CASSPMRGSTDTQYF,24,1,2
CASSLPGANVLTF,32,4,2
CASSDRGANVLTF,32,4,2
CASSLAVRASGANVLTF,0,4,0
CASSPGGGAGEQFF,57,0,1
CASSPGTGAGEQYF,57,0,1
CASSPTGGIGELFF,57,0,1
CASSLQPTGGAGNHQPQHF,57,0,1
CASSFSGGAYEQYF,35,3,2
CASKSGGAYEQYF,35,3,2
CASSSTSGRAWETQYF,35,3,2
CASSTLFKKGTEAFF,35,3,1
CASSLAGGGNSPLHF,58,3,4
CASSQAGTGNSPLHF,58,3,4
CASSLGGTGNSPLHF,58,3,4
CASSLAGAGYSPLHF,58,3,4
CASSLVQGGNSPLHF,58,3,4
CASSSEGMSNQPQHF,31,1,3
CASSSPGGFSYNEQFF,18,0,1
CASSPQGGGTEAFF,48,0,1
CASSPSGGGREQYF,48,0,1
CASSPQGERTEAFF,48,0,1
CASSPQGTGGLEQYF,48,0,1
CASSPQQGGNEKLFF,48,0,1
CASSLEGRDNSPLHF,1,4,0
CASSSLAGAKETQYF,6,0,1
CASSLNRWNEQFF,59,0,4
CASSLYRENEQFF,59,0,4
CASSLRAGDKNTQYF,3,4,2
CSAPPAGRDNSPLHF,1,4,0
CAISPVTGGYEQYF,60,0,1
CASSPLAGGYEQYF,60,0,1
CSASSGFNSYEQYF,2,4,1
CASSTRTDREQYF,2,4,1
CASSLPGSSGNTIYF,50,4,2
CASSLDGSSGNTIYF,50,4,2
CASSSIPGSSGNTIYF,50,4,2
CASSPPTDSGNTIYF,50,4,2
CASSQGGSSGNTIYF,50,4,2
CASSAWTGYNEQFF,18,0,1
CASSPRTGYNEQFF,18,0,1
CASSYRTPSYEQYF,5,4,0
CASSLSGRYNEQFF,61,0,0
CASSPSGFYNEQFF,61,0,0
CASSLEGQDQETQYF,28,0,2
CASSLTGVSDTQYF,28,0,2
CASSLGGGLYQPQHF,33,3,4
CASSLGTGAHQPQHF,33,3,4
CASSQETGSNSPLHF,24,1,2
CSASPWTGSNSPLHF,24,1,2
CASSQETGNNQPQHF,24,1,2
CASSLAGAWEQYF,6,0,1
CASSQAGLIEQFF,6,0,1
CSALQLAGVYEQYF,6,0,1
CASSVSGGAYNEQFF,35,3,2
CASSSLSGRAYNEQFF,35,3,2
CASSLASGGARNNEQFF,35,3,2
CASSWSTGLINEQFF,35,3,2
CSAPHSGGPYNEQFF,35,3,2
CASSSPPGGGQETQYF,49,0,2
CASSPLRGGLEQYF,49,0,2
CASSPAGGGQPQHF,49,0,2
CASSLGGGSEQFF,49,0,2
CASSFLGGRDEQYF,49,0,2
CASSPLSRGDRGEAFF,7,0,0
CASSLGLHYEQYF,28,0,4
CASSSLGLAGETQYF,28,0,4
CASSLGLHEAFF,28,0,4
CASSSRAGVSGNTIYF,50,4,2
CASSRLGSSGNTIYF,50,4,2
CATSDARTRSGYNEQFF,11,0,3
CASSQVGIRSGNTIYF,11,0,3
CSVEDVGGRSSYEQYF,11,0,3
CASSLTGNTGELFF,26,0,4
CASSFLNPPYEQYF,5,4,0
CASNSLAATNTGELFF,40,0,4
CASSLAEGAGGYTF,40,0,0
CASSLEAGVMGEQYF,40,0,4
CASSHSGTVYEQYF,35,3,2
CASSHSGRAYEQYF,35,3,2
CSASHSRTVYGYTF,35,3,2
CASSQQAGPGELFF,6,0,1
CASSWQAGPGELFF,6,0,1
CASSLATSTGELFF,19,3,4
CASALAGATGETQYF,19,3,4
CASSYATGGSKNIQYF,42,3,4
CASYGAGGLYNEQFF,42,3,4
CASSYAAATSGNTIYF,42,3,4
CASSFQAGASYNEQFF,42,3,4
CASSRDGGGYNEQFF,44,3,0
CASSLRGGNTGELFF,17,0,2
CASSVLRGTGNTGELFF,17,0,4
CASSQERTGGNTEAFF,17,0,2
CSASPRGASYNEQFF,18,0,1
CASSPGGLPYNEQFF,18,0,1
CASSQEGYMDYNEQFF,18,0,1
CASSSAGGTIEQYF,12,0,4
CASSLGLGLGEQYF,56,4,0
CASSLGQGAGEQYF,56,4,0
CASSLGVGLFNEQFF,56,4,0
CASSLLGQTYEQYF,62,0,4
CATSDLGQGYEQFF,62,0,4
CASTLGQGYEQFF,62,0,4
CASSLDRQTYEQYF,62,0,4
CASSSAGYTEETQYF,12,0,4
CASSQGHVSYEQYF,15,4,0
CASSLDREVNEQFF,63,3,0
CASSADRLLNEKLFF,63,3,0
CASSQDREHNEQFF,63,3,0
CASSVDRELYNEQFF,63,3,0
CASSVGTYNEQFF,12,0,4
CASSVGGYGEQFF,12,0,4
CASSATNYNEQFF,12,0,4
CSASLRIYNEQFF,12,0,4
CASSQDGAVNEAFF,28,0,4
CASSQGLVGEQYF,28,0,4
CASRPSGSGELFF,15,4,2
CASSPRLVSYEQYF,3,4,2
CASSLGRGNGELFF,12,0,4
CASSLAHPSTDTQYF,14,1,3
CSVAWTGDGELFF,64,2,0
CASSLAGTGVTETQYF,64,2,0
CASSPLAPIGQGIVETQYF,64,2,0
CASSRSGGAYEQYF,34,3,2
CASSSIQGASYNEQFF,52,4,2
CASSHQGASYGYTF,52,4,2
CASSFDGSSYNEQFF,52,4,2
CASSIDILSTGELFF,52,4,2
CASSPLAGIGETQYF,12,0,4
CASSPAAKNYEQYF,12,0,1
CASSLFRNTEAFF,12,0,4
CASSLIGEGEQYF,12,0,4
CASSLMGIREAFF,12,0,4
CASSLVGNTIYF,12,0,4
CASSLGGLEQYF,65,0,0
CASSLGGIEQFF,65,0,0
CASSGTGVEQYF,65,0,0
CASSLTPLAQQFF,65,0,0
CASSLGGRPGAIYF,11,0,3
CASSLFGRQGGELFF,11,0,3
CASSHMNRDGGELFF,11,0,3
CASSQERGRQGGTQYF,11,0,3
CASSPASTSTDTQYF,14,1,1
CASSETSGSTDTQYF,14,1,1
CASSPRASGSTDTQYF,14,1,1
CASSVASQSLVTQYF,14,1,1
CASSSTGATEAFF,6,0,1
CASSDGFAGELFF,6,0,1
CASSSSGTWGETQYF,6,0,1
CASSSQGGAGAEQYF,6,0,1
CASSLAGSQPQHF,25,0,1
CASSLDNSPLHF,25,0,1
CASSSIVESPAQHF,25,0,1
CAISGSGKTYEQYF,0,4,1
CASSLGTASTGELFF,11,0,3
CASSQLGGPSIGNEQFF,11,0,3
CASSLPGTGNYGYTF,36,0,2
CASSQPGTGNTEAFF,36,0,2
CASSLDGTGGYEQYF,36,0,2
CASSTPGRTNYGYTF,36,0,2
CASTMTGANEQFF,10,3,2
CASSTGTGAYEQYF,10,3,2
CASSAPTGTSGRSIQFF,18,0,1
CASSRGTGDGGYTF,11,0,2
CASSRGGADTEAFF,16,0,1
CSASKGAYDTEAFF,16,0,1
CASSLQGPYNEQFF,66,0,1
CASSLPGPNTEAFF,66,0,4
CASRPSVTGTNEKLFF,51,0,4
CSARSLTGGNEAFF,51,0,4
CSVSHGIGNEQFF,51,0,4
CASSLDGNTGELFF,41,0,4
CASSLQTNTGELFF,41,0,4
CASSVDEGTGETQYF,41,0,4
CASSPGLDTEAFF,28,0,4
CASSSGLDREQYF,28,0,2
CASSHGLPTEAFF,28,0,4
CASSEGQDTEAFF,28,0,4
CASSQDPRLDGETQYF,28,0,4
CASRERGDGELFF,11,0,2
CASSRIRGDGTEAFF,11,0,2
CASRLATGPTETQYF,67,3,1
CASRVRGGPYEQYF,67,3,1
CASSRTLTGVMETQYF,67,3,1
CSVGVTGRNEQFF,35,3,3
CSARELAGGPTDTQYF,43,1,1
CASSLGAGGPIDTQYF,43,1,1
CASSQLVFRGPYSSYEQYF,43,1,1
CASSLGITSTDTQYF,14,1,1
CSATWGQGDTF,14,1,1
CASSLGWVLTDTQYF,14,1,1
CASSAGQGPYNEQFF,30,4,0
CASSVGQGNYEQYF,30,4,0
CASSLRQGHYEQYF,30,4,0
CASSLGQTPHEQYF,30,4,0
CASTLGQGPYEQYF,30,4,0
CASSHTGALEQYF,12,0,4
CASSLDRSYEQYF,68,1,1
CASSLDRDTEAFF,68,1,1
CASSLDRSGYTF,68,1,4
CASSLGRGANYGYTF,17,0,1
CASSARMYVNYGYTF,17,0,2
CSARDLRGSYNEQFF,6,0,0
CASTKTFGSYEQYF,0,4,1
CSARGPGGSYEQYF,0,4,1
CASNTAGGPRELFF,0,4,1
CSAIYRKTGSEEEKLFF,0,4,1
CASSLDGSSYNEQFF,52,4,2
CASGLQGSSYNEQFF,52,4,2
CASSQIRLRDKNNEQFF,3,4,2
CASSQEGRVYEQYF,12,0,4
CAISDEGRNYEQYF,12,0,4
CASSPGGYGELFF,41,0,4
CASSDQAGGYGETQYF,12,0,4
CASSLSGSVNEQFF,52,4,2
CASSLSGSLWEQYF,52,4,2
CASSESGDVGEQYF,52,4,2
CSVLSGSFNEQFF,52,4,2
CASSLMGQSTYEQYF,38,0,0
CASSPLMGQDFMALHF,38,0,0
CASSLPGQGNEKLFF,66,0,4
CASSSLANTGELFF,26,0,4
CASSLRTTGELFF,59,0,4
CASSLGPFGEQYF,36,0,4
CASSLDRSSGNTIYF,50,4,2
CASSQDGDSGNTIYF,50,4,2
CASSPQGYQETQYF,0,4,1
CASSGSGTQETQYF,0,4,1
CASSLWWDTEAFF,2,4,1
CASSFFAGSPYEQYF,16,0,1
CASSSIPSLEQYF,32,4,1
CASSQDPAGPAETQYF,32,4,1
CASSWPLGGGAGYNEQFF,17,0,1
CASSLGKRTGELFF,12,0,4
CASSLQLGNTEAFF,32,4,2
CASSLSQGNTEAFF,32,4,2
CASSLLAGGRGEQYF,40,0,4
CASSSMLAGGRNEQFF,26,0,4
CASSMTSGSNEQFF,15,4,0
CASSWTSGDYEQYF,15,4,0
CASSMTSGSLNEQFF,15,4,0
CASSRTDRSYEQYF,15,4,0
CASSKTQVSYEQYF,15,4,0
CASTGQESYEQYF,15,4,0
CASSQFFPGSYNEQFF,15,4,0
CASSLTRSSYEQYF,50,4,1
CASSPGRSSYEQYF,50,4,1
CASSLWRSSYNEQFF,50,4,1
CASSPPGGTGELFF,41,0,4
CASSPPGGWAEAFF,41,0,4
CASSLGLAGRYF,28,0,4
CASSVGDLGEQYF,28,0,4
CAWNHQTDRGPGNQPQHF,0,4,1
CSAKDRGDTEAFF,0,4,1
CASSLDGGTKNIQYF,38,0,4
CASSLDGGGFKTQYF,38,0,4
CASSQDGRNTEAFF,41,0,4
CASSQQGMNYEQYF,41,0,4
CASSLDTWGTEAFF,41,0,4
CASSLSFENTEAFF,41,0,4
CSASRTGGVYEQFF,10,3,2
CASRTGGIYEQYF,10,3,2
CASSRRGGVTEAFF,10,3,2
CATSRIAGVKETQYF,10,3,2
CASSATGNTGELFF,26,0,3
CASSLTANTGELFF,26,0,4
CASSQTRNTGELFF,26,0,4
CASSSRGSDTQYF,7,0,0
CASSPGTSDVQYF,7,0,0
CASSLRAPGEQYF,51,0,3
CASSLIVPGELFF,51,0,3
CASSSTGAPGELFF,51,0,3
CASSLEAPGQRVF,51,0,3
CASSLGGGETQYF,65,0,4
CASSRTGTSGNTQYF,16,0,1
CASSRTGTSETQYF,16,0,1
CASSPSGSSYNEQFF,9,4,2
CASSPSGVSTDTQYF,9,4,2
CASSFLGWNTEAFF,28,0,4
CASIAGPNTEAFF,28,0,4
CASSLNSGSGKTQYF,3,4,2
CASSENSYSGNTIYF,3,4,2
CASSLYSRQGREAFF,3,4,2
CASSLGGTGNNEQFF,37,0,4
CASSPGGTGNNEQFF,18,0,1
CASSLGTGGGNEQFF,37,0,4
CASSLGGTWKNEQFF,37,0,4
CATSETGTGYNEQFF,37,0,4
CASSLWGQETQYF,4,4,1
CASSRTTGPTEAFF,10,3,2
CASRTFGLTEAFF,10,3,2
CASSLVGRPSYEQYF,55,2,2
CASSLVTGWDYEQYF,55,2,2
CASSLTGGFSYEQYF,55,2,2
CASSLSGGLSYEQYF,55,2,2
CASSPVGGWSNTIYF,55,2,2
CASSLRREGEAFF,59,0,4
CASSPARDDNEQFF,50,4,1
CASSLEGVNTEAFF,19,3,4
CASSLGGDSNQPQHF,31,1,3
CASSLRGDSNQPQHF,31,1,3
CASSLGADSNSPLHF,31,1,3
CASSLGGDPGVKQFF,31,1,3
CASSLDGGGYGYTF,38,0,4
CASSPTGDEQYF,14,1,3
CASKLFGDEQFF,14,1,3
CASSLGLLPNEQFF,3,4,2
CASSSGLASRYEQYF,3,4,2
CAWCGLASTEQYF,3,4,2
CASSPEGAREQYF,6,0,1
CASSDSPGGAHEKLFF,6,0,1
CASSLRRGGNQPQHF,33,3,4
CASKGGGGIQYF,33,3,4
CASSIGTVSTGELFF,11,0,3
CASSLTGADYGYTF,11,0,3
CASSPLGAVDTGELFF,11,0,3
CASSQDLLGTGIFGGELFF,38,0,4
CASSFLTVSNSPLHF,31,1,3
CASSEGTVSNQPQHF,31,1,3
CASSYSTLALSLSNQPQHF,31,1,3
CASSATGTGFYEQYF,38,0,4
CASSLAAGGIYEQFF,38,0,4
CATSLAGQGFYGYTF,38,0,4
CASSLDQGASYYEQYF,52,4,2
CASRELGGSKNIQYF,0,4,3
CATSKIAGGSKNIQYF,0,4,3
CASREQGRSGNTIYF,0,4,3
CASSSKLGPNEKLFF,2,4,1
CASSGLGPYEQYF,2,4,1
CASSSGDPYEQYF,7,0,0
CASSSGQDYGYTF,7,0,0
CASSFQAGPWETQYF,6,0,1
CASSEGGPYGYTF,6,0,0
CASSPWGPYGYTF,6,0,0
CASSLNGGNEKLFF,69,0,2
CASSLGRGNEKLFF,69,0,2
CASSNTGNEKLFF,69,0,4
CSAKGGNEQFF,69,0,2
CASRLAGGYEQYF,60,0,1
CASSPPAGGYNEQFF,60,0,1
CASSPLAGVYNEQFF,60,0,1
CASATGAATEAFF,19,3,2
CASMTTVATEAFF,19,3,2
CASSLIRAAGELFF,19,3,2
CASSLSAGQEKLFF,70,3,2
CASSLSTGNEKLFF,70,3,2
CASSPPIGWDEQFF,41,0,4
CASPPQGGVAETQYF,41,0,4
CASSLKGGLLYGYTF,71,2,3
CASSLMVGLLTEAFF,71,2,3
CASSPPGQGNEQFF,66,0,1
CASSLSGQGPEKLFF,66,0,4
CASSKPGQGNNEQFF,66,0,1
CASSLVAGGPYEQYF,26,0,4
CASRAGGVEKLFF,35,3,4
CASSRPGGLETQYF,35,3,1
CASSRAQGVETQYF,35,3,4
CASSQRGGPQETQYF,10,3,2
CASSSKRGGPQETQYF,10,3,2
CASSVGTILGEQFF,57,0,1
CASSVGTVVGNEQFF,57,0,1
CASRPLGGSGTEAFF,0,4,3
CSARPATGDTGELFF,0,4,3
CASRPTGGQGYEQYF,0,4,3
CSVRGQGGSRTEAFF,0,4,3
CASSETVMNRELFF,10,3,2
CASSLEGMIHEQYF,10,3,2
CSASSPVAGAYNEQFF,45,0,1
CASSPVFGVTTEAFF,60,0,1
CSVGGLAGGPGNEQFF,8,3,1
CASSTSGVAGGPANTGELFF,8,3,1
CASSFRGLAGGWGIQETQYF,8,3,1
CASSFTLAGAPGAYNEQFF,8,3,1
CASSYGLAGGPQTYNEQFF,8,3,1
CSVRLAGINQETQYF,8,3,1
CASSWGLAGGQVLQDTQYF,8,3,1
CASNDRVLNEQFF,63,3,2
CASSADRVVETQYF,63,3,0
CASSFKIAGGPGGGELFF,0,4,3
CASSPLRENTEAFF,12,0,4
CASSLTPGANKAFF,71,2,0
CASSSVTPGVNHEQYF,71,2,0
CASSLTSGANVLTF,71,2,0
CASSRGTGLDEQYF,10,3,2
CASSLYTGASLGYTF,10,3,2
CASSLRGGSSPLHF,72,0,2
CASSRGGDSPLHF,72,0,2
CASSVTNGDSPLHF,72,0,2
CSVLQTNTGELFF,41,0,4
CAWSVHRTTGELFF,41,0,4
CAWRGLGGSTDTQYF,43,1,1
CASSGALGTSTDTQYF,43,1,1
CASSGQGTFNEQFF,34,3,2
CASSGQGATNEKLFF,34,3,2
CSVQTGRSYEQYF,27,4,3
CSVSGGRDTEAFF,27,4,3
CSVQTGVSYGYTF,27,4,3
CASSPLIGHTGELFF,60,0,1
CASSWTGNTIYF,12,0,4
CASSRVGRNTEAFF,44,3,2
CASSYEGTYNEQFF,44,3,2
CATSEPGTYNEQFF,44,3,2
CASRDTGAYEQYF,34,3,2
CASSSRSGGAIKETQYF,34,3,2
CASSRSGGNTEAFF,34,3,2
CASSRSRGGYEQYF,34,3,2
CASSLWGVGVNTEAFF,1,4,0
CASMPDRGVSNEKLFF,2,4,1
CAISDDRGVSGANVLTF,2,4,1
CASSVRGQETQYF,4,4,1
CASSPRGQETQYF,73,4,1
CASSYRGQETQYF,4,4,1
CASSLSGNYEQYF,74,4,2
CATSDSVSGPYNEQFF,53,4,2
CASSPTGTGGYGYTF,18,0,1
CASSLVQGSQPQHF,75,0,2
CAWSHLQGDQPQHF,75,0,2
CASSLALGDQPQHF,75,0,2
CASSLLQGGQPQHF,75,0,2
CASSLSGWAYNEQFF,35,3,2
CASSAPGRNYNEQFF,35,3,2
CASSVDNRVFNEQYF,35,3,2
CSASSQPSGKATNEKLFF,35,3,2
CAISEGRSSYEQYF,50,4,1
CASSSKGGTEAFF,51,0,1
CASSSSLKGGTDTQYF,51,0,4
CSLQTSGRSLNEQFF,9,4,2
CASSLSQGSGGYTF,32,4,2
CASSLSDGSTYEQYF,32,4,2
CASSLSQQSPNIQYF,32,4,2
CATSDQGQGGSIYNEQFF,9,4,2
CASSQRQGGSLGTEAFF,9,4,2
CASSQGDGGQQNYGYTF,9,4,2
CASSLSQGLTYEQYF,32,4,2
CASSVLSSGSYNEQFF,32,4,2
CASSLGVNTEAFF,28,0,4
CASSVGANTEAFF,28,0,4
CASSVGVRTEAFF,28,0,4
CASSWGVNTEAFF,28,0,4
CASSLAVNTEAFF,28,0,4
CASSQGLNTEAFF,28,0,4
CASSVYVNNEQFF,28,0,4
CASSLLDRDQETQYF,68,1,1
CASSSAVDRDQGQPQHF,68,1,1
CAISNRGGNTEAFF,10,3,2
CASSRRGGVDEQYF,10,3,2
CSAPRREGVGELFF,10,3,2
CASSSGTGVGETQYF,57,0,1
CASSLGGANTEAFF,76,3,4
CASSLTFLNTEAFF,19,3,4
CASSLVRGPDYGYTF,55,2,2
CASSWARGPLYEQYF,55,2,2
CASSLNGVYNEQFF,33,3,4
CASSVTVYSNQPQHF,54,2,1
CASSLPGLAVEQFF,66,0,1
CATSDPGQAIETQYF,66,0,1
CASSSPSGGGRNTEAFF,48,0,1
CASSLSVGIRNEQFF,48,0,1
CASSLGPQGGAFF,6,0,0
CASSINLDWGYTF,6,0,0
CASSPSGSPGGYTF,52,4,2
CASPLAGVWYEQYF,70,3,1
CSPPPLAGVNYNEQFF,70,3,1
CSPQAGVVYEQYF,70,3,1
CASSSSPGVSGANVLTF,2,4,1
CASSSSGRVSGANVLTF,2,4,1
CASSLSPGVSGNTIYF,2,4,1
CASSPDGGRRETQYF,48,0,1
CASSPSRGGNEQFF,48,0,1
CASSLDRNRNEKLFF,38,0,0
CASSLDRRKNNEQFF,38,0,4
CASSQDRGRTEAFF,38,0,0
CASSLQNQETQYF,4,4,1
CASKTGTGDNEQFF,22,4,3
CASSIDPPMGQTTNEKLFF,60,0,1
CASSAIQGGSYNEQFF,0,4,1
CASSPLLGTGELFF,12,0,4
CASSPVAGEGETQYF,12,0,4
CASSLTRADYGYTF,11,0,3
CASSPTWQDYGYTF,11,0,3
CASSSTVAGLNTDTQYF,45,0,1
CASSSRLAGARTDTQYF,45,0,1
CASSPYLAGANTGELFF,45,0,1
CASSQTLLAANTGELFF,45,0,1
CASSQRGQSNQPQHF,31,1,3
CASSLRHDSNQPQHF,31,1,3
CSARSGQGASGANVLTF,21,4,1
CASSSRQGASGPGTQYF,21,4,1
CASSRGGQGASGANVLTF,21,4,1
CSASPGQGALGAQAAFF,21,4,1
CASSPQGVGLSGANVLTF,21,4,1
CASRSGRGISGANVLTF,21,4,1
CASRDPRQVLSGANVLTF,21,4,1
CASSVQGAGNQPQHF,33,3,4
CASSLLGAGADTQYF,33,3,4
CASSLEGTATPQHF,13,4,3
CASSVEYFATGELFF,13,4,3
CASSPRTGGSYNEQFF,16,0,1
CAWSRGRTSNYGYTF,16,0,1
CASSQGMNSNQPQHF,31,1,3
CASSSQGRQDNPRELFF,31,1,3
CSARPHRGSNEKLFF,2,4,1
CASSFPHFGSNTGELFF,2,4,1
CASRRPHRADGNQPQHF,2,4,1
CASSKETGAYEQYF,10,3,2
CASKRTGTYEQYF,10,3,2
CASSLGGTGIQYF,77,0,2
CASSLGGYGYTF,77,0,4
CASSSPSLGTTRFGELFF,77,0,2
CASSSEGESEKLFF,6,0,0
CATQPGQGSYEQYF,3,4,2
CASSPGQGDTEAFF,3,4,2
CASSSPTSGSYNEQFF,3,4,2
CAWSVSRGSQPQHF,21,4,1
CASSSRTGDNYGYTF,23,4,4
CASSRTGQETQYF,23,4,4
CASSSRRRSNYGYTF,23,4,4
CASSLDTAQETQYF,23,4,4
CASSSQGGTGELFF,41,0,4
CASSDGGTYEQYF,41,0,4
CASSQGRTTEAFF,41,0,4
CASISPGIYSGNTIYF,18,0,1
CASSQGRTDTTEAFF,18,0,1
CASRPRDSYEQYF,0,4,1
CASSPQQDNEQFF,32,4,1
CASSQAGPNTEAFF,28,0,4
CASSLTPNTEAFF,28,0,4
CASSQTGPLTEAFF,28,0,4
CASSQAPPNTGELFF,28,0,4
CASSLGGAGYEQYF,76,3,4
CASSLGGANTGELFF,76,3,4
CASSLGRQNTEAFF,76,3,4
CASSLVWNTGELFF,26,0,4
CASSLFANTGELFF,26,0,4
CASSGAANTGELFF,26,0,4
CASSHGGRTEAFF,41,0,4
CASSLLSGRTEAFF,78,2,0
CSADLASGGTEAFF,78,2,0
CASSLPSGREETQYF,78,2,0
CASSLLSGNTGELFF,78,2,0
CASSERTASNQPQHF,31,1,3
CASSPPIGPSNQPQHF,31,1,3
CASSQEGTQETQYF,23,4,4
CASSFKTDYEQYF,2,4,1
CASSFREDYEQYF,2,4,1
CASSFRTHYEQYF,2,4,1
CASSFRTDYGYTF,2,4,1
CASIGAGHNEQFF,79,3,4
CASSIGLGGGETQYF,79,3,4
CASIGATKNIQYF,79,3,4
CASSPGTDGYTF,6,0,3
CASSQARGGGQQFF,14,1,3
CSAHTGTVQYF,14,1,3
CASSLEPRASNEKLFF,1,4,0
CSASLGALPYYEQYF,3,4,2
CSASAGAHPGELFF,3,4,2
CASSQVGRGNTEAFF,36,0,4
CASSQGGRGNYGYTF,36,0,4
CASRWGTQETQYF,16,0,1
CASSSRTGNSAYGYTF,16,0,1
CASSRTIFQETQYF,16,0,1
CASSWGWMSEGYTF,16,0,1
CASSLPAGAYNEQFF,45,0,1
CASSLDAGAMNTQYF,45,0,1
CASSHPVGPYNEQFF,45,0,1
CASSLIPGGTEAFF,33,3,4
CASSLIPGKYEQYF,33,3,4
CASSAIPRNTEAFF,33,3,4
CASSYQGGNTEAFF,34,3,2
CASSYKGGNTEAFF,34,3,2
CASRQGRNTEAFF,34,3,2
CASSYSGGARETQYF,35,3,1
CASSPRGPSYNEQFF,18,0,1
CASSYSRGATEAFF,35,3,1
CSVSTSGVAGELFF,35,3,1
CASSLTSGGAGETQYF,35,3,1
CSASVGGRWENIQYF,37,0,4
CASSVGGTWFHEQYF,37,0,4
CASSPTWGGGELFF,57,0,1
CASSAARAANTEAFF,80,0,2
CAISEARAAYNEQFF,80,0,2
CASSTNRALNTEAFF,80,0,2
CASSLGAGQETQYF,23,4,4
CASSLGHNQETQYF,23,4,4
CASSTGATQETQYF,23,4,4
CASSLWANQETQYF,23,4,4
CSASVGLAQETQYF,23,4,4
CASSPGTGQETQYF,23,4,4
CASSLGAKPAGEQYF,23,4,4
CASSPFPGWYEQYF,33,3,4
CASRQGADTQYF,21,4,1
CASSRSGDSNQPQHF,21,4,1
CASSFSGPSGNTIYF,50,4,2
CASATGVYNEQFF,33,3,4
CASSPGGVYNEQFF,33,3,4
CASSLGTVYTEAFF,76,3,4
CASSLGGSYNEQFF,33,3,4
CASSEGGAYNEQFF,33,3,4
CSVHGLDTQYF,24,1,3
CSARGADTQYF,24,1,3
CASGSAGRSYEQYF,27,4,2
CASGSGTYSYEQYF,27,4,2
CSGSQGRDEKLFF,27,4,2
CASSPSRGGTEAFF,51,0,1
CASSPSRGTNSPLHF,48,0,1
CASSVLGRTSTDTQYF,43,1,1
CASSFGGGGSTDTQYF,43,1,1
CASSLNGGVSTDTQYF,43,1,1
CASSSGTGTGELFF,57,0,1
CASSSYTGAGELFF,57,0,1
CASQSGTGVYEQYF,57,0,1
CASSVGEGAGTEAFF,40,0,0
CASSFAEGALGYTF,40,0,0
CASSLAEPAIYEQYF,40,0,0
CASSLIADSYNEQFF,1,4,3
CASSLVLDPNGYTF,1,4,3
CASSLVVSLGTEAFF,1,4,3
CASSPTGGETQYF,65,0,4
CASSLGGTEAFF,65,0,4
CASSLGGGDTQYF,65,0,4
CASSLKQGATEAFF,56,4,0
CASSSPGANVLTF,32,4,2
CASSPPLQGATVAEAFF,32,4,2
CSASTGYEQYF,21,4,1
CASSSASGGKADTQYF,21,4,1
CASSLVESYGYTF,6,0,4
CASSQARDYGYTF,6,0,4
CASSLGQGTEAFF,62,0,4
CASSETGVFTQYF,20,0,4
CASSERGINIQYF,20,0,4
CASSQEPGVNTEAFF,20,0,4
CASSGQATSTDTQYF,14,1,3
CASSRGLPNEQFF,51,0,3
CASSSRGLQNYGYTF,51,0,3
CASSPRGVPYEQYF,51,0,3
CASSLLAGGGYNEQFF,81,0,4
CASSLLAGPTYNEQFF,81,0,4
CASSVVAGTGMNTEAFF,81,0,4
CSVVSAGGRYNEQFF,81,0,4
CASSSLQGRVEAFF,29,4,0
CSVDFGGLDNEQFF,16,0,1
CASSLLPGTTYEQYF,77,0,4
CASSLPGTGYTF,77,0,4
CASSVGPGTIYEQYF,77,0,4
CASSVGSIGNEQFF,33,3,4
CSAPVGPGGRAEAFF,33,3,4
CASSLNSGSSYEQYF,53,4,2
CASSFLTSGSQETQYF,53,4,2
CASSSLEDRAFF,28,0,2
CASSEQGRFYEQYF,34,3,2
CASSFGGVSGNTIYF,11,0,3
CATSGGTASGNTIYF,11,0,0
CASSFTVASGNTIYF,11,0,3
CASAGGNTGELFF,26,0,3
CASSATGEGREKLFF,26,0,1
CASTRTGSDEQYF,10,3,2
CASSTRVNLDEQFF,10,3,2
CASTMPGSDTQYF,10,3,2
CASSVIAGEGEQYF,12,0,4
CASSGDLGISTDTQYF,43,1,1
CATSGSGSSYNEQFF,52,4,2
CASSQASGSSYNEQFF,52,4,2
CASSQATASPYEQYF,70,3,1
CASSQETHSSYEQYF,70,3,1
CASSQAGVPPGEQYF,70,3,1
CASSSLQDYSNQPQHF,54,2,1
CASSLGQGNNEQFF,56,4,0
CASSLGQNYNEQFF,56,4,0
CASSGQGNNEQFF,56,4,0
CASSLGQRNTEAFF,56,4,0
CASSLFQGRNEQYF,56,4,0
CASSQAGQGTKETQYF,56,4,0
CASSRLWSSGNTIYF,50,4,2
CASSRGGSSYNEQFF,50,4,1
CASSQRHTSSGANVLTF,50,4,2
CASSFDLTSGNTIYF,2,4,4
CASSEWGPPGEQYF,82,3,4
CASSIMGPPNTEAFF,82,3,4
CASSLDTGGNQPQHF,13,4,3
CASSPLDRGRNQPQHF,13,4,3
CASSLGQAYEQYF,62,0,4
CASSQTSAYEQYF,62,0,4
CASSLGPGDQPQHF,75,0,2
CATSDASGDQPQHF,75,0,2
CASSPKGAQNTEAFF,51,0,3
CASSHKAVSYEQYF,3,4,1
CASSLAHQPTDTQYF,14,1,3
CASSPAGLGTGGYTF,19,3,4
CASSLVGGNQPQHF,72,0,2
CASSLVGGRQPQHF,72,0,2
CASSLVGLNQPQHF,72,0,2
CASSVTGGNQPQHF,72,0,2
CASSLVGRNSPLHF,72,0,2
CASSLPGRNQPQHF,72,0,2
CASGVGGAQPQHF,72,0,2
CASSAGTGKNIQYF,17,0,4
CASSLGITKNTEAFF,17,0,4
CASSPGGNKNIQYF,17,0,4
CASSTGTEKNIQYF,17,0,4
CASSYSLGTGKFHYEQYF,17,0,4
CASSSLLLTMNTEAFF,71,2,0
CASSLGAGMNTEAFF,71,2,0
CASSSGGGQRYGYTF,23,4,4
CASSFKVSGELFF,83,4,2
CASSIQASGEQFF,83,4,2
CASSSWTVSGNTIYF,83,4,1
CASSQEKLSGNTIYF,83,4,2
CASSLAQGGKTQYF,36,0,1
CSARDLIQGGGTEAFF,36,0,1
CASSLVQGGMAEQFF,36,0,3
CASSLAGLAGGRRDF,70,3,1
CASSLSAPGLAGGYNEQFF,70,3,1
CASSLAGVNTGELFF,70,3,1
CASSYSGTRVSRPDTQYF,14,1,3
CASSFLRAVNQPQHF,14,1,3
CASSDGTTNEQFF,41,0,4
CASSHKTGNTEAFF,10,3,2
CASSLYSNGQENTEAFF,0,4,1
CASSLGQGNEQYF,66,0,4
CASSLGDYNEQFF,66,0,4
CASSPGQTNEQFF,66,0,4
CASSLDRKDQPQHF,21,4,1
CATSDQRYQETQYF,0,4,1
CASSPQRGHETQYF,0,4,1
CAWSRATKYTEAFF,44,3,2
CASSQAVSSYEQYF,83,4,2
CASSAPSSYEQYF,83,4,2
CASSPDRGRRTEAFF,48,0,1
CSAPLAGTGTQYF,12,0,4
CASRQGANNEQFF,34,3,2
CASSRDRAPGELFF,34,3,2
CASNRQGAPYEQYF,34,3,2
CASSSGQGAPNTGELFF,34,3,2
CASSQGKRGAQHF,41,0,4
CASSSIGRNEQFF,41,0,4
CSASGSSEQFF,14,1,3
CATGLADFSSTDTQYF,14,1,3
CSAAAGGNTGELFF,26,0,3
CASSGHGGRSNQPQHF,31,1,3
CASSPRGGGLGNEQFF,16,0,0
CASSPNRGGSGYNEQFF,16,0,1
CASSLSGGGYGYTF,81,0,4
CASSLDPGGTGELFF,38,0,4
CASSLDRRGTGELFF,38,0,4
CASSFPGRQGTEAFF,0,4,1
CASSFSGRQETQYF,0,4,1
CASSQEQGSYNEQFF,3,4,2
CASSSGQGSYNEQFF,3,4,2
CASSQDWDGSYNEQFF,3,4,2
CASSPTGNTEAFF,41,0,1
CASSPGRNTEAFF,41,0,4
CASSPTINNEQFF,41,0,4
CASSRTGNTEAFF,41,0,1
CASSPTGRGAFF,41,0,4
CASSQSYGVNTEAFF,81,0,4
CASSSTGVYGYTF,81,0,4
CASGSDSWYLNTEAFF,81,0,4
CASSQVAGGRETQYF,40,0,4
CASSQLAGGLETQYF,40,0,4
CASSQVYGTRNEQFF,40,0,4
CASSQAGSQRKFF,25,0,1
CASSPPVANEQFF,32,4,1
CASSEPFLVEQYF,32,4,1
CASSLRGTEAFF,65,0,4
CASSFTGTEAFF,65,0,4
CASSWGRGSTDTQYF,24,1,2
CASSPERGATDTQYF,24,1,2
CASSPGTGRNEQYF,18,0,1
CASSSPGTGRTYEQYF,18,0,1
CASSPGTGRTYEQYF,18,0,1
CASSPGTGGIETQYF,18,0,1
CASSLTGSAYEQYF,5,4,0
CASSLRESVYEQYF,5,4,0
CASSQRTSPGELFF,5,4,0
CASSSGTGGNEQYF,57,0,1
CASSYTGGNEQFF,57,0,1
CASSGRGGEEQYF,57,0,1
CASSSGTGGYHEQYF,57,0,1
CASSQGTGGPETQYF,57,0,1
CASSGLAGPETQYF,45,0,1
CASSRLAGPTYEQYF,45,0,1
CASSPPLAGDETGELFF,45,0,1
CASSLTGGYQETQYF,72,0,2
CASSAYGGKQETQYF,72,0,2
CASSLAGAYQETQYF,72,0,2
CATSRVVGAYEQYF,60,0,1
CASSRLAGTYEQYF,60,0,1
CASSQGKAEAFF,6,0,1
CASRGGGSLHTF,16,0,1
CASSLQETQETQYF,23,4,4
CASSLLGGTEAFF,12,0,4
CASSLARGTEAFF,12,0,4
CAWSWGRLAGHEQYF,19,3,2
CASSSRTVSTDTQYF,24,1,3
CASSQGYGPTDTQYF,24,1,1
CASRENLSYEQYF,15,4,0
CSASRTPLSYEQYF,15,4,0
CASSLVAGGTGELFF,40,0,4
CASSSGLAGGRGEQFF,40,0,0
CASSKGGRVQETQYF,10,3,2
CASSKRGGQSATQYF,10,3,2
CASSQDVGQGRYTF,2,4,1
CASSAPDRGQNYGYTF,2,4,1
CATSKGPGSNQPQHF,54,2,2
CASSRGQGSNQPQHF,54,2,2
CASRGPTDTQYF,54,2,2
CASSLGTAYYEQYF,76,3,4
CASSLYGPGYEQYF,76,3,4
CASSKQGGVETQYF,35,3,1
CASSSGQGNAENIQYF,35,3,1
CSVLSGTGYGYTF,81,0,4
CASSDSTGTYGYTF,81,0,4
CASSPRRFPYEQYF,51,0,3
CASSPRTVPFYGYTF,51,0,3
CASSPRWAPIEQYF,51,0,3
CASTLAGGRGEKLFF,8,3,1
CASSEVAGITGYEQYF,8,3,1
CASSRPGTGISGANVLTF,21,4,1
CASSRPSGQGRGYTF,15,4,2
CASRPDRQGEQFF,15,4,2
CASSYSSFSGELFF,15,4,2
CATSTKRGAYEQYF,10,3,2
CASGGGRAYEQYF,10,3,2
CASSRNTGAYNEQFF,10,3,2
CASSSSDRDFETQYF,68,1,1
CASSLDKDTQYF,68,1,1
CASSPVDRDYEQYF,68,1,1
CASSLANGGAYEQYF,38,0,4
CASSQENGGAYEQYF,38,0,4
CASSLTRGGLYGYTF,38,0,4
CASSLARERAYEQYF,38,0,4
CASSLGGRTSNYNEQFF,16,0,1
CASSLIGVRTEAFF,76,3,4
CASSLGTVRTEAFF,76,3,4
CASSLLAGGVLDTQYF,14,1,1
CASSVVRGGLTDTQYF,14,1,1
CASSLAWTGVTDTQYF,14,1,1
CASSVRAEREQYF,28,0,4
CASSWGQGPNEQYF,84,4,0
CAISKGQGPNEQFF,84,4,0
CASSPGGYYEQYF,41,0,4
CASSPGTTYEQYF,41,0,4
CASSNGQDGYTF,28,0,4
CASSLAPLGTQYF,6,0,0
CASSMTAGPTYEQYF,45,0,1
CSASKAGPTYEQYF,28,0,4
CASSPPGTAKNIQYF,73,4,1
CATSDPGTAETQYF,73,4,1
CASSYSTGPNTEAFF,35,3,1
CASSYSEGPAYEQYF,35,3,1
CASSTSLGQNTEAFF,35,3,1
CASSLGGVDIQYF,65,0,3
CASSLGGADTQYF,65,0,3
CASSLRGVDTQYF,65,0,3
CASSLPGQDIQYF,65,0,3
CASTRGGNTEAFF,34,3,2
CASSNRGLNTEAFF,79,3,2
CASRGPGTSIYGYTF,0,4,1
CASSLSMMPGQGGDQPQHF,1,4,0
CASSLEPWDGYGYTF,1,4,0
CASSGQTGATGELFF,35,3,1
CASSPAPSSYEQYF,83,4,1
CASSPTQSSYEQYF,83,4,1
CASSLAGQPQHF,25,0,0
CASSLRGRPQHF,25,0,0
CASSLAVGDLGYGYTF,38,0,4
CASSLGQGLNTEAFF,56,4,0
CASSLRQGAGTEAFF,56,4,0
CASSLGSGLIYEQYF,56,4,0
CASSSPGNTEAFF,32,4,2
CASRLGGTGVGNEQFF,64,2,0
CASSYIGVGGYTF,20,0,4
CASSLIGVQGYTF,20,0,4
CASSPQGVPGTEAFF,34,3,2
CASSLVVGAQKNEQFF,85,0,0
CASSLVVGVVTGELFF,85,0,0
CASSSGGGSDTQYF,23,4,4
CASSSRTGSDTQYF,23,4,4
CASSPGTGSSGELFF,23,4,4
CASSPIGRANTEAFF,17,0,4
CASSPIGRKNIQYF,17,0,4
CASSFGQGLGEKLFF,84,4,0
CASSQGQGANEQFF,56,4,0
CASSQAGQGAGYDGYTF,56,4,0
CASSQGLTGPYYEQYF,40,0,4
CASSIHGLAGPYYNEQFF,40,0,0
CASSLGPGGPNYGYTF,40,0,4
CASSLDRGALSPQHF,13,4,3
CASSIDGRAADEQFF,13,4,3
CASSLARGNEQFF,86,0,4
CASSSLRGNEQFF,86,0,4
CASSLQGQPMNTIYF,7,0,0
CASSGGTASNTEAFF,11,0,0
CASSESGTNEKLFF,70,3,2
CASTYGGNTEAFF,34,3,2
CASSFRGGYTEAFF,34,3,2
CASSGRGRETEAFF,34,3,2
CASSDGAGVQETQYF,10,3,0
CASSVEVVPHEQYF,10,3,0
CAISQTEKSNQPQHF,31,1,3
CASSQDPTGPNTEAFF,73,4,1
CASSPDPGTVNTEAFF,73,4,1
CASSLLAGGAVYGYTF,36,0,4
CASSLVAGGAPGEKLFF,36,0,4
CASSLGLGGAVFGYTF,36,0,4
CASSPGGYGYTF,77,0,4
CASSLRGTNYGYTF,17,0,2
CASSLGGGNAGELFF,17,0,2
CATSDVRTGHTGELFF,17,0,2
CASSLSGVLYGYTF,35,3,2
CASSLAGVRYNEQFF,70,3,1
CASSANAGANVLTF,84,4,0
CASSYRAGANVLTF,84,4,0
CASSPEGYYNEQFF,18,0,1
CASSQEGYTGELFF,18,0,1
CASSPETGYEEQYF,18,0,1
CASSLFGVNTGELFF,70,3,1
CASSSLAGSNTGELFF,70,3,1
CASSLAIVNYGYTF,70,3,1
CASSLARVGTGELFF,70,3,1
CASSSRAGDSNQPQHF,21,4,1
CASSREEDSNQPQHF,21,4,1
CASSLWAGDSNQPQHF,21,4,1
CASSLAWSEAFF,68,1,3
CASSQATSEAFF,68,1,3
CASSEAVSEAFF,68,1,3
CASSLSDRDTDTQYF,14,1,1
CASSVTERANNEQFF,1,4,0
CASSFLGVGNTEAFF,82,3,4
CASSFTGAGNTIYF,82,3,4
CASSTQKRSGNTIYF,2,4,4
CSARDLGPSTEAFF,6,0,0
CATSMDLGPQTYEQYF,6,0,0
CSARDLGLAEETQYF,6,0,0
CSALLADTQYF,54,2,2
CSAPLTDTQYF,54,2,2
CSAPIADTQYF,54,2,2
CSASPADTQYF,54,2,2
CASSSGLAGRYNEQFF,45,0,1
CASGPGLAGVYNEQFF,45,0,1
CASSLSSGNNEQFF,32,4,2
CASSLSSGTYEQYF,32,4,2
CASSPSSGMNEQYF,32,4,2
CASKSSGYNEQFF,32,4,2
CASSLSSGEETQYF,32,4,2
CASSLDRWDEKLFF,23,4,4
CSAETYGFQHF,33,3,4
CASSLEGRGLDEQYF,33,3,4
CASSLGGISEQYF,49,0,2
CASSPNGGSEQYF,49,0,2
CASSQGRGSEAFF,49,0,2
CASSDTGGGSEAFF,49,0,2
CASSVGTGSLQYF,49,0,2
CASSVGGKDEQFF,49,0,2
CASSPGTGVETQYF,23,4,4
CSASPGTAQETQYF,23,4,4
CASSDRGGGTEAFF,41,0,1
CATSDRWGGNEQFF,41,0,1
CASSSDRGPGNEKLFF,41,0,1
CASSDRTGGGRYTF,41,0,1
CASSPRGIGYEQYF,41,0,1
CATSDSLAGIPSGKNIQYF,55,2,2
CASSQAGTPSREQYF,55,2,2
CASSLLPTNEKLFF,69,0,4
CASSLAQNNEKLFF,69,0,4
CASSYLGRGEETQYF,10,3,2
CASSYLGRGQETQYF,10,3,2
CASSLEAGVGREQFF,40,0,4
CASSLPPGTNTEAFF,38,0,4
CASSLPVGGGTEAFF,38,0,4
CASSRGQGLNEKLFF,84,4,0
CASSLQGTDSPLHF,72,0,2
CASSFSGIDSPLHF,72,0,2
CASSVDGTSSDTQYF,72,0,2
CASRPLGTGELFF,41,0,4
CASSRPGIGTEAFF,41,0,4
CASSPGRVAEAFF,87,0,4
CASSPGRGIEQFF,87,0,4
CASSQPGHRNTEAFF,36,0,2
CASSFLQGNTEAFF,30,4,0
CASSFGQGNTEAFF,30,4,0
CSASKHQGNTEAFF,30,4,0
CASIPQGGTEAFF,30,4,0
CASSFLQGTYNEQFF,30,4,0
CSAQKYPLAAGVGAYNEQFF,88,3,1
CASSPARAGEGAGELFF,88,3,1
CATSRGLQAGAGADTQYF,88,3,1
CSVVPGKAFF,12,0,4
CAWSSLASGAYNEQFF,74,4,2
CASSPASGTYNEQFF,74,4,2
CASSLVSTEYTEAFF,74,4,4
CASSLEASGAKNIQYF,74,4,2
CASSLDPGAYNEQFF,45,0,1
CASSLVPRTIEAFF,33,3,4
CASSLGGGIHNEQFF,55,2,3
CASSLGGGRHTEAFF,55,2,3
CASSLGGGWDNEQFF,55,2,3
CASSLFRGTEAFF,12,0,4
CASSQGTGLYNEQFF,18,0,1
CASSPGTGGYNEQFF,18,0,1
CASSPHEGREGIYF,36,0,4
CAADRGGDTEAFF,27,4,2
CSALSGGRDTEAFF,27,4,2
CASSQGYGGSGANVLTF,21,4,1
CASSLGYRGPGANVLTF,21,4,1
CASSQGGWGQGAYEQYF,21,4,1
CASSPSDRSYNEQFF,68,1,1
CALHQGLRFSGANVLTF,21,4,1
CASSPSGGGNYGYTF,48,0,1
CASSPSGEGNYGYTF,48,0,1
CASSPSGTGETEAFF,48,0,1
CASPPSGGANTQYF,48,0,1
CASSLTPRNEQFF,28,0,4
CASSLTPYNEQFF,28,0,4
CSVDSGNSHEQYF,0,4,2
CASSLQSGGPQETQYF,0,4,2
CASSPRTGSAPEQYF,3,4,1
CASSLAGQMNTEAFF,82,3,4
CASSLAGDTNIQYF,82,3,4
CASSLAGQKETQYF,82,3,4
CASSLTGQGNTEAFF,82,3,4
CASSIAIDMNTEAFF,82,3,4
CASSLRDASYEQYF,15,4,0
CASSHRDRSYEQYF,15,4,0
CASAKSPSYEQYF,15,4,0
CASSPQRDLSYNEQFF,15,4,1
CASSSITGAKNIQYF,32,4,2
CASSEKGLNVLTF,32,4,2
CASSPSWGGAHVEQFF,32,4,2
CASSLRRENTQYF,59,0,4
CASSFNREGEQYF,59,0,4
CASSVGTGGTGELFF,37,0,4
CASSPQVGQGAEAFF,2,4,1
CASSLLAAGQIYNEQFF,89,0,4
CASSLEAAGPAYEQYF,89,0,4
CASSGPGTGTETQYF,41,0,4
CASSQVGVAGNTIYF,28,0,4
CASSRAPGGYEQYF,60,0,4
CATSRLAGGGNEQFF,60,0,1
CASTLAFGTEAFF,60,0,1
CASTQDRGSTDTQYF,2,4,1
CASSPAGAKNIQYF,17,0,4
CASSLNIVSEQFF,49,0,2
CASSLGYRDEQYF,49,0,2
CSASPGGRDEQFF,49,0,2
CASSGRRGAYEQYF,10,3,2
CASSPPLVLQGISEQFF,45,0,1
CASSDTTGKGNTQYF,37,0,3
CASSPRGYNEQFF,41,0,2
CASSPRNNNEQFF,41,0,2
CASSPGRGTEAFF,41,0,4
CASSSYRNTEAFF,41,0,4
CAISESPGRRTKNEQYF,41,0,4
CASSQGAGNTIYF,61,0,4
CASSLGAGYGYTF,46,0,4
CASSLGPGNTIYF,46,0,4
CASSVGAGETQYF,46,0,4
CASSSTGLGNTIYF,46,0,4
CASSLEVGNTIYF,46,0,4
CASSDLAGGLNEQFF,40,0,4
CASSLVEGGFGELFF,40,0,4
CAISDLAGGTGELFF,40,0,4
CASRPLALPGTGELFF,40,0,4
CASSLLQGGMNTEAFF,36,0,4
CASLQQIGANYGYTF,36,0,4
CASSSLLAGGTDTQYF,90,0,1
CASSLLAGTTDTQYF,91,0,1
CASSGLAGGTDTQYF,90,0,1
CASSPLAGGPDTQYF,90,0,1
CASSLRGATDEQFF,72,0,2
CASSLQEARQETQYF,72,0,2
CASSLKGGGYTF,77,0,4
CASSERGYGYTF,77,0,4
CASTPAAVGSDNEQFF,55,2,2
CASSLVVGVDNEQFF,55,2,2
CASSPKLPPSDNEQYF,55,2,2
CASSPVERSSYNEQFF,50,4,0
CASSEAWRVSYNEQFF,50,4,1
CSPWEGGDGYTF,16,0,1
CASSKYRGASGYNEQFF,16,0,1
CATSRDTFAETQYF,35,3,4
CASSLTGEETQYF,59,0,1
CASSLAGEETQYF,59,0,1
CASSQVTGEETQYF,59,0,1
CASSLGREETQYF,59,0,4
CASSLTEEETQYF,59,0,1
CASSPSGGGDEQYF,49,0,2
CASSEWREPQETQYF,8,3,1
CASSLTGTGRAGYTF,26,0,1
CATSDTGTGRVTQYF,26,0,1
CASSLKGAGRAEAFF,26,0,1
CAISSGTGWTEAFF,41,0,1
CASSSGTGMGETQYF,41,0,1
CASSSPGGASGGYTF,65,0,3
CASSLTVLDTQYF,65,0,3
CASGNGGTGELFF,92,3,2
CASSGTGGTGELFF,92,3,2
CASSVTRGVETQYF,23,4,4
CASSPKADEQYF,14,1,3
CASSLQGDTQYF,68,1,1
CASSLSTDTQYF,68,1,1
CASSPPGDTQYF,68,1,1
CASSPRVLGEQFF,28,0,4
CASSIGTGHGYEQYF,11,0,3
CASRGWIDGYTF,11,0,3
CASSRMAGGFHEQFF,44,3,2
CASSPKEGGRGETQYF,44,3,2
CASALAGTEAFF,93,0,3
CSADVGTEAFF,93,0,3
CSALPNTEAFF,93,0,3
CASSYAGDYGYTF,2,4,1
CASSPRTGGHEQYF,18,0,4
CASSLSAGGFYEQYF,38,0,4
CASSLGAGGINEQFF,38,0,4
CASSLEAGNAYGYTF,38,0,4
CASSVGTAAYEQYF,76,3,4
CSVEGGVSEAFF,31,1,3
CSADGQNSYEQYF,3,4,2
CASSQDRQANEAFF,63,3,1
CSAERGGQETQYF,23,4,4
CASSPPGQLYEQYF,66,0,1
CASSPPGQVYNEQYF,66,0,1
CASSPPGQVYNEQFF,66,0,1
CASSEPGQLYEQYF,66,0,1
CASSPAREGKNIQYF,12,0,4
CASSPGFQETQYF,73,4,1
CSASGTGVTGELFF,92,3,2
CASSGTFGGTEAFF,92,3,2
CASRGRGTGELFF,92,3,2
CASPGTTNTGELFF,92,3,1
CASSGTGIFHEQYF,92,3,2
CASSPRNTYEQYF,41,0,4
CSARVAGGPDTGELFF,11,0,3
CASTPTPGTMNTEAFF,1,4,1
CASSSDGNTEAFF,32,4,2
CASSARGGTYNEQFF,80,0,2
CASSARGTNYGYTF,80,0,2
CSARGGRGYTF,80,0,2
CASSVGGWGTEAFF,33,3,4
CASSPGGWYTEAFF,33,3,4
CASSLRLAGDNTGELFF,40,0,0
CASSERLAGDGTDTQYF,40,0,0
CAIRLAGDNEQFF,40,0,0
CASSLGPAGDFNEQFF,40,0,0
CASSTPAGRLNTEAFF,1,4,0
CASSIVSGSANEQFF,15,4,0
CASSRAGGTYNEQFF,44,3,0
CASSLAPNTEAFF,28,0,4
CASSPNGPEAFF,39,0,3
CASSQMGPEAFF,39,0,3
CASSGNRPEAFF,39,0,3
CASSPNTGELFF,39,0,3
CSAQGTGGYTF,36,0,2
CASSIGLAGVSVRNEQFF,8,3,1
CASSFRGRSTDTQYF,5,4,0
CASSYTRRNEQFF,57,0,1
CASSLSAQSNQPQHF,21,4,1
CAISESRDSNQPQHF,21,4,1
CASSFSTSLQSGVYEQYF,21,4,1
CASSLQGDYGYTF,4,4,1
CASSLQGLYGYTF,4,4,1
CASSQDGDYGYTF,4,4,1
CAISLDRDYGYTF,4,4,1
CSSRGLDTQYF,24,1,3
CASIENADTQYF,24,1,3
CSAPLAGSYGYTF,27,4,2
CASTSLLGSYNEQFF,27,4,2
CASSLVGVEAFF,65,0,4
CASSLVGIEAFF,65,0,4
CASSVSSGVYNEQFF,32,4,2
CASSFSSGAGELFF,32,4,2
CSVVLPSGAYEQYF,32,4,2
RASSQATGGAGANVLTF,57,0,1
CASTWAGGSTGELFF,23,4,4
CATGAGGSETQYF,23,4,4
CASTMAGTVTGYTF,23,4,4
CASFWNRGQTGELFF,23,4,4
CASSLGAAEKLFF,28,0,4
CASSLSGGMSNEQFF,55,2,2
CASSSLDRTVSYEQYF,55,2,2
CASTQGSTGVSYGYTF,55,2,2
CSASSSTIPSGNTIYF,83,4,1
CASSPDLGAFYEQYF,45,0,1
CASSFETHPEAFF,2,4,3
CASSPSGPSTDTQYF,9,4,2
CASSPPSGESTDTQYF,9,4,2
CASSPSQAPTDTQYF,9,4,2
CASSRTWGNTEAFF,10,3,2
CASSKITGERETQYF,10,3,2
CASSLAAGFTDTQYF,91,0,1
CASSLGAGRTDTQYF,91,0,1
CASSQEAGFNTEAFF,20,0,0
CATSDFPGLNNEQFF,20,0,0
CASSSQGSEAFF,68,1,3
CASSVGTVGNEQYF,76,3,4
CASSAGTVTGELFF,76,3,4
CASSSGQGAYEQYF,56,4,0
CASSLGQQETQYF,94,4,0
CASSLTPQETQYF,94,4,0
CASSFGEGNEQFF,51,0,4
CASSPGGVLNNEQFF,18,0,1
CASSPGRVAKNIQYF,18,0,1
CASSQGTVLNTEAFF,18,0,1
CASSPGGQAGNTIYF,18,0,1
CASSPTGAINNEQFF,18,0,1
CASSFRTRPTDTQYF,5,4,0
CASSARLRSGDGYTF,5,4,0
CASSLERGRSMSEAFF,5,4,0
CASSLGGAGNTIYF,82,3,4
CASSLGGLGTGELFF,82,3,4
CASSLGGDGNTIYF,82,3,4
CASSSLGGATGNTIYF,82,3,4
CASSAGGVGETQYF,82,3,4
CASSLISQVLFF,7,0,0
CASSLNPPETQYF,94,4,4
CASSFKPQETQYF,94,4,0
CASSPGGRNTEAFF,18,0,1
CASSPGIGNTEAFF,18,0,1
CASSPRWNTEAFF,41,0,2
CATNPAGDNEQFF,40,0,0
CATGLAGANEQFF,40,0,0
CASSLNQGNTIYF,46,0,0
CASSQSPAGPGGTGELFF,46,0,4
CASSYSSFGPGKNTDTQYF,46,0,4
CASSQRGDSEKLFF,31,1,3
CATSDQTGQDTDTQYF,31,1,3
CASSPGLAGDQETQYF,89,0,3
CASSSGGLAGDPTDTQYF,89,0,3
CASSQGTGRSNQPQHF,43,1,1
CSASEGGGYSNQPQHF,43,1,1
CASSQGRAYSNQPQHF,43,1,1
CASSLNGQQETQYF,94,4,4
CASSLRGQQETQYF,4,4,4
CASSLGGSQETQYF,94,4,4
CASKRTDSYEQYF,5,4,0
CASSYRRPSETQYF,5,4,2
CASSSRQGSHEQYF,3,4,2
CASSRQGSGGYTF,3,4,2
CASSSSGWYYEQYF,61,0,4
CASSPPAGDYGYTF,6,0,4
CASSPGRGGEQYF,41,0,4
CASSVHDVTEAFF,28,0,4
CSVVDRGGTEAFF,51,0,1
CASSNPQGSEKQYF,78,2,0
CASNRQGSETQYF,78,2,0
CSAQTGFGYTF,36,0,2
CASGQEWEGYTF,36,0,2
CASSPPSGGASNEQFF,48,0,1
CASSFSSSYEQYF,83,4,2
CATSPSVPSSNQPQHF,83,4,2
CASTPLEGSSYNEQFF,50,4,0
CASSPWTGTDTGELFF,16,0,1
CASSSWKDSYEQYF,7,0,0
CASSITSDYEQYF,7,0,0
CASSLLQGRGNEQYF,95,4,1
CASSSLQGRGGEQFF,95,4,1
CASSQVQGAGNTIYF,95,4,1
CASSLAWQGNIQYF,82,3,4
CASSLGTNYGYTF,46,0,4
CASSLEWNYGYTF,46,0,4
CASSPSLRMNTGELFF,46,0,4
CASSLGGYEQYF,25,0,0
CASSADNTPNSPLHF,24,1,2
CASSVGSGSPDEQFF,54,2,1
CASSLLGLNSNQPQHF,54,2,1
CASTAGLAGGRGTDTQYF,8,3,1
CASSLTGLQEPQHF,94,4,4
CASSWTGLQETQYF,94,4,4
CASSLKGLDQPQHF,94,4,4
CASSLVRREETQYF,59,0,4
CASAKGREETQYF,59,0,4
CASSAPRRAATEAFF,59,0,4
CASSYSPWGDSYNSPLHF,50,4,1
CASSPWGSDNNEQFF,50,4,1
CASSPITSSYNEQFF,50,4,1
CASSPWTDSNQPQHF,50,4,1
CASSLVASGSRTDTQYF,96,2,3
CASSLALSRSTGELFF,96,2,3
CATSF,96,2,3
CASSAPEMVTSEQYF,24,1,2
CASSLLQNIDRSNEQFF,24,1,2
CSARDRTGSNEKLFF,27,4,2
CSARDRIGSRGYTF,27,4,2
CSARDRGGDYNEQFF,27,4,2
CSARDFRTSGEPQHF,27,4,2
CASRQGAYNEQFF,34,3,2
CASSKQGVNTEAFF,34,3,2
CSVSRQGANTGELFF,34,3,2
CASSARQGATNEKLFF,34,3,2
CASSELSGTPNTEAFF,81,0,4
CASSEASGTAFYEQYF,81,0,4
CASSFLSGTSATGELFF,81,0,4
CSARDHKGTGGTEAFF,37,0,4
CASSQERRNTEAFF,12,0,4
CASSVGYNEQFF,39,0,0
CASSPLESGTQYF,6,0,4
CASSLKQGPEKLFF,56,4,0
CASSLRQGAMKTQYF,56,4,0
CASATLTDTQYF,54,2,2
CASSQIPGLAGEYF,20,0,0
CASSSIGDETQYF,59,0,1
CASSSERQETQYF,59,0,1
CASSLPPGLSVEKLFF,2,4,1
CASSLDEGAPWEKLFF,51,0,4
CASSTFRGEGTEAFF,11,0,2
CSVVGGGANVLTF,67,3,0
CSAFKGGANVLTF,67,3,0
CASSQSGIFYEQYF,61,0,4
CATSSSGIGYEQYF,61,0,4
CAISESGINYEQYF,61,0,4
CASSPGFRETQYF,73,4,1
CASSGGYQETQYF,73,4,0
CASSSPAAQETQYF,73,4,1
CSASPGHQETQYF,73,4,1
CASRSGWDETQYF,0,4,1
CASSRSQTQETQYF,0,4,1
CSARGPWGGSYNEQFF,27,4,2
CASTSGGGSYNEQFF,27,4,2
CASSDSGTGYEQYF,61,0,4
CAISEGQRSNQPQHF,54,2,1
CSASWPQTSTDTQYF,54,2,1
CASSYREDTEAFF,2,4,1
CASSQAGFKRNEQFF,40,0,4
CSARLGGANVLTF,67,3,0
CASRTVGGANVLTF,67,3,1
CSAFLEGANVLTF,67,3,0
CSARAGFLEAFF,67,3,0
CASSDQQGSDEQYF,49,0,2
CASSQPGLDEQYF,49,0,2
CSAPYGPGGEEI,76,3,4
CASIPGDSGYTF,50,4,2
CASSLTPGSSGNTIYF,50,4,2
CASSRDRVRNEQFF,63,3,2
CASSLFGEASGRYEQYF,16,0,1
CASSLPHRNYEQYF,97,4,0
CASSPPQRTYEQYF,97,4,0
CASSYGGQGGYTF,20,0,4
CASSWDRVSNQPQHF,21,4,1
CATSNSRSSNQPQHF,21,4,1
CASSPWDRTSTYEQYF,2,4,1
CASSFMQRGSGGETQYF,2,4,1
CATGPGGQETQYF,23,4,4
CASFRGPGNTIYF,82,3,4
CSAEARRDTEAFF,0,4,1
CASSFRRGNTEAFF,34,3,2
CASSLGREKLFF,59,0,0
CASSPGNEKLFF,59,0,0
CASSLSREKLFF,59,0,1
CASSLAQGQSYNEQFF,52,4,2
CASSLDSGQGTEAFF,95,4,2
CASSQDSGANTEAFF,95,4,2
CASSPGLAGGGAKNIQYF,8,3,1
CASSFSGSQETQYF,0,4,1
CASSPPGAPSNQPQHF,31,1,3
CASSLGTGIEKLFF,69,0,2
CASSVGTITEETQYF,69,0,2
CASSMTGGGNTEAFF,82,3,4
CASSYTGGGETQYF,82,3,4
CAISFPGQAYYGYTF,66,0,1
CASSSALSRANTDTQYF,84,4,0
CASSALDRAPNEQFF,84,4,0
CASSFGSRANTEAFF,84,4,0
CSVVQSRAETQYF,84,4,0
CSAPGQGATGELFF,34,3,2
CASSIQGAGTEAFF,34,3,2
CASSGQGEGGELFF,34,3,2
CASSLDVEQGYEETQYF,62,0,4
CASNQDRDNEQFF,15,4,2
CASSLGRDSGNTIYF,50,4,2
CASSLRRDSHNEQFF,50,4,2
CASSPPGLSSDEQFF,72,0,2
CASSPYLGTDNSPLHF,1,4,0
CSASGRGTVNTEAFF,80,0,2
CATSPGRGGLNTGELFF,80,0,2
CASSPRYTVNTEAFF,80,0,2
CASFRGILNGYTF,80,0,2
CASSSGGGFMNTEAFF,80,0,2
CASSESAGGGRSTDTQYF,55,2,3
CATSDLVFAGTETQYF,19,3,4
CASSQVTDTQYF,31,1,3
CASSFAGQPQHF,25,0,0
CASSLSGQPQHF,25,0,0
CASSQTISSYEQYF,50,4,1
CAISDYESSYEQYF,50,4,1
CASLQGASSYEQYF,50,4,1
CASRQGRDTQYF,21,4,1
CASSLLGTGSYEQYF,98,0,1
CASSLAGAGSYEQYF,98,0,1
CASSLEGTGDYEQYF,98,0,1
CASSPLKTGSYEQYF,98,0,1
CASSYSRGIGEQFF,35,3,1
CASSYSRGAKNIQYF,35,3,1
CASSYSMGLTYEQYF,35,3,1
CASSPLRRAIGAFF,59,0,4
CASRLTGTANEKLFF,67,3,1
CSARVTGGVYEQYF,67,3,1
CSARARGRLRETQYF,67,3,1
CATSRAGMGLNEKLFF,67,3,1
CASQLARTGELFF,26,0,4
CASSLAQGIRTEAFF,36,0,1
CASSAVVQGGKNIQYF,36,0,1
CASSLGGGTAVEQYF,17,0,2
CASSYGGMALDF,17,0,2
CASSFKAGSTDTQYF,54,2,2
CASSYGLGSTDTQYF,54,2,2
CASSKGLAEAFF,28,0,4
CASSQVPHEAFF,28,0,4
CASSVHSGLNYEQYF,56,4,0
CASSHLRDSRGEQFF,7,0,0
CASSSRDSYGYTF,7,0,0
CASSPRRGGELFF,41,0,4
CASSLTPPPNTEAFF,56,4,0
CASSRDTRNTEAFF,63,3,2
CASSRQNMNTEAFF,34,3,2
CASIRQGRNTEAFF,34,3,2
CASSPSSGSSYNEQFF,9,4,2
CASSPSGSSDTQYF,9,4,2
CASSYSKLGPFGADTQYF,28,0,4
CASSFGTGGPNEKLFF,10,3,2
CSAGTGGNTEAFF,10,3,2
CATATGGPVEQYF,10,3,2
CASRFGRGEPQETQYF,10,3,2
CASSSAGGHQPQHF,72,0,2
CASSLGTNQPQHF,72,0,2
CASHRGAAYEQYF,80,0,2
CASSFRGAAYNEQFF,80,0,2
CASSHRGLANYGYTF,80,0,2
CASSLVAGGTAGEQFF,36,0,4
CASSEVPGAMNTEAFF,36,0,4
CSVVPAADTQYF,54,2,2
CAWSAPQAQAQPQHF,54,2,1
CASSVGTSSYNEQFF,50,4,1
CASSTGRSSYNEQFF,50,4,1
CAWSVGLSSNNEQFF,50,4,1
CASSLNRAETQYF,59,0,4
CASSSQGRWETQYF,59,0,4
CASSAGLEETQYF,59,0,4
CASSSPGREHGELFF,59,0,4
CASSRRTGGNEQYF,10,3,2
CASRGAGGQNNEQFF,42,3,4
CASRGTGGLKNIQYF,42,3,4
CATSDPPVSPEQFF,32,4,1
CASSLMGALGQPQHF,26,0,1
CASSLMGAGGVQFF,26,0,1
CASSLTGALASEQFF,26,0,1
CASSPIVAVGQQQYF,26,0,1
CASSLPGVNEKLFF,46,0,4
CASSPGLNEKLFF,46,0,4
CASSPQGVNEKLFF,46,0,4
CASSFPGPNEKLFF,46,0,4
CSARTGHEQFF,69,0,2
CASTRGINEQFF,69,0,2
CSARKVNEQFF,69,0,2
CSPLRGTYEQYF,69,0,2
CASSPGGTGGRTQYF,18,0,1
CATSDPRGTGELFF,41,0,4
CASSPRRTGELFF,41,0,4
CASSLRPRAGELFF,97,4,0
CASSARDRANEQFF,97,4,0
CASSGTSGSYNEQFF,3,4,2
CASSSTSGQYNEQFF,3,4,2
CAWRLPGSGSYNEQFF,3,4,2
CASSLSGTRSGNTIYF,27,4,2
CASSDSAGSTDTQYF,31,1,3
CASSSAGDTQYF,31,1,3
CASSLPGIGANVLTF,87,0,4
CASSSPPGTGANVLTF,87,0,4
CASSLIPIQETQYF,23,4,4
CASSVGPNQETQYF,23,4,4
CASSLISKQETQYF,23,4,3
CASSQATGGYGYTF,81,0,4
CASSIQPEDTEQYF,6,0,4
CASSFDLEDTEAFF,6,0,4
CASSLRTAFNQPQHF,33,3,4
CASSYGGRYNEQFF,44,3,2
CASSLALGGFLNIQYF,36,0,4
CASSLALGVEANVLTF,36,0,4
CASSQPLGGNLNEKLFF,36,0,4
CASSLADLTFANEQFF,36,0,4
CATSAPSGGGRGDTQYF,48,0,1
CASSQGDRNNEKLFF,47,4,0
CASSQEKGAKNIQYF,32,4,2
CSVAATAKQYF,39,0,0
CSAAVAAEQFF,39,0,0
CASSIRGGARTEAFF,99,3,1
CATSYRGGAETQYF,99,3,1
CASSFGEGVEAFF,51,0,4
CASSRNTDTQYF,100,1,3
CASSYTTDTQYF,31,1,3
CASRWTVQETQYF,16,0,1
CASSRWGRDTGELFF,16,0,1
CAISGAGQGYEQYF,62,0,4
CSVEVGQGYEQYF,62,0,4
CSADYPGQGFEQYF,62,0,4
CASTKPLSYEQYF,15,4,0
CAISDGRSSYEQYF,50,4,1
CASSRTTNTEAFF,101,0,1
CASSKTGTYEQYF,41,0,1
CASSRTGNYGYTF,41,0,1
CASSRTGEHEQYF,41,0,1
CASSQAPGGGGTGELFF,11,0,3
CASSQEPRGRGTDTQYF,11,0,3
CASSQAEKASGRDTQYF,83,4,2
CSGGLAGGLSYEQYF,8,3,1
CASTASGGPQTQYF,8,3,1
CASTSGGVGQYF,13,4,1
CATSTSGGGTDTQYF,13,4,3
CASSGDRGNTEAFF,63,3,2
CASRDRRNTEAFF,63,3,2
CATSIDRVNTEAFF,63,3,2
CASSFDRGGRELFF,63,3,2
CASDFGGGLRNEQFF,80,0,2
CASSFGGALRTEAFF,80,0,2
CASTQEGGGVGTEAFF,80,0,2
CASSQQTYGTLFNQPQHF,80,0,2
CASSSEWSHEQFF,32,4,1
CASSEDRGGGETQYF,63,3,2
CASSEDRGNLNEQFF,63,3,2
CASSPALTNTGELFF,40,0,4
CASSLVAENTGELFF,40,0,4
CASSPERDGYTF,6,0,3
CASSQGLPGARNQPQHF,45,0,1
CASSGTAFSNYGYTF,15,4,0
CASSGGLVSYYEQYF,15,4,0
CASSPPGQTNQPQHF,66,0,1
CASSPPRQGINTIYF,66,0,1
CASSLYSGENEQFF,71,2,0
CASSWTSGENEQFF,71,2,0
CASSPSPGTSTDTQYF,9,4,2
CSAGPVPGQSTDTQYF,9,4,2
CASSLQGAGEKLFF,73,4,1
CASSLQGARETQYF,73,4,1
CASSPLGAATDTQYF,39,0,0
CASSPTGLATDTQYF,39,0,0
CASSPSGLAGDEQYF,39,0,0
CSVESRELRYTF,35,3,2
CASSQTGTPSYEQYF,55,2,2
CASSQAATPSFEQYF,55,2,2
CASSDETGKRDTQYF,24,1,2
CASSQEYGLQQPQHF,24,1,2
CASSPRTYPNYGYTF,51,0,3
CSAKPGGQLGYTF,9,4,2
CASSPGRGWDYEQYF,55,2,3
CASSEEGWDTGELFF,102,0,4
CASSPGGWDTGELFF,102,0,4
CASRAGHQETQYF,4,4,4
CATSIAGDQETQYF,4,4,4
CASMRSGGSGETQYF,21,4,1
CASSRIGSGGSGANVLTF,21,4,1
CASSSVHSFSGANVLTF,14,1,1
CASSQSSTSGAQYF,14,1,1
CASSSRDTSSYNEQFF,52,4,2
CSANTGTTSYEQYF,22,4,3
CASEGGTGLNEQYF,22,4,2
CASSFTGGGDNYGYTF,22,4,3
CASKRGNRDYEQYF,22,4,3
CASSEVLRTNEKLFF,30,4,0
CASSEAQRTGELFF,30,4,0
CASSPGQGSRYEQFF,56,4,0
CASSPGQGVRYEQYF,56,4,0
CASSLSRVEYEQYF,62,0,4
CASSLSRDEGETQYF,62,0,4
CASSHSRLTYEQYF,62,0,4
CASSQDLGGRAPGELFF,36,0,4
CSARVPLRGNHYEQYF,36,0,4
CSVEGTEAFF,17,0,2
CSVEYTEAFF,17,0,2
CSVERGELFF,17,0,2
CASSLDVGGGRPQYF,38,0,4
CASSLKPGGGTEAFF,38,0,4
CASSQAGVNYGYTF,70,3,1
CASSPLAGGIADTQYF,14,1,1
CASSPGLRVYNEQFF,3,4,2
CATSSPGQRSTGELFF,3,4,2
CASSLPVANTEAFF,76,3,2
CASSLPVANYGYTF,76,3,2
CASSLGLGIYNEQYF,71,2,0
CASSLDRHGYTF,68,1,4
CASSWDRDRYTF,68,1,4
CASSFGQGPTGELFF,30,4,0
CASSQHGASSGNTIYF,50,4,2
CASSSATSTGELFF,19,3,4
CASSLQGSTGELFF,19,3,4
CASSWGEGENEQFF,60,0,4
CASSYGEGYNEQFF,60,0,4
CASSLGSPETQYF,94,4,4
CATLRGAPYEQYF,67,3,1
CSVAVGPYNEQFF,33,3,4
CGTAVGVYNEQFF,33,3,4
CAVGQYF,33,3,4
CASSSRTGQVTEAFF,23,4,4
CASSRRNQETQYF,4,4,4
CASSLSVRFSNQPQHF,68,1,1
CASSRTDTQYF,68,1,1
CSGGGADGYTF,11,0,0
CASNPGGFFSGNTIYF,11,0,0
CASRSVAGWGHNEQFF,103,0,3
CAWSVPGWGDTQYF,103,0,3
CASTRMGSGGQFF,5,4,2
CASSYRTGSAGELFF,5,4,2
CASRSGASYGYTF,34,3,2
CASSRQGALYGYTF,34,3,2
CASSYSWKDYGYTF,34,3,2
CASSVRRTGTYEQYF,17,0,2
CASSLGWDQPQHF,104,0,3
CASSAGPDQPQHF,104,0,3
CASSLWADQPQHF,104,0,3
CASSPTDYNEQFF,66,0,4
CASSPHGDYNEQFF,66,0,4
CASSLSGRGETQYF,48,0,1
CASSLSGVGETQYF,48,0,1
CASSLDVIGETQYF,48,0,1
CASSLSQGATYEQYF,32,4,2
CAWSVSQGVYGEQFF,32,4,2
CASTLLGAVNYGYTF,67,3,1
CASTLRGAVNYGYTF,67,3,1
CASSLASGGRETDTQYF,41,0,1
CASSVATREYGYTF,17,0,2
CASSLRTRNYGYTF,17,0,2
CASRHPSHPQGNHQHF,7,0,2
CASSLLPPETGTALPYNEQFF,18,0,1
CASSPGTGVEAFF,87,0,4
CASSVGDQPQHF,31,1,3
CASSFQTVTYEQYF,34,3,2
CASSYRRGSANEQFF,5,4,2
CASSTREMSVNEQFF,5,4,2
CASSPYGGAETQYF,23,4,4
CASSSDGDSNQPQHF,7,0,0
CSARDSSFSSNQPQHF,7,0,0
CASSLADRDNSPLHF,14,1,1
CASSLYDTQNSPLHF,14,1,1
CASSPAAGGPYEQYF,26,0,4
CASSEVAGGPGTQYF,26,0,4
CASSLSPGLAGRDTQYF,28,0,4
CAWSVKGQQETQYF,4,4,4
CASIRGDQETQYF,4,4,4
CASSHRRQQETQYF,4,4,4
CASKSGTGPYEQYF,57,0,1
CASSQSIAGVGETQYF,57,0,1
CASSRGPGGTEAFF,60,0,4
CAISDPYLPGGREKEKLFF,60,0,4
CASSQAGTGSSPLHF,58,3,4
CASSLATANYGYTF,70,3,1
CASSLDLSDYEQYF,83,4,2
CASSSDVSSYEQYF,83,4,2
CASSLGGPTHEQYF,105,3,4
CASSVGGSTNEKLFF,105,3,4
CASSLGGHFQETQYF,105,3,4
CASSQGGTATYEQYF,102,0,4
RASSGGTAYGYTF,102,0,4
CASSTPSGTTLTYKNIQYF,102,0,4
CASSQGLTLAYEQYF,102,0,4
CASTSGGALKLFF,34,3,2
CASRDPGSYGYTF,6,0,4
CASRDLGDYGYTF,6,0,4
CASSQVLVGVPGELFF,36,0,4
CASSTPGVNTEAFF,34,3,2
CASSEQKLNTEAFF,34,3,2
CASSVGGYEQFF,39,0,0
CASSLGRYEQYF,25,0,0
CASSLVGYEQYF,25,0,0
CASSLIGGEQYF,25,0,0
CASSRGAGNLGDTQYF,43,1,1
CASSGGLLRSTDTQYF,43,1,1
CSARRRPGTSGSGEQYF,43,1,1
CASRGGLRFSNQPQHF,43,1,1
CASSYSHGGNEQYF,35,3,1
CASSSTTDTQYF,31,1,3
CASSDNGQIQYF,31,1,3
CSAVPLAGVYYNEQFF,70,3,1
CASSPLAGATRTGELFF,70,3,1
CASSPPVTPNYNEQFF,70,3,1
CASSQAPAGVPNTGELFF,73,4,0
CASTPAGLQETQYF,73,4,0
CSARVGGVSYEQYF,106,3,4
CASRGTGSSYEQYF,106,3,4
CASSIPGSTGELFF,19,3,4
CASSRTTGLNQPQHF,60,0,4
CSASRTGGRNQPQHF,60,0,4
CASRTEGQPQHF,60,0,4
CASSNRDRSYEQYF,15,4,0
CASSLVQGARTQNIQYF,33,3,4
CASSPGQGVGNQPQHF,33,3,4
CASSQTPGGVYTEAFF,35,3,1
CASSVTPGGATNEKLFF,35,3,1
CASSLGHRDLYEQYF,23,4,4
CASSQGGWDYGYTF,102,0,4
CASSLVQGATNEKLFF,34,3,2
CSAVQGAGGEAFF,34,3,2
CASSLELWANYGYTF,1,4,0
CASSQAGTGGIETQYF,37,0,3
CASRQAGTGGTGELFF,37,0,3
CASSPFGTGGMETQYF,37,0,3
CASSSDISSYEQYF,83,4,2
CASSPESSYEQYF,83,4,2
CASSFGLASNTQYF,11,0,3
CASLLAGDTGELFF,19,3,4
CSVALAANGELFF,19,3,4
CASSLRNINYGYTF,17,0,2
CASSFWAGGISGANVLTF,21,4,1
CASSLVQGNYGYTF,78,2,0
CASSLFSGETGEQYF,78,2,0
CASSPLSMNYGYTF,78,2,0
CASSVASWGTGELFF,78,2,0
CASSQESRNTGELFF,78,2,0
CASSDGAGGQPDTQYF,60,0,4
CASRKGGQPQHF,60,0,4
CASSYLRNTGELFF,35,3,1
CSVVNEKLFF,12,0,0
CASSMGRRNTEAFF,34,3,2
CASSFYRTYNEQFF,34,3,2
CASSLATSGGFGADTQYF,35,3,1
CATSPGAGYTF,35,3,1
CASRLNTGTPLHF,44,3,0
CASSSLENTGELFF,26,0,4
CASSLLETGELFF,26,0,4
CASSSLATTGTPLHF,26,0,4
CASSPAYTGELFF,26,0,4
CASSMANMGWQFF,26,0,4
CASSQPAYGNEQYF,26,0,4
CASSGADYSNQPQHF,54,2,2
CASGADTDTQYF,54,2,2
CASSLGASGSNQPQHF,54,2,0
CASSQGSPYSNQPQHF,54,2,2
CASSFGGNEKLFF,65,0,4
CASSFTGKETQYF,65,0,4
CASSQTGPQALHF,39,0,3
CSVSRGYQETQYF,73,4,0
CASTSSGHFDMTGELFF,73,4,0
CASSLQGLATDTQYF,39,0,0
CASSLQGPNTDTQYF,39,0,0
CASSPQELVTDTQYF,39,0,0
CASSRPGVKNTEAFF,34,3,2
CASTPEVLYEQYF,34,3,2
CASSLGHVNNEQFF,56,4,0
CASSLGQVNTEAFF,56,4,0
CASSPPGTGVYEQYF,87,0,4
CASSLDGGYEQYF,74,4,2
CASSLSGITEAFF,74,4,2
CASSLDTNTEAFF,74,4,2
CASSDSGTYEQYF,74,4,2
CASSFSGNNEQFF,74,4,2
CASSRGSGANEQFF,84,4,0
CASSRGQGAPEKLFF,84,4,0
CASRRQGVTEAFF,84,4,0
CASSGLAGWGTQYF,40,0,4
CSASGAAGFTGELFF,40,0,4
CASSQGGWNTEAFF,33,3,4
CASSLWGGGSAYEQYF,23,4,4
CSAWGGGQETQYF,23,4,4
CASSIGGEGAQYF,59,0,4
CASSFRAEGAFF,59,0,3
CASSVGLAGRWETQYF,35,3,3
CASSQTGRTPLHF,41,0,4
CASSGGWAYGYTF,102,0,4
CASSLGANTGELFF,26,0,4
CASSLRVNTGELFF,26,0,4
CASSPTLNTGELFF,26,0,4
CASSLNQYTGELFF,26,0,4
CASSSTEGRVQEKLFF,10,3,2
CASSTPGRTQETQYF,10,3,2
CASSASGERRVSVHEQFF,10,3,3
CASSLQGANYGYTF,46,0,4
CASSLQGLNYGYTF,46,0,4
CASSLQGAIYGYTF,46,0,4
CSASASGANTGELFF,46,0,4
CSAGDTDTQYF,54,2,2
CASSLQSRAGELFF,74,4,2
CASSLQDRNTEAFF,74,4,2
CATSENRSPYEQYF,50,4,1
CASSSSLVPSPREQFF,4,4,1
CASSQDPSPTHTF,4,4,1
CASSSVPGQGDGYTF,68,1,1
CASSSTPDTQYF,31,1,3
CASSPREDTQYF,31,1,3
CASSSWTGSSYNEQFF,50,4,1
CASSGTWGGEQYF,57,0,1
CASSTPDGWGTGLGEQYF,57,0,1
CAWSGSVGSTDTQYF,14,1,3
CASSQGGVVPQHF,49,0,2
CASSQGGFQPQHF,49,0,2
CASSDTGVVAQHF,49,0,2
CSVRPTGGGYEQYF,67,3,1
CASSSTGTGQNSPLHF,33,3,4
CAVSTGRGANSPLHF,33,3,4
CATSRGVRQNSPLHF,33,3,4
CATSRRTGENSPLHF,33,3,4
CASSQGGTEDNSPLHF,33,3,4
CASRSRPDTEAFF,0,4,1
CASSLFVGASYEQYF,71,2,3
CASSLGLQGPGETQYF,56,4,2
CSVGGQGAGELFF,56,4,2
CASSPLGGEPYNEQFF,18,0,1
CASSFGGHGNEQFF,76,3,4
CASSFGGENTEAFF,76,3,4
CASSLAQVGTEAFF,56,4,0
CASSILDVGTEAFF,56,4,0
CASSYGRGDYGYTF,11,0,2
CASSSRGTALGGELFF,11,0,2
CASSLGLPRTEAFF,76,3,4
CASSPAGKWANVLTF,55,2,2
CASSFDLSYEQYF,83,4,2
CASSLQGLETQYF,4,4,1
CASSLDYLETQYF,4,4,1
CATSAGGSYNEQFF,107,3,4
CASSLGPSYNEQFF,33,3,4
CASSSGAGTEAFF,61,0,4
CASNPTGTSTGELFF,18,0,1
CASQFSGANVLTF,71,2,0
CAISESTGGAYNEQFF,16,0,1
CAIREPIGGPRVYEQYF,16,0,1
CASSEATLPLYNEQFF,16,0,1
CASSQGVFAELFF,28,0,4
CASSQRGTEAFF,65,0,4
CASSSPGTINYGYTF,77,0,4
CASSSPWGINTEAFF,77,0,4
CASSLPRGGTDTQYF,13,4,3
CASSLLPGGGTDTQYF,13,4,3
CASSSGPGGGTDTQYF,13,4,3
CAWSVWRAGTDTQYF,13,4,3
CATSDPRKRTDTQYF,13,4,3
CASSASGGNPGELFF,108,0,4
CATSVSGGTDTQYF,108,0,4
CASSFRGTNTGELFF,80,0,2
CASSPQGELEKLFF,46,0,4
CASSIGMNTEAFF,101,0,1
CASSRGFNTEAFF,101,0,1
CASSTMMNTEAFF,101,0,1
CASSSYGENTEAFF,101,0,1
CAWSGGMNTEAFF,101,0,1
CASSLGTGGFGRYF,37,0,3
CASSLTREEREQYF,76,3,3
CATSVTREIGETQYF,76,3,3
CASSRTISDTQYF,23,4,4
CASSPRRGTSGQETQYF,21,4,2
CASSIRQGRSNQPQHF,21,4,2
CASSSQGDEAFF,68,1,3
CASSQGSEAFF,68,1,1
CASSSQGSPLHF,68,1,3
CASSLFLGQDTEAFF,71,2,3
CASSLFLRVDTQYF,71,2,3
CASSLALGKDTQYF,71,2,3
CASSLSRVTEAFF,74,4,2
CASSQASWVGELFF,74,4,2
CASSPARRYRGNQPQHF,80,0,2
CAISETGRGQEAFF,10,3,2
CASSYVTGGSEAFF,10,3,2
CASSLNRLGTEAFF,76,3,4
CASSAGRLTYEQYF,76,3,4
CASNYRVGTEAFF,76,3,4
CASSSVGRGRVEVALHF,109,0,1
CASSLGRGRDEQFF,109,0,1
CASNGRGAVEQFF,109,0,1
CATSRDLRDTEAFF,6,0,4
CASSPGTGGDEQYF,57,0,1
CSARDQGRGGPYNEQFF,57,0,1
CASPAGRVHNEQFF,76,3,4
CASSPAGGLVRETQYF,76,3,4
CASSLGQGNYGYTF,78,2,0
CATSTYRGPNQPQHF,33,3,4
CASSLGRTGNSPLHF,58,3,4
CASSVGTTGGSPLHF,58,3,4
CASSLTGLGNSPLHF,58,3,4
CASSAGTGGESEAFF,58,3,4
CASSVGGRANSPLHF,58,3,4
CASSLGPTGASEAFF,58,3,4
CSARPAGGKYNSPLHF,58,3,4
CASIELGRNEQFF,99,3,1
CASSIEAGENIQYF,99,3,1
CASSIETGRPEAFF,99,3,1
CASSQYLNTEAFF,28,0,4
CASSPGVSSYNEQFF,50,4,1
CASSVGLSDLGTQYF,50,4,1
CATSPGGAYTEAFF,33,3,4
CASSPGRVINEAFF,33,3,4
CSAPSGGVYNEQFF,33,3,4
CASSLAPTGGEGNQPQHF,57,0,2
CASSLDRQPNQPQHF,58,3,4
CASSLDGQINQPQHF,58,3,4
CASRLDRSPNQPQHF,58,3,4
CASSLAMNTEAFF,110,0,4
CASSLPMNTEAFF,110,0,4
CASSLAANTEAFF,110,0,4
CASSQDLGANVLTF,95,4,2
CASSPERGAVRETQYF,76,3,4
CASVQGGAARELFF,76,3,4
CASSYGQGSGQPQHF,54,2,2
CASSRGQGENQPQHF,54,2,2
CASSLNGQGPNQPQHF,54,2,2
CASSLEGLMADTQYF,33,3,4
CASSPVLKRYEQYF,12,0,1
CATSDPVGGRAIPTDTQYF,58,3,4
CASSPGGKGLNTEAFF,80,0,2
CSAPGTGTLPEAFF,80,0,2
CASSVAVAGWETQYF,46,0,4
CASSLAVAGEGEQFF,46,0,4
CASSFGRRTEAFF,101,0,2
CASSFYRNTEAFF,101,0,2
CASSFWGNTEAFF,74,4,0
CASSFQGNTEAFF,74,4,0
CASSFEGFTEAFF,74,4,0
CASSLVGAGAGELFF,77,0,2
CASSQVGQGAGEQYF,77,0,2
CASSPGGETQYF,31,1,0
CASSSGGETQYF,31,1,0
CASSPEGETQYF,31,1,0
CASSLVGDGINIQYF,38,0,4
CASSFYGQGIYEQYF,38,0,4
CASSLITTGANVLTF,26,0,4
CASSLVQTGVREQYF,26,0,4
CASSPGGSQETQYF,94,4,4
CASSWGGSQETQYF,94,4,4
CASSLGPSQETQYF,94,4,4
CASAGTSAETQYF,94,4,4
CASRLRGSQETQYF,94,4,4
CSARDSTESSGNTIYF,83,4,1
CASSSIEWSGNTIYF,83,4,1
CASSLSGMPSYNEQFF,83,4,1
CATSTQGPLNQPQHF,21,4,0
CASGQGPYEQYF,21,4,0
CSADRQGPLVDEQYF,21,4,0
CASSQGQGNRMNTEAFF,35,3,1
CASSYENTGELFF,26,0,4
CASSPGGGGYTF,77,0,2
CASSSPTRGGYGYTF,77,0,2
CASSPGPGGYTF,77,0,2
CASSPSPGTGGKNIQYF,77,0,2
CASQGANTGELFF,26,0,4
CASSLGVATGELFF,26,0,4
CASSLVDTSSYEQYF,53,4,0
CASSVGQTSSYGYTF,53,4,0
CASSFSGTGGGYTF,37,0,4
CASSFLRYGTGELFF,37,0,4
CASSDFSMARRFGGMWNEQFF,37,0,4
CASSPLQTGAVYTF,36,0,3
CATSRDQGPYEQYF,32,4,2
CATSRDDGVGETQYF,32,4,2
CSAPRDAGPYEQYF,32,4,2
CASSLGAGPALTGELFF,36,0,4
CAGPGGELFF,36,0,4
CASSVVTGGADEQFF,90,0,1
CASSVVTGGPDTQYF,90,0,1
CASSVAEGTVDEQFF,90,0,1
CASSQGRVDEQFF,49,0,2
CASSFGSQETQYF,94,4,4
CASSHRYRANTEAFF,80,0,2
CSVVAGETYNEQFF,33,3,4
CASSLATSGRLNEAFF,96,2,3
CSVATSLYNEQFF,96,2,3
CASSLLTSGTSYEQYF,96,2,3
CATSDLRCF,96,2,3
CASSQETATSGGLAKNIQYF,96,2,3
CASSDHLGSTVAGANVLTF,96,2,3
CSAALTSGGKWLQFF,96,2,3
CASLLGSTENTEAFF,96,2,3
CASRATSGINNEQFF,96,2,3
CASNARSGPYNEQFF,96,2,3
CASIVTSLGDDEQYF,96,2,3
CASRLTSGSLNEQFF,96,2,3
CSARGFGDFNPETQYF,96,2,3
CATSDPPR,96,2,3
CASSLGRSEQGSYEQYF,96,2,3
CASRLLLSRDSDKGYTF,96,2,3
CASSGEATSGQIKNIQYF,96,2,3
CASLARSWSEELFF,96,2,3
CASTFRSREKETQYF,96,2,3
CASRWTSAATEQFF,96,2,3
CASNSSITGPFLLVNTEAFF,96,2,3
CAKEEQYF,96,2,3
CASGWGIAYVPPDTQYF,96,2,3
CSALSGLAGVKDTQYF,90,0,1
CSALGLAGVTDTQYF,90,0,1
CASSLALRNEKLFF,69,0,4
CASSLGLRNEKLFF,69,0,4
CASSPPSGSFDEQFF,14,1,1
CASSSDSTSTDTQYF,14,1,1
CASSSTGLLNYGYTF,51,0,3
CASSDHHGLQRYGYTF,51,0,3
CASSLTRDDQPQHF,94,4,4
CASSLQGSGNTIYF,111,3,4
CASIQGSGNTIYF,111,3,4
CASSLWGSGNTIYF,111,3,4
CASSPQNSGNTIYF,111,3,4
CASSLQYSMNTEAFF,111,3,4
CASSLDVSGNNEQFF,111,3,4
CASSVQTSANNEQFF,111,3,4
CATSRDPGLEETQYF,32,4,2
CASSRDSGAGELFF,32,4,2
CASSFDPGLANEQYF,32,4,2
CASSLDAGGTYEQYF,38,0,4
CASSPVSGGYEQFF,74,4,2
CASSLTGTDTQYF,103,0,3
CASSFNQGSGGEQYF,30,4,0
CASSPQGAGNTIYF,61,0,4
CASSQQAAGNTIYF,61,0,4
CASSVGQGTYEQYF,97,4,0
CASSTGTGKGNTIYF,11,0,3
CASSQSLSGFFETQYF,74,4,2
CASSLGNGIYGYTF,71,2,0
CASSVGRGRYGYTF,71,2,0
CASSVAEEIYEQYF,76,3,4
CASSLGREIYEQYF,76,3,4
CASSFRGGAEYEQYF,99,3,1
CASSPTPNSSGKLFF,23,4,4
CAISGGEKSDGYTF,23,4,4
CASSLEANTEAFF,110,0,4
CASSLLAGYEQYF,110,0,4
CATYEAGIVNEQFF,88,3,1
CASIRELGTTNTGELFF,88,3,1
CASSVGGSGKEQYF,105,3,4
CASSLGESTNEKLFF,105,3,4
CASSQGGSTGELFF,105,3,4
CASKDATDTQYF,14,1,3
CASSSKNYNEQFF,51,0,1
CASSPSNRNTEAFF,41,0,4
CASSSLTGQGYNEQFF,82,3,4
CASSLTGVNYGYTF,70,3,1
CASSQMGENTGELFF,70,3,1
CASSLGQHGYTF,77,0,2
CASSPGLHGYTF,77,0,2
CASSPPTGGPDTQYF,90,0,1
CASSLQPGGPDEQFF,90,0,1
CASSRGGVGQYF,112,3,1
CASSSRTGGGQPQHF,112,3,1
CASSSGGTAGQPQHF,112,3,3
CAWSVPILAGGEQFF,70,3,1
CASSPVGLKTQYF,59,0,1
CASSPLGAETQYF,59,0,1
CASSFTTGGAEAFF,82,3,3
CASSFGTGGLEQYF,82,3,4
CASIFGRTAEAFF,82,3,3
CSASPPTVNTEAFF,33,3,4
CASSPTTVNTEAFF,33,3,4
CASSLGGQKNIQYF,82,3,4
CASSLGVSKNIQYF,82,3,4
CASRQGAETQYF,21,4,1
CACRRGNQPQHF,60,0,4
CASSLQGRGGPPQETQYF,60,0,4
CASSLIAGRYNEQFF,99,3,4
CASSFIAGGYNEQFF,99,3,4
CASSVPPGRPEAFF,78,2,0
CASSSTSGSSWGTQYF,52,4,2
CASSFNSGSSYNEQFF,52,4,2
CASSDGRAVNTEAFF,18,0,1
CASSQETALTTPLHF,18,0,1
CASSQGGVDVTEAFF,18,0,1
CASSWGQNTEAFF,28,0,4
CASSWGLYNEQFF,28,0,4
CASSIGQGAFEQYF,84,4,0
CSADRDRGNNEQFF,63,3,2
CASSRDRTYNEQFF,63,3,2
CASSVRDRGRRETQYF,63,3,2
CASSFEGRAEKLFF,99,3,1
CASSNRGRLEKLFF,99,3,1
CASSSTGTENYGYTF,102,0,4
CASSFGTEYGYTF,102,0,4
CAISSRGPERYEQYF,102,0,4
CASRSGGGDEAFF,49,0,2
CASSPSTGGSYEQFF,49,0,2
CASRPSGTGDEKLFF,49,0,2
CASSEARGGTNEKLFF,67,3,1
CASSEARGGARISEQFF,67,3,1
CASRATGGGTEAFF,67,3,1
CASLEARTGEFLNEQFF,67,3,1
CASSEAMVGTNQPQHF,67,3,1
CASSYSVRASNTGELFF,11,0,3
CASSGRVPGTQYF,2,4,1
CASSRESGRLSGANVLTF,2,4,1
CASSEDAPSYNEQFF,83,4,2
CASSQDLSSYNEQFF,83,4,2
CASSPRTGKQETQYF,18,0,4
CASSNGQVSYNEQFF,15,4,0
CSARVQVSYEQYF,15,4,0
CASSVGGRGTGELFF,37,0,4
CASSEGTGRTGELFF,37,0,4
CASSSGQHTELFF,61,0,4
CASSSGQNTEAFF,61,0,4
CASSSELHNEQFF,61,0,4
CASSSLGDGYTF,31,1,3
CASSQDGTASGANVLTF,2,4,1
CASSPSGTAYQPQHF,39,0,0
CASSPSGRAGDTQYF,39,0,0
CASSEGRPTNEKLFF,33,3,4
CASSFSLAGPGETQYF,29,4,0
CSASPQGPGELFF,29,4,0
CASSLQGYYGYTF,4,4,1
CASSPQGVTGYTF,4,4,1
CASSQDRLAKNIQYF,63,3,1
CASSPHRQANTEAFF,63,3,1
CASSQGAHPTDTQYF,24,1,1
CASSQVGEETQYF,59,0,1
CASSLFITGAGELFF,26,0,4
CASSSTNTNTEAFF,101,0,1
CASSIQGNNEQYF,74,4,0
CASSQGNAPLGYTF,18,0,1
CASSSDRTPGNSPLHF,41,0,4
CASGLVAGNTEAFF,88,3,1
CSVGLLAGATGELFF,88,3,1
CATAPTGNTEAFF,88,3,1
CASSYRRVPNEKLFF,80,0,4
CASSRRRLPNTEAFF,80,0,4
CATSDPMGPGRATQYF,26,0,1
CASRWIGGTEAFF,92,3,2
CASSEFQGAGEQYF,84,4,0
CAISERQGLTEAFF,84,4,0
CASSENSGVGEQFF,84,4,0
CASSPMDGAGELFF,84,4,0
CASSEILTAGNTIYF,84,4,0
CASSLLSPGQGARKAFF,40,0,0
CASSHFLSLGQGIDYGYTF,40,0,0
CASSGIAGGHETQYF,92,3,2
CASSQGTSISYNEQFF,3,4,2
CASSQGTSGSRKTQYF,3,4,2
CASSEGSRSYNEQFF,3,4,2
CASSQDKTSGSGTDTQYF,3,4,2
CSAPRSRGQIYEQYF,2,4,1
CASSLSSVPGEQYF,32,4,2
CASSLSSLGGELFF,32,4,2
CASSSQGAIYGYTF,46,0,4
CASSPGTDLNEQFF,51,0,3
CASSPTGDLNYGYTF,51,0,3
CASSIAVNTGELFF,26,0,4
CASSLGHRDLNEQYF,23,4,4
CSARDRGGRSSYEQYF,11,0,3
CATSDFRGTDSYNEQFF,11,0,3
CASSPHTGNEQYF,29,4,0
CASSPQGGGEQFF,29,4,0
CASSLAPGQQIQETQYF,9,4,2
CSVDKGTLGEQYF,16,0,1
CSVEDRGGAGEQYF,16,0,1
CASSLVAGDGNEKLFF,19,3,4
CASKLVVGDREETQYF,19,3,4
CASSLAGGADGKTQYF,11,0,3
CASAETGDQGKLFF,11,0,3
CASSLEAFYTEAFF,78,2,0
CASSLEAAGGELFF,78,2,0
CASSNGLAWEQYF,28,0,4
CSARLWGGFTEAFF,67,3,1
CASSVSSGGYEQYF,32,4,2
CASSWDSGTYNEQFF,32,4,2
CASSYGQGYSGNTIYF,0,4,3
CASSFEANTEAFF,110,0,4
CASSLEQFTEAFF,110,0,4
CASSQGVRETQYF,73,4,1
CASSFQGERETQYF,73,4,1
CASSPDSSYEQYF,83,4,2
CASSLEGRGPYEQYF,98,0,1
CASSPGSTYEQYF,66,0,4
CASSKGGTLQGEAFF,10,3,2
CASSLLPYGEQYF,28,0,4
CASSAGPSSPLHF,104,0,3
CASSVGPNSPLHF,104,0,3
CASSLPVDTQYF,68,1,4
CASSLALDTQYF,68,1,4
CASSLDPDTQYF,68,1,4
CATSRAGQGEETQYF,62,0,4
CASSGAGSIYYEQYF,62,0,4
CASSQGVGQGWVNEQFF,62,0,4
CASSLTGTVSYEQYF,55,2,2
CASSPRGTLSYEQYF,55,2,2
CASSQVGGGVSTEAFF,55,2,2
CASSLMREVSNEQFF,55,2,2
CASSEGATLSYEQYF,55,2,2
CASSSSGGNGRAKYF,77,0,4
CASSSGRYGYTF,77,0,4
CAISVSSGGNTGELFF,77,0,4
CASSPPVTYEQYF,32,4,1
CASSLQGGGHKNSPLHF,102,0,4
CATADGGGARNEQFF,102,0,4
CASSLGRLTGYGYTF,82,3,4
CASSYGLLSGNTIYF,11,0,3
CASSLITVHSGNTIYF,11,0,3
CASRPGQGRTNEKLFF,34,3,2
CASSREKGAYNEQFF,10,3,2
CATSAFPAGGETQYF,78,2,0
CASSLNYRDEQYF,49,0,2
CASSHSGVAKNIQYF,63,3,1
CASSPTGLLPYEQYF,51,0,3
CASSQSTGAVNTEAFF,51,0,3
CASSYRVQETQYF,4,4,1
CASSSRTIYGYTF,81,0,4
CASSPAGRNQPQHF,49,0,2
CASSLTGGQPQHF,49,0,2
CASSQEASMNTEAFF,20,0,0
CSVKTGTESYEQYF,22,4,3
CAIRTGGGSYNEQFF,22,4,3
CTPNWRTRSYEQYF,22,4,3
CASSLRQGQSNQPQHF,21,4,1
CASRQGSQPQHF,21,4,1
CASSFTGLWQYF,65,0,0
CASSTQLGVGGFRSYEQYF,38,0,4
CASSQVRAGGTNTEAFF,38,0,4
CASSPGGNEQFF,39,0,0
CSARGQAGDNEQFF,40,0,0
CASRAPNTEAFF,93,0,3
CASFDPNTEAFF,93,0,3
CSAIPVTEAFF,93,0,3
CSAPSHTEAFF,93,0,3
CASSPPDRALYNEQFF,63,3,0
CASSFTGIDSPLHF,72,0,2
CASSTGTGDSQPQHF,72,0,2
CASSIDRGGSYNEQFF,27,4,2
CASSRSGGTSGNTIYF,27,4,2
CASNDGGGPYNEQFF,27,4,2
CASSASGRGDYNEQFF,27,4,2
CATTDGENSYNEQFF,27,4,2
CASSFPQGRNEQFF,30,4,0
CASSPYATQSETQYF,10,3,2
CASSPSINGPSEKLFF,10,3,2
CASRKAGDEKLFF,54,2,2
CASRRATDEQYF,54,2,2
CASSYSGGNNQPQHF,13,4,1
CASSYSKGGNQPQHF,13,4,3
CASSYSGGNQPQHF,13,4,1
CASSHLGQGRNIQYF,66,0,4
CSASEPGQGRNTIYF,66,0,4
CASSLSYLSDHEQYF,13,4,1
CASTSTLSQPQHF,13,4,1
CASSPSYRQPHEQFF,13,4,1
CASSFGILNTEAFF,76,3,4
CASSPEAGRNNYGYTF,36,0,2
CATSRDRGGNGYTF,44,3,0
CSARDGGHYGYTF,44,3,0
CASSPLLDTQYF,68,1,4
CASSPPLGGTDSNQPQHF,53,4,0
CASRPPSGGYDSGADTQYF,53,4,0
CAISESGLQETQYF,0,4,1
CAISESPFQETQYF,0,4,1
CASSRRTGADYGYTF,10,3,2
CSAQRRGGALETQYF,10,3,2
CASSYRTEVDEAFF,10,3,2
CASSFPAGPGGTEAFF,46,0,0
CASSLERAGFGELFF,70,3,1
CASSPPTGGETQYF,65,0,4
CASSHRHMSNQPQHF,54,2,1
CASSPRDRSNQPQHF,54,2,1
CSARSWRDDEAFF,9,4,2
CSARVGLISNEQFF,43,1,1
CSARGGQGSNEQFF,43,1,1
CSARVRLVDGEQFF,43,1,1
CASSFEPGPTGELFF,30,4,0
CASSQDGYRGNYEQYF,36,0,4
CASSQNFGGNYEQYF,36,0,4
CASTPQGGRMNTEAFF,36,0,2
CASSPGLAGLIGELFF,45,0,1
CASSGKLAGVYNEQFF,45,0,1
CASSPASGENNEQFF,74,4,2
CASSGRLAGLKGPYNEQFF,8,3,1
CASSLLTSNYGYTF,70,3,4
CASSLMGSGTGELFF,70,3,1
CASSSGPNTEAFF,61,0,4
CASSQGPNTIYF,61,0,4
CASSESPSTEAFF,83,4,2
CASSISPDFEAFF,83,4,2
CASSRSGGRNYGYTF,44,3,0
CASRSAGRGYTF,44,3,0
CATSRDRGRNNEQFF,44,3,0
CSVRQLTNTGELFF,51,0,4
CATSLTGGATQYF,51,0,4
CASSSPMNGELFF,32,4,2
CASSATGIGETQYF,82,3,4
CASSPIGTGETEAFF,82,3,4
CSARGTGELFF,82,3,4
CASSFAGLAPNEQFF,113,0,3
CASSIAGVADTQYF,113,0,3
CASSTLGLAPDTQYF,113,0,3
CASSQLAGRDEQFF,103,0,3
CASSPLAGRDTEAFF,103,0,3
CASEGTVGGEQFF,76,3,4
CASSLVDGGNSPLHF,58,3,4
CASSLETGKKLFF,12,0,4
CASSVERGNGYTF,12,0,4
CASSLEGMRGEFF,12,0,4
CASSLDQRGTEAFF,74,4,2
CASSQDRYTEAFF,74,4,2
CASSARGANYNEQFF,80,0,2
CASTHNLGNEQFF,111,3,0
CASGDNVGREQYF,111,3,0
CSVAGQGGYNEQFF,114,3,1
CASAGQGGGTEAFF,114,3,1
CAALWDRGYNEQFF,51,0,1
CASSYGPRYYEQYF,44,3,2
CASSLDRGGPYEQYF,13,4,1
CASSLDRTYPNEQFF,13,4,1
CASSLDRGGQPQHF,13,4,1
CSADKKTQYF,13,4,1
CASSRTVNTEAFF,101,0,1
CASSRTENYEQYF,101,0,1
CASQRTTRYEQYF,101,0,1
CASSLSGVFGYEQYF,81,0,4
CASSLASGVTGYGYTF,81,0,4
CASSQDLAGGKADTQYF,40,0,4
CASSFWGGGANVLTF,82,3,2
CASSFTGAGANVLTF,82,3,2
CASSPRDRAYEQYF,97,4,0
CASSQAKDRLNTEAFF,97,4,0
CASSIGGLVAEQFF,107,3,4
CASSTGTSVMETQYF,107,3,4
CASSLARLASTDTQYF,5,4,0
CASSLIIGEQFF,25,0,0
CASSHTGGEQYF,25,0,0
CASSTGLAGTNTGELFF,40,0,0
CASSWGPGNTEAFF,30,4,0
CASSWGPMNTEAFF,30,4,0
CASSEVSGSADTQYF,14,1,1
CASRTLAASGNTIYF,42,3,4
CASSSSGAGNIQYF,61,0,4
CASSPRLAGGNNEQFF,60,0,1
CASSRLAGGGDEQYF,60,0,1
CASSLRVAGGGTDTQYF,60,0,1
CASTRQGDYGYTF,78,2,0
CASSLVGETQYF,31,1,3
CASSLVRETQYF,31,1,3
CASSQVTETQYF,31,1,3
CASSSLGETQYF,31,1,0
CASSKAGETQYF,31,1,3
CASSSEVGGTQPQHF,31,1,3
CASSLGAGGPVDTQYF,43,1,1
CASSLARAGGPGSYEQYF,43,1,1
CASSPGTGEQYF,39,0,0
CASSQPTPGGGRYNEQFF,36,0,2
CASSQGPARGYYNEQFF,36,0,2
CASRASLGGANRGNTIYF,76,3,4
CSASLGGVNYGYTF,76,3,4
CASSPGTANTGELFF,76,3,4
CASSLGGHRTGELFF,76,3,4
CASSLGRGKDTQYF,109,0,3
CASLIRDRDEQFF,109,0,1
CASSLHPPGTDTQYF,39,0,0
CASSLGQTFYEQYF,97,4,0
CASSPGQGFYEQYF,97,4,0
CASSEAELEGNEQYF,80,0,2
CASSFQTGRTTEAFF,11,0,3
CASSTPTGRGTEAFF,11,0,3
CASKAGVNYGYTF,70,3,1
CASSLNVGLAGGEQYF,85,0,0
CSASKRGSYNEQFF,107,3,4
CASSRDMGNTEAFF,63,3,2
CASSDPGTGGNYGYTF,18,0,1
CSVDPGTRYYNEQFF,18,0,1
CASRLQGVLYEQYF,114,3,1
CASRGQGAMYEQYF,114,3,1
CASSVSAGGAGELFF,38,0,4
CASSRLIGNNSPLHF,60,0,1
CASSRLWGRGDTQYF,60,0,1
CASSSSSGANVLTF,32,4,2
CASSSPRVWAQYF,32,4,2
CASSSDSSASGNTIYF,14,1,1
CASSSSISGSQYF,14,1,1
CASSSRGETQYF,31,1,0
CASSSQSGGYGQPQHF,31,1,0
CASSTQTGHRDEQYF,13,4,3
CASSTSTDTQYF,68,1,1
CASLSTDTQYF,68,1,1
CASSLSRDRPLHF,68,1,1
CASSLGQGRYNEQFF,71,2,0
CASSLRGSGNTIYF,111,3,4
CSASLRGSGNTIYF,111,3,4
CASSLGQENGYTF,46,0,0
CASSLTQKNTQYF,46,0,0
CASSSTGYGNTIYF,46,0,4
CASSSTGYGYGYTF,102,0,4
CASSGATGNTIYF,46,0,4
CASSLTSTTYEQYF,97,4,0
CASSTGTGGAETQYF,82,3,4
CASSYGTGGETQYF,82,3,4
CASSPTGTGFQETQYF,82,3,4
CASSQDGNTEAFF,74,4,2
CASSLDRTGELFF,74,4,2
CASSLDWWTEAFF,74,4,2
CASSPPDTNTEAFF,74,4,2
CASSFEAGIYNEQFF,99,3,1
CASSPRDPPYEQYF,56,4,0
CASSEYVGPTYEQYF,45,0,1
CASITAGLGYTF,45,0,1
CASSPGTPDTQYF,103,0,3
CASSPGTTDTQYF,103,0,3
CATSDPRGPDTQYF,103,0,3
CASSSSGTLDTQYF,103,0,3
CASSPTDRSNQPQHF,54,2,1
CASRPEGARSTDTQYF,54,2,1
CASSWTGVNYGYTF,70,3,1
CASSLTGIYYGYTF,70,3,1
CASSLKETGELFF,26,0,4
CASSDRENGELFF,26,0,0
CASSGEQGAYEQYF,97,4,0
CASSQEQGFYEQYF,97,4,0
CASSGLSNTGELFF,26,0,4
CASSLMEGRNQPQHF,33,3,4
CASSPREGRNSPLHF,33,3,4
CASSVALAGPQYNEQFF,89,0,4
CASSDGVGNTIYF,61,0,4
CASSPGLDSYEQYF,50,4,1
CASSIPLAGGTDVNEQFF,113,0,3
CSARVAGGTDTQYF,113,0,3
CASSLCLPGTDLYEQYF,113,0,3
CASSGQGTGELFF,29,4,0
CASSSGDMNTEAFF,56,4,0
CASSMISGISGANVLTF,21,4,1
CASSWTSGRSGANVLTF,21,4,1
CASSGTDIGSGANVLTF,21,4,1
CASSEFPSGQSGANVLTF,21,4,1
CASSLGQVSNSPLHF,31,1,3
CASSPRDRGWFDSPLHF,13,4,1
CASSYDRGSVDGYTF,13,4,1
CASSYSRRSDQPQHF,13,4,1
CASKQGGYGYTF,44,3,0
CASRDRGYGYTF,44,3,0
CASWQGIYGYTF,44,3,0
CASRTGGYGYTF,44,3,0
CASSLGSFKRNEKLFF,0,4,1
CASRETDTQYF,100,1,3
CASSQDRWTDNQPQHF,100,1,3
CASTYNSPGGQGVSPLHF,27,4,2
CATSPGPPGTQYF,27,4,2
CASSPVQGRNTEAFF,115,2,3
CASSPGQGRNTEAFF,115,2,3
CASSRRLTELKEAQYF,67,3,2
CASSIERETEAFF,59,0,4
CASSANLGNQETQYF,116,2,3
CASSAGQGTQETQYF,116,2,3
CASSPGLGHLQETQYF,117,0,3
CSAPKPGQLDEKLFF,117,0,3
CASSLVDPGNTGELFF,38,0,4
CASSPDPGTGNIQYF,38,0,4
CASSPAQPGLTGELFF,38,0,4
CATSRDMGQETQYF,35,3,4
CASSLGQMSTDTQYF,14,1,1
CASSFGSISTDTQYF,14,1,1
CSASKGETQYF,31,1,0
CASSHAGTGDPYEQYF,118,3,2
CASSKEGTGVPYEQYF,118,3,2
CASSGIAGGRYNEQFF,8,3,1
CASSLVGLARRRRGTGELFF,8,3,1
CASSWGRHNTEAFF,76,3,4
CASSLTEQGTEAFF,76,3,4
CASSLKRQNTGELFF,76,3,4
CASSYTGAPTNGYTF,80,0,2
CASSYGGAAYNEQFF,80,0,2
CASSLTGQENQPQHF,58,3,4
CASSLTGDEADTQYF,58,3,4
CASSVEGQINQPQHF,58,3,4
CSALTGSETQYF,58,3,4
CSASAGGKGEKLFF,69,0,4
CASSFGGNNEKLFF,69,0,4
CASSLTGEREKLFF,69,0,4
CASSQRAGTKETQYF,26,0,4
CASSLGMDFSNQPQHF,54,2,4
CATNGFSNSNQPQHF,54,2,4
CASSSQPGRYEQYF,74,4,2
CASSPRLGYEQYF,41,0,4
CASSTTGRRTGELFF,37,0,4
CASSPSGGKLTEAFF,108,0,4
CASSYSGQGGKLTDTQYF,108,0,4
CASSLVGGELFF,65,0,4
CASSLLNTEAFF,65,0,4
CASSQAVGIEYGYTF,65,0,4
CSAALAEGLSEQYF,8,3,1
CATSEAGDNEQFF,29,4,0
CATSELGIGELFF,29,4,0
CAISDATDYEQYF,29,4,0
CASSYSMLGDIPYEQYF,29,4,0
CAWSEEPSNEQFF,29,4,0
CASSLSPTNYNEQFF,4,4,1
CASSLSLGNYGYTF,4,4,1
CASSVSPRIYGYTF,4,4,1
CASRPLPPHEYHNEQFF,4,4,1
CASSPGQRNTEAFF,47,4,0
CASSGGNYGYTF,77,0,4
CASSQGLYGYTF,77,0,2
CASSFMKNTEAFF,101,0,2
CASSFARNTEAFF,101,0,2
CASSPGTNEAFF,39,0,3
CASSPGYTEAFF,93,0,3
CASSPTTGELFF,39,0,3
CASSTRTAANYGYTF,80,0,2
CASSPWGVGANVLTF,87,0,4
CASSSETGTRILNEQFF,37,0,3
CASSQEENRRYNEQFF,37,0,4
CASSVTGGGQPQHF,119,0,0
CAWSVMGGNQPQHF,72,0,2
CASARGGNQPQHF,72,0,2
CASSTGGNQPQHF,72,0,2
CASSPIGVPTDTQYF,39,0,0
CSVEVPTGLPTDTQYF,39,0,0
CASSEGGLPTDTQYF,39,0,0
CASRQDTVNEQFF,32,4,2
CASSSWGGGYGYTF,102,0,4
CASSSGGGGYGYTF,102,0,4
CASSQDRGGQETQYF,108,0,3
CASSDRGGDTQYF,108,0,3
CASSPVLRALGGNTIYF,34,3,2
CASSRVDRALGGEQYF,34,3,2
CASSLGRANYGYTF,76,3,4
CASSTSSGGYEQYF,32,4,2
CASSFDGRGLETQYF,10,3,2
CASSFQTRRQETQYF,10,3,2
CASSESGLGEKLFF,70,3,2
CASSRPGTNEKLFF,70,3,2
CASSFRAGEYEQYF,47,4,0
CASSTRLTENEQFF,47,4,0
CASARAAGELFF,82,3,4
CSVERTGELFF,82,3,4
CSVGRGTGELFF,82,3,4
CASSSPRTPSTDTQYF,24,1,3
CASSPEFPVTDTQYF,24,1,3
CASSLEPGGAMAYEQYF,35,3,1
CSVEVGEQYF,38,0,4
CASSLVLGYGYTF,46,0,4
CASSSQGARYGYTF,46,0,4
CASSSPGAGGGYTF,46,0,4
CASSLGQGGGGTEAFF,114,3,1
CSARPGGGYEQYF,114,3,1
CATGQGNGYEQYF,114,3,1
CASSFAGQGTATIYGYTF,114,3,1
CASSQLLLVRNEQFF,61,0,4
CASSQALLINTEAFF,61,0,4
CASSRGTGMGEQYF,92,3,2
CASSPLWGPRGEKLFF,82,3,4
CASSPLRGPRGTGELFF,82,3,4
CASSPGTVNYEQYF,33,3,4
CASSPGRVNTEAFF,33,3,4
CASSPGTPNTEAFF,33,3,4
CASSPLIGRERIDTQYF,16,0,0
CASSPIGGRERREKLFF,16,0,0
CASSPPLMEREKRIDTQYF,16,0,0
CAIRAGEGVNEQFF,67,3,1
CATSAASGGISTDTQYF,55,2,2
CASSFPGLGSREKLFF,57,0,1
CSGPGVGPYEQYF,57,0,1
CASTTRRGSYNEQFF,22,4,3
CASSYRGRGMSYNSPLHF,22,4,3
CASRRTTSGSYNEQFF,22,4,3
CSVEGGTGSYGYTF,22,4,3
CSASPEGSVNTEAFF,106,3,4
CASSPTGSGNTIYF,106,3,4
CASSHPHGSVNTDTQYF,106,3,4
CASSQEGQVYYGYTF,106,3,4
CASSIEPGISYNEQFF,0,4,3
CSATEPTRSYNEQFF,0,4,3
CASSERPGISGNTIYF,0,4,0
CASSQDLTDYGYTF,6,0,4
CASSSRPYPLREYEQYF,34,3,2
CASSLEGRYSPLHF,72,0,2
CASSALGENSPLHF,72,0,2
CSASDFSGSSYEQYF,53,4,0
CASSTVAGSSYNEQFF,52,4,2
CASNLAWSSYNEQFF,52,4,2
CASPYPTGDSYNEQFF,52,4,2
CASSTPWTSDYNEQFF,52,4,2
CASSDRRKTNEKLFF,26,0,4
CASSYGTGADTQYF,10,3,2
CASSLDRRGEKLFF,38,0,4
CASSLDRVREKLFF,38,0,4
CASSQTSGGNEQFF,84,4,0
CASSQGSGNGELFF,84,4,0
CASRTSGGNEQFF,84,4,0
CASSDTSGRNTQYF,84,4,0
CASSLQGGNGYTF,95,4,1
CASSLSGGKGYTF,95,4,1
CASSLPGGYGYTF,95,4,1
CASSLSAQGGGGYGYTF,95,4,1
CASSFSPGTYEQYF,32,4,2
CASSFSDGTYEQYF,32,4,2
CASSNSPGGYEQYF,32,4,2
CASSMSPRTGELFF,32,4,2
CASSISVGYTEAFF,32,4,2
CASSSPEGLETQYF,59,0,1
CASSQEDAETQYF,59,0,1
CAWNAGTNTEAFF,10,3,2
CAIRTGFNTEAFF,10,3,2
CASSFPEWRANTEAFF,1,4,0
CASGPVADPSYNEQFF,52,4,2
CSAVALADSSYNEQFF,52,4,2
CASSPPTGRYYGYTF,18,0,1
CASSPPGTRYGYTF,18,0,1
CSARDRGTGNTIYF,17,0,2
CSARGRNDNEQFF,22,4,3
CASSLASGKGTDTQYF,13,4,3
CASSLAPGTNQETQYF,10,3,2
CASSFVPGTYQLNEQFF,10,3,2
CASSLNLGTDTQYF,71,2,3
CASSYRTGGETQYF,99,3,4
CASSTRTGAATEAFF,99,3,1
CSAPTSGSYEQYF,3,4,2
CSAPGSPSNEQYF,3,4,2
CSARDASGSYEQYF,3,4,1
CASSFSTNTEAFF,74,4,0
CASSISGNYGYTF,74,4,2
CASSLGAGELFF,46,0,4
CASSLGANVLTF,46,0,4
CASSEVFWENTEAFF,35,3,1
CASRTQAPVTEAFF,40,0,0
CASSSLTNYGYTF,4,4,1
CASSELGQGKTEAFF,66,0,4
CASSEVGQGWNEQFF,66,0,4
CASTDRVGQGRTEAFF,66,0,4
CASKQGGGLNTEAFF,27,4,2
CASRTDGTGMNTEAFF,27,4,2
CSVDRSGGLDEQFF,49,0,2
CSARDVSGVLDEKLFF,49,0,2
CASSQESPGADEKLFF,49,0,2
CASSRLAGKGVHGELFF,8,3,1
CASSQGQLGGTVADTQYF,8,3,1
CASSRGAYNEQFF,101,0,1
CASSRTAYNEQFF,101,0,1
CASSKGQYNEQFF,101,0,1
CSVEGGNRANEQFF,22,4,2
CATEGEKGFREKLFF,22,4,2
CASNGFTDTQYF,54,2,2
CSVGGIRDTQYF,54,2,2
CATSRDLMGGFSYNEQFF,55,2,2
CASSVGTGNSYEQYF,55,2,3
CASSRDTRNTGELFF,63,3,2
CASSLGKAAKTEAFF,18,0,1
CASSLTDRGGYTF,46,0,0
CASSHLRRGTDTQYF,51,0,4
CATSDGKGGRDEQYF,51,0,4
CASSLVSAEGNIQYF,74,4,4
CSASGQGGTDTQYF,108,0,4
CASSLGETETQYF,59,0,1
CSASLGEIGTQYF,59,0,1
CASSVGGANEKLFF,69,0,4
CASSSGTANEKLFF,69,0,4
CSVFGATEAFF,69,0,4
CASAVGTVNEKLFF,69,0,4
CASSTRTGGDPYGYTF,22,4,3
CASSTYGGGVNTEAFF,22,4,3
CASGFGETSNQPQHF,31,1,1
CASSPRGEKLFF,59,0,0
CATSDSGTGPTGELFF,41,0,1
CSVDSGTGNTGELFF,41,0,1
CASSLAGSGANVLTF,111,3,4
CATSLARSGANVLTF,111,3,4
CASSLLNSGANVLTF,111,3,4
CASSLSGSGANVLTF,111,3,4
CASSVRGSGANVLTF,111,3,4
CASSLETSGAYEQYF,111,3,4
CASSLAYSGASQYF,111,3,4
CASSLSGQGNQPQHF,58,3,4
CASSVDGQGRDTQYF,58,3,4
CASSEASRPGNQPQHF,58,3,4
CASSPNRVIHEQFF,33,3,4
CASTQGSGAFF,3,4,2
CASSRQGAYEQYF,56,4,0
CASSPGQGAYNEQFF,56,4,0
CASSGDNAGELFF,56,4,0
CASSGQGAYEQYF,56,4,0
CASSPGRNQPQHF,72,0,2
CASSRFGGYNQPQHF,60,0,4
CASSRETGFGQPQHF,60,0,4
CASSYVGGELFF,65,0,4
CASSLLQGQTYNSPLHF,81,0,4
CSARGLAGPTTTDTQYF,81,0,4
CSAILAGETYNEQFF,81,0,4
CASSVVASNTEAFF,111,3,4
CASSVVASGVEQYF,111,3,4
CASSLWASNYEQYF,111,3,4
CASSPEGFGTQYF,77,0,4
CASSSPATMNTEAFF,77,0,4
CASSYQQGTTEAFF,30,4,0
CSARALQGVGETQYF,96,2,3
CSARFSQGVTEAFF,96,2,3
CASRGLQGVNYGYTF,96,2,3
CASSLATGKPLHF,12,0,4
CASSLFTANQPQHF,72,0,2
CASSLLQNYEQYF,110,0,4
CSALSAVLGNEQFF,110,0,4
CASSAGVGNEKLFF,69,0,4
CASSLDGQLAPSQHF,58,3,4
CASSPTRTAYQPQHF,24,1,2
CASSENRGVTDTQYF,24,1,2
CASSPPLRGARSETQYF,24,1,2
CATLPRLPYEQYF,67,3,1
CASSTLGGSPGETQYF,67,3,1
CASSLALSNYGYTF,70,3,4
CASSLALTSNTGELFF,70,3,1
CASSLGAGGINQPQHF,13,4,3
CASSLGPGGGNQPQHF,13,4,3
CSAPRRRNSNQPQHF,21,4,2
CASSLGGDGYGYTF,82,3,4
CASSAGTSGNYEQYF,82,3,4
CASSQDGGQGKTGELFF,82,3,4
CASSPKGGRLNTEAFF,16,0,0
CASIGQGAWGYTF,84,4,0
CSASPGQGQEKLFF,115,2,3
CASSPGQTNEKLFF,115,2,3
CASSVGTRQPQHF,72,0,2
CASSLGRGQPQHF,72,0,2
CASSLGEYQPQHF,72,0,2
CASSLVGGQFKEYGYTF,105,3,4
CASSYAGANTIYF,97,4,0
CASSPSYPGANTEAFF,97,4,0
CASSSYDRANTEAFF,97,4,0
CASSPDSYFVANTGELFF,97,4,0
CATSRNPTGKSGANVLTF,18,0,1
CASSLGGQGLEQYF,106,3,4
CASSLRGQGAEKLFF,106,3,4
CASSRGIQGVEKLFF,106,3,4
CASSEGYNEQFF,39,0,0
CASSLRYNEQYF,39,0,0
CATVSGGNTIYF,88,3,1
CASSSPWAGGFGGDTEAFF,23,4,4
CASRPMAGIFTGELFF,23,4,4
CASSGAGKGETQYF,62,0,4
CASSTAGEGETQYF,62,0,4
CASSSWTGEGLFF,48,0,1
CASGQAMNNEQFF,34,3,2
CASRQLMNTEAFF,34,3,2
CAWQTSAMNTEAFF,34,3,2
CATSRGAESTDTQYF,54,2,2
CASSYRNTIYF,41,0,4
CASSLSRGTDTQYF,108,0,3
CASSAQGTTDTQYF,108,0,4
CASSWSGITSGEQYF,108,0,4
CASSQASLPAEAFF,74,4,2
CASSKGTAQETQYF,23,4,4
CASSSRIRGSSYNEQFF,11,0,3
CASSENRGDSYEQYF,11,0,3
CASSVGTIQDTQYF,109,0,1
CASSVGTTTDTQYF,109,0,1
CASSPRGQGTEAFF,106,3,4
CASSWSGSNNEQFF,19,3,4
CASSWPGSYNEQFF,19,3,4
CASSGGRTQETQYF,23,4,4
CASSHGLAGGYGEQFF,40,0,0
CASSIHQGSAYNEQFF,52,4,2
CASSSSAGQPPLGEQYF,31,1,3
CASSLVIERETQYF,69,0,4
CSVDRDGYTF,62,0,4
CASSYQGRVEAFF,29,4,0
CASSSHQGRGEQYF,29,4,0
CASSPAGRAEFF,29,4,0
CASSGGGPQETQYF,94,4,4
CASSPSGANTGELFF,46,0,4
CAISESTARTIQHF,46,0,4
CASSQDRANEQFF,74,4,2
CASSQSRHYEQYF,74,4,2
CASSVELAQETQYF,23,4,4
CASSVEAVKETQYF,23,4,4
CASSYLSSSGELFF,84,4,0
CASIASSDGYTF,84,4,0
CASSFADSLGEQFF,84,4,0
CASSYGTYTGELFF,92,3,2
CASSLRGREQYF,25,0,0
CASSLAGREQYF,25,0,0
CASSFDGTNSGNTIYF,27,4,2
CAISEGPGVQETQYF,71,2,3
CASSEGQGADTQYF,71,2,3
CASSQVREVANEQFF,38,0,4
CASSPRGWGAGVTEAFF,16,0,0
CASSLTATNEKLFF,69,0,4
CASSFTATNEKLFF,69,0,2
CASSPTTTNEKLFF,69,0,4
CASSSGTGILAKNIQYF,92,3,2
CASSPVGGILAKDTQYF,92,3,2
CASSPGPGTLAKNIQYF,92,3,2
CASSFRGDQPQHF,72,0,2
CASSRTGDQPQHF,72,0,2
CASSFRGNQPQHF,72,0,2
CASSPSRDSHQPQHF,21,4,1
CASSPVGQRNYGYTF,46,0,4
CATSPVRDRVYGYTF,46,0,4
CASSSTGQRNTEAFF,46,0,4
CASSPESGAGNTIYF,84,4,0
CASSAWDGMGEQYF,84,4,0
CATSDFRLGAGNEQFF,45,0,1
CSARDWTAGLGADQYF,45,0,1
CASSPRTGERTEAFF,4,4,4
CASSRRGEETQYF,4,4,4
CASSPGLAGPRTGEKTLPFHTQYF,4,4,4
CASNPVITNNEQFF,89,0,3
CASRPVATNEKLFF,89,0,3
CILNPANTGNQFYF,89,0,3
CASSPTGTGGPEAFF,18,0,1
CASSLALAGGITDTQYF,60,0,1
CASSLKVAGGNTEAFF,60,0,1
CASSAGGGGQPQHF,119,0,0
CASTVGPGSNQPQHF,43,1,1
CASSEGGPGSNQPQHF,43,1,1
CSARPGQGSNQPQHF,43,1,1
CASTSRPYSNQPQHF,43,1,1
CASSRSSLSYEQYF,15,4,2
CASSDKVRGNEQFF,74,4,4
CASSQKHRGTEAFF,74,4,4
CASSRDRGNEAFF,74,4,4
CASRTGNIKQYF,60,0,4
CATSKGPGRNQPQHF,60,0,4
CATSRGGTRRSEQYF,60,0,4
CASSRRTGDSGYTF,10,3,2
CSAPQGGRGQGNTEAFF,21,4,1
CASSGWGDEQFF,72,0,0
CASSRQGDEQFF,72,0,0
CASRARGQDGYTF,10,3,2
CASSKNGINEKLFF,70,3,1
CASSGHFTNEKLFF,70,3,2
CASRPIKYSGNTIYF,27,4,2
CASSLGPKRTSGILGEQYF,27,4,2
CASSEMWTANTEAFF,84,4,0
CASSRVNNEKLFF,69,0,4
CASRGAGYNEQFF,60,0,4
CASSRGPTYNEQFF,60,0,4
CASSRGLPYNEQFF,60,0,4
CSAPRGAGRYEQYF,60,0,4
CASSLSTGTVGHEQYF,112,3,3
CASSLWLRTGGGQPQHF,37,0,4
CASSSRNEEELFF,51,0,1
CSAQSSAHYNEQFF,51,0,1
CASSQDKNMNTEAFF,51,0,1
CASRFTGESTEAFF,22,4,3
CASRFRGESNQPQHF,22,4,1
CASRETGFDAEAFF,22,4,1
CATIHGHSVELFF,22,4,1
CASSLRGDNYNEQFF,82,3,4
CSARRGLSYEQYF,107,3,4
CSAGRGQLYEQYF,107,3,4
CASSSRVGNEQFF,61,0,4
CASSSDRVGNTIYF,61,0,4
CSVDVAGAGIGQFF,19,3,4
CASSQDMLVETQYF,63,3,0
CASSLISTATYGYTF,56,4,0
CASSEALENTEAFF,84,4,4
CAWSVGLENTEAFF,84,4,4
CASSYLWENTEAFF,84,4,4
CASSPSGGRNSPLHF,48,0,1
CASIPPQGLRFSYEQYF,48,0,1
CASSPSTHRGHEQYF,48,0,1
CASSESVTKYSPLHF,48,0,1
CASSYREGGSGNTIYF,0,4,3
CASTWRERYSYNEQFF,0,4,3
CSARVWGEWGHGTDTQYF,0,4,3
CASSLDGGLSGANVLTF,2,4,1
CATSDQGTARGANVLTF,2,4,1
CASSEARDRGQFF,6,0,4
CASSPDHGGGGNEQFF,77,0,2
CATSDHYRGGNEQFF,77,0,2
CSAIPGGNSGNTIYF,27,4,2
CASSGPRLAGETQYF,79,3,4
CASRPRAGGEQYF,79,3,4
CASSLREVQETQYF,23,4,4
CASSFRETQETQYF,23,4,4
CASKMGGTEAFF,93,0,3
CASRFGNTEAFF,93,0,3
CASKGGYTEAFF,93,0,3
CASSHRQGNLNTGELFF,114,3,1
CASVRTGNLNTEAFF,114,3,1
CASSPQTGTNSPLHF,48,0,1
CASSPQQGNNSPLHF,48,0,1
CASSWTSGKGEQFF,71,2,0
CASSGTSGERETQYF,71,2,0
CASTGLAGGRGEQYF,40,0,0
CASSTTSGSPSKQFF,54,2,1
CASSPYSTASTDTQYF,9,4,2
CASSIDLTAYGYTF,6,0,4
CAISATNQGTSGRDTQYF,0,4,3
CASSPGLGETQYF,46,0,4
CASSVVAGETQYF,46,0,4
CASSWGAGEKLFF,46,0,4
CASQTRGEKLFF,59,0,0
CASSLARAGPYEQYF,98,0,1
CASSQAETGWATEAFF,17,0,2
CASSQANMGLAGNEQYF,17,0,2
CSASRGLAGGEQFF,79,3,4
CASSRAGWGETQYF,62,0,4
CTSKARDTEAFF,62,0,4
CSAPTIAGKNEKLFF,60,0,4
CASSSSTTGHEQFF,95,4,2
CASSSSTGHEQYF,95,4,2
CASSSRLAENTGELFF,40,0,4
CASSRRNEKLFF,59,0,0
CASSHNRGIKVTQYF,59,0,0
CASSESRGARDGYTF,24,1,2
CASSLGGTGDYEQYF,98,0,1
CASSSEGTGQYEQYF,98,0,1
CASSLEREGQNEQFF,98,0,1
CASSKEGPTQFF,31,1,3
CASSPQGAPEAFF,116,2,0
CASSPQGASEAFF,116,2,0
CASSYTGVGNTEAFF,82,3,4
CASTTGAGGYTF,82,3,4
CAISETGAGMGTQFF,82,3,4
CASSIGGAKNYGYTF,82,3,4
CASSFTAGGNTEAFF,99,3,4
CASSFGAGGETLHF,99,3,4
CASSSPGTAKGNTGELFF,99,3,4
CASSLGAATAEQYF,26,0,4
CASSTGVVTGELFF,26,0,4
CASSLTGTGDTIYF,98,0,1
CASSPTGTGDTEAFF,98,0,1
CASSLTGTGSWTQYF,98,0,1
CASSLTGPTDTQYF,98,0,1
CASSFIPPSHGTQYF,10,3,2
CASRITEGDTGELFF,0,4,3
CSVSSGANVLTF,46,0,4
CASSTVWGGSPLHF,10,3,2
CASSFQGIREAFF,74,4,0
CASSISDRATEAFF,32,4,2
CASSFSQGAGDTQYF,32,4,2
CASSLPLGLSSYEQYF,53,4,0
CASSASIGASSYEQYF,53,4,0
CASSPPARLSSGNTIYF,53,4,0
CASSLTIFRQQYF,25,0,0
CSARVAGLGFATNEKLFF,114,3,1
CSVMNTEAFF,17,0,2
CSASGTGATYEQYF,92,3,1
CASSRTGATYNEQFF,92,3,1
CSAPTGLDYGYTF,27,4,3
CASGQGGVSYYGYTF,27,4,3
CASSPRPAGGTNTQYF,60,0,1
CASKRLAGNNNEQFF,60,0,1
CSARSASGLNEQFF,3,4,1
CATRDVSRPNEKLFF,3,4,1
CAIRDSSRSYNEQFF,3,4,2
CSARAASGSGAEQYF,3,4,2
CASSPPDRVTEKLFF,74,4,2
CASSQNTQDRAVAFF,31,1,3
CASSQLRLGRSSYNEQFF,11,0,3
CASSYRLARSSYEQYF,11,0,3
CASSSTFLGKSSYNEQFF,11,0,3
CASSLGWTKSSYEQYF,11,0,3
CASNLREGGPSYNEQFF,11,0,3
CASRGTGGQPQHF,119,0,0
CSARDRVRGYSGANVLTF,18,0,1
CASSDWRGKETQYF,65,0,4
CSARVPGVRNEKLFF,33,3,4
CASSLKAGRDEQYF,109,0,1
CASSKTGRDEQFF,109,0,1
CASSVYRSSETQYF,5,4,2
CASSTNRDSETQYF,5,4,2
CASSTAVAGAGGGYTF,88,3,1
CSAKRKRGPVEQYF,0,4,1
CASSGLSRGRNVELFF,13,4,3
CASRPFLTGRIQETQYF,13,4,3
CASTRGLNTEAFF,79,3,2
CASNRLLNTEAFF,79,3,2
CASSRRTANTEAFF,79,3,2
CASSLVGGPPQETQYF,10,3,2
CASSLSIGPPQETQYF,10,3,2
CASSLVRGRGTDTQYF,14,1,1
CASSQALRTGIRSYEQYF,14,1,1
CASRAGGGGGEAFF,67,3,1
CASSLTRYEQYF,120,0,0
CASSQGRREQYF,25,0,0
CASSDQSGTNYGYTF,95,4,2
CASSPDSRVNGYTF,95,4,2
CASSLGQGHTDTQYF,91,0,1
CASSLGQGGTDTQYF,91,0,1
CASSMGQGATDTQYF,91,0,1
CASSVGEAGTGELFF,82,3,4
CASSPLTGVGGGEQHF,82,3,4
CASSQALGPSYEQYF,55,2,2
CASSLGVVTSGPNEQFF,40,0,0
CSAVGPVRSGNTIYF,40,0,0
CASSSRAVSTDTQYF,24,1,3
CASSRTVHEQFF,24,1,3
CASSQDGGVSTDTQYF,24,1,3
CSAGETLELFF,93,0,3
CSATENTEAFF,93,0,3
CSAVLSTTGNAQYF,81,0,4
CASSQSNQPQHF,25,0,0
CASSASTGPQHF,25,0,0
CASSQHDRNNEKLFF,47,4,0
CASSQADFYNEQFF,47,4,0
CASSHSDRRNEQFF,47,4,0
CASTQGNGPYEQYF,57,0,1
CASSPRQGMNEKLFF,47,4,0
CASSPRQGRTEAFF,47,4,0
CASSPPRQYMNTEAFF,47,4,0
CASSLVGGQPQHF,49,0,2
CASSQTGNQPQHF,49,0,2
CASSLEGGLPLHF,49,0,2
CASSEGTVNTEAFF,76,3,4
CASSTVRGRYGYTF,71,2,0
CASSLPSGGRNEQFF,84,4,0
CASSEHSGGRTEQFF,84,4,0
CASSLDSPGRYGYTF,84,4,0
CSAYPATSGSRSDTQYF,14,1,1
CSVEVGGETQYF,10,3,3
CSVETGGYEQYF,10,3,3
CASSTPTGRRTEAFF,11,0,3
CSARGGGNTEAFF,10,3,2
CASSLGQSSYNEQFF,83,4,1
CASSPGQSSYNEQFF,83,4,1
CASSLTSSSYNEQFF,83,4,1
CASSLRQSSTGELFF,83,4,1
CASSLAGPSSYNEQFF,83,4,1
CATSDRTSSDEQFF,5,4,2
CASRPSQRIDPLAKNIQYF,5,4,0
CASSLTREEQFF,120,0,0
CASSPRTSANYEQYF,51,0,3
CASSVISLGGETQYF,78,2,0
CSATRGLRTEAFF,79,3,2
CKPGRRVNTEAFF,79,3,2
CASSLRTAYYGYTF,17,0,2
CASSSLTITDTQYF,103,0,3
CASSLKGTDTQYF,103,0,3
CASSPTGTDTQYF,103,0,3
CASSLVGTDTQYF,103,0,3
CASSQDPSGSTGELFF,3,4,2
CASSRAGTGAYEQYF,87,0,4
CATSRQRTGAYEQYF,87,0,4
CASSGYGTGLYEQYF,87,0,4
CASSSMGQNTEAFF,28,0,4
CASSWGQTGELFF,28,0,4
CASSWGDGTEAFF,28,0,4
CASSFPGGNTIYF,29,4,0
CASSFQGGYTIYF,29,4,0
CASSIPGWETQYF,29,4,0
CASSTPGWKETQYF,34,3,2
CASSPRGGYQPQHF,72,0,2
CASSQEGGYLAGYTF,17,0,2
CSASSVLKGGEQFF,26,0,4
CASSRDFLYEQYF,56,4,0
CASSPGVQPQHF,31,1,3
CASSRDRGTRPLHF,44,3,0
CASSNRVDEKLFF,4,4,1
CSVDLAQGNTQYF,46,0,0
CASSLPSGAGNNEQFF,48,0,1
CASSPREGRTEAFF,47,4,0
CASSTRQTNTEAFF,47,4,0
CASNRDTEHEQYF,47,4,0
CASSSTHLTFNYGYTF,47,4,0
CASNRVWEKLFF,47,4,0
CASSLNQGPDTQYF,121,2,3
CASSSLRQGVDTEAFF,121,2,3
CASSPGQGPDTQYF,121,2,3
CASSLGQGNQPQHF,75,0,2
CATSVARKNGDTQYF,51,0,4
CSARDPGQGVGETQYF,56,4,2
CATSDPGQGWGNEQFF,56,4,2
CSVAPGQGAGEQYF,56,4,2
CATSDPIQGLAETQYF,56,4,2
CASSLTSGIAEQFF,116,2,3
CASSLTSGRVEQFF,116,2,3
CASSLRSTNAEAFF,116,2,3
CASSDLTSGTAYEQYF,116,2,3
CSASKSGTGIIHEQYF,57,0,1
CASSDQGNTEAFF,74,4,2
CATSDLQGAPYEQYF,71,2,3
CASSLAQGASYEQYF,71,2,3
CASSQDLEGALYGYTF,71,2,3
CASADGEGSNQPQHF,100,1,3
CASGERDEQFF,100,1,3
CASSFGGSNEKLFF,69,0,4
CASSRTGVNYGYTF,70,3,1
CASSKWTVGYGYTF,70,3,1
CASTLVVNYGYTF,70,3,1
CASSETGTGSRTDTQYF,22,4,3
CSVEATGNTIYF,10,3,3
CSARGGGNTIYF,10,3,3
CASSYVREGTDTQYF,51,0,4
CSARVSGQPGLATHTQYF,32,4,2
CASSPNFRSSYNEQFF,50,4,0
CASSQGDHPNEQYF,47,4,0
CASSQYQAPWEQYF,47,4,0
CASSAPIGGAGATQYF,57,0,2
CASSTPIRGRGANVLTF,57,0,2
CASSSISGGGPHEQFF,13,4,3
CASSPFSGGFPNEQFF,13,4,3
CSVEPGRQETQYF,23,4,4
CSVEDVRPETQYF,23,4,4
CASSVRSGGTQETQYF,49,0,2
CATSRDGVGSEQFF,49,0,2
CATSIQGYGDEQYF,49,0,2
CASSLDVVRLAEQFF,93,0,3
CATSDNTKPDYQYF,55,2,2
CASRTGLTGELFF,92,3,2
CSARGKETQYF,33,3,4
CSARERETQYF,33,3,4
CASTTNKETQYF,33,3,4
CASSRRGTEGQPQHF,33,3,4
CSAARYEETQYF,33,3,4
CASSARKSGNTIYF,111,3,4
CSVATGSGNTIYF,111,3,4
CASSPSSGYGELFF,32,4,2
CASSRQGDQPQHF,72,0,2
CATSDRRADQPQHF,72,0,2
CASSTTLSQPQHF,72,0,2
CSASRINEQFF,21,4,1
CASTPGGYEQYF,21,4,1
CASSESWRDFYEQYF,34,3,2
CASSLLRDRGNGYTF,46,0,0
CASFRDSSYEQYF,83,4,1
CASLKTGRGQETQYF,10,3,2
CASSLEPGPLNTGELFF,85,0,0
CASSFGPGPANYEQYF,85,0,0
CSAEDIANSYEQYF,3,4,2
CASSPEETWGQLTYGYTF,23,4,4
CASSWTGGGTDTQYF,18,0,1
CASSPTGGRTDTQYF,18,0,1
CASSFTGLGTDTQYF,18,0,1
CASSGTGTGGDTQYF,18,0,1
CASSSNDGGGELFF,29,4,0
CSVETPGSGYTF,3,4,2
CACDRGRRGTEAFF,34,3,2
CSASRSATTGELFF,41,0,4
CASSPRPDGGGETQYF,41,0,4
CASSTERGGRNEQFF,99,3,4
CASSTETGGRGGYTF,99,3,4
CASSSSDRGYEQYF,86,0,4
CASSPRREQETQYF,4,4,4
CASSLGQGADTQYF,71,2,3
CASSQDGGGHTDTQYF,24,1,3
CSARDGTLSTDTQYF,24,1,1
CASSLLVGVIGYEQYF,81,0,4
CSVEVGVGGYTF,81,0,4
CASTPTGAVPQHF,10,3,2
CASSRSSTTGTALPGDTQYF,10,3,2
CATSDSGTGAYEQYF,87,0,4
CSARDYWEGSGPYEQYF,54,2,2
CASSEKQGPSGNTIYF,0,4,0
CASSPPRSYNEQFF,19,3,4
CASSLAEGNTIYF,46,0,4
CASSLVEGEKLFF,46,0,4
CASTYLGVQNNEQFF,85,0,0
CASTYLGLAGNEQFF,85,0,0
CASNGQGQGTQYF,30,4,0
CSASISTGNYGYTF,63,3,2
CATSRSTTNTGELFF,63,3,2
CASTSRGYRGYTF,63,3,2
CASRRDRVGEQYF,84,4,0
CASSYRQGAKETQYF,84,4,0
CASSRNQGMAEQFF,84,4,0
CASRAFEGAHYGYTF,67,3,1
CASSLKVWEGVMNTEAFF,67,3,1
CASIADGAETQYF,35,3,4
CASSEGQGTGELFF,30,4,0
CASSYYQGWTEAFF,30,4,0
CASSIGQNYEQYF,28,0,4
CASSFGQGYEQYF,28,0,4
CASSLDWTGGFDEQFF,14,1,3
CASSPSRAANYGYTF,61,0,2
CASSPSRLGNTIYF,61,0,2
CASSYSRLAFYEQYF,61,0,2
CASSPDRAVWGYTF,61,0,2
CASSAQGRNSGANVLTF,27,4,2
CAISASGRGQGADTQYF,27,4,2
CSARLAGYNEQFF,114,3,1
CASSAGLAGGRETQYF,114,3,1
CASSLDTGGLTGELFF,102,0,4
CASSHDWTGLTGELFF,102,0,4
CASSLDRGRLYNEQFF,102,0,4
CASISSGGLEETQYF,27,4,2
CASSVGSSGGLGTGELFF,27,4,2
CASSQDQNTEAFF,74,4,2
CASSQDIFGEQYF,74,4,2
CASSLLSSGANVLTF,111,3,4
CASSSSTDYGYTF,4,4,1
CASSVNTGELFF,39,0,3
CASSFGTGELFF,39,0,3
CASSRDKPNTEAFF,63,3,2
CASCKDRTNTEAFF,63,3,2
CASSQVQVPSEAFF,74,4,2
CASSPPRRAGSEQFF,39,0,0
CASSLLTGGRTDTQYF,18,0,1
CASSPTVGEADTQYF,18,0,1
CASSFLAGGYTGELFF,37,0,3
CASSFLTGGNTGELFF,37,0,3
CASSFAPGGRTGELFF,37,0,3
CSARVAGTNTGELFF,37,0,3
CATSDPGTGATGELFF,56,4,0
CATSDPGQGATGELFF,56,4,0
CASSSTGNWRPQHF,26,0,1
CASSWGGLGETQYF,82,3,4
CASSFKGVGETQYF,82,3,4
CASSPGRIEKLFF,93,0,3
CASSQNRGEKLFF,93,0,3
CASSLSRHGPQHF,68,1,1
CASSLSRLRQFF,68,1,1
CASSLGQGEWNEQFF,71,2,3
CASSLGQGEETQYF,71,2,3
CASSREGDSPLHF,72,0,2
CASSHGKQGWSNSNQPQHF,21,4,2
CAISEGRRGNQPQHF,58,3,4
CASSLTQTGNYGYTF,71,2,3
CASSLGQGGAYEQYF,71,2,3
CASSLEGQGNSPLHF,58,3,4
CSVEGDEGPTF,58,3,4
CASSPGRFTGELFF,33,3,4
CASANLGGQPGLAGRRDTQYF,32,4,2
CASGGSTDTQYF,54,2,2
CASSGLDRDLHGYTF,54,2,0
CASSLAGSLSYEQYF,94,4,4
CASSLGGSVSYEQYF,94,4,4
CASSVVSSLSNEQFF,94,4,4
CASSLGLGGGASYNEQFF,8,3,1
CASSFLAGGTSYEQYF,8,3,1
CASSEFAGGVSYEQYF,8,3,1
CASRRLAGDVSYNEQFF,8,3,1
CASSGLAGGLSYNEQFF,8,3,1
CASSAGDIQRKPQHF,54,2,2
CSVAESTDTQYF,54,2,2
CASSWDGLSSYEQYF,66,0,0
CASSYSTQIVSSYNEQFF,66,0,0
CASSFDGLGSYEQYF,66,0,0
CASSPNSGASSYNEQFF,66,0,0
CASSSSGSDYGYTF,7,0,0
CSASGRTSLNEQFF,107,3,4
CSVGRTSLTEQYF,107,3,4
CASSTRTSAYNEQFF,107,3,4
CASSFRTSYNEQFF,107,3,4
CSARSAGVGTGNTYEQYF,114,3,1
CSATGPGTGNTEAFF,114,3,1
CASSGLGAGTGGFDEQFF,114,3,1
CSARATTGTGNYGYTF,114,3,1
CSPRRAGGYNEQFF,42,3,1
CASRRTGGTGELFF,42,3,1
CASSQPTPGANTEAFF,97,4,4
CASSQDGPIVNTEAFF,97,4,4
CASSLEVYGYTF,46,0,4
CSARGNEQFF,71,2,3
CSAGNNEQFF,71,2,3
CASSIASHQETQYF,23,4,3
CASSARLAEETQYF,23,4,4
CASSPGLADHNEQFF,23,4,4
CASSSWRAGFRGTEAFF,40,0,4
CASSRQGLAQETQYF,49,0,2
CSVVRQALAAEAFF,49,0,2
CASSRTHGNEQFF,101,0,1
CSVGDRVNTEAFF,63,3,2
CASSPGDRIYEQYF,97,4,0
CATSPAETYPYEQYF,26,0,4
CASSFAAGGSYEQYF,26,0,4
CASSLDRDEQFF,68,1,1
CASSQEGRGLSKNIQYF,55,2,2
CSVQGSGGGTDTQYF,13,4,3
CASSSAGAETQYF,59,0,1
CASSPPGEETQYF,59,0,1
CASSFFRTEAFF,65,0,4
CASSILGTEAFF,65,0,4
CASSEYGGEAFF,65,0,4
CASKRQGRPYEQYF,34,3,2
CASSGLAGGGDTQYF,60,0,1
CASSGLAGGGDEQFF,90,0,1
CASSPGLAGGTDTQYF,90,0,1
CASSYLAGIRDEQYF,90,0,1
CASSTRTGGKNEQFF,99,3,4
CASSRGTASEQYF,55,2,2
CASRQGGIEQYF,21,4,1
CASRQGPYEQYF,21,4,1
CASRQRYNEQFF,21,4,1
CASSLTGGYLNTEAFF,114,3,1
CSATGGYLGYTF,114,3,1
CASRVTGGMAYNEQFF,114,3,1
CASSLGDVGNEKLFF,56,4,0
CASSPPFHQVYYGYTF,106,3,4
CASSSSHRGFTGELFF,41,0,1
CASSHRNGGGYTF,41,0,1
CASSSTRGRTGELFF,41,0,1
CASSPPLGETYEQYF,45,0,1
CASSPQAFLPYEQYF,45,0,1
CASSYGNQPQHF,68,1,1
CASSYNRQPQHF,68,1,1
CASSGPNQPQHF,68,1,1
CSASGGNQPQHF,68,1,1
CASTLTGGNNQPQHF,14,1,1
CASSILRGRGNQPQHF,14,1,1
CASTLAGGYTDTQYF,14,1,1
CASSQDSGLAGNEQFF,35,3,2
CASSLIGSFGNEQFF,70,3,1
CASSSGFGSRGNTIYF,70,3,1
CASSQTRDFGNTIYF,70,3,4
CSVSHHRSLNTEAFF,63,3,1
CASSLGQAGGRTDTQYF,114,3,1
CASRTPGTGELFF,60,0,4
CASSRGPGGTDTQYF,60,0,4
CASSKARVGKNIQYF,12,0,4
CASSLYSPTDGLLAKNIQYF,56,4,2
CASSLDSSSYNEQFF,83,4,1
CASSPSTENEQFF,86,0,2
CASSPSRNNEQFF,86,0,4
CASSPDTFYEQYF,86,0,2
CASSQTPGTWGNTQYF,1,4,1
CASSYSPTVGYEQYF,35,3,1
CSARDLSGSYEETQYF,52,4,2
CSVVSVDTGELFF,52,4,2
CASSFVPGLHYNEQFF,67,3,1
CASSEGTGLSNQPQHF,43,1,1
CASSLRSITEAFF,19,3,4
CSAIPQRGYNEQFF,51,0,1
CASSSLWDRGFLNYGYTF,51,0,1
CASSKRQGTNEKLFF,84,4,0
CASSRRQGGYEQYF,84,4,0
CSARAGGTGGQPQHF,67,3,1
CSAREGRGIGEQYF,67,3,1
CASSLTGTGSHEQYF,98,0,1
CASSFTGTGSYEQYF,98,0,1
CASSEAGRNQPQHF,49,0,2
CASSPAGTGVLYEQYF,102,0,4
CASSPPGTGVLYEQYF,102,0,4
CASSPAGTGGLKTEAFF,102,0,4
CASSSSRGRRTIYF,48,0,1
CASSLGQLNTEAFF,78,2,0
CASSHGQVYRETQYF,56,4,0
CASSLFLRPQHF,25,0,0
CASSNGQGPEAFF,28,0,4
CASSEGQGRVAFF,28,0,4
CASGPGFYEQYF,21,4,1
CSVTSGGYEQYF,21,4,1
CASGRGGGLYEQYF,22,4,3
CASNRGGRAYEQYF,22,4,3
CASSPGTGGGAGANVLTF,22,4,3
CSVGTPYKLYEQYF,22,4,3
CASSLGQGGWKQFF,71,2,3
CASSLGQGGETQYF,71,2,3
CASSGNSPLHF,68,1,1
CASSGNQPQHF,68,1,1
CATSSGTSQPQHF,68,1,1
CASSLGVTGPYEQYF,98,0,1
CSVTLGGRGDYEQYF,98,0,1
CSAIGPGPYEQYF,30,4,0
CASSHPRLVSYEQYF,55,2,2
CASSKVQNTEAFF,28,0,4
CASSSGTQNAEAFF,28,0,4
CASSYSGLYEQYF,74,4,0
CASSYSGFYEQYF,74,4,4
CASSYSEVYGYTF,74,4,0
CASSDGSLQGNTIYF,3,4,2
CASSPSTSRDTGELFF,3,4,2
CAISGTANAFF,35,3,1
CASSRGQENTEAFF,84,4,4
CASSPDRGGQPQHF,13,4,1
CASSPPSKPNTEAFF,95,4,2
CASSPVSKPGGEQYF,95,4,2
CASSRRTGGISGYTF,33,3,4
CSAPRGAYQETQYF,23,4,4
CASSERRYTNYGYTF,17,0,2
CASSQRRTYTGELFF,17,0,2
CSAGWGGAFF,38,0,4
CASSQGWGGAYEQYF,38,0,4
CASSSGRGTDTQYF,109,0,3
CASSLGRVYDGYTF,109,0,3
CASSPPLYRTRDGQPQHF,109,0,3
CASSQDIGGYTDTQYF,24,1,1
CASSQDGGGLLSNEQFF,24,1,1
CSVEDPSNSGNTIYF,3,4,2
CASSSRRTEAFF,65,0,4
CASSVGSGRREQYF,74,4,2
CASSPTSGRRETQYF,74,4,2
CASSLGSGRRDTQYF,74,4,2
CASRGDGTGAYNEQFF,27,4,2
CASSQVSLGELFF,62,0,4
CASSPAFGASSGNTIYF,53,4,0
CASSEGQGLYNEQFF,56,4,0
CASSHGQTVYNEQFF,56,4,0
CASSPEGQGLNTEAFF,56,4,0
CASTFLTGGNTIYF,88,3,1
CASSTNPGGGNTEAFF,88,3,1
CASNFQTPGETQYF,88,3,1
CASSFEGVYGYTF,20,0,4
CASSFEGVVPLHF,20,0,4
CSARRGPNSYEQYF,43,1,3
CASSTFTGELFF,39,0,3
CASSMDRDEKLFF,68,1,1
CASSQGGAAPNEQFF,46,0,4
CASSQGGAGANVLTF,46,0,4
CSARDAAGGYSYNEQFF,55,2,2
CASSLGLDRAEAFF,76,3,4
CASSWGVPGTEAFF,76,3,4
CASSLSAGVDQPQHF,63,3,3
CASSVDPGVDQPQHF,63,3,3
CASSSSLASPYNEQFF,83,4,2
CATSDSASPYNEQFF,83,4,2
CASSSSHLSSYNEQFF,83,4,2
CASSLWVAEAFF,46,0,3
CASSLWQLEAFF,46,0,3
CASSAEVTEAFF,46,0,3
CASRRGPDYGYTF,92,3,1
CASSRRGLNYGYTF,92,3,1
CASSQDELDSDTQYF,72,0,2
CASSLTSGKGNEQFF,71,2,0
CASSLGSGRGGELFF,71,2,0
CASSLGSGYYNEQFF,71,2,0
CASSARGRADTQYF,109,0,1
CSALKGRADTQYF,109,0,1
CSSRGREDTF,109,0,1
CASSVDLWNEQYF,74,4,2
CASSKGLGPRGELFF,30,4,0
CASSLELADTQYF,65,0,3
CSALTETQYF,13,4,1
CASSRTGVNEKLFF,70,3,1
CASSQDSRVYEQYF,74,4,2
CASTLGQGYTEAFF,30,4,0
CASSLGGGTSQPQHF,98,0,1
CASSLVGGTGSSEQFF,98,0,1
CASSPRGQTNTIYF,106,3,4
CATSVQVETNTEAFF,48,0,1
CASSLRESDYNEQFF,5,4,0
CASSIVRQETQYF,59,0,1
CASSSARQETQYF,59,0,1
CASSPRQGGTEAFF,47,4,0
CASSPRQTNTEAFF,47,4,0
CASSRLGGGEQFF,112,3,1
CASSRLAGNEQFF,112,3,1
CASSPRLGGGTEAFF,112,3,1
CASSSRAGGGDEQFF,112,3,1
CSARSGEGSGETQYF,27,4,2
CASSRIGQANTPLHF,122,3,4
CASSSRTGDKNTEAFF,122,3,4
CATSRGGSLNTEAFF,122,3,4
CASTWGDLRTQYF,122,3,4
CASSYGGGVLGQYF,10,3,2
CASSEGTRLLGGQFF,10,3,0
CASSSAVAEAFF,59,0,1
CASSQSSVGAKNIQYF,59,0,1
CASSPDRAIGEKLFF,61,0,1
CASSPDRLGGNTIYF,61,0,1
CASSFRYNEQFF,123,0,0
CASGPDRGLRETQYF,27,4,2
CSAGPSRGAGNEQYF,27,4,2
CSARDDGGLRLAFF,27,4,2
CASTDDRGPHEQYF,27,4,2
CASSRGQISGNTIYF,15,4,0
CASSASLAIYEQYF,86,0,4
CASSQDLLFTEAFF,86,0,4
CASSFSSGDTGELFF,4,4,4
CASSMDSAQIYEQYF,4,4,4
CASSQMAGVTDTQYF,31,1,3
CASSQEVTVTDTQYF,31,1,3
CAWSADYRGPNYGYTF,27,4,2
CASSYLGLENSPLHF,113,0,3
CASSSSGTAPGEQYF,103,0,3
CATSDSWTEDTQYF,103,0,3
CASSGGESSYNEQFF,50,4,1
CASSAELPWAQYF,46,0,3
CASSQLGGNGYTF,95,4,2
CASSQSGGYGYTF,95,4,2
CSARDTGTSVYEQYF,27,4,2
CATSRQGITVGNTIYF,27,4,2
CASRSYGESRETQYF,27,4,2
CASRSYRGLGNTIYF,27,4,2
CASSGSGAHSGNTIYF,27,4,2
CASSDGLAGRGDEQFF,60,0,1
CASSQGLAGGGAGELFF,60,0,1
CASSQGQGRNNEQFF,71,2,3
CASSPGQARYNEQFF,71,2,0
CASSSRRGQPQHF,72,0,2
CSARGGTNEKLFF,10,3,3
CSARGAGTVEQFF,10,3,3
CASSLQLGSSSGEGNEQYF,83,4,1
CASSSQTSSSNQPQHF,83,4,3
CASSSQVGGSEQYF,49,0,2
CASSPPRTSEAFF,49,0,2
CASSPRQGSEAFF,49,0,2
CASSSTGAGAGELFF,46,0,4
CAWDTGVGNTIYF,46,0,4
CASSLDLYGELFF,74,4,2
CATALLKRTGNEQFF,38,0,4
CASCHLFKRGGNYGYTF,38,0,4
CASSPLSGGETQYF,95,4,3
CASSLSGGEKLFF,95,4,3
CASSPQSGFLTEAFF,95,4,3
CASSPVLTGFGYTF,40,0,4
CASSSPPPTNTGELFF,40,0,4
CASSLASRGGAGYTF,26,0,4
CASGLSRGGGYTF,26,0,4
CASTSPGGAAGGEQFF,18,0,1
CASSFRGVADTQYF,113,0,3
CASSRGGPPTDTQYF,39,0,0
CASSSPTLAKNIQYF,63,3,1
CASSLTSGGDEQYF,116,2,3
CASSTPGVATQYF,20,0,0
CSAEQFF,110,0,4
CASRQGGTGNTGELFF,37,0,3
CASSQVGRGGWGSPLHF,37,0,3
CASSQELGRGGTGANVLTF,37,0,3
CASNQRGPDYEQYF,27,4,2
CSASAGLDTQYF,68,1,1
CASSGADTQYF,68,1,1
CASSLEARGRLGAGELFF,67,3,1
CASSWGYTEAFF,93,0,3
CASSEPGQGNYGYTF,66,0,4
CASSWPGQGTAEAFF,66,0,1
CASSFPRQGPNEQFF,66,0,1
CASTPSWTDSSYEQYF,70,3,1
CASSGQGVGKNIQYF,111,3,4
CASSGQGVGETQYF,111,3,4
CASSSRGTDIQYF,108,0,3
CASSLSRRGDGYTF,108,0,3
CASSLSRLGDTEAFF,108,0,4
CATSLSQGRDTIYF,108,0,3
CASSLSGREQFF,25,0,0
CSASSPGEGNQPQHF,39,0,3
CASSSGGEGNQPQHF,39,0,3
CASSSQPGAGTDTQYF,39,0,3
CASSLVREGYTF,68,1,4
CASRLLAGKQETQYF,8,3,1
CASFVSPGSSYNEQFF,9,4,2
CATRSDTSSYNEQFF,9,4,2
CASSPQKVAYNEQFF,63,3,0
CASSKQGRGANVLTF,82,3,2
CASSRTGRGANVLTF,82,3,2
CASSIVTDTGELFF,19,3,4
CASTKGDTGELFF,19,3,4
CASSFVTPGGRAFF,19,3,4
CASSIARDRVEAFF,19,3,4
CASSLGIASSDTQYF,104,0,3
CASSLGTVDSPLHF,104,0,3
CASSLSQNNEQFF,110,0,4
CASSQDLSAKNEQFF,83,4,2
CASTPRGTEAFF,93,0,3
CASTPKRTEAFF,93,0,3
CASTGRNTEAFF,93,0,3
CASSPAIGEQFF,39,0,3
CSVRTGGGNTIYF,114,3,1
CSVERTGGLYGYTF,114,3,1
CASKVYTGELFF,82,3,4
CSQRANTGELFF,82,3,4
CSAPIPGHQETQYF,0,4,1
CASSFPTSQETQYF,0,4,1
CASSLMRENVYEQFF,38,0,4
CASSALGSYNSPLHF,58,3,0
CASSLEGSTGSPLHF,58,3,4
CASSRAPGEDEQYF,103,0,3
CASRPPFEDTQYF,103,0,3
CASRVSGTDTQYF,103,0,3
CASSQGRSQETQYF,94,4,4
CASSFGQLYSYNEQFF,0,4,3
CASSYGSPKDGNTIYF,0,4,3
CASSERTPMNTEAFF,82,3,4
CASSLPRGRDYEQYF,103,0,3
CASSDPTGRDYEQYF,103,0,3
CASSSGFRVTGELFF,20,0,4
CASSLSRTGVGGEQFF,20,0,4
CASSGTDTQYF,68,1,1
CASSLTDTQYF,68,1,1
CASSWSEGMNTEAFF,51,0,1
CASSLDYEGMEFF,74,4,2
CASSFRDQPQHF,31,1,3
CAISESGQGWNEQFF,66,0,4
CASSEAGQGVPEQYF,66,0,4
CASSRTPNTGELFF,60,0,4
CSVEAPGSPYEQYF,67,3,1
CAISEHRGADTQYF,124,0,4
CAISESTGADRQYF,124,0,4
CASSVGSAEAFF,125,1,0
CASSFGSTEAFF,125,1,0
CASSVRQGRNTEAFF,115,2,3
CASSARSGGNTEAFF,115,2,3
CSGSRTANTEAFF,101,0,1
CASSPRGGRSIEQYF,55,2,3
CAWSRILAGPAYEQYF,89,0,3
CASSLMGQVSYNSPLHF,15,4,0
CASSETPTGELFF,19,3,4
CASSKRPTGELFF,19,3,4
CASSEEPRTEAFF,19,3,4
CASSLVSGRLTDTQYF,13,4,3
RASSLVDQICTDTQYF,13,4,3
CASSLGAGTGFYEQYF,114,3,1
CASSLGAGRNGNSPLHF,114,3,1
CASSPRTASGYTF,65,0,3
CASSPGTLSRQYF,65,0,3
CASSPQGTASGYTF,65,0,3
CASSPTQGYMNTEAFF,1,4,1
CSVIPGTFEGYTF,1,4,1
CASSPFHRTENTDTQYF,1,4,1
CASSPGQLNTEAFF,78,2,0
CASSLGQLNTGELFF,78,2,0
CASSLKSLNTEAFF,78,2,0
CASSVGDLTGELFF,78,2,0
CASSPPDRNNNEQFF,74,4,1
CASSEPSMNTEAFF,74,4,2
CASRTGTGSTDTQYF,126,1,1
CASSTGTGLSTDTQYF,43,1,1
CASSQGQGGNTEAFF,71,2,3
CASSRDQGAGNTIYF,32,4,2
CASSPSEASQTQYF,9,4,2
CASSLPGQGAYNEQFF,56,4,0
CASSPRDGAYGYTF,56,4,0
CASSLAIQGPGTGELFF,36,0,1
CASSLAWQGLGKNIQYF,36,0,1
CASSEAGNTDTQYF,113,0,3
CSAEAGGTDTQYF,113,0,3
CASNTGGTDTQYF,113,0,3
CASSDAGGPWGTDTQYF,77,0,4
CATSAGRPWGGYTF,77,0,4
CSAGGPYGYTF,77,0,4
CASSGLAGGPFNTGELFF,77,0,4
CASSLGQGTYGYTF,78,2,0
CASSLGQENYGYTF,78,2,0
CASSLGQPNYGYTF,78,2,0
CASSLGDTNTGELFF,78,2,0
CASSGGQTNYGYTF,78,2,0
CASSYPGTYEQYF,74,4,4
CASSSGDSSIETQYF,83,4,2
CASSQERTRFIAGELFF,17,0,2
CASSLFGQGTDTQYF,58,3,4
CASSQKGQGGSEAFF,58,3,0
CASRPPFRQGNSPLHF,58,3,4
CASSLGLAGVETQYF,26,0,4
CASSLYPATAIGYTF,26,0,4
CASSTGDRNEQFF,46,0,4
CASSPTGDRKPQHF,46,0,4
CASTSLPGQQETQYF,113,0,3
CATSDPNADEQFF,113,0,3
CSATPTGDEQYF,68,1,1
CATSFTDTQYF,68,1,1
CAITQEGSEQYF,68,1,1
CASSLGSWQGITQYF,3,4,2
CASSLERVLDTEAFF,108,0,3
CASSERVTDTQYF,108,0,3
CASSYGGKGNTEAFF,82,3,4
CASSQKKGDEQYF,49,0,2
CSASQRGGSEQYF,49,0,2
CATQAHEDQPQHF,104,0,3
CASSWTGPPHQPQHF,39,0,0
CASSTRTKGTDTQYF,5,4,0
CASSFGTEPYQPQHF,5,4,0
CASSIGEWSSGNTIYF,52,4,2
CASSGGSVETQYF,94,4,4
CASSLARETQYF,31,1,3
CASSLAWKTQYF,31,1,3
CSASGSRSEETQYF,0,4,1
CASSFSVSQHGYTF,0,4,1
CASSLYRGRSTGELFF,116,2,0
CASSLGRGGDAGNIQYF,116,2,0
CSAPGTSGSRYEQYF,3,4,2
CSARELPGQGFEQFF,115,2,2
CSASRGGPGQGGQPQHF,115,2,2
CASSPGVLAGELFF,79,3,4
CATSTGLAAGEQYF,79,3,4
CASRPLSGTGAMNTEAFF,102,0,4
CSADPGQGLNYEQYF,56,4,0
CASSPGPGGNQPQHF,91,0,1
CATSVGDGGNQPQHF,91,0,1
CASSLGPLGNQPQHF,91,0,1
CASSPGWGGEDTQYF,91,0,1
CAISDPGGGQPQHF,75,0,2
CAISDKGGGQPQHF,75,0,2
CASSPTSGTYNEQFF,74,4,2
CSARGSASGTYNEQFF,74,4,2
CASSLGTVNSPLHF,104,0,3
CASSPGVVSSPLHF,104,0,3
CASSQLLNSGNQPQHF,58,3,0
CASSLENSGTDTQYF,58,3,0
CASSGTRGRGYGYTF,44,3,0
CSVRGGRYGYTF,44,3,0
CASSLRRSIYNEQFF,82,3,4
CSATDKAGDLQETQYF,117,0,3
CSVDKAGSTDTQYF,117,0,3
CSARAQQGGDSYEQYF,127,0,3
CSAQQGGADTQYF,127,0,3
CASSLSSGRSSYNEQFF,127,0,3
CASSPRASSYNEQFF,50,4,1
CASSASVGNEQFF,110,0,4
CASSESVYNEQFF,110,0,4
CASSLSVGGYTF,110,0,4
CASSLGPGSSYNEQFF,50,4,2
CASSLVWTRGSEQFF,60,0,1
CASSLEGNNSPLHF,72,0,2
CASSLEAKNSPLHF,72,0,2
CASSLEGPISPLHF,72,0,2
CSAHTPGELFF,69,0,2
CASRHKPGELFF,69,0,2
CASSPQGVPSGANVLTF,31,1,3
CASSEMGDYNEQFF,107,3,4
CASSSYLYTGQFMNTEAFF,118,3,2
CASSHGLRTGHMNTEAFF,118,3,2
CASSLLGGLGTDTQYF,18,0,1
CARAGGTDTQYF,67,3,1
CATGEGTDTQYF,67,3,1
CASSLGSGGQETQYF,116,2,3
CASSLGSGGSTEAFF,116,2,3
CASSLGPAGQETQYF,116,2,3
CASSLVKETQYF,31,1,3
CASSGTTLPEKLFF,70,3,1
CASSFGQGDSGELFF,53,4,0
CASSPVGWMSSYNEQFF,53,4,0
CASSLLPGQESSYNEQFF,53,4,0
CATSSQGQKHSYEQYF,53,4,0
CASKLAGAGSSYNEQFF,53,4,0
CASSLRSGTPREQYF,115,2,3
CASSQANSAGRFNEQFF,115,2,3
CASSRTGAEQETQYF,92,3,2
CASSILSGGETYEQYF,88,3,1
CASEELNTGELFF,30,4,0
CASSETSNTGELFF,30,4,0
CASSSHTQTGEQFF,28,0,4
CASSWRQWGAFF,28,0,4
CASSLDSPGELFF,74,4,4
CASSPDSWGEAFF,74,4,2
CASSLDSLAEAFF,74,4,4
CASSHTQGGRAEQFF,71,2,3
CASEQYF,33,3,4
CASSVAAPGAAGANVLTF,85,0,0
CASSVNPGLAGVAQYF,85,0,0
CSARDQFFPAANTGELFF,45,0,1
CATSRALLAANTDTQYF,45,0,3
CASSPDRGREQYF,86,0,4
CASSEFLGGGGYTF,84,4,0
CASSWSRDMYEQFF,62,0,4
CASSYDSTNTEAFF,30,4,0
CSVEQQGNTEAFF,30,4,0
CASSPEGGFLTPGQYF,58,3,4
CSSKGGTLVYEQYF,22,4,3
CASSLEPRNPSPLHF,90,0,1
CASGHRSTGELFF,19,3,4
CASSMPASGRETQYF,19,3,4
CASSPAGQGEHGYTF,111,3,4
CSVARSGEHTF,111,3,4
CASSLGVVSSYNEQFF,50,4,2
CASSAIRGSSYNEQFF,50,4,2
CASSLGPGSPRANEQFF,50,4,2
CASSKTSGGELFF,19,3,4
CASSFVSTGELFF,19,3,4
CASSSRSTGELFF,19,3,4
CATSDSSGDQPQHF,75,0,2
CASSPPDASRQPAYEQYF,75,0,2
CSARAAGGRENTIYF,8,3,1
CASRIAGNREKLFF,8,3,1
CASSPGPGYTQYF,77,0,2
CASSPGPNYGYTF,77,0,2
CASSPGQGYGYTF,77,0,2
CASSQDWSETQYF,4,4,1
CASSHSGGETQYF,95,4,3
CASSLDFNEKLFF,95,4,1
CASSWVGYEQYF,25,0,0
CASSQLGYEQFF,25,0,0
CASRQTPTGELFF,63,3,2
CASSRQSPTGETQYF,63,3,2
CASRSIQGGEQFF,63,3,2
CASSLEMVGGNNEQFF,60,0,1
CASSLIEGKLFF,120,0,0
CASSLEFGELFF,120,0,0
CASRRGLQVTQYF,80,0,4
CASSQASLMNTEAFF,61,0,4
CAINSGTQETQYF,23,4,4
CASTTGGYQETQYF,23,4,4
CASSVASGTGTYEQYF,81,0,4
CAISGLSGTGTGGYTF,81,0,4
CASSQSRTETPLHF,31,1,0
CASSKSRDRVGENTEAFF,63,3,2
CASSGEGSYNEQFF,107,3,4
CASSYEGSYNEQFF,107,3,4
CAILLNGRGGYEQYF,37,0,3
CASSLLGGRNTGELFF,37,0,3
CASSLIQGRLTGELFF,114,3,1
CATLTQGTGIGELFF,114,3,1
CASSDWEGTEAFF,26,0,0
CASSRTSGGYEQYF,84,4,0
CASSRTSGGRNEQFF,84,4,0
CASRYSTGTEAFF,84,4,0
CAWSKGQGRGEKLFF,30,4,0
CASSSEGQGTYRTQYF,30,4,0
CASSEGQPTYEQYF,30,4,0
CSAGRGYEQYF,58,3,4
CSAQGGEISYGYTF,22,4,3
CASSTGGELQPQHF,10,3,2
CSANKPGGPLYEQYF,9,4,2
CASSWRVDEQYF,14,1,3
CASSPRVDASYTF,14,1,3
CASSLVSQAGYEQFF,74,4,4
CASSPRRQQETQYF,4,4,4
CASSPNGGFQPQHF,72,0,2
CASSLDPQPQHF,68,1,4
CASRHPGNTIYF,78,2,0
CSASRRPGNTGELFF,78,2,0
CSAVGQGGLGDTQYF,90,0,1
CASSLRQVGLGQPQHF,90,0,1
CASNLRASGGPSPYNEQFF,8,3,0
CASGLVGGYTDTQYF,14,1,1
CATSRDLGGNTEAFF,63,3,3
CATSRDLGFTGELFF,63,3,2
CATSRDAGGNQPQHF,63,3,3
CSAADRGGLVYNEQFF,80,0,2
CSARDRGGASIDTQYF,43,1,1
CASSLGLAVSTDTQYF,90,0,1
CAWMRGQGVSGANVLTF,21,4,1
CASGRQRASTDTQYF,21,4,1
CASSYSVDTEAFF,83,4,2
CASSLDQGAGSPLHF,32,4,2
CASSRVLTGADEQYF,60,0,1
CASQGGFTEAFF,93,0,3
CASSTGNTEAFF,93,0,3
CASSRGRTEAFF,93,0,3
CASSGGPTEAFF,93,0,3
CASNGNTEAFF,93,0,3
CASSTGQAQYGYTF,78,2,0
CASTRKWDYGYTF,78,2,0
CASSSRVSPSKQYF,5,4,2
CASGSGRSSQETQYF,5,4,2
CASSPETGERINEQFF,37,0,3
CASSPGLAGVNEQFF,26,0,4
CASSQDPGKETQYF,95,4,2
CASSSQGKETQYF,95,4,2
CASSGLADYNEQFF,128,0,3
CSVGAASYNEQFF,128,0,3
CASSRLDSYNEQFF,128,0,4
CASSINAGKFREQYF,79,3,4
CASRTVAKNIQYF,79,3,4
CASSPEANEKLFF,46,0,4
CASSSGVGEKLFF,46,0,4
CASSQRLQVAFF,7,0,0
CASSSPNGGELFF,32,4,2
CSARDRAGDYYEQYF,27,4,2
CASSPTLRWEKNTEAFF,1,4,1
CATSDPGVETGELFF,46,0,4
CASSSSGVFTGELFF,46,0,4
CASSSTPTEARGYTF,20,0,0
CSVVGLAGEFLETQYF,114,3,1
CATGAGEFYEQYF,114,3,1
CASSPDRVGNTIYF,61,0,4
CASSPDRVGTGELFF,61,0,4
CASSPDRPRNTEAFF,61,0,4
CASSPGDPYGYTF,77,0,2
CASSVESQRNEQFF,110,0,4
CASSPAGEGGYTF,77,0,4
CASSSPEMENIQYF,77,0,4
CASSEGLVEQYF,28,0,4
CASSLTLYEQYF,120,1,0
CASSLERGEQYF,120,0,0
CASTVSVGVIEQFF,96,2,3
CASSPGQGGQETQYF,116,2,3
CASTLGRGGGANVLTF,116,2,0
CASSLGLANYGYTF,76,3,2
CASSLERQGTQTQYF,58,3,0
CASSLIFQGNQPQHF,58,3,4
CASSLGRQGGDEQFF,58,3,4
CASGLVLFGQGRHSYEQYF,58,3,4
CSATAGGRNTGELFF,37,0,3
CASSLWGGTNTGELFF,37,0,3
CATSAGGGKNTGELFF,37,0,3
CASSLSGPRNTGELFF,37,0,3
CASSPDRGLSGELFF,65,0,3
CASSLDQGAVSGKLFF,65,0,3
CASSPSGQNYGYTF,46,0,4
CASSPSAVNTGELFF,46,0,4
CASSEGRARTGELFF,37,0,4
CASSNGRGNTGELFF,37,0,4
CASSQEGFGRGRGELFF,37,0,3
CASSLGKMNSGANVLTF,21,4,1
CSVEEYGYTF,76,3,1
CSVEEDGYTF,76,3,1
CASSLASGQGTYEQYF,81,0,4
CASRVTSGRGGYNEQFF,81,0,4
CSASGGGVVYGYTF,92,3,1
CASSRMGLVYGYTF,92,3,1
CSASWGRSKNEQFF,76,3,4
CASSQDWSRPAFF,4,4,1
CASSRTDIYEQYF,101,0,1
CASSTGRNYGYTF,102,0,4
CASSYLRNYGYTF,102,0,4
CASSSRNRNTGELFF,41,0,1
CASSRGQADTDTQYF,54,2,1
CASSSRGRTNTGELFF,37,0,4
CASSESGEGYNEQFF,66,0,0
CASSDSGAPLHF,32,4,2
CSALAGANEQFF,69,0,2
CSVDAGAYEQYF,69,0,2
CAARGAREQFF,69,0,2
CASSPPSGTLLSANTGELFF,11,0,3
CASSDQGSVENEQFF,94,4,4
CASIRSVDTEAFF,78,2,3
CASSIRSLAGETLF,78,2,3
CASTPTWGEKLFF,34,3,2
CASKSQAVSYEQYF,29,4,0
CASSQVYRGGGNTIYF,38,0,4
CASSQDPNRGGNQPQHF,77,0,2
CASSPGQGRIETQYF,47,4,0
CSARAARGSSPLHF,8,3,1
CASRNLRGSSQPQHF,8,3,1
CSAREVAGSQPQHF,8,3,1
CASSQTDRAYEQYF,97,4,0
CASSYDRATEAFF,97,4,0
CASSQFDRVAEQFF,97,4,0
CASSFERANTGELFF,70,3,1
CASTSGLNQPQHF,13,4,1
CASSLGQGIGKYNEQFF,114,3,1
CASSPPMGNHRGGEQFF,34,3,2
CATPGQGEHRGAVF,34,3,2
CASSLAYTEAFF,65,0,4
CASRGLAGALSSGANVLTF,53,4,0
CASSGLYAGSSYGYTF,53,4,0
CASSLAEVGQSTDTQYF,53,4,0
CAISDRGGSQEYGYTF,94,4,4
CASSLEVANTGELFF,76,3,2
CASRPLAGTEQFF,79,3,4
CASSDRPGAGGNTEAFF,79,3,1
CASRPRVSSYNEQFF,50,4,1
CASSPERAPSYNEQFF,50,4,1
CASSLSSGGGNQPQHF,31,1,0
CASSLSSGGRNQPQHF,31,1,0
CASPGGGTQYF,31,1,0
CASSRGYSGNTIYF,122,3,4
CASSSKKGSVFTDTQYF,122,3,4
CASSQAAKNIQYF,61,0,4
CASSLDTAGVYEQFF,108,0,4
CASSLSRAGVTEAFF,108,0,4
CASRDRGIDTQYF,108,0,4
CASSGQQGIDFSAFF,108,0,1
CASSSRTGGDTEAFF,109,0,3
CASSQGIAPNSPLHF,24,1,1
CASSQGVQPNQPQHF,24,1,1
CASSTSDSYEQYF,83,4,2
CSATGDYGYTF,77,0,4
CASSYRDRDLPQHF,54,2,0
CASRAGPGQGLLAPHNEQFF,21,4,1
CASSLQNTEAFF,65,0,4
CASSGLNTEAFF,65,0,4
CASSSLGHSEQYF,49,0,2
CASSGVGTTIMNTEAFF,118,3,2
CATSRQGSGETQYF,111,3,4
CASSTSGTGAYEQYF,87,0,4
CASSQDSGTGVFGYTF,87,0,4
CASSLLGAGEGNQPQHF,57,0,2
CSATLNEQFF,71,2,3
CASSLGAVGNQPQHF,91,0,1
CASGLVLAVGNQPQHF,91,0,1
CASSHQRDQETQYF,4,4,4
CASTLTGTLSTDTQYF,43,1,1
CASSLRGGLVTDTQYF,43,1,1
CASSPPGYEKLFF,59,0,1
CASSLMPGRPYEQYF,71,2,3
CASSLGPGNSYEQYF,71,2,3
CASSSPGQLNSPLHF,125,1,4
CASSSPPDLTDTQYF,125,1,0
CASTLGGGTYNEQFF,118,3,2
CASTLGTGKYNEQFF,118,3,2
CASTGTGTGTYNEQFF,118,3,2
CASTEGGGRTNVLTF,118,3,2
CASSELRGIIYNEQFF,118,3,2
CASSYYPRGSYNEQFF,22,4,3
CSGRGTGKTSGNTIYF,22,4,3
CATNTKGSRGQFF,22,4,3
CASSLGQGFGQPQHF,91,0,1
CASSLGQGFADTQYF,91,0,1
CASSLGSTFGDEQYF,91,0,1
CASSLGQGEMQPQHF,91,0,1
CASSLLSAIWTEAFF,46,0,4
CASSLSAIYGYTF,46,0,4
CASSQEGAIEGNTIYF,57,0,2
CSVGFWGGTYEQYF,114,3,1
CASRGTGGTYEQYF,114,3,1
CASSQVNAGYTF,77,0,2
CASSQINYGYTF,77,0,2
CASSRPGQPSEAFF,117,0,3
CASSPTQGGELFF,28,0,4
CASSPIQNTEAFF,28,0,4
CASSFRGGGGNNSPLHF,114,3,1
CASSPRIGGGTGELFF,114,3,1
CASTVSGGRAYEQYF,88,3,1
CASSTTSGGGTNEQFF,88,3,1
CASSALALAGGHQETQYF,90,0,1
CAILAGGEQYF,90,0,1
CSVAAQGGQQYF,90,0,1
CASTSNGEPNYEQYF,27,4,2
CASSPVLGTDTQYF,103,0,3
CASSPELGRSTEAFF,103,0,3
CASSLAGRSRITF,103,0,3
CASRLAGTDTQYF,103,0,3
CASSLIAGGQPQHF,112,3,1
CASSAFAGFQPQHF,112,3,1
CASSATLGGSPLHF,112,3,1
CASSLRAGGQDEQFF,112,3,1
CASSLGAVGQPQHF,112,3,1
CASSRPGTETQYF,29,4,0
CASSPGPGTYGYTF,78,2,0
CASSFRGNEQFF,123,0,0
CASSFYGNEQYF,123,0,0
CASSQGSAGEGETQYF,41,0,4
CASSTHSGGNNEQFF,84,4,0
CASSFGSGGNYGYTF,84,4,0
CASSILAGGSNEQFF,26,0,4
CASSYVAGISNEQFF,26,0,4
CASSYDTLAAGSTNEKLFF,26,0,4
CATSRDYPLASARETQYF,11,0,3
CASSSGQTTGELFF,29,4,0
CASSGQGYGYTF,29,4,0
CAWSGLGTGELFF,29,4,0
CASRAGGEGVFNEQFF,64,2,3
CASSLRGTGANYGYTF,64,2,0
CASSQGQGTYNEQFF,71,2,3
CASSSDGQKRNTEAFF,71,2,3
CASSFDPRRTEAFF,32,4,2
CASSSRDTYGYTF,7,0,0
CASSPPAEYEQYF,32,4,1
CASSPPAGYEQYF,32,4,1
CASSPQGLTDEQYF,108,0,3
CASSPDRATDTQYF,108,0,3
CASSPWTGALGKKLFF,85,0,0
CASSPTRGLAGGNEQFF,85,0,0
CASSPGTPNQNTGELFF,23,4,4
CSAPRTSKQETQYF,23,4,4
CASSLWGVGMNTEAFF,1,4,0
CASSSHTSNTEAFF,28,0,4
CASSHRDNYEQYF,28,0,4
CASSLAGTFRNTEAFF,77,0,4
CSFGQGATGELFF,34,3,2
CSAPGQGATNTEAFF,34,3,2
CASSLAASGSETQYF,111,3,4
CASSLEASGVTEQFF,111,3,4
CASHSGGDYNEQFF,33,3,4
CASSAGLRGGYTF,46,0,0
CASSEGLRGGYTF,46,0,0
CASSERSANTEAFF,78,2,3
CASRFEGTEAFF,93,0,3
CASSSTGAITDTQYF,39,0,0
CASSSPPQNTEAFF,28,0,4
CSASPFSNTEAFF,28,0,4
CASSLTQGPSSYEQYF,66,0,0
CASSEGANTQYF,39,0,0
CASSQGTSGFEQFF,105,3,4
CASSQGVSTNEKLFF,105,3,4
CASSGLAGNEQFF,112,3,1
CASSSGLAGFEQYF,112,3,1
CASSYVAGYEQYF,112,3,1
CASSSGLAGKHEQYF,112,3,1
CASSSGPANTEAFF,112,3,1
CASSLRGGGAVNEQFF,64,2,0
CSARGTVLGYTF,64,2,0
CAWSLRLAGVGQETQYF,90,0,1
CASSQVSGLGQGGNQPQHF,27,4,2
CASSSRQENTEAFF,47,4,0
CASKPRSYNTEAFF,47,4,0
CASSYSATGVGYTF,38,0,4
CSASRLNEQFF,21,4,1
CASSLGTAESYEQYF,55,2,3
CASSLVGFGRSYNEQFF,55,2,3
CASSREARVNQPQHF,92,3,1
CATSRELAGNQPQHF,92,3,1
CSVELDSSYEQYF,52,4,2
CSVEEDSPYEQYF,52,4,2
CSVEDQESYEQYF,52,4,2
CASSLEVQGYGYTF,76,3,1
CASSVEVLVAGELFF,76,3,2
CASSLDRGKSGYTF,65,0,3
CASSWDRGRSYEQYF,65,0,3
CASNSYRADTQYF,124,0,4
CASSLYMSGNQPQHF,58,3,4
CASSLFLQGRQPQHF,58,3,4
CASLGGNLSNQPQHF,43,1,1
CASSLIRILSNQPQHF,43,1,1
CSARAPGTLQNQPQHF,43,1,1
CASSVGLAGVVSYTQYF,90,0,1
CSVGHHTNTGELFF,51,0,4
CASNDPVNTGELFF,51,0,4
CASSLGHRNTGELFF,78,2,0
CASSSKQVVLGNTIYF,83,4,2
CASSEDLLAKNIQYF,83,4,2
CASTVHQVLEGNQPQHF,83,4,0
CASTPGANYGYTF,34,3,2
CSAKQGMNTEAFF,34,3,2
CATKQGEYTEAFF,34,3,2
CASSPTRTGGYTF,77,0,2
CAWSVSPIRGRYGYTF,77,0,2
CASSSGRAEETQYF,4,4,4
CASSLPGLLSHNEQFF,23,4,4
CASSQDKGRMNTEAFF,36,0,2
CASSRRGGEKDTQYF,33,3,4
CASRALRENTEAFF,114,3,1
CASIVDRERTEAFF,114,3,1
CASSLVLAGGDTQYF,79,3,4
CAISFGLAGGDTQYF,79,3,4
CASSLEVAWGDEQFF,79,3,4
CASSPLPLAGGPDEQYF,79,3,4
CASSRVPPATNEKLFF,33,3,4
CASRPPHLRNTEAFF,33,3,4
CASSREIGGETQYF,82,3,4
CASRGTGTETQYF,82,3,4
CATSREVKGENGYTF,82,3,4
CASSKGGNQPQHF,75,0,2
CASSRTGNQPQHF,75,0,2
CASSRGGSETDTQYF,39,0,0
CATSRDPGGDQPQHF,63,3,3
CAIRLGGDPGPLHF,67,3,1
CASSQVQQNTEAFF,74,4,2
CASSSQGRKHQPQHF,25,0,0
CASSLGQGTVNEQFF,71,2,3
CSASLGQGEVYEQYF,71,2,3
CASSLGQGTDTQYF,71,2,3
CASSVVLAGVNEQFF,26,0,4
CASSLDVLAGVNNEQFF,26,0,4
CASSLAVGGAFF,110,0,4
CASSLALGGYTF,110,0,4
CASSPRGEGSYEQYF,55,2,2
CASSSPGPGSYEQYF,77,0,2
CASSQEDRDTGELFF,78,2,0
CASRFSVGHNEQFF,96,2,3
CASSVGLGADTQYF,71,2,3
CSVVSGGGNQPQHF,72,0,2
CASSFKVYTEAFF,110,0,4
CASSYEARNEQYF,110,0,4
CASSGPSQETQYF,94,4,4
CATSAGWDQETQYF,94,4,4
CASSLESSQETQYF,94,4,4
CASSPTSGRGANVLTF,87,0,4
CASSYSRRGVYGYTF,87,0,4
CASSTQGQGAYEQYF,87,0,4
CASSFRSGTGAYEQYF,87,0,4
CASSPGWTDTQYF,103,0,3
CASSQVPWRGDTGELFF,103,0,3
CASSLNWGQGTETQYF,62,0,4
CAAGPNNSPLHF,60,0,1
CSARPGNQPQHF,60,0,1
CSARHDNSPLHF,60,0,1
CASSLGLAGFFKGDNEQFF,37,0,1
CASGLGGRFYGYTF,37,0,1
CASSQLTSGGDTGELFF,116,2,3
CASSLYSVGDEQYF,116,2,3
CASTPSSGSLLPNLYNEQFF,21,4,1
CASSQDPLAAEQFF,86,0,4
CASSQDPVLEDGYTF,86,0,4
CASSHLGRGETQETQYF,14,1,1
CSVHGKGETQYF,14,1,1
CSVVGRGGTQYF,14,1,1
CASAPDAGWGEQYF,63,3,3
CSAPDPGRTEAFF,63,3,3
CASRSQGTGELFF,41,0,4
CASSLSTGKAFF,95,4,2
CASSFPLAGSSYNEQFF,11,0,3
CASSIDLAESSYEQYF,11,0,3
CATSTRLVALYNDTQYF,45,0,1
CASSGTSGPSYNEQFF,52,4,2
CASGTVYLSYGYTF,52,4,2
CSARIGLAGDAGELFF,89,0,3
CASRGGLAGVLYEQYF,89,0,3
CASSPQAGEKTGELFF,70,3,1
CASSLERHGGQPQHF,58,3,4
CASSLDGTWAFF,65,0,4
CSARAGNQPQHF,60,0,1
CASSIGGTDTQYF,108,0,3
CASSFGTTDTQYF,103,0,3
CASSYRGTDTQYF,108,0,3
CASSFPGTDTQYF,108,0,3
CASSYSILGNSPLHF,13,4,3
CASSEVENTEAFF,47,4,0
CASSQEPERWETQYF,47,4,0
CSVTPGTGGYEQYF,67,3,1
CSARSTGGGYGYTF,67,3,1
CAIRPTGQGNEQYF,67,3,1
CASSLASGGQGEQFF,116,2,3
CASSLTSGKDGELFF,116,2,3
CASSQSSRLAGSYEQYF,39,0,0
CSTNGGGYNEQFF,92,3,1
CASRTGGTYNEQFF,92,3,1
CASTIGGGNQETQYF,92,3,1
CASSPGQRTAETQYF,47,4,0
CATSVSAVGEQFF,3,4,1
CASSYRGGTANQAFF,99,3,4
CASSLALSGFFNEQFF,74,4,2
CASTLGVGQETQYF,23,4,4
CATTGAYQETQYF,23,4,4
CSAGQGLFQETQYF,23,4,4
CSAREGFQGSTDTQYF,43,1,1
CASSHGQGADEQYF,116,2,0
CASSPGQGADEKLFF,116,2,0
CASSLDRAAQHF,68,1,1
CASSFSGRTVSEQFF,13,4,3
CASSEGTGQSNQPQHF,43,1,1
CSGVAGLTYNEQFF,33,3,4
CSVVREWYNEQFF,33,3,4
CASSEQGRHGYTF,95,4,1
CASSFLQGVSLGYTF,108,0,1
CASSFSQGLSYEQYF,108,0,1
CASSEDRGNEQYF,74,4,4
CASSSDSSAGELFF,62,0,4
CSAGDGEAFF,71,2,3
CASRITNEETQYF,82,3,4
CSVRGRGRETQYF,82,3,4
CAPPPQRGEETEISYEQYF,82,3,4
CASSQDNAGAYNEQFF,102,0,4
CASSPDGAGAFYGYTF,102,0,4
CASSPNFGMWADF,39,0,3
CASSTSSGGAYEQYF,32,4,2
CASSQTSSGTGVHEQYF,32,4,2
CASSLGPGEDTQYF,71,2,3
CASNPSGTGVMYEQFF,102,0,4
CASSLEYGELFF,120,0,0
CASSQVQGAQPQHF,75,0,2
CASSPQGVQPQHF,75,0,2
CASRVYGQTLNTEAFF,56,4,0
CSAKKGQGVNTEAFF,56,4,0
CASSLAVPQPQHF,49,0,2
CASSLVANQPQHF,49,0,2
CASSETIGGGNNEQFF,114,3,1
CASSPQLDTQYF,68,1,4
CASSLVGYQPQHF,49,0,2
CASSKAGGQPQHF,49,0,2
CSVNTGRDIQYF,54,2,2
CATSRDPGYNQPQHF,63,3,4
CATSRDAGGMAEAFF,63,3,4
CSALDRGILVNTIYF,102,0,4
CSARDRGGASSYEQYF,11,0,3
CASSLRQGADTQYF,71,2,3
CASSLGSGADTQYF,116,2,3
CASSSGQGADYGYTF,71,2,3
CASSPGVNSEAFF,49,0,2
CASSQPGSGANVLTF,111,3,4
CSVEDWDRSGANVLTF,111,3,4
CASSPRGRVPDTQYF,108,0,3
CASSSRDRVPDTQYF,108,0,3
CASSDRRGGQAGYTF,75,0,2
CASSLGGAKQPQHF,119,0,0
CASSRGGARQPQHF,119,0,0
CASSQGGLVQPQHF,119,0,0
CSARPPGRNTGELFF,37,0,3
CASSPGVHNTEAFF,78,2,3
CASSPGPHGGETQYF,78,2,3
CASRQPGAHANHGYTF,78,2,3
CSANRDPISYEQYF,85,0,3
CSARDPFPYEQYF,85,0,3
CASRRDRISYNEQFF,85,0,3
CASTYDSLSYEQYF,85,0,3
CSARAHGPNTEAFF,107,3,2
CSARFPGPGTEQYF,107,3,2
CASKPGTALTYEQYF,102,0,4
CATSDGGVYGYTF,27,4,2
CASSLLGGDTQYF,103,0,3
CASSLAVTDTQYF,103,0,3
CASSPGQGRNGYTF,115,2,2
CASSPGQGRETQYF,115,2,3
CASTPGQGRNTEAFF,115,2,2
CSVLKGVSSYEQYF,50,4,1
CSARQILSSYEQYF,50,4,1
CASSSQTYYGYTF,4,4,1
CASSFGLGESSYNEQFF,11,0,3
CSVEIFGGLSSYEQYF,11,0,3
CASTGMERAAGVF,17,0,4
CATSDASGSYSGANVLTF,3,4,2
CASSPISGRKNEQYF,74,4,2
CASSETSGRRVIQYF,74,4,2
CASSSRPLGQETQYF,116,2,3
CASSPTGDGETQYF,106,3,4
CASSPGASGNTIYF,106,3,4
CSVKTGNTEAFF,93,0,3
CASRRQGAGTEAFF,34,3,2
CASSEALFRAANTEAFF,81,0,4
CASSLTSGADTQMGQFF,68,1,1
CASRSRPGLETVEQFF,21,4,1
CASSPPLGRGYTF,46,0,4
CASSQQLDRLGAYEQYF,86,0,4
CASSQSDRAGITQYF,86,0,4
CASSRQGPNTGELFF,34,3,2
CASSGQGVYTGELFF,34,3,2
CASSRQGLGGYGYTF,34,3,2
CAGAAGSTGTQYF,81,0,4
CASFGGGTDTQYF,113,0,3
CASSIGTTTDTQYF,113,0,3
CASSFRGTTDTQYF,113,0,3
CASSGGRGTDTQYF,113,0,3
CASSYGGTGDGYTF,113,0,3
CASSLRHTDEQFF,117,0,3
CASSLRSTDTQYF,117,0,3
CASSPRQGEDEQYF,116,2,0
CASSFQGADEQYF,116,2,0
CASSPWQGASEQYF,116,2,0
CASRVDRGTEAFF,84,4,0
CASSRRDRNTEAFF,84,4,0
CASTLDRGRPQYF,84,4,0
CSARLDRNYEQYF,84,4,0
CASRDPMNTEAFF,34,3,2
CASSLGQGNTSPLHF,91,0,1
CSVVRVRKGSTDTQYF,126,1,1
CASRHRTGSTDTQYF,126,1,1
CASRLRRGNTDTQYF,126,1,1
CASSEWVREGQGDTGELFF,126,1,1
CASSGERVETQYF,20,0,4
CSASSYVIYNEQFF,112,3,1
CASSPSTGGRGTDTQYF,41,0,1
CASSLAGSTDTQYF,117,0,3
CASSLARSTDTQYF,117,0,3
CATGTGGSSTEAFF,106,3,4
CASSPPRTGLPYEQYF,102,0,4
CSASPPRRLAPYNEQFF,102,0,4
CASSLALSGQEAFF,111,3,4
CSAVGGAFYNEQFF,33,3,4
CASSQGFAGPRRGNTIYF,8,3,1
CSVVWGTGELFF,82,3,4
CASSRSGNTEAFF,74,4,0
CASSRSGRTEAFF,74,4,1
CSARSPGAQETQYF,73,4,0
CASIPAGLPAKLFF,73,4,0
CASSEQRFGENIQYF,63,3,2
CASSVMRFSSTDTQYF,43,1,1
CASCFTDTQYF,100,1,3
CSARGPTVQGIEQYF,21,4,1
CASSQGGNSPLHF,49,0,2
CASSRDKPYEQYF,56,4,0
CASSDRPATNEKLFF,112,3,1
CASSLDGSATNEKLFF,112,3,1
CASSSGQGEAFF,46,0,4
CASSSRPNEKLFF,46,0,4
CASSPSRTVDGYTF,65,0,3
CASSYVQGGTGNTIYF,114,3,2
CSAERASGGTGNEQFF,114,3,2
CSAKGGQGGIGNQPQHF,114,3,2
CASSVGAGTHGEQFF,71,2,3
CASSQGAGTDTQYF,71,2,3
CASSYDGLRETQYF,73,4,1
CASSQDDLGREAFF,86,0,4
CASSLGLAGYNEQFF,76,3,2
CASSLGLAGRNEQFF,76,3,2
CASSTGLAGYNEQFF,76,3,2
CASSSLGQFGANVLTF,71,2,3
CASSLSQGALENSPLHF,73,4,1
CSASQGAYEKLFF,73,4,1
CASSLSHGAATHSPLHF,73,4,1
CASSPRVGNGYTF,61,0,4
CASSPSSGRGHEQFF,32,4,2
CASSPPVGVGIYNEQFF,82,3,4
CASSPPGGLGNTEAFF,82,3,4
CASSLEGTLPNTEAFF,37,0,2
CSVEGILVKTQYF,37,0,2
CASSLGGALPNTEAFF,37,0,2
CASSDPTSVNQPQHF,125,1,0
CASSPRSETQYF,125,1,0
CSARDSAAGGPTGELFF,103,0,3
CASSLLAPDTQYF,103,0,3
CASSLSPGFQPQHF,129,0,3
CASSLSSGFQPQHF,129,0,3
CASSFGGGVSYNEQFF,83,4,0
CSALEGRGVSKNIQYF,83,4,0
CASRTGGSVSYNEQFF,83,4,0
CASSPKGAGYQPQHF,33,3,4
CASSPRTGGYSPLHF,33,3,4
CASSQESGVGANVLTF,70,3,2
CASSHTSGVTGELFF,84,4,0
CASSITSGGTGELFF,84,4,0
CASSLSGSVDAEAFF,124,0,4
CASSASGDADTQYF,124,0,4
CASSLDTSGSAEQFF,124,0,4
CASSQSLGRGTQYF,44,3,0
CASSRDHNTGELFF,41,0,1
CASSGGDYGYTF,77,0,4
CASSLRGQGSFNTEAFF,15,4,0
CASSLLTGQNSTNEKLFF,15,4,0
CASGPHGGAPHYEQYF,46,0,4
CASSPQRGAGAYEQYF,46,0,4
CSARAAGQLNQPQHF,22,4,2
CASSRFRGQPNQPQHF,22,4,2
CASSHHSTGNTEAFF,84,4,0
CASLRGAAPNEKLFF,37,0,2
CASSLRIRGPLWYF,75,0,2
CASSQRAGGPAEQYF,75,0,2
CASSSSTGEAFF,95,4,2
CATSIKGAYEQYF,16,0,1
CASSQDPGQGDWGYGYTF,56,4,0
CSVNLVDPYEQYF,50,4,1
CASSVNGLDSYNEQFF,50,4,1
CASSPRTGNPPLHF,75,0,2
CASTPSGGRNQPQHF,31,1,0
CASSPGTSTSGNTIYF,3,4,2
CASSTPGEKLFF,59,0,0
CASSRPGEKLFF,59,0,0
CASSQAGNEQFF,25,0,0
CASSQQVGWADTQYF,25,0,0
CASSPRTALLSGANVLTF,42,3,4
CSASSISTAQETQYF,116,2,0
CSARLAGGEDTQYF,113,0,3
CASTRLAPGMDNEQFF,113,0,3
CASMKAPTGMDTGELFF,113,0,3
CATRPSDRSNEKLFF,3,4,2
CSARDSDKDTEAFF,3,4,2
CASSSTGSPIYGYTF,94,4,2
CASSSGGSAAYEQYF,94,4,2
CASSEQLSGTSPMGSYNEQFF,94,4,2
CASSSTGAGANVLTF,46,0,4
CASTQGGAGANVLTF,46,0,1
CASDPGRAGAGELFF,46,0,4
CASPRRGSYNEQFF,107,3,4
CSAQPPPGLAGYNEQFF,28,0,4
CASRHGQVTLAGYNEQFF,28,0,4
CASSLGIRDGYTF,103,0,3
CASSLIAGDTQYF,103,0,3
CASSPPGTGFLYEQYF,102,0,4
CASSTLPGTGALTNYGYTF,102,0,4
CASSSRLAGNNEQFF,112,3,1
CASSSRALRNEQFF,112,3,1
CASSQVWGGSTEAFF,109,0,1
CASSQGFGGSGELFF,109,0,1
CASSLSLQGNYGYTF,111,3,4
CASRFLVESQETQYF,54,2,2
CASSRGTARSQETQYF,54,2,2
CASSGGDRVTEAFF,84,4,0
CSVEGDRATEAFF,84,4,0
CASSWEAGELFF,120,0,0
CSASQGVGETQYF,73,4,1
CSASAPDTLSQTQYF,54,2,1
CASSHRTGGPGELFF,109,0,1
CASSSGTGGPGELFF,109,0,1
CASSPGLAGEGPYEQYF,90,0,1
CASSQYTPGGGLTDTQYF,88,3,1
CASSQLFGDEQFF,49,0,2
CASSLVAGSEFF,49,0,2
CASRGQGGTYEAFF,114,3,1
CASRTSGTGYEKLFF,114,3,1
CASRGDTYTGELFF,114,3,1
CASSGTTGGDGYTF,113,0,3
CASSSNTKGRQNTEAFF,113,0,3
CASSPHVGGRDYEQYF,113,0,3
CASSERGGRDYGYTF,113,0,3
CSARELTRGYEQYF,34,3,2
CSARELFAGTEAFF,34,3,2
CASSSHWGRADQPQHF,119,0,0
CASSFWTGGDQPQHF,119,0,0
CASSSQGNGSPLHF,49,0,2
CASSQEGNSPLHF,49,0,2
CSVSDRGNSPLHF,49,0,2
CASNSQGINSPLHF,49,0,2
CSARVTGEGYNEQFF,81,0,4
CASSLVQGEKLFF,46,0,0
CASSRDTPKNIQYF,34,3,2
CASSPGTWRGSEQFF,58,3,4
CASSSWDSQNEKLFF,74,4,2
CASSWDSIYEQYF,74,4,2
CASSYGGSGYGYTF,82,3,4
CSAPPGGQGYGYTF,82,3,4
CASTDPPNTEAFF,63,3,2
CASSFSTGGEQYF,74,4,2
CASSQWGRSVNEKLFF,76,3,4
CASSPNAWTLFF,125,1,1
CASSPNDEKLFF,125,1,1
CASSLRLAGKNEQFF,76,3,2
CASRCTSGRALETQYF,127,0,3
CASSIGTSGRALTGELFF,127,0,3
CASSLLPGQGYNEQFF,81,0,4
CASSLPRKEQYF,25,0,0
CASSLSNNEQFF,25,0,0
CASSKRGVGNQPQHF,82,3,4
CASSRTGDGNQPQHF,82,3,4
CASSEGTSGLSVSGELFF,21,4,2
CASSNRDQLNEQFF,83,4,1
CASSLDSLRGEKLFF,32,4,2
CASSLSSLVGTGIFF,32,4,2
CASSQVSSQGGRIQYF,32,4,2
CASTRTGEEPQHF,33,3,4
CASSTKTGEVDEQYF,33,3,4
CAWADRAAGELFF,34,3,2
CASTRDRAANEQFF,34,3,2
CASGDPPRNEQFF,63,3,2
CASSYRAGGETQYF,99,3,4
CASSFGLSGETQYF,99,3,4
CASSLSTSGSSYNEQFF,53,4,0
CASSFSGDDGYTF,53,4,0
CASSHLGSGLYNEQFF,56,4,2
CASSQGGSGVYNEQFF,56,4,2
CASSDPSGASEAFF,116,2,0
CASSSPSVRTEAFF,32,4,1
CASSLGSEQYF,68,1,1
CASSLGVEQFF,68,1,0
CASSLGDTQYF,68,1,1
CASSFGDEQFF,68,1,1
CASSPPSEQYF,68,1,1
CASSLGLRDTQYF,103,0,2
CASSQTTGGDTQYF,109,0,1
CASSQGTRGDNEQFF,109,0,1
CASSYSDRGGEKLFF,32,4,2
CASSVQWQSSYNEQFF,52,4,2
CAISDPLASGAKSYEQYF,120,1,4
CSAILVASGAEDTQYF,120,1,4
CASSYQPGRMNEKLFF,114,3,2
CSATDPGGINPQHF,114,3,2
CASSPDLTTILTDTQYF,46,0,4
CASSPDRTGGLYTEAFF,46,0,4
CASSVGQGAAQHF,77,0,2
CASSLGQGVQYF,77,0,2
CASSNFQGVNSPLHF,91,0,1
CASSNRDGATDTQYF,91,0,1
CASSPWDRVGSPLHF,91,0,1
CASTRLASEQYF,54,2,2
CASSYNRGGGYGYTF,44,3,0
CASSQGKEKRGYNEQFF,44,3,0
CSAQPPEGRGQRDTQYF,98,0,1
CASSLAAVNQPQHF,112,3,1
CSATQGGTGESGNQPQHF,22,4,3
CASMSGIIGADTEAFF,10,3,2
CASSRDRVQWGTQYF,61,0,2
CASSQQQAGGEKLFF,86,0,4
CASSQEQAGRTTQYF,86,0,4
CASSLSARGGTGELFF,95,4,1
CASSLSAREGLGEQFF,95,4,1
CASSLSMRTGGFNEQYF,95,4,1
CASSLGSLAFF,68,1,3
CASSPGTGTGTFHEQYF,114,3,1
CASSPRGLVSTDTQYF,54,2,2
CAWSDAPLYEQYF,29,4,0
CSALLAKETQYF,120,1,0
CSANLQRETQYF,120,1,0
CASSQVAAMEGQPQHF,120,1,0
CSADSGRGTYNEQFF,41,0,1
CSGWRGLNYGYTF,70,3,1
CSADTGGQFGELFF,19,3,4
CASRQTNWDRGEEKLFF,19,3,4
CASRVQGFGYTF,84,4,0
CASSRFQGTGNTIYF,84,4,0
CASSQSRGNTIYF,95,4,2
CASSEKVEIYTF,110,0,4
CAWATGGLQPQHF,119,0,4
CSARATGGGQPQHF,119,0,4
CSARENTEAFF,93,0,3
CASSLWDSFNEQFF,74,4,2
CASSLYDSGTEAFF,74,4,2
CASSRMNTEAFF,93,0,3
CASSFQPPGQGNTEAFF,3,4,2
CASSTHPPGQGLYGYTF,3,4,2
CASSNQGPRYGYTF,34,3,2
CASGRAKDTQYF,54,2,2
CASRTGPMTQYF,60,0,4
CASRTGENIQYF,60,0,4
CASSESGTGVLNEQFF,102,0,4
CASSPTQQAQGNTIYF,21,4,1
CASSLEATEKLFF,46,0,3
CASSQSSSDTEAFF,125,1,0
CASSDSSDTQYF,125,1,0
CASSRLEETQYF,31,1,3
CASSAGTSTFYEQFF,82,3,4
CASSATTSGRMKQYF,82,3,4
CASSLGQSAFF,68,1,3
CASKNAGTGRYNTEAFF,118,3,2
CSAYFSLGNREPGKTLETQYF,21,4,1
CASSGNGLRGDEQYF,18,0,1
CASSYSQGANQPQHF,32,4,2
CASSYSSEGNQPQHF,32,4,2
CASKPRQGARNNEQFF,34,3,2
CASSRWDQETQYF,94,4,4
CASTTTYNSNQPQHF,126,1,1
CASSQGQGAGYTF,77,0,2
CASSEFWGTGGTQYF,84,4,0
CASSEKEGYYNEQFF,37,0,0
CASSRGEGYTGELFF,37,0,0
CASSLRVAGRTEAFF,76,3,2
CAISERLAGENEQFF,76,3,2
CASSLGTRTDTQYF,109,0,1
CASSQGGRTDTQYF,109,0,1
CSASGGTRRDTQYF,109,0,1
CASTASAWTGGPLHF,88,3,1
CASSQAKLGIYEQFF,110,0,4
CASSLGLAGNTGELFF,40,0,2
CASSARLAGNTGELFF,40,0,2
CSVLGPAANTGELFF,40,0,2
CSAREGLAGYIGELFF,40,0,2
CASSYSRTRDDEQYF,13,4,1
CAWSKVDSLTYGYTF,84,4,0
CASSLRPTVTQYF,117,0,3
CASSSAPGVTQYF,117,0,3
CASIPSGRLSYEQYF,127,0,3
CASSQDLVYEQYF,86,0,4
CASSQDVGREQFF,86,0,4
CASSPGGRTDTQYF,98,0,1
CASSQGGYIANTGELFF,114,3,1
CASSLGGRMANNEQFF,114,3,1
CASSLGTGAPGTDTQYF,37,0,3
CASSLGTGANTGELFF,37,0,3
CASNWGPNYGYTF,34,3,2
CSALGARLYNEQFF,128,0,3
CSVEARVGHEQYF,128,0,1
CASSHTMETQYF,125,1,1
CASSFTHETQYF,125,1,1
CASRVEQNYGYTF,70,3,1
CAWTPPRGLGNTIYF,27,4,2
CAITPGTGAGNTIYF,27,4,2
CASSMAPRGLGGEQYF,27,4,2
CASSPRGTGGYGEQFF,114,3,1
CASSKRVGGKTGYGYTF,114,3,1
CASSPPDRRAYTQYF,74,4,1
CATLPPDRGNGYTF,74,4,1
CASSQGNQPAWPQHF,18,0,1
CASRTGSGGYTF,82,3,4
CASSPSTTGVEANTGELFF,82,3,2
CAISEEGLGAYGYTF,82,3,2
CASSSLTSGINEQYF,105,3,4
CASSDTSGMTQYF,105,3,4
CASSDGTSGTNEQFF,105,3,4
CASSQSATSGNTGELFF,105,3,4
CSARDQNRADGYTF,127,0,3
CSAQDVGVSRFF,127,0,3
CASSDPGYEKLFF,59,0,1
CASSQDPPLAVNNEQFF,35,3,2
CASSLGTSADTQYF,94,4,4
CASSVGTSARGVFF,94,4,4
CATSAGGLREQPQHF,69,0,2
CASTGGAYEQYF,69,0,2
CASRPSTDTQYF,54,2,1
CASRVSNQPQHF,54,2,0
CSVRPSEETQYF,54,2,0
CSVGNQPQHF,18,0,1
CATGYQPQHF,18,0,1
CATSAGGKETQYF,51,0,4
CAISEGGNEKLFF,51,0,4
CSVESAGWGETQYF,51,0,4
CSAPTGTGARQPQHF,126,1,1
CASTRGTGLNQPQHF,126,1,1
CASSLSLAGGGEQFF,111,3,4
CASTGRTNTGELFF,92,3,1
CASSPGTIIYGTEAFF,92,3,1
CASLRSDDQPQHF,94,4,4
CASSLTRQADSPLHF,94,4,4
CASSLPGAGSPLHF,104,0,0
CASSLGGLGSDQFF,104,0,0
CASSRDQNYNEQFF,41,0,1
CASSPRRQSDGGYTF,4,4,4
CASSQRDGLFYGYTF,29,4,0
CASSVRDRAFYGYTF,29,4,0
CASSDRQGVIGGYTF,29,4,0
CASSESNRGRHQYF,81,0,4
CASSDISGRGRYNEQFF,81,0,4
CASSLGLGTGSEAFF,91,0,1
CSARRASGGPRSEQFF,114,3,2
CSARASIGRRSPLHF,114,3,2
CASRASGAVTDTQYF,114,3,2
CSVADTAGNTIYF,34,3,2
CSARADRVGNTIYF,34,3,2
CASSIDSPPRRGGETQYF,77,0,2
CASSLKTDTTGELFF,76,3,4
CASSLNRQGGGYTF,76,3,4
CATSDFVGLTGGTEAFF,85,0,0
CASSSTGDMNTEAFF,46,0,4
CASSPRQDSYNEQFF,83,4,1
CSVDYGQSSYNEQFF,83,4,1
CSVVRDIEQYF,111,3,4
CASSSTQSSTYEQYF,83,4,2
CASSGQSSGSQYF,83,4,2
CSVEGQGVGNEQFF,34,3,2
CSAEGQGAGYGYTF,34,3,2
CASSSKQGPVSNQPQHF,66,0,0
CACPSGQGLGSYNEQFF,66,0,0
CAISDRAGDSYEQYF,72,0,0
CASSSRQGDSNEQFF,72,0,0
CASGTPNYGYTF,60,0,4
CASRTPPGHEQYF,60,0,4
CASRWRGGNTEAFF,114,3,1
CSARGRTGRTEAFF,114,3,1
CASSLRDTGTNGYTF,78,2,0
CATSDFLADTDTQYF,79,3,4
CASSPGLADTDTQYF,79,3,4
CASKVGGLNTEAFF,118,3,0
CSVGKGGLNTEAFF,118,3,2
CASMAGGLINEQFF,118,3,0
CASSPQGTDTQYF,103,0,3
CSATLSGRETYNEQFF,41,0,1
CASRESSGGYAGELFF,77,0,2
CASSFRGGAALNIQYF,64,2,0
CASSSEVRENGYTF,102,0,1
CASSFLRNYGYTF,102,0,4
CASSSQAWGGYGYTF,110,0,4
CASSSSALGGWAFF,110,0,4
CASSQALGPYRYF,110,0,4
CASSQDLVAGGYNEQFF,110,0,4
CASSPGRTDTQYF,103,0,3
CASSSPGTGDGYTF,103,0,3
CASAPPGTTDTQYF,103,0,3
CASSPGLAYTDTQYF,79,3,4
CASRGTGGAFGELFF,42,3,1
CSARKTGGINNEQFF,42,3,1
CASSEGKGTAKNIQYF,42,3,4
CASSLLKRRTGAKNTGELFF,42,3,4
CASSLSGGLDTGELFF,27,4,3
CASSLDSLAGGQTF,32,4,2
CASSLSSPLGRRAF,32,4,2
CASSLVDLEDEQYF,103,0,3
CASSVQAEDTQYF,103,0,3
CASSGSPDTQYF,68,1,1
CASSLDGGEQYF,25,0,0
CASSLDAGELFF,25,0,0
CASSQDAPGGFQETQYF,25,0,0
CSARVFGYTF,76,3,2
CASSRDFKYEQYF,56,4,0
CASSFTWDVYEQYF,107,3,4
CASSFTADLGNTIYF,107,3,4
CASSPQESRYGYTF,111,3,4
CATASSGRTGELFF,41,0,4
CASSRGGGKYF,41,0,1
CSAESSGNTIYF,30,4,0
CASSQSGTGGSYEQYF,109,0,1
CASSYGPGPGYTF,109,0,1
CASSFDRGLSPLHF,13,4,1
CASSPDRGFSPLHF,13,4,1
CASSRTGANYGYTF,92,3,1
CATSRELATYNEQFF,92,3,1
CASSPLRTTNVDTQYF,69,0,2
CSASSGQRNNSPLHF,91,0,1
CASSSQGLADNEQFF,117,0,3
CASSSGLTDTQYF,117,0,3
CATSSQTPWDNEQFF,117,0,3
CASSSRTSGLGNTQYF,84,4,0
CASSRTSGTTNEQFF,84,4,0
CASISPKTSGATTDTQYF,84,4,0
CASTPLDGEKLFF,34,3,2
CASSLRSHEQYF,125,1,0
CASSPRSYEQYF,125,1,0
CASSPGDRGPEAFF,116,2,3
CASSWTSGHETQYF,84,4,0
CASMTSGKETQYF,84,4,0
CATSRDSGGIYNEQFF,114,3,2
CASSPLGWQGRAGELFF,33,3,4
CASSEADTQYF,68,1,1
CASSPGRSYSGNTIYF,3,4,2
CASSYGTSRSGNTIYF,3,4,2
CASSLGGSTSANEQFF,3,4,2
CASSRGATNEKLFF,69,0,2
CASSETWTNEKLFF,69,0,2
CASYVKGTDTQYF,103,0,3
CASSYLLPTDTQYF,103,0,3
CASSRLAEADTQYF,103,0,3
CSASRQVGRDGYTF,103,0,3
CASMGRARLNIQYF,22,4,2
CASSFRQGFNYGYTF,84,4,0
CASSEGWNRETQYF,69,0,2
CASSEEIEWEKLFF,69,0,2
CATPIGEGRTEAFF,60,0,4
CSVVGQATWTEAFF,63,3,2
CASLGSQTNTEAFF,63,3,2
CASSLYQETQYF,125,1,1
CASSVNQETQYF,125,1,1
CASSSTQETQYF,125,1,1
CASSPDRFNYGYTF,61,0,1
CASTKAGLANTEAFF,85,0,0
CASSLAPGTQAFF,125,1,0
CASSAAVGTQYF,125,1,0
CASSLASNTQYF,125,1,0
CASSLAPNEQFF,125,1,0
CASSLYPPLQGGELFF,85,0,0
CASRGIPFSYEQYF,43,1,3
CASSRRAENIQYF,4,4,4
CASTYGTGGDMVYGYTF,23,4,4
CASSVTGTGKDFTGELFF,23,4,4
CASSPRPVAGYEDTQYF,79,3,4
CASSEPLAGVEQYF,79,3,4
CAIRRGESEQYF,22,4,1
CASSQAGQYTDTQYF,125,1,1
CASSSVGDRTDTQYF,125,1,1
CASSQAPQTNSPLHF,125,1,1
CASRRGTYSTDTQYF,126,1,1
CSARTGTGAMDTQYF,126,1,1
CASRKGTASNQPQHF,126,1,1
CATSREGIISGSYEQYF,126,1,1
CASSNPGTGQEDTQYF,126,1,1
CASSPGQGWETQYF,115,2,3
CASSPQGQGGGYTF,77,0,2
CASSQGQGYGYTF,77,0,2
CASSFRSGTYLEQYF,84,4,0
CSARAERVWNEQFF,92,3,1
CSARGGRVTNEKLFF,92,3,1
CSASPTGAARQETQYF,82,3,4
CASSQGTGRASGRRNEQFF,22,4,3
CASSVDSPRGETQYF,32,4,2
CASSLDSSRGGYTF,32,4,2
CASSLGASNYGYTF,70,3,4
CASSVASSTYGYTF,70,3,4
CSVEAQLSNYGYTF,70,3,4
CSATDNEQFF,71,2,3
CASSPEWEDMNTEAFF,82,3,4
CSALTDPSSYEQYF,52,4,2
CSVRTSYSSYEQYF,52,4,2
CATIVRDSSSGNTIYF,52,4,2
CASSTSGGASDTQYF,13,4,1
CAISESTSGTKSSYNEQFF,13,4,1
CASSQYSGGPSDTQYF,13,4,1
CASSSLRTSGGASSYNEQFF,13,4,1
CSVNNRVLGEQYF,64,2,3
CSARERGRALGNTEAFF,64,2,0
CASSWWDEQFF,68,1,1
CASTVWGAPTGELFF,130,3,4
CSARATGANTGELFF,130,3,4
CSASPTGETQYF,31,1,0
CASSLGETQYF,31,1,0
CASSSSEETQYF,31,1,0
CASSSRGRGITGELFF,37,0,4
CASSGKNWGPEGYTF,113,0,2
CASSGNKRGDEQYF,113,0,3
CSADKREWGQETQYF,113,0,2
CASSLYVRGGGELFF,71,2,3
CASSIYLRGGYGYTF,71,2,3
CSPSEGWGFHTQYF,69,0,2
CASSFSGMADTQYF,124,0,4
CASSYSGAADTQYF,124,0,4
CASSFSLEPDTQYF,124,0,4
CASSEWVPSSYNEQFF,50,4,2
CASSPQAGVRSGELFF,103,0,2
CASSYDTGNQPQHF,13,4,1
CASSFSRGNQPQHF,13,4,1
CAISESGNNQPQHF,13,4,1
CASSYSGWGEPQHF,13,4,1
CASSLGSTAGTDTQYF,13,4,3
CATSRATGSSGANVLTF,106,3,4
CASSFAGFSSGANVLTF,106,3,4
CASSRAGTSSWNEQFF,106,3,4
CAWSQGLWGYTF,77,0,2
CASSFSGQTKNIQYF,66,0,0
CSARPSGNYNEQFF,114,3,2
CASRDSGTTYEQYF,114,3,1
CASSSSAGLGGSPLHF,58,3,0
CASSSKGQGGSPLHF,58,3,0
CASGAISYGYTF,62,0,4
CATSRARSTNYGYTF,62,0,4
CATSDGARSHYNEQFF,62,0,4
CASSPTGAGLRGMF,46,0,4
CASSLEVHGANVLTF,111,3,4
CASSLEAQGLTQYF,111,3,4
CASSPTGLRETQYF,106,3,4
CASSPTTPRETQYF,106,3,4
CASRIASALETQYF,45,0,3
CASSIRGRGSPLHF,72,0,2
CASSQHPGESYEQYF,71,2,3
CASSDPTESQYF,31,1,3
CASSLWEGAAYTEAFF,128,0,3
CASSLREGAKGTEAFF,128,0,3
CASGQEGALYGYTF,128,0,3
CASSFGSTGTEAFF,84,4,0
CASYQPGHHTGANVLTF,78,2,3
CAWSGFELYSNQPQHF,31,1,1
CSGGGHTDTQYF,31,1,1
CASSQEPPRTDTQYF,39,0,0
CASSQGWGGLTEAFF,38,0,4
CASSQTLGGLGQFF,38,0,4
CAISDGTSGYEQYF,105,3,4
CASSPPKTGEGSPLHF,33,3,4
CASSQVTNYGYTF,4,4,1
CASSTRGGGVDEQFF,33,3,4
CSAPIRGGGADEQFF,33,3,4
CASSEGGTGADTQYF,33,3,4
CASSLWANEQFF,120,1,0
CASSVELNEQFF,120,1,0
CASSSTRTEAFF,65,0,4
CASSSINTEAFF,65,0,3
CASSQGSPADTQYF,116,2,3
CASSLGSVASYEQYF,116,2,3
CASSLARQGDTEAFF,117,0,3
CASSREGTGSSHGYTF,8,3,1
CASRHGTGEYEQYF,22,4,3
CASTKGTGEFEQYF,22,4,3
CSARDGRGEREQYF,22,4,3
CASSREDTQYF,68,1,1
CASRKSSKRDRAYEQYF,68,1,1
CSARDNGYLRVQYF,27,4,2
CASSWRTGGSPYNSPLHF,106,3,4
CASSLERTPEGTDTQYF,82,3,4
CSASDRVTRNTIYF,84,4,3
CASSSRLNRNGYTF,84,4,3
CASSLYQALYGYTF,71,2,3
CASSPGQAFYGYTF,71,2,3
CASSFKAGSEQYF,49,0,2
CASSLAMYSEQYF,49,0,2
CASSPRASAGEQYF,51,0,3
CASSFSNTGELFF,74,4,2
CASSPSQPNTEAFF,74,4,2
CASSSQSNTEAFF,74,4,2
CASSSRTSLAETQYF,111,3,4
CATSSRGSGANVLTF,111,3,4
CASSWGIEGETQYF,82,3,4
CSVFGGATETQYF,82,3,4
CAWIAGRGSSGANVLTF,50,4,2
CSAQQTNQPQHF,68,1,3
CASSTNQPQHF,68,1,1
CASSVWPGTDTQYF,108,0,3
CASSYSRGYEQYF,74,4,4
CASSLGPNRVQETQYF,124,0,4
CASRPNRVDTQYF,124,0,4
CASSPGAPRGNTEAFF,99,3,4
CASSLRLYEQYF,120,1,0
CASSLELYEQYF,120,1,0
CASSPGLYEQYF,120,1,0
CATSEGPLGEQFF,29,4,0
CATSDGPRGEQFF,29,4,0
CATSEQPGGELFF,29,4,0
CACTPGTNTGELFF,67,3,1
CASNPKTGGAEAFF,67,3,1
CASSYQGVGYTF,29,4,0
CASSSRQGIGYEQYF,29,4,0
CASSLGDVNTGELFF,78,2,0
CASSLRDKNTGELFF,78,2,0
CASSLVASGSRELFF,111,3,4
CASSVVSAGTYNEQFF,114,3,1
CASSLESAGGRNSPLHF,114,3,1
CASSPGQTGDTEAFF,121,2,3
CASSLGAGPAFGKLFF,36,0,4
CASSKLQGRHGYTF,95,4,1
CASSLVYVSSYNSPLHF,83,4,1
CASSLAGPQLTHNEQFF,83,4,1
CASSPRAGQINTEAFF,66,0,4
CASSLRAGQTNTEAFF,66,0,4
CSAPNGAGLDTEAFF,10,3,2
CATDLGAVNYGYTF,76,3,2
CASSSRQGGTGELFF,29,4,0
CASSYSPLTGTEAFF,35,3,1
CASRPDNTEAFF,93,0,3
CSTKGTRFYEQYF,22,4,3
CASSPGTVNTGELFF,76,3,1
CASSPRTANTGELFF,112,3,4
CASSKHGARGGFLNTQYF,67,3,1
CASSHGTGGGVAYEQYF,67,3,1
CSVEGLAGGTDTQYF,90,0,1
CASSPRLAGFTDTQYF,90,0,1
CASSPGAQTGTDTQYF,90,0,1
CASSPGLAGGPSEQFF,90,0,1
CASSPTLAWRTDTQYF,90,0,1
CATSDPSTGSREQYF,116,2,0
CASSLDRPDIQYF,25,0,0
CASSSLDRPSNEQFF,25,0,0
CASSLDRRDTQYF,25,0,0
CATSRDVRNTGELFF,63,3,2
CASSQYSGRNTGELFF,63,3,2
CASSSGFKGRVNTEAFF,113,0,3
CASRLDSNNEQFF,128,0,4
CASRADPNTIYF,128,0,4
CASRPDSNYGYTF,128,0,4
CASSPRLDSGVQETQYF,128,0,4
CASSYSPGLAENTGELFF,76,3,2
CASSQGLAEGTQYF,76,3,2
CASTKGWAGGYSGANVLTF,8,3,1
CASSNTDSSNQPQHF,83,4,3
CASRSTVQPQHF,21,4,1
CSARDWLQPQHF,21,4,1
CASSADGQGAGETQYF,56,4,2
CASSMPGQGAGTDTQYF,56,4,2
CSAEPGQGVYEQYF,56,4,2
CASSLAPTQLAGMRYEQYF,56,4,2
CSVRENTEAFF,93,0,3
CSARLYTEAFF,93,0,3
CSGAREGTEAFF,93,0,3
CASSVGLRTGYEQYF,71,2,3
CSVNDRGGYTF,71,2,3
CASSPRNGLKNNEQFF,34,3,2
CASSFGNRVGAFF,103,0,3
CASSGDRGYEQYF,74,4,4
CASSRQRTYEQYF,74,4,4
CASDPRSRYNEQFF,74,4,4
CASSSRDNVNTEAFF,97,4,0
CASSSRDKKNIQYF,97,4,0
CASSSWGNEQFF,120,1,0
CASSSNWNEQFF,120,1,0
CASSPTGGRSPLHF,55,2,2
CASSSPGGGYSGNTIYF,55,2,3
CSATRLAEYTGELFF,40,0,4
CASTRLAEYTGELFF,40,0,4
CASSLRLAEKFRETQYF,40,0,4
CASSAHWAEQFF,125,1,1
CASSAHQETQYF,125,1,1
CASSPQGNNSPLHF,49,0,2
CASSPQGVNSPLHF,49,0,2
CASSLALSADRDYEQYF,54,2,2
CASRRRQESYEQYF,43,1,3
CASSQDWTSGRGGNEQFF,71,2,0
CASSEAKGALDGELFF,109,0,1
CASSQDRSPYGEQFF,62,0,4
CASSLDRDGYGYTF,62,0,4
CASSSQTGFYADTQYF,33,3,4
CASSDGTVGTGELFF,76,3,1
CSVGDRVVYEQYF,63,3,2
CASSSGTSPQYQETQYF,54,2,2
CASSERDGRRETQYF,74,4,2
CSARDRERQYF,33,3,4
CASSLRQGGHQPQHF,112,3,1
CASSQRQGGPSEQYF,112,3,1
CASSLSRTGEVGYGYTF,20,0,4
CASSLSRGPATGELFF,20,0,4
CASRAGLGMFF,20,0,4
CSARPGDRSTDTQYF,43,1,1
CASPRQGSNSNQPQHF,43,1,1
CASNPGDTDNQPQHF,43,1,1
CSAREPGQLSNQPQHF,43,1,1
CASSLTGVNSPLHF,104,0,3
CASSTGANSPLHF,104,0,3
CASSLLWTSDTDTQYF,18,0,1
CASSLLWGSGTDTQYF,18,0,1
CASSWGEYSPLHF,72,0,2
CASSELVWSSTDTQYF,14,1,3
CASSVAPGYGYTF,46,0,4
CATSREGLAGDTQYF,18,0,1
CASSEIGKRPYEQYF,113,0,3
CASSLQRLAHTDTQYF,5,4,0
CASSQGFRGNTGELFF,37,0,3
CASSVGGGGGTGELFF,37,0,3
CASSVAELAGGSYNEQFF,26,0,0
CASSEPGLADYEQYF,55,2,2
CASSLEPGVLSYGYTF,55,2,2
CSIVSGSGRYEQYF,74,4,1
CASSLGSGGRSEKLFF,49,0,2
CSARDTGRQKLFF,49,0,2
CASSRAQGHQPQHF,63,3,3
CASSRLQGKDQPQHF,63,3,3
CASSLGSGMAKNIQYF,13,4,3
CASLGSGVATGELFF,13,4,3
CSAGSTFEKLFF,13,4,3
CASSPDRGYQPQHF,13,4,1
CASSQDLKQSSYNEQFF,52,4,2
CASSHKAGQSSYEQYF,52,4,2
CASRPGTRWNEKLFF,30,4,3
CASRPGQRYNEQFF,30,4,3
CASSLGSAPPYEQYF,116,2,3
CSALTDRGNEQFF,42,3,4
CAAARDGGTEAFF,42,3,4
CSALRDRGDEQYF,42,3,4
CASSQSGQTYYGYTF,46,0,4
CSVEGPSGGHTDTQYF,31,1,0
CASSRPSGGEGDTQYF,31,1,0
CASSGVSGEKTQAQYF,31,1,0
CASSERHKTYEQYF,30,4,0
CSASPTSGEKTQYF,74,4,2
CASTRTSGSGEQYF,22,4,3
CSVGRTSGSFGEQFF,22,4,3
CASRDPRETQYF,63,3,4
CASGSPGNEQYF,63,3,4
CASSSGLSINEQFF,105,3,4
CASSAGLSTGELFF,105,3,4
CSAHGSGQNYGYTF,46,0,4
CASSQGFRINHQEAFF,37,0,3
CASSLSRVGISPLHF,21,4,1
CASSLTGTGEADTQYF,33,3,4
CASSSRRNYGYTF,81,0,4
CASSSSYRIYYEQYF,81,0,4
CSARMGKNTIYF,10,3,3
CASSLAKGGMGRIQETQYF,10,3,3
CASSPRGLAGGANTGELFF,89,0,3
CASSQERPGSSSYNEQFF,52,4,2
CASMEGDQPQHF,21,4,1
CASSVEADLPQPQHF,21,4,1
CASSEWNGATNEKLFF,118,3,3
CSAEFRGAGNTIYF,118,3,3
CASARTSGRLNTGELFF,85,0,3
CSARTSGRADTQYF,85,0,3
CASSRGSGIVGTGELFF,85,0,3
CASRGQGALNTEAFF,85,0,0
CSARTSGGFETQYF,85,0,3
CSARRDRGLNTEAFF,85,0,3
CASWRDPGRYEQYF,63,3,3
CASSQDRSTGELFF,19,3,1
CASSQDYSGIEQFF,19,3,1
CASSYRVEGPQHF,59,0,3
CASSQGSRSDTQYF,116,2,3
CASSRGSGQSEEAFF,131,2,2
CASSRTSGASYEQYF,131,2,2
CASSRTGLTLDSYNSPLHF,11,0,3
CAWGFRTGELSYGYTF,11,0,3
CASRVGANQPQHF,119,0,0
CASRNGLNQPQHF,119,0,0
CASSRQGANSPLHF,119,0,0
CASRAGSNQPQHF,119,0,0
CASSRNQETQYF,125,1,1
CASSLPQETQYF,125,1,1
CASSPAQETQYF,125,1,1
CAISDPDVRHNRHNQPQHF,46,0,4
CSARAVKRGNTEAFF,34,3,2
CATRAVKGGIAEAFF,34,3,2
CASSYKGTGVGLYEQYF,22,4,3
CSGRTGGEKLFF,22,4,3
CASSQDLFEGGTEAFF,110,0,4
CASSGRDYEKLFF,69,0,4
CSVEAEAASGIVLPPNTQYF,49,0,2
CSAVSGYNQPQHF,49,0,2
CAWSEGNGNQPQHF,119,0,0
CSASTGKGNQPQHF,119,0,0
CASSVEDGGRLLSGNTIYF,24,1,1
CASSSTDTQYF,68,1,1
CAISESGQGSNEQFF,66,0,0
CASSRRGANYGYTF,92,3,1
CASSQVIGGDSPLHF,58,3,4
CASSQDRPLAGGRAGELFF,79,3,1
CASSADRESEAFF,25,0,0
CASSLGSGAANQPQHF,13,4,3
CASSLISRLAVDTQYF,13,4,3
CASSFSRGTEAFF,74,4,4
CASSFSRTGEAFF,74,4,2
CASSPSHRNYGYTF,81,0,4
CASDSLNTEAFF,65,0,3
CASSPDGRFDYGYTF,108,0,3
CASSPPFRISYEQYF,108,0,3
CASSPDRAISYGYTF,108,0,3
CASSSSTSIWNTEAFF,84,4,0
CASSVAADTHYGPLHF,115,2,4
CSARAPDKHYGYTF,115,2,4
CASSQDNSRIYEQYF,19,3,1
CATSDHGTSGRWYTQYF,82,3,4
CASSQFLTVGSSGNTIYF,53,4,0
CASSLEVLGLASYNEQFF,8,3,1
CARGPSTWGSYEQYF,49,0,2
CASSESSATNEKLFF,128,0,4
CATSESSSYNEQFF,128,0,4
CSARDLQGQETQYF,27,4,2
CSARDERGQETQYF,27,4,2
CASRDVQGADTQYF,27,4,2
CASDNRDRGRRETQYF,63,3,2
CASSSLRTDTQYF,103,0,3
CASSGQGVGPDTQYF,33,3,4
CASSQNDRVGNQPQHF,33,3,4
CASSPGQGFKGDQPQHF,33,3,4
CSVRKNTGELFF,82,3,4
CASSVGTSGSYEQYF,94,4,4
CASRVGAGDTQYF,124,0,4
CASRGGLTDTQYF,124,0,4
CSAPEYEQYF,71,2,3
CSVGDYEQYF,71,2,3
CSARWDGPYEQYF,84,4,0
CSARRDVPWEQYF,84,4,0
CASSTGLAGGNYNEQFF,40,0,0
CASSLPSQPQHF,68,1,4
CSARDRGGSTNEKLFF,60,0,4
CSASRGNSYNEQFF,60,0,4
CASDRGGSRGTEAFF,60,0,4
CASSFGLAGGYNEQFF,40,0,0
CASSQGIGSGSIF,103,0,3
CASSSPETGSGYTF,103,0,3
CASGGGQNTIYF,111,3,4
CASSSYRGQNTGELFF,111,3,4
CATSHTDTQYF,68,1,1
CSARDYRDTQYF,68,1,1
CASNLLWGRPQHF,84,4,0
CASSLDGGTGYTGELFF,17,0,2
CASLDTGTGHNEQFF,17,0,2
CSARDGGTGTYEQYF,17,0,2
CASSDPTSGAYNEQFF,74,4,2
CSARPSTSGAYNEQFF,74,4,2
CASSLSRREAFF,25,0,0
CASSLAGTAELGMYGYTF,114,3,1
CSARGTDKNIQYF,122,3,4
CASSFRNNSPLHF,72,0,0
CSASFRKNQPQHF,72,0,2
CASSSQDRPHTEAFF,25,0,0
CASSQDRRQTQYF,25,0,0
CASSQDRQVGLFF,25,0,0
CASSPSGQGIVEQYF,46,0,4
CASSQGTEGAWNTEAFF,64,2,3
CASSSYTTVNTGELFF,70,3,1
CASSRTGPGTGELFF,70,3,1
CASSYARGRDYGYTF,103,0,3
CASLGQGRQPQHF,75,0,2
CASSGGQGNQPQHF,75,0,2
CASSLTDTNQPQHF,75,0,2
CASSSGDGNQPQHF,75,0,2
CATSRASTAYGYTF,78,2,0
CASSRGDRAYGYTF,78,2,0
CASSSKGQAHYGYTF,124,0,4
CASSRGQADTQYF,124,0,4
CSAYAGGTDTQYF,113,0,3
CSVKVTGTDTQYF,113,0,3
CASLEAAPEDTQYF,113,0,3
CSVSSGDQPQHF,68,1,1
CATVSPGLINNEQFF,28,0,4
CASSLVPPGLFLYTDTQYF,28,0,4
CASSLATGQGAPQETQYF,54,2,2
CASNQLAGGETQYF,89,0,3
CSARGLAGGETQYF,89,0,3
CATRQLATNEKLFF,89,0,3
CSVEHRAGKLFF,128,0,3
CASSFSGSADTQYF,124,0,4
CSANNNGAEAFF,93,0,3
CSATGTNTEAFF,93,0,3
CSAVGPGNTYNEQFF,37,0,3
CSARVGGGKTYYEQYF,37,0,3
CASRVDRVDEAFF,121,2,3
CASSGPDRGDEQYF,121,2,3
CASSPPQGAADTQYF,25,0,0
CASSPQGNEQFF,25,0,0
CASSLGWGGVSNEKLFF,11,0,3
CASSYQPEGMRPPEAFF,114,3,2
CATGRGERTEAFF,114,3,1
CASSQVLAVQPQHF,49,0,2
CASSQELAGQPQHF,49,0,2
CAWSFAARGVGYTF,38,0,4
CTSVRASGANVLTF,64,2,3
CSARTSGANVLTF,64,2,3
CASSNQAYNEQFF,110,0,4
CASQRQLNTEAFF,78,2,0
CASSSPGQLRGQPQHF,78,2,0
CASSQESSGPITDTQYF,30,4,0
CASSWIRTGQLNEQYF,118,3,2
CSVEGFRRGDAYEQYF,118,3,2
CASSKTGTGVLNEQFF,118,3,2
CASSFRPGGVGQPQHF,40,0,0
CASSIGPGGKGPEAFF,40,0,0
CSANRPDLNEQFF,83,4,1
CASSDRAGGLDTQYF,112,3,1
CSARGSNQPQHF,54,2,0
CSVGPDYGYTF,77,0,4
CAWGQGNQPQHF,60,0,1
CASSYQLAGLTDTQYF,126,1,1
CASSKEDLAGLISYNEQFF,126,1,1
CASRQGLGAMDTQYF,126,1,1
CASSYGQAILTSEQYF,126,1,1
CAWSGLGGNEQFF,29,4,0
CSARQGGTEAFF,93,0,1
CSARQGNTEAFF,93,0,3
CAIRDEGTEAFF,93,0,1
CASSYDSTAVTEAFF,30,4,0
CASSHKASGRVPYNEQFF,127,0,3
CASSKTSGRAQTGELFF,127,0,3
CASSQPLAGGNEQFF,76,3,2
CASSQGLAGGGEQFF,76,3,2
CASSYSIGGSSYEQYF,53,4,0
CASSYSYRGSSYEQYF,53,4,0
CSAISGGGDSGPQHF,53,4,0
CSARGTSGGWQETQYF,85,0,3
CASGTSGGADETQYF,85,0,3
CASTRTSGYRQETQYF,85,0,3
CASSPPTGTPAFF,95,4,2
CASSQPTGIGYTF,95,4,2
CASSQEWPGEKLFF,46,0,4
CASSPRVANTGELFF,112,3,4
CASSPNRGRSDTQYF,55,2,2
CASSPEKGKSPLHF,55,2,2
CASRRDRVREQYF,84,4,0
CASRIDRVGYTF,84,4,0
CASRRDEVGGYTF,84,4,0
CASNREGFVYGYTF,114,3,1
CASSLDRALSGNTIYF,15,4,1
CASSQDRALPYNTIYF,15,4,1
CASSWDRSLSGNTIYF,15,4,1
CASSPEVYGYTF,46,0,4
CASSRLAEFTDTQYF,90,0,1
CASRLKAGEQFF,69,0,2
CASRTAAYEQYF,69,0,2
CSVRLAANEQFF,69,0,2
CASSRGTSGINYNEQFF,96,2,3
CASSYGGGRGMNTEAFF,114,3,1
CASSQARDYKNIQYF,70,3,4
CASSQDLRDYTGELFF,70,3,4
CASSGLAGEEQFF,112,3,1
CASSWGQGYGYTF,77,0,2
CASSSPSQGYGYTF,77,0,2
CASSESETGELFF,74,4,2
CSASIPNTGELFF,74,4,2
CASGTSGGTDTQYF,85,0,3
CAWGTSGFLDTQYF,85,0,3
CASSSGLNEQYF,120,1,0
CASSGLNEQFF,120,1,0
CASSSRLGAQYF,120,1,0
CASRRTGTMNTEAFF,42,3,1
CASSPLPTSNQETQYF,134,0,3
CSALPGSNQPQHF,134,0,3
CASSDGGETDTQYF,109,0,1
CASSLLRTAGYTF,20,0,0
CASSTPRTAGYTF,20,0,0
CASSPLREAAFF,20,0,0
CASSQSELRTSGSEQFF,20,0,0
CASSLSSSYNEQFF,128,0,4
CASSQDPSYNEQFF,128,0,4
CASSLDDSGYEQYF,128,0,4
CSAQSDSYNEQFF,128,0,4
CASSTMREVAAFF,65,0,3
CASSFWEEELFF,65,0,4
CASSQEHSYNEQFF,128,0,4
CASSQDQDIHEQFF,128,0,4
CASSFLSAGQETQYF,121,2,3
CATSDFADRGQETQYF,121,2,3
CASSFDRTGGNQPQHF,14,1,1
CASSLIPRGTGASNEKLFF,14,1,1
CASSSRGLRGNTIYF,46,0,0
CASSLEDGVTGAEQFF,81,0,4
CSARKGQGSVNTEAFF,85,0,0
CASIRRQGLAKNIQYF,85,0,0
CASSLGQRVLDTQYF,91,0,1
CSVGLGQGAADTQYF,91,0,1
CASSRGLAGGPYNEQFF,40,0,0
CASSTGPAGTGYEQYF,40,0,0
CASSGGLAAGNTGELFF,40,0,0
CSARTGLAATIYEQYF,40,0,0
CSARWLAGGFYEQYF,40,0,0
CSVEGGASGLLMNTEAFF,52,4,2
CSARYPSGDLYNEQFF,52,4,2
CASSFTGVRSEAFF,109,0,1
CASSTGTIRSEKLFF,109,0,1
CSASKGGSRSEQYF,109,0,1
CASSQTGGLRSNQPQHF,109,0,1
CASRGTGIAGELFF,92,3,1
CSARGGGNTGELFF,92,3,1
CASSFGTGVAGANVLTF,92,3,1
CASSRYRGEANEKLFF,92,3,1
CASREGPMAGELFF,92,3,1
CASSPGGFNQPQHF,119,0,0
CASSPTGFGQPQHF,119,0,0
CASQPGGYNSPLHF,119,0,0
CASSFPGGPLFF,75,0,2
CASSGDGTPLHF,75,0,2
CASSPPGDRGYNEQFF,97,4,0
CASRDYRGQVGYTF,27,4,2
CASSVGVAGRGYNEQFF,60,0,1
CASSQPGSRDSGANVLTF,106,3,4
CAWSAGSLSSGANVLTF,106,3,4
CSARDPFLYEQYF,85,0,3
CASSPHTSGGYNEQFF,74,4,2
CASSQGVYEQFF,125,1,0
CASSQGSYEQYF,125,1,0
CASSRDRDSGYTF,72,0,0
CASSWDRGYEQYF,74,4,4
CASSWDRTYEQYF,74,4,4
CASSWDRGKTQYF,74,4,4
CASSLGGSGAGNNEQFF,56,4,2
CAWSVYGLGAGANVLTF,56,4,2
CASSWNPQGARETQYF,56,4,2
CSAGHRKNTEAFF,63,3,2
CSALQGINQPQHF,49,0,2
CSVAQGVTQPQHF,49,0,2
CASIQPGFNQPQHF,49,0,2
CASSFAQYTEAFF,28,0,4
CASRGLLNTEAFF,79,3,2
CASGRDLNTEAFF,79,3,2
CASGGTEETQYF,33,3,4
CSVGIGKETQYF,33,3,4
CASGTVQETQYF,33,3,4
CATSRGDTNTEAFF,84,4,0
CASRGQMNTEAFF,84,4,0
CASSPKKESEQYF,49,0,2
CASSWGGRIDNEQFF,98,0,1
CASSRLKDQPQHF,72,0,0
CASSLSVRNQPQHF,129,0,3
CASSLSSRNQPQHF,129,0,3
CASSVGIAGGGGDEQFF,37,0,3
CASGGVNTEAFF,93,0,3
CSVDVNYEQYF,25,0,0
CASSSLNYEQYF,25,0,0
CASRQKTGAGYTF,87,0,4
CATSSGRLQPQHF,68,1,1
CATSSIRDAPPFF,68,1,1
CAISDDRSSPLHF,68,1,1
CASSETGGTAKNIQYF,42,3,4
CAWGEYGGRAEGEQFF,42,3,4
CASSLVRGLAATDTQYF,116,2,0
CASSLVRGAGANVLTF,116,2,0
CASSLGGGLLAFYEQYF,116,2,0
CASSLTTSGVGELFF,111,3,4
CASSLEISREGTQYF,111,3,4
CSARDMGTGGSQPQHF,119,0,0
CASSLAQGEVDYEQYF,66,0,0
CASSLRQREASYEQYF,66,0,0
CASSLFGSNQPQHF,134,0,3
CASSLARSNQPQHF,134,0,3
CASSLKYSNQPQHF,134,0,3
CASSFGGSNQPQHF,134,0,3
CSARDPGLSTDTQYF,24,1,3
CASRDPGAKGSYTF,24,1,3
CSARDPWASGNEQFF,24,1,3
CSATRPVTSTDTQYF,43,1,1
CASRAPGTAVSPLHF,43,1,1
CASSDRVTDTQYF,108,0,3
CSARDSQRGISYEQYF,108,0,3
CASSFHGGRSDTQYF,55,2,2
CASSLEHGGKSHEQYF,55,2,2
CASSSEAARTGYTF,46,0,0
CASSPSEGVYTGELFF,46,0,0
CASSYREYEQYF,123,0,0
CASRTTGLTNEKLFF,92,3,1
CATTGRTNTEAFF,92,3,1
CSARVYITYNEQFF,92,3,1
CATEMGGWYNEQFF,92,3,1
CASSPGRVEETQYF,4,4,1
CASSPRRSEETQYF,4,4,1
CATSDSGPAQPQHF,104,0,3
CASSSGQHQPQHF,104,0,3
CASSQATAGTAYGYTF,116,2,0
CASSSHTTAGGAYDEQFF,116,2,0
CASSQSRAGGAYNEQFF,116,2,0
CATVVRGTDTQYF,113,0,3
CSARVSGRTDTQYF,113,0,3
CATTNGTGGEQYF,92,3,2
CSAGTRGRGGEQYF,92,3,2
CASSPARSNQPQHF,134,0,3
CASSLDKSNQPQHF,134,0,3
CASSLGFMGLGQPQHF,126,1,1
CASILRGTGLGSHEAFF,126,1,1
CATSREPGIYGYTF,78,2,0
CASRRQGIYGYTF,78,2,0
CASSSQGRETQYF,95,4,2
CASSSGRTSGANVLTF,122,3,4
CASSLRESGANVLTF,111,3,4
CSARDPGGSGANVLTF,111,3,4
CASSGTGMGQPQHF,119,0,0
CASSYGLAGVGVQETQYF,8,3,1
CATREREFSWEQYF,43,1,3
CVCRRREPSYEQYF,43,1,3
CASSKRAATGELFF,79,3,4
CASRGQTETQYF,54,2,2
CASRGQGEKPQHF,78,2,0
CSVEVGQGGYEQYF,56,4,2
CASSLGLANTDTQYF,79,3,4
CASSSFGLANTDTQYF,79,3,4
CASSPQEGPNTGELFF,46,0,0
CASMLGLNSPLHF,119,0,0
CASSLELGLMDQPQHF,119,0,0
CAISRRDRGPQTYEQYF,85,0,3
CASRRDRAQETQYF,85,0,3
CASSTQRDRYEQYF,62,0,4
CASSYSTDNYEQYF,62,0,4
CASSNRESGNTIYF,111,3,4
CASRHYQPQHF,68,1,1
CASNAQGGIPPDTQYF,68,1,1
CASSLRLPPNTGELFF,40,0,2
CSANRDLGNYGYTF,40,0,2
CATSREQGEAYEQYF,84,4,0
CASTVSGTDSYEQYF,127,0,3
CASSLSFVSTLQSGANVLTF,127,0,3
CASSQASPRDSYNEQFF,127,0,3
CASSYDFDGRGEQYF,62,0,4
CASSQGAGSAAKNIQYF,122,3,2
CASSPGTGSLAKNIQYF,122,3,4
CSAIGQGLTSLSGANVLTF,122,3,2
CASSLVDVEQFF,125,1,0
CASSLLSIEQFF,125,1,0
CASLSGTEQFF,120,1,4
CASSLGDRGANVLTF,71,2,3
CSGRAGTEAFF,93,0,3
CASGRMGGEQYF,93,0,3
CASSVRQSIGEQYF,105,3,4
CASVGLTSGYEQYF,128,0,3
CASSRGLSYNEQFF,60,0,4
CASSSGGAYTDTQYF,39,0,0
CASSAGRSITGELFF,82,3,4
CASSYTLGTGGGGSYEQYF,37,0,3
CASSPREGVSPLHF,72,0,2
CASARAGQGGYEQYF,66,0,4
CSARVGSTYTQYF,66,0,4
CASSLGHRARQTVNTGELFF,66,0,4
CASSRGQGAKGYTF,78,2,0
CASSRGQGFNGYTF,78,2,0
CASSPRGQGAFGELFF,78,2,0
CASSTGETQYF,31,1,0
CSASSTGETQYF,31,1,0
CASSFGQRGNIQYF,44,3,3
CASSFGQRGYNEQFF,44,3,3
CASSRKSPGLAGNSYEQYF,28,0,2
CASQTGGLLSEAFF,109,0,1
CASSSTGGALSREQYF,109,0,1
CASSYGQATQYF,125,1,1
CASSGTQETQYF,125,1,1
CASSFKPDRGIGNTEAFF,27,4,2
CASGPLRAERNEQFF,27,4,2
CASSYADRLGGELFF,84,4,0
CASSLETGSTQYF,103,0,3
CSVVGDNTGELFF,78,2,0
CASSFGLAGKKNEQFF,40,0,0
CSAGQGAMNTEAFF,101,0,1
CASGSPRGAQETQYF,101,0,4
CASSYSRGGAQETQYF,101,0,1
CAWSVRGAQPQHF,101,0,4
CASRSADYGYTF,44,3,0
CASSQGSAPRTRDEQFF,44,3,0
CASSLEFYEQYF,120,1,0
CASSPISFRVGYQPQHF,81,0,4
CASSSRPGNQPQHF,75,0,2
CASSLGQPTDTQYF,71,2,3
CASSQGQGRDTEAFF,71,2,3
CASSLDAGANTDTQYF,69,0,2
CSARKGQGIEAFF,62,0,4
CASSEAPYGGIYEQYF,37,0,3
CASSMAGTGGTYGYTF,37,0,3
CASSLQPKETQYF,25,0,0
CASSSGQPKETQYF,25,0,0
CASSLQVRETQYF,25,0,0
CASSSPSRGKYEQYF,95,4,2
CASSSGLAGAEQFF,112,3,1
CASSSSKGYEQYF,86,0,4
CASSSDRKNIQYF,86,0,4
CASSRGVDDSPLHF,104,0,3
CASSLGAGGRQGETQYF,85,0,3
CSVGAGKRDTQYF,85,0,3
CASTTIPGTGPNTEAFF,114,3,1
CASSLGPRTGRTGELFF,114,3,1
CASSFGDREGNTEAFF,114,3,1
CASSVGPTGEDEQFF,58,3,4
CASSQVGQTGVDSPLHF,58,3,4
CASSPSGGLAENEQFF,28,0,2
CASSESPGLAENEQFF,28,0,2
CASSATGTATNEKLFF,92,3,1
CASSDLTSGTDTQYF,120,1,0
CASSVTSGEQFF,120,1,0
CASSPDAGSFLDEQYF,120,1,0
CSAPPAASGKDTQYF,120,1,0
CASSQDLGSGPYNEQFF,105,3,4
CATSRGGGRQPQHF,119,0,0
CASSLGQGTGMGNQPQHF,27,4,2
CASSAAPGGGTSGNTIYF,55,2,3
CASSSKTGRYSGNTIYF,55,2,3
CASSLETTGTGRNTIYF,37,0,3
CASSFETPGTGGGTQYF,37,0,3
CASSVAPKGGLASTDTQYF,14,1,1
CASSLRLAGGPMNTQYF,89,0,4
CASSLFRLAGGPGEETQYF,89,0,4
CSVFESAGANTEAFF,87,0,4
CASSFRSTGTNYGYTF,87,0,4
CASSTGTHWETQYF,122,3,4
CATSIRTSWETQYF,122,3,4
CASSPTSGAPYEQYF,131,2,2
CASRRTGNTGELFF,118,3,1
CSARRTSGTGEQYF,42,3,1
CSLSSSMDRPGVLGYTF,97,4,0
CASSSTDRAGTQYF,97,4,0
CASSIRATTDTQYF,113,0,3
CASSIEGWTDTQYF,113,0,3
CSASPGTGEAFF,133,1,2
CASSNTGELFF,133,1,2
CASSGDRGNQPQHF,13,4,1
CAISGDMGNQPQHF,13,4,1
CATGDRGNQPQHF,13,4,1
CASGLRVNQPQHF,13,4,1
CSANLGTVASYEQYF,8,3,1
CASFVNGGLSGELFF,8,3,1
CASSSDPPEGLGSPLHF,95,4,2
CAAGSGTGHGYTF,114,3,1
CASVGSRHEQYF,69,0,2
CSAGSINEQFF,69,0,2
CATSRGQGGYGYTF,78,2,0
CASSPDGKEQYF,25,0,0
CASSPLGYEQYF,25,0,0
CSASPQNNEQFF,25,0,0
CASSLGQELFF,133,1,0
CASSLGAEAFF,133,1,0
CSARTYTDTQYF,68,1,1
CASSLGSGPLGLNEQFF,13,4,3
CASSLGSFVAGADTQYF,13,4,3
CASSLEDHGTGELFF,76,3,1
CSVDGPVQGYGYTF,76,3,1
CSAIIGAGVAQETQYF,113,0,3
CASSVGLGLADNEQFF,113,0,3
CASSISWQGGEQFF,63,3,2
CSANSMSWARWETQYF,63,3,2
CASSQDYVEDSVANEKLFF,11,0,3
CASSPYVLDSSTDTQYF,11,0,3
CASSVSSNKDTEAFF,108,0,3
CASSRRGGLGYTF,109,0,1
CASRDSQVTGELFF,114,3,1
CAIRNSGRTGELFF,114,3,2
CSVEIPKTRYEQYF,114,3,1
CASSPSYNEQFF,25,0,0
CASSRQTYNQPQHF,13,4,1
CAIGVAGGEQFF,90,0,1
CASSQFEAGGEDEQYF,90,0,1
CAIMDGGKQYF,90,0,1
CASSTLRAESPGYTF,13,4,1
CSAAGTSVNTQYF,111,3,4
CASSLAGTDLFGNTIYF,111,3,4
CSARGIGTSANTGELFF,111,3,4
CASSLGKKRAPQHF,75,0,2
CASSFDGVQPQHF,75,0,2
CASSSQGNYGYTF,4,4,1
CASGGATGEKLFF,69,0,2
CSARFTGDQPQHF,55,2,3
CSARNTGNSPLHF,55,2,3
CSAMRGGISQPQHF,55,2,3
CSARDSGGTNYGYTF,114,3,2
CASRSSPTGIYEQYF,114,3,2
CASSPRLRVIQETQYF,82,3,4
CASSPGLAVYQETQYF,82,3,4
CASQTGANTGELFF,92,3,1
CASRTGANTGELFF,92,3,1
CASSPDRQGEKLFF,66,0,1
CASSHPANPWLANEKLFF,111,3,4
CASSPLYPSVAGELFF,111,3,4
CASSLVAPNSPLHF,72,0,2
CASSLSSANEKLFF,25,0,1
CSASSLNEQFF,25,0,1
CATSASDRGGTEAFF,32,4,2
CSALIRSGSSYNEQFF,52,4,2
CASRESGSSYNEQFF,52,4,2
CASSMTSASSYNEQFF,52,4,2
CASSLRSTIPNEQFF,115,2,3
CSVRDRWAEQYF,21,4,1
CASPPGRGGGTDTQYF,33,3,4
CASSLRTSGTDTQYF,58,3,0
CAGGNLRIGNYGYTF,40,0,0
CAWSVGYLGLGRYTEAFF,40,0,0
CAWSVAMVSTNTEAFF,111,3,4
CASSVAPTSGGTDTQYF,111,3,4
CSVNKNRGKRQETQYF,10,3,2
CASSFGQGDLSPLHF,53,4,0
CSADRERVGYGYTF,70,3,1
CSAVLRDTKYEQYF,42,3,4
CSALRQMNTEAFF,42,3,4
CASSPRQTLAKNIQYF,85,0,0
CASSRDRTYGYTF,74,4,4
CSVSRGTNEKLFF,51,0,4
CAISEVGTEAFF,51,0,4
CASSYGPKGYNEQFF,44,3,3
CASSFPQETQYF,125,1,1
CASSLSSETQYF,125,1,1
CASSLDTYRTANIQYF,17,0,2
CATSDSHSNEQFF,29,4,0
CATSDPDPNTQYF,29,4,0
CRALKQMNTEAFF,42,3,4
CASSSGGSKYNEQFF,70,3,4
CASSFGSNYGYTF,70,3,4
CASSFQASPKLSGANVLTF,127,0,3
CSATRSGGYEQYF,42,3,4
CASSLARDRTTNEKLFF,42,3,4
CSAVRDGGELFF,42,3,4
CASSPMGSGALQETQYF,91,0,1
CASSLAPRYSGGYTF,103,0,3
CASSLPVRGSGYTF,103,0,3
CASSFRPRQSTEAFF,53,4,0
CASSLTRAGGANVLTF,116,2,0
CAGSHPSFRADSNQPQHF,53,4,0
CASSLDIPPSSYNEQFF,53,4,0
CSATRGGGISEKLFF,92,3,1
CASRGWKGTEQETQYF,92,3,1
CASSSSNQPQHF,25,0,0
CASSFGQKNEKLFF,115,2,3
CASSPGQRGEPQHF,115,2,3
CASCQDGDRGGEAFF,46,0,0
CASRRDGNYGYTF,78,2,0
CSASRRPIMNTEAFF,78,2,0
CASSLRSGIRDEQFF,74,4,2
CASRPDGYWNTGELFF,76,3,1
CASSTGSQDTQYF,117,0,3
CASSSTGSTDTQYF,117,0,3
CASSPRGSQDQPQHF,117,0,3
CSATSTGREREQYF,93,0,3
CATSTGRTEAFF,93,0,3
CASSQEGSGGRDTQYF,74,4,2
CSVDPFSGRTDTQYF,74,4,2
CASSHAGQGVRPYEQYF,56,4,0
CASRALPGQGCKPSYEQYF,56,4,2
CSASGTSGRFRETQYF,114,3,2
CSVGTSGRTGELFF,114,3,2
CSVETGGVDGYTF,96,2,3
CASSLETGGYSYEQYF,96,2,3
CASSFGESNEKLFF,69,0,4
CASGDRGCFF,74,4,4
CASRVDRNTGELFF,114,3,1
CASGQLPYEQYF,21,4,0
CASSTGRGNQPQHF,119,0,0
CASSPGQYEQYF,120,1,0
CASRDLGTGRGVASEQYF,67,3,1
CATSDPSVRNTGELFF,81,0,4
CASSLLLSGRAPYEQYF,96,2,3
CASSPNNDEDEQFF,109,0,1
CANLGQEKLFF,120,1,0
CSARSGQETQYF,120,1,0
CSAILGDRRQFF,120,1,0
CSAREGQARAFF,120,1,0
CASSYQNRVEQYF,29,4,0
CSARDSYLGRVGQPQHF,29,4,0
CASSRGLAGAETQYF,79,3,4
CASRGLLTGTFLF,79,3,4
CASSLRASRGLAGGSSYNEQFF,79,3,4
CASSPRGLAGGLNEQFF,79,3,4
CASNRPGNEQYF,69,0,2
CASNTQGYEQYF,69,0,2
CASGRSYNEQFF,69,0,2
CASSLRGGLVNQPQHF,43,1,1
CSARARTGEKADTQYF,60,0,4
CASSYRQGAGYTF,46,0,4
CASNTRSGGVHNEQFF,88,3,1
CASTRSGGAHGYTF,88,3,1
CSSAGLRAGDTQYF,113,0,3
CASSQGVAGTSGEQFF,26,0,4
CASSQTGQADTEAFF,124,0,4
CASRTGQADTQYF,124,0,4
CASSPIGHLENEKLFF,84,4,4
CSVTGQLNTEAFF,84,4,4
CASSFLGGAQADTQYF,123,0,2
CASSFLGFGGADTEAFF,123,0,4
CASSFGDNSPLHF,104,0,3
CASSYSRQQGGYTF,0,4,1
CASRSRQENGYTF,0,4,1
CASSWTSGRYYNEQFF,88,3,1
CAISEGQGREKLFF,115,2,3
CASRDPGQGRLNEQFF,115,2,3
CASRDSLTNYGYTF,4,4,1
CSASQETQYF,13,4,1
CASSPLDSGNTIYF,111,3,3
CASSPWDSGGTEAFF,111,3,3
CASSPISSGNTIYF,111,3,3
CATSEARTGGAPGELFF,67,3,1
CASSPRARNTGELFF,112,3,4
CASSPTRPGLATNTGELFF,85,0,0
CASSLNPSGGNEQFF,111,3,4
CASSVGPSGANVLTF,111,3,4
CASSLEPDRGTEQFF,111,3,4
CASSPNPPGTGANVLTF,41,0,4
CATSPSGNRIVNEQFF,102,0,4
CASSFVLVPRIQNNTEAFF,113,0,3
CASSTRTGGAFDSPLHF,126,1,1
CASSFGGYGENQPQHF,126,1,1
CASPGNLGRNTEAFF,99,3,4
CASSPGGAGFGTEAFF,99,3,4
CASSQGRVGRPTDEQYF,99,3,4
CASSKPVRAQPPNQYF,2,4,1
CASSLDRRETQYF,25,0,0
CATGRDRGNGETQYF,63,3,2
CASSRRAGRETQYF,99,3,4
CASTLWATAYRGKSPLHF,80,0,2
CASSDFPSQETQYF,94,4,4
CASRGAGIGGQPQHF,43,1,1
CSVSRGQREKLFF,51,0,4
CASLPGAKQETQYF,23,4,4
CASTPGLQQETQYF,23,4,4
CSAPKDTQETQYF,23,4,4
CASSQDYLAGGFYEQYF,110,0,4
CASSQDLQAGHTEAFF,110,0,4
CASSQDVFHEQYF,86,0,4
CASSLGQGDGYTF,117,0,3
CASSLGSTDTQYF,117,0,3
CASSPPGQGDRHTF,117,0,3
CASSLRLATAQINEQFF,103,0,3
CASSPGQGAAVQETQYF,21,4,1
CASSGTPGQVLLLAKNIQYF,21,4,1
CASSARDRGLYEQYF,71,2,3
CASSYSRGGRGETQYF,101,0,4
CASRAEGLGAYYGYTF,56,4,0
CSVCDRVPSEAFF,119,0,0
CSVGDRVNSPLHF,119,0,0
CASSWDGYEQYF,25,0,0
CASSKEGYEQYF,25,0,0
CASGAENYNYGYTF,37,0,1
CASSWGLGSDGDEQFF,106,3,2
CASSWGAGSPGDNEQFF,106,3,2
CASSSGQRQGAWETQYF,87,0,4
CASTDPQGVGYTF,87,0,4
CASSQGVRGKPQHF,115,2,3
CASSPGPTGVTEAFF,121,2,3
CATSLSPRETGVNQPQHF,121,2,3
CASSQDLYTDEAFF,49,0,2
CASSQDLEGSVQYF,49,0,2
CASRVTTGGFTEAFF,115,2,2
CASRPGTGGETQYF,115,2,2
CASSLWGRGGVEQETQYF,126,1,1
CASSYGRGGAWDTQYF,126,1,1
CSAPGLAGVRKSYEQYF,8,3,1
CASSGNRGRDIQYF,113,0,3
CASSQVQPKRGTGELFF,77,0,2
CASSLDSSGANVLTF,111,3,4
CASSPTSSGANVLTF,111,3,3
CASSGRAGETQYF,4,4,4
CASSFRLEPTQYF,4,4,4
CASSRVSGSSTDTQYF,52,4,2
CASSVGTGRASGANVLTF,22,4,3
CASRISGSSAGELFF,52,4,2
CASSLSFREAFF,25,0,0
CSVEDNLLAGRYNEQFF,79,3,1
CASSRIREQQYF,109,0,1
CASSAFDRTREDGLNEQYF,109,0,1
CASGDRGATNEKLFF,101,0,1
CASSGDRGAYNSPLHF,101,0,1
CASSRDRPLGNEKLFF,101,0,1
CSARGDQGPSPLHF,8,3,0
CASRGPGRDSPLHF,8,3,0
CASSSRLAGENIQYF,112,3,1
CASSSSRVAGTGELFF,112,3,1
CASSSGLAGHNEQFF,112,3,1
CASSFDEETEAFF,47,4,0
CASSLRGLAGAKGNEQFF,40,0,0
CASSQVIQLHTGELFF,78,2,0
CSVATAATEAFF,82,3,0
CASKGWAGELFF,82,3,4
CSASREPFGNQPQHF,92,3,1
CASSYLSGGAGEQFF,32,4,2
CASRPQGATGELFF,34,3,2
CASSQSVRTRGELFF,81,0,4
CASSARETALSGANVLTF,42,3,4
CASSPGGHLLAGANVLTF,42,3,4
CASSQDSGNQPQHF,129,0,3
CASSLSSGRVDTQYF,129,0,3
CSARGPGQEAFF,78,2,0
CSARGSTPEAFF,78,2,0
CASSLYNSNYGYTF,70,3,4
CSGSGTKSNYGYTF,70,3,4
CASRVDSYNEQFF,60,0,4
CASSRDSSYNEQFF,128,0,4
CASSLGQPTTGELFF,78,2,0
CATSQAGDPNYNEQFF,78,2,0
CATSRPGTSGRAGVGQETQYF,114,3,2
CSAGTSGATGTQYF,114,3,2
CSARDVGTSGRGGSYNEQFF,114,3,2
CASSFGTSGRRIGNEQFF,114,3,2
CASSGGLWAANTEAFF,40,0,0
CASSQERPGRGNYEQYF,37,0,3
CASSPTRQGGHEQYF,58,3,4
CASSYSRRLTGETQYF,101,0,1
CASSSGSTDTQYF,117,0,3
CSAREGTGLGYEQYF,118,3,2
CASSREPTGFGTGELFF,118,3,2
CASTTNRGAGYGYTF,118,3,2
CASSRGQAPYGYTF,78,2,0
CASSFGQLNYGYTF,78,2,0
CASSLGTSGVHTQYF,111,3,4
CASSSASGLHSSYEQYF,13,4,1
CASSFTRTGGTYEQYF,37,0,3
CASSAGLHRVGGELFF,4,4,1
CSAAKRLDRAGGNEQFF,4,4,1
CASSLGSKGGYEQYF,71,2,3
CATSIPAQETQYF,73,4,0
CASSGRRADTQYF,109,0,3
CASSPPAHTDTQYF,103,0,3
CASSLGPSRRGGTEAFF,26,0,4
CASSLGMDRVNEQYF,76,3,4
CASSNRAGEAFF,4,4,4
CASRSLTVKNTEAFF,130,3,4
CASRSAYANTGELFF,130,3,4
CASSLPGQYSYEQYF,77,0,2
CASSYLQTTPYF,28,0,4
CASSYQGLRAQTQYF,73,4,1
CASSPLIGSEQFF,49,0,2
CASSSLPRDEQFF,49,0,2
CASSQSWLEGQETQYF,49,0,2
CASSQLSNFEQYF,74,4,2
CASSQDSRTEAFF,74,4,2
CSALGQGKQPQHF,75,0,2
CSVGDFRHPF,75,0,2
CASSLVGQGAIGETQYF,56,4,2
CASSLAGQGITGELFF,56,4,2
CASSLVGDRAIRELFF,56,4,2
CASSLKSGQGVPYEQFF,81,0,4
CASSYSGVPSGELFF,124,0,4
CASSRVSGYTGELFF,84,4,0
CSVRTGEIGEQFF,118,3,1
CASGYEQYF,20,0,2
CASSKYEQYF,20,0,2
CASSLTGGKGNQPQHF,67,3,1
CASGTTGGIGNQPQHF,67,3,1
CASSVGGGRGVQETQYF,67,3,1
CASSLSPGGTQYF,110,0,4
CASSLSPGVKQYF,110,0,4
CASSLGGRQGSYTDTQYF,22,4,3
CASGTRDRSYNEQFF,22,4,3
CASSHTGDGYQPQHF,82,3,4
CASSIDPHASGTDTQYF,24,1,3
CASSQDQQGRQPQHF,86,0,4
CASGFGGRKNTEAFF,42,3,1
CASSLGGGGNFNYNEQFF,42,3,1
CASLTTSGRNEQFF,42,3,4
CSVGRSGTNEQYF,42,3,4
CASSQDVRETQYF,25,0,0
CASSGTGGAPGNTIYF,22,4,3
CSVERRLNTEAFF,79,3,2
CASTPGQARIF,20,0,0
CSARGLAEERTGELFF,8,3,1
CASRGETGQPQHF,119,0,0
CASSGGTGGQDTQYF,119,0,0
CASSRGPSENEQFF,60,0,4
CASRGSSANEQFF,60,0,4
CASSFRSAYNEQFF,78,2,3
CASSPKRSLKGETQYF,78,2,3
CASSLAPEADDTGELFF,53,4,0
CASSVSLTGSNEQFF,103,0,3
CSARDLGRFYGYTF,114,3,2
CASSEDEGRFYNEQFF,114,3,2
CASSKDSYHEKLFF,128,0,1
CASSRDSSNEKLFF,128,0,3
CSVEIRGTEAFF,93,0,3
CSAKPPWDRGFSSYEQYF,13,4,1
CASSDDREASPLHF,13,4,1
CSVGDRANYGYTF,63,3,2
CSVGSHLNTEAFF,63,3,2
CASTTAQVGTQYF,107,3,4
CASSYRLDLYNEQFF,107,3,4
CASSPRGLEGRGYNEQFF,60,0,1
CASSKHTSGQETQYF,134,0,3
CSVSYRTSGQEQFF,134,0,3
CASGAGLANNEQFF,92,3,1
CASRLGLAGNEQFF,92,3,1
CSGAGQEYNEQFF,92,3,1
CAISGGRDEQYF,100,1,3
CASSLGSAGGMNTEAFF,114,3,1
CASSSGAFEGFDEQFF,51,0,4
CASMLQLGVHQPQHF,68,1,0
CSARRLQGGTEAFF,115,2,2
CASRRSSGGNEQFF,115,2,2
CASSRRGQGGTGELFF,115,2,2
CASSKRASGGAETQYF,115,2,2
CASSPQGGSRIYEQYF,82,3,4
CASSRQVRTEAFF,47,4,0
CASSGQENRAFF,47,4,0
CASSEESGGANEQFF,84,4,0
CASSQYSGGANEQFF,84,4,0
CASSEISTGKNEQFF,84,4,0
CASSKGQRGVSYEQYF,55,2,2
CASSVGGLAGGLYTDTQYF,89,0,3
CASSQRERGPYEQYF,121,2,3
CSARDGRGGDEQFF,22,4,3
CASRWTEETQYF,33,3,4
CASSLRAAYLSYEQYF,103,0,3
CASSFVSNYGYTF,70,3,4
CASSFKLNYGYTF,70,3,4
CASSSRRDNYGYTF,70,3,4
CASSARAQGSTEAFF,111,3,4
CASSLYAQRETQYF,111,3,4
CASSDMAGGDTQYF,71,2,3
CSARDSGAGGDNEQFF,71,2,3
CASSQEEYTDTQYF,71,2,3
CASSLDGAGTSYGYTF,71,2,3
CASSQELAGGPSDTQYF,90,0,1
CASSQGLAGGPSNEQFF,90,0,1
CASSHFLAGGPDTQYF,90,0,1
CASSGEGSWHTQYF,124,0,4
CATSREGSTDTQYF,124,0,4
CASSPRGTETYNEQFF,114,3,1
CSARESGQGTEAFF,107,3,2
CAGRPGPYTEAFF,107,3,2
CASSPRIPGQGRVYEQYF,107,3,2
CASSFERRTDTQYF,113,0,3
CASRPGGREYF,30,4,3
CATSRDGGNEQFF,30,4,3
CATQGKLDSGNTIYF,106,3,4
CASSWQTGLSSGANVLTF,106,3,4
CASSVEAGRRPGELFF,96,2,3
CASSEERGRRSGELFF,96,2,3
CATSDSSIGSGGLNEQFF,125,1,0
CASKQNSYEQYF,21,4,1
CSARDGSYEQYF,21,4,1
CASRVGQGNTEAFF,30,4,0
CAIRAGQVNTEAFF,30,4,3
CASRPGQGYNEQFF,30,4,0
CASSSSTRETQYF,95,4,2
CASSKGPIRKRASLYYGYTF,10,3,3
CASSPGERELHAYEQYF,10,3,3
CASSAGSGGVGEQYF,116,2,3
CASSLAGSRGVGSEQYF,116,2,3
CASSQASRGQYF,125,1,0
CASSQVPPGARIKDSEAFF,41,0,4
CASSSREAGGDEQFF,112,3,1
CASITGQGYYEQYF,30,4,0
CAISGQINTEAFF,30,4,0
CASSRSPNYGYTF,74,4,2
CASSSFSVRTGELFF,74,4,2
CASRFSSGSWMEQYF,96,2,3
CASSLKAGTGSTEAFF,103,0,3
CASSLWPGTGDTEAFF,103,0,3
CATSAPAEGGTDTQYF,133,1,0
CASSEGGTQYF,133,1,0
CASRGRGLDTDTQYF,43,1,1
CATREGHILSTDTQYF,43,1,1
CSVTWGRLPTDTQYF,43,1,1
CASSHPSTGDEQYF,121,2,3
CASSPPYNEQFF,25,0,0
CASSLDGRAGLTGELFF,4,4,4
CSASREASEKLFF,123,0,4
CASRLESEQYF,123,0,4
CATSVDPTRSNEQFF,103,0,3
CSARDFDWTGSNEQYF,103,0,3
CSAPDPRGRTDTQYF,13,4,3
CASSPSWRTGTDTQYF,13,4,3
CASSAGTVGSPLHF,104,0,3
CSASLGTDNSPLHF,104,0,3
CSAGSDPDTQYF,68,1,1
CATSRVPPEANQPQHF,33,3,4
CASSPKGPTYQGGNTEAFF,21,4,1
CSAQRLDLQETQYF,84,4,0
CASRVDSQETQYF,84,4,0
CSAHRVQLRETQYF,84,4,0
CASSTWSGRARNEQFF,114,3,2
CASSGYSGRAGNEQFF,114,3,2
CASSIASWGRVTDTQYF,88,3,1
CAWRTGTYEQYF,10,3,3
CSARGGGNEQFF,10,3,3
CASTLPPGAPFF,87,0,2
CATSRDPPGARGYTF,87,0,2
CASSLAYEMGGETQYF,112,3,1
CSALAREMGTDTQYF,112,3,1
CASSLAGEMGAGELFF,112,3,1
CASSRTGQGGPEAFF,82,3,4
CASSMRRDGNQPQHF,82,3,4
CASSSKTGQGDQETQYF,82,3,4
CASSRGTGDGNQPQHF,82,3,4
CASSQGSNEQFF,125,1,0
CSADQGSNEQFF,125,1,0
CASSLPQFNQPQHF,129,0,3
CASSVSQTNQPQHF,129,0,3
CASSIVSGNQPQHF,75,0,2
CSASGGSGNQPQHF,75,0,2
CSASRQSGNQPQHF,75,0,2
CASSFASGRPSEQYF,75,0,2
CASSTRGGIRGNEQFF,118,3,1
CASSLAINSPLHF,49,0,2
CASQPAANQPQHF,49,0,2
CASSDSSAVALSSYNEQFF,49,0,2
CASSLTGEGGFYGYTF,64,2,3
CSVRDRGYYNEQFF,17,0,2
CSARDRGENYEQYF,17,0,2
CSAWDRVTYNEQFF,17,0,2
CSARSQTGHNSPLHF,114,3,2
CSARSLGGIYSPLHF,114,3,2
CAWRQSTTTNSPLHF,114,3,2
CASSQESLVGLYNEQFF,70,3,2
CASSVAGQSSGANVLTF,106,3,4
CASSQEIGKSSGANVLTF,106,3,4
CAWNRPGQGNEKLFF,107,3,2
CASSPEVDRGEKLFF,111,3,4
CASSPPLDRGYGYTF,111,3,2
CSAPTGIGETQYF,115,2,2
CSAPGTAGETQYF,115,2,2
CASSQVASGLSDTQYF,96,2,3
CASKPLGQMMNNSPLHF,47,4,0
CASSLLGQEINYGYTF,47,4,0
CASSERPIDEQYF,108,0,3
CASSSKREMDEQFF,108,0,3
CASSFPGNQPQHF,75,0,2
CASSFPPNQPQHF,75,0,2
CASRPGLAGNEQFF,92,3,3
CSARVGLAHYEQYF,92,3,1
CSARAKKAGLAGGATGETQYF,92,3,0
CSALGLAGPEQFF,92,3,1
CSARVGLNTGELFF,92,3,1
CSVGLRGTDTQYF,113,0,3
CASWGARGTDTQYF,113,0,3
CAWSVGLTRGSYEQYF,113,0,3
CSATVGVRTKDQPQHF,113,0,3
CASSQDQGQGANQPQHF,77,0,2
CASSPGQRARLFF,77,0,2
CATSSAFQPQHF,68,1,3
CASSFGQTVTLNTEAFF,34,3,2
CSVVGELETQYF,14,1,1
CASSPRDKNYGYTF,78,2,0
CASSPGQTQPQHF,104,0,3
CASSNDLGGYTF,110,0,4
CASRDQGVRYNEQFF,114,3,2
CASSRGETGTYEQYF,37,0,0
CSASRGETGANVLTF,37,0,0
CASSRRGAGLQETQYF,54,2,2
CASSWDLQETQYF,94,4,4
CASSPDSQETQYF,94,4,4
CASSRYRGTDTEAFF,113,0,3
CSARDNGRGGDTEAFF,113,0,3
CASSYRRGGDTEAFF,113,0,3
CASSPGGRGADYEQYF,113,0,1
CASSPRDRGYSNQPQHF,108,0,4
CASTSGGDQVGTEAFF,107,3,0
CASSLRAEQDINYGYTF,43,1,3
CASNTRRESSYNSPLHF,43,1,3
CASRMDRVRSNQPQHF,43,1,1
CASSYHSGGAGDTQYF,31,1,0
CASSPPSAGNYGYTF,95,4,2
CASSGWESRGNTIYF,70,3,2
CASSQGMTSGGANEQFF,70,3,1
CASRATGTGGKRGYTF,118,3,2
CASRTGTGGRNVLTF,118,3,2
CASTLEGTIGKNIQYF,118,3,2
CASSSTEMDRGTTEAFF,111,3,4
CASRGRGELGYGYTF,92,3,1
CASTDSGETQYF,63,3,4
CASSVDASPSTDTQYF,83,4,2
CASHSGSSSTDTQYF,83,4,2
CSARVETVAKNIQYF,67,3,1
CSAARLTGDVKNIQYF,67,3,1
CASSAQPGLAAYEQYF,28,0,4
CASNLAPPAAAYEQYF,28,0,4
CASSYFRIYAGTANTEAFF,10,3,2
CASSPDSGIRQPQHF,25,0,3
CASSPDDRYNQPQHF,25,0,0
CASSPQSLGNQPQHF,25,0,3
CASTNDRANKETQYF,34,3,2
CASSRRDRAGNNEQFF,34,3,2
CASSFRDRVVTGELFF,34,3,2
CASSQTGTGGPDTQYF,119,0,0
CSARDFGSGRAYEQYF,116,2,3
CASTQILGRPGYF,13,4,3
CASSTQLAGRSTGYF,13,4,3
CASTYSERTSGRDYNEQFF,58,3,0
CASSVNTDGVGEQYF,111,3,4
CASTGGSYEQYF,69,0,2
CASGKDRLAAYNEQFF,15,4,1
CASTTLGQGARTEAFF,56,4,2
CASSFSGQGARLNGYTF,56,4,2
CSARRVPRGGAKNIQYF,123,0,4
CASRDPRGGADTQYF,123,0,4
CASSGGFSGYEQYF,60,0,4
CASSGGQSGNEQFF,60,0,4
CATSRDRDNKNIQYF,63,3,2
CASSFQQGISYEQYF,108,0,1
CASSGSQGAQGYTF,108,0,1
CASSIGSYEQYF,125,1,0
CASSPTGQPNTGELFF,78,2,2
CSARDVGDPAGGYEQYF,78,2,0
CASSLHKRSSTDTQYF,43,1,1
CASSSPQLAGPNEQFF,110,0,4
CASSREPYEQYF,25,0,0
CASSLLDRKNYTF,74,4,2
CASSLDDRKAFF,74,4,2
CASSIGDANTGELFF,78,2,0
CASSQTDLNYGYTF,78,2,0
CASSYGTGRLNQPQHF,126,1,1
CATSTYTGRAGDEQFF,126,1,1
CASSLSEDRAGTEAFF,97,4,0
CASSWGPGRDSTEAFF,8,3,0
CATKDRDTEAFF,62,0,4
CASSDKVRDNVPDTQYF,62,0,4
CASSLGTSGSDQFF,104,0,3
CASSLILAGSDTQYF,104,0,0
CSGFQGGIQYF,69,0,2
CASSYGQANTEAFF,84,4,4
CSAKDPKDEKLFF,93,0,3
CSARDPKGEAFF,93,0,1
CAIKNLGSGNTIYF,85,0,0
CSAWRNLRQGKNTEAFF,85,0,0
CASRASLGSEGAGELFF,125,1,1
CASGLVSAGSFKAYEQYF,125,1,1
CASVFSETQYF,125,1,1
CASSLSRGSGGFSYEQYF,60,0,4
CASSLRGHGGRQPQHF,60,0,4
CSVEGTNYRGYTF,118,3,2
CASSQTSGSLRREQFF,85,0,0
CASRGSGSLKTQYF,85,0,0
CASRWGLEAFF,133,1,0
CASGMGREAFF,133,1,0
CSARATGQGNTEAFF,67,3,1
CASFPSGTSGIEGTDTQYF,84,4,0
CASSLIYISGSYNSPLHF,22,4,3
CASRPGLALNEQFF,92,3,3
CASMRQGALLGETQYF,92,3,3
CATNRGRGYEQYF,92,3,2
CAGGRGFTGELFF,92,3,1
CASSLESREQYF,120,1,0
CASSETSGLQYF,120,1,0
CASSHPATSGRRAYRETQYF,81,0,4
CSVGDGTYGYTF,81,0,4
CASSYSGRGRGWSNSPLHF,33,3,4
CASSVSWETPYEQYF,13,4,1
CASSERTSGTYNEQFF,84,4,0
CASRPGTGRNTEAFF,115,2,2
CSARPGTGTNQPQHF,115,2,2
CASSNPGFGYTGELFF,115,2,2
CASRPEIGKYNEQFF,115,2,2
CASSHTTSGGPSKETQYF,85,0,3
CASSRTSGGTSYEQYF,85,0,3
CASREIRGRGNTEAFF,118,3,2
CSVEGTGEGNTEAFF,118,3,2
CAWIKRRTNGYTF,118,3,2
CASSIETGLSSGANVLTF,106,3,4
CSALLPGRPRRADYEQYF,33,3,4
CSVKGTNEKLFF,93,0,3
CASSLRRAGDYGYTF,108,0,3
CASSRRQGDYTF,108,0,3
CSARPLRGAISYEQYF,108,0,3
CASSRRDQPQHF,31,1,3
CASISDQPQHF,31,1,3
CAWTKDRGREKLFF,63,3,2
CASSQEKGRPLHF,134,0,3
CASSQELGQPQHF,134,0,3
CASSPLTSGGSYEQYF,116,2,3
CSARDHPKVGGRDTQYF,79,3,1
CSVRDIRYEQYF,21,4,1
CSATGQLAQTYNEQFF,46,0,0
CASARQEMSSYNSPLHF,50,4,1
CSARDRPDSYEQYF,50,4,1
CASIWGPGQPQHF,134,0,3
CASSYQGPGQPQHF,134,0,3
CSAREGTGETQYF,82,3,4
CAIREGTGELFF,82,3,4
CASSGLPHHTQYF,112,3,3
CASSSGLLAETQYF,112,3,3
CSASGLPAHEQYF,112,3,3
CASTGGGTLIYEQYF,42,3,1
CSVYDTGGRLAAYNEQFF,42,3,1
CASSPGGRGILEIDGYTF,42,3,1
CASSLGGVGHGSPLHF,126,1,1
CASSLRRETANSPLHF,126,1,1
CASGGQNTEAFF,93,0,3
CASSGGVKKETQYF,93,0,3
CATTSGTNTGELFF,67,3,1
CSARPPGQGGYEQYF,67,3,1
CASRLTPQGPEAFF,67,3,1
CASSQDQGKLTF,74,4,2
CSAAGSANEKLFF,69,0,4
CASSFDPSQPQHF,75,0,2
CSARQDLNTEAFF,84,4,0
CASSYTPQGFYGYTF,38,0,4
CASSYGQRIYNEQFF,44,3,3
CASSSGASNTGELFF,70,3,4
CASSWTADNYGYTF,70,3,4
CASSLGVDIFGGAFF,70,3,4
CASSRAIKETQYF,112,3,3
CASSRLAGETQYF,112,3,3
CASSYEEKETQYF,112,3,3
CSAPDRETYEQYF,114,3,1
CAWSRAEAFF,51,0,1
CASSRTSGGHNEQFF,84,4,0
CASSKIIVPDTGELFF,0,4,3
CASSLSSWGPSGYTF,129,0,3
CASSTAPGQGNLYEQYF,107,3,2
CATTPGQGPAFF,107,3,2
CATAPIVTEAFF,107,3,2
CASSSPTDRAHEQYF,77,0,2
CASSLIGPMGGGNSPLHF,40,0,0
CASSPREVATGEKLFF,79,3,4
CASTRVRGASSYNEQFF,11,0,3
CASSYSPRGGSYNEQFF,49,0,2
CASRKTGADTGELFF,130,3,4
CASSMEVRLDYGYTF,113,0,3
CASLLLDTLGTDTQYF,13,4,3
CASSSYYLNTGELFF,70,3,4
CASSRTTGATGNEQFF,92,3,1
CSAKTTGPIYEQYF,92,3,1
CASSLFVGTSSLHF,75,0,2
CASSQFSGGSSEQFF,75,0,2
CASGSGRALREQYF,101,0,1
CSASRRVSNLNQPQHF,54,2,4
CASSLEVLAGGSTDTQYF,26,0,0
CSAREVPLRGPRNTIYF,26,0,0
CASSRDAGELFF,25,0,0
CASSPPAGELFF,25,0,0
CASSTEGAASSGANVLTF,106,3,4
CASSFLGKLGGETQYF,30,4,3
CASTLGQLNTEAFF,30,4,3
CASSIDQQHNQPQHF,86,0,4
CASTEFSGVRELFF,42,3,1
CASSRETSGWGETQYF,42,3,1
CSAAWEGTEIPYEQYF,118,3,2
CASSLTSQGIFYEQYF,35,3,1
CASTREMRLNYGYTF,1,4,0
CSARGGNNEQFF,10,3,3
CSARGNGREQYF,10,3,3
CSAFGKGNEQYF,10,3,3
CSTRTQGTSYF,5,4,0
CASSPTRTKKGHNEQFF,5,4,0
CSVEITSGGLFNTGELFF,27,4,2
CASRPTSGRIMRGTYTQYF,27,4,2
CASSRDGTDTQYF,108,0,3
CASSFPDTDTQYF,108,0,3
CASSQIETGSGELFF,109,0,1
CASTQQKSSGNTIYF,9,4,2
CATSTSDWSSGNTIYF,9,4,2
CASSLPATDTQYF,103,0,3
CASSQVTASGVTDTQYF,111,3,4
CASAANEKLFF,125,1,1
CASGLDEKLFF,125,1,1
CASSVEASGRLETQYF,96,2,3
CASSWVDGTDTQYF,103,0,3
CASSWTSGTDTQYF,103,0,3
CASSWSSGTDTQYF,103,0,3
CASSDSSGGANEQFF,32,4,2
CASSQDSSGRAGETQYF,32,4,2
CASSQDPSGGAVEQFF,32,4,2
CASSPDSSPGTNYGYTF,32,4,2
CASCQGTSYNEQFF,33,3,4
CASSPADEKLFF,125,1,1
CASRRDGAGPQHF,91,0,1
CATSTRQGRTDTQYF,91,0,1
CASSRRQGAVDGYTF,91,0,1
CASSRTARETQYF,112,3,3
CASGQNQGDEQYF,87,0,4
CASSPRGQPSTDTQYF,54,2,2
CASSGKGLASTDTQYF,54,2,1
CASSQEELSGTNRDEQFF,84,4,0
CASSYEPVSGGRGETQYF,84,4,0
CASSEGVSVGTRETQYF,84,4,0
CASTRQASQPQHF,94,4,4
CASTRSWDQPQHF,94,4,4
CASSPAGFDGYTF,103,0,3
CSARGWDRGRPNQPQHF,65,0,3
CSARDPGTGGNEQFF,17,0,2
CSARDFGTGGYEQYF,17,0,2
CSARDPGTGVFEAFF,17,0,2
CSARDPNGGTGELFF,17,0,2
CASSYDPREKGNQPQHF,17,0,2
CASSYRVGDTIYF,108,0,3
CASTPGWAGEAYEQYF,84,4,0
CASSQEGRVTTNEKLFF,37,0,4
CSAREPGVAGGELFF,118,3,2
CASRTGGGGANVLTF,118,3,2
CASSNKEGARVLPGEQFF,118,3,2
CASSDGTSGGNEQFF,105,3,4
CATSDITSGRGEQFF,105,3,4
CASSLPGTSGTNEQFF,105,3,4
CASSYQETQYF,125,1,1
CASSQEQKTQYF,125,1,1
CASSLGPNNSPLHF,134,0,2
CASSLGQANSPLHF,134,0,2
CASLAGRNNSPLHF,134,0,2
CASRTKRQGPNNYGYTF,56,4,0
CASSKGRQGPNGQPQHF,56,4,0
CSARTKRQAANYGYTF,56,4,0
CASRTSRGTARTDTQYF,27,4,2
CATSRGAERGQFF,27,4,2
CSARDWARDGNEQFF,27,4,2
CARGTGNYIQYF,92,3,1
CSARGAYNFGIQYF,92,3,1
CASSFVPKETQYF,25,0,0
CSADRGFTEAFF,93,0,3
CASGARTEAFF,93,0,3
CASKIVTEAFF,93,0,3
CAAQNGAGELFF,93,0,3
CSGGSNEQFF,71,2,3
CSARDRGSQETQYF,94,4,4
CSVTGGSYNEQFF,107,3,4
CATAGGGSYNEQFF,107,3,3
CASTNGGAIGELFF,118,3,1
CASSRDSMAANEKLFF,114,3,1
CAISRSSFQANYGYTF,114,3,1
CSARDSLILGEKLFF,114,3,1
CASSPRTPGVYEQYF,122,3,4
CASSPRTSGAYEQYF,122,3,4
CASSQQASMGTEAFF,20,0,2
CSAFGTSGYNEQFF,42,3,4
CSASSYNEQFF,25,0,1
CATLDSYNEQFF,25,0,0
CSARDPRGNKNIQYF,17,0,2
CASSSGRLAGVRSSYNEQFF,8,3,1
CASSEDRAYGYTF,74,4,4
CSAGGTSVGEQFF,107,3,4
CASSQGTGARTDTQYF,18,0,1
CASRIPDQETQYF,84,4,0
CASSLDMRDEQYF,25,0,0
CSAGGGATYNEQFF,33,3,4
CATNRATNTEAFF,92,3,1
CASSQAQAVDGYTF,25,0,0
CASSAQLGDTQYF,25,0,0
CSASRGLTGTTDTQYF,90,0,1
CASRGVAGGTDTQYF,90,0,1
CASSQALLQGTSRGTQYF,96,2,3
CASSAALDGTSYEQYF,96,2,3
CASSLHVQGFSTGELFF,96,2,3
CASTRGGNTGELFF,118,3,1
CASSLTVSGANVLTF,111,3,4
CASSLGTEAFF,133,1,0
CASSLGAEQYF,133,1,0
CASRTGITQPQHF,119,0,0
CASRTEINQPQHF,119,0,0
CSAPRTGRNQPQHF,119,0,0
CANRQEGLRTEAFF,17,0,2
CAIRDRGPNTEAFF,17,0,2
CSASGASGRELTDTQYF,127,0,3
CASSESQGYQPQHF,129,0,3
CATRDTRRVNTEAFF,17,0,2
CASSRRQGKGTDTQYF,34,3,2
CASSEGTPYNSPLHF,41,0,4
CASSLGGAGGYNEQFF,115,2,1
CASSTGGAGGYTDTQYF,115,2,1
CASRGLSDTQYF,54,2,2
CASSFQPVGNSPLHF,13,4,3
CATSDTLSEQYF,133,1,0
CATSSGLGEQYF,133,1,0
CASSRNLLTGRYEQYF,40,0,0
CASSLTGRTVTDTQYF,43,1,1
CSVPQGASGNTIYF,106,3,4
CATNLRPNDIQYF,113,0,3
CASPLGDPGVDGELFF,108,0,1
CASSSYTLAGAEETQYF,79,3,4
CASSFGLAGANEQFF,79,3,4
CASSPGTSPPDTQYF,104,0,3
CATSERTSPSDEQFF,104,0,3
CASNTGNEQFF,123,0,4
CASNRWNEQFF,123,0,4
CSARDNYRVNYGYTF,17,0,2
CASSPRTSGYNEQFF,122,3,4
CATSRRTDEAFF,14,1,2
CATSRNGVEQYF,14,1,2
CSARGDRMGVNQPQHF,14,1,1
CASSGDRAGAPSPLHF,14,1,2
CASINRGITGELFF,92,3,1
CASSILRQVSYQPQHF,43,1,1
CSATLRQVLNQPQHF,43,1,2
CSAQMDTNQPQHF,75,0,2
CASSPGTGPNTGELFF,37,0,3
CSVEGRGPYYGYTF,37,0,3
CASSPRSWETQYF,125,1,0
CASSPPQWETQYF,125,1,0
CATLFPRQGVNEQFF,66,0,1
CASSWGSSEPSTDTQYF,124,0,4
CASTPPHRPQETQYF,30,4,3
CAWTPGHRNTEAFF,30,4,3
CASSLDGTMRGYNSPLHF,99,3,4
CASSGTEKGYGYTF,99,3,4
CASNTGQGIVAGELFF,85,0,3
CASSPTGLTITGANVLTF,43,1,1
CASSPTGQGWRKQPQHF,30,4,1
CASPPTGQGKKVTEAFF,30,4,0
CASSQDSKGPYSNQPQHF,77,0,2
CASVGEGWENSPLHF,33,3,4
CAISDPGLLNTGELFF,112,3,4
CASSLRASAKGTEAFF,128,0,3
CASSISRLGQPQHF,13,4,1
CASSTDLTTEAFF,47,4,0
CASSQESHIYNEQFF,78,2,0
CASSPQNSNTRGTEAFF,78,2,0
CASRAGGAGNSPLHF,67,3,1
CSARRAGGPRGDTQYF,67,3,1
CASSMLHPGRISTDTQYF,103,0,3
CASSFGQDLNYGYTF,107,3,0
CASSGGQQLTYEQYF,107,3,0
CASKGGGNMNTEAFF,42,3,1
CASSQGTGGNYGRTEAFF,42,3,1
CASSDSGNEQYF,25,0,0
CSVPSGSTYNEQFF,74,4,1
CASSPYFAGADYNEQFF,10,3,2
CASSQTGAPADTEAFF,10,3,2
CASSLRDILGNQPQHF,33,3,4
CASSRGAGGGYLRETQYF,42,3,1
CACRGSSAYEQYF,60,0,4
CASSQESGIHQPQHF,75,0,3
CASSQEQGFSPLHF,75,0,3
CASSFMSGGAVQDTQYF,13,4,1
CSAGGTSGGAADTQYF,13,4,1
CSARDPPGSGSGYEQYF,117,0,3
CASSRQSGGSETQYF,75,0,2
CASSLDGGLFGNTIYF,130,3,4
CASSLDRGANTGELFF,130,3,4
CASSYRQYGYGYTF,78,2,0
CASSLGADLSSGANVLTF,106,3,4
CASSKVDRERQETQYF,114,3,1
CSAIQIGLAGYNEQFF,76,3,2
CASSTGLAGGGEQYF,76,3,2
CASRRTTDIYEQYF,92,3,0
CAKITGDTGELFF,92,3,0
CASSRRDSLTGELFF,84,4,0
CASSGSGGTQYF,25,0,0
CASSSSRSGGTQETQYF,25,0,1
CASSFSGGEQYF,25,0,0
CASSLSGSTNTDTQYF,25,0,0
CASSQEPPGSGGGSKNIQYF,25,0,0
CASSRDGSTDTQYF,124,0,4
CASSPTTGTYPYEQYF,109,0,1
CTSSPGTGRRSYNEQFF,109,0,1
CSARPTGQKTPYGYTF,109,0,1
CASSQEFSGEGTDTQYF,116,2,0
CASSQETSGNYYEQYF,116,2,0
CASTAGTAFFYGYTF,118,3,2
CAWSVRLSTNYGYTF,77,0,0
CASSVSDRVSTTYNEQFF,77,0,0
CSAVHGGRELYEQYF,44,3,0
CASSWEQGAGGTGELFF,114,3,2
CASSLVTSGRTNEQFF,96,2,3
CSVVRSGNTIYF,96,2,3
CASSSQAHGGYTF,94,4,4
CASSSEAWGGYTF,94,4,4
CASSSDSQGGQYF,94,4,4
CSARAYLGQGFTDTQYF,66,0,4
CASSLYEGALRDTQYF,43,1,1
CASSYYSETQYF,125,1,1
CASGGQGERFGYEQYF,27,4,2
CASSYGLAVTGELFF,76,3,2
CSARNLAMSRGNYEQYF,81,0,4
CASRREGHTGELFF,118,3,1
CASRRRENTGELFF,118,3,1
CSARGGSAGELFF,107,3,4
CASSLPRTKQGRPWGYTF,82,3,4
CASSEDRRSGAGANVLTF,91,0,1
CASSLNSWPWPNTGELFF,29,4,0
CASLDRGGNQPQHF,72,0,0
CASVPTGRNQPQHF,72,0,0
CATSGAGGQPQHF,72,0,0
CATDSLSSYEQYF,106,3,4
CATSSASPGELFF,106,3,4
CASGFAGQGFTGELFF,56,4,2
CASGLVPLYTGTGDYSNQPQHF,113,0,3
CASQTVGGYTF,73,4,1
CASSLLRSIAGTKENTGELFF,92,3,3
CASRPIAATYEQYF,92,3,3
CASSLELARDTQYF,124,0,4
CASSAEVLTDTQYF,124,0,4
CASSLYLARSYEQYF,124,0,4
CASSSQATGQPQHF,134,0,3
CASSQAPGQPQHF,134,0,3
CASSPARGQPQHF,134,0,3
CASSQLFPQSLHF,134,0,3
CAWSVAEGQPQHF,134,0,3
CASSGTSGGREYF,105,3,4
CASSPRVAGETQYF,112,3,3
CASSFSSSGNEQFF,128,0,4
CASSFSSSIYGYTF,128,0,3
CATLRRGGDSTDTQYF,126,1,1
CASSSSGSLTGADTQYF,47,4,0
CASSFSVGEQYF,25,0,0
CASSFQGYEQYF,25,0,0
CASSIDRGRQFF,25,0,0
CASSVRSGLAGRSSYNEQFF,90,0,1
CASRTSIYEQYF,69,0,2
CASSGESSGGEQYF,60,0,4
CSASVRLALSYEQYF,112,3,3
CATSDSPGLAASTDTQYF,112,3,3
CSADGTGASPLHF,72,0,0
CASSGFSGGPTEAFF,64,2,3
CASSPGFSGGPYNEQFF,64,2,3
CASSLQVGTSGGPTSYEQYF,64,2,3
CASSYFSEGPETQYF,64,2,3
CASSQARERSHTQYF,72,0,0
CASSMRENSPLHF,72,0,0
CSAGSGSYNEQFF,107,3,3
CASRTSGSYNEQFF,107,3,2
CASSLTSGSYYNEQFF,107,3,3
CSARDWGSGSTNTGELFF,107,3,2
CAVSGSHEQFF,125,1,0
CSALTATGEQYF,10,3,4
CSVLGQTYEQYF,10,3,4
CSARQGSVSNQPQHF,43,1,1
CAASGTAKNIQYF,130,3,4
CSASGGANYGYTF,130,3,4
CSASTLAENIQYF,130,3,4
CAHRNNEKLFF,93,0,3
CSARPANEKLFF,93,0,3
CASSNQDGYTF,4,4,1
CASSSLDGYTF,4,4,1
CASSYSGGYTF,4,4,1
CASSYRNRGVYYEQFF,118,3,2
CSARGLAGALSSSYEQYF,53,4,0
CASSPSARQGGAGYTF,133,1,0
CASSRSARDTGVDEQFF,133,1,0
CASSRQGRAFF,133,1,0
CSARAPAGEHYGYTF,67,3,1
CASRPGRRTGQTQYF,115,2,2
CASRDYTGYNSPLHF,115,2,2
CASTRWGTGMGSGEAFF,115,2,2
CASSSKREASYEQYF,108,0,3
CASSGQGDNQPQHF,134,0,3
CSARGPRVDYGYTF,21,4,1
CASLRKGEQFF,133,1,0
CASSRAGEQFF,133,1,0
CASSYLGAGAGTSYNEQFF,13,4,3
CASSPGAGDGTDTQYF,13,4,3
CASSISGDFTDTQYF,58,3,0
CASSRSGSGTDTQYF,58,3,0
CASSLTSGRPSGDEQYF,127,0,3
CATSAYSGRASYNEQFF,127,0,3
CSAQIFSGRRSGEQFF,127,0,3
CASSLHTGSVNSPLHF,58,3,4
CAARQGISYNEQFF,33,3,4
CASIQTTSFGELFF,33,3,4
CASSPSRDREYEQYF,46,0,4
CASRPPPRDRATGELFF,46,0,4
CASSSSGLTDTQYF,117,0,3
CASRQSGQGHLGEAFF,71,2,3
CASRTLAGRETQYF,89,0,3
CASSSRGLAGGPTWYEQYF,89,0,0
CSVAGTVRGETQYF,99,3,4
CAISEAGLGQYF,29,4,0
CASSSYRESNTGELFF,111,3,4
CASSLGGNGF,4,4,1
CASSAGGAGFF,4,4,1
CASSQGGYTF,4,4,1
CSATPLSNTGELFF,4,4,4
CAITPDSMNTEAFF,4,4,4
CASSQLPGQGDQPQHF,66,0,0
CASSEALPGQGDGNTIYF,66,0,0
CAISQEDLRGYTF,59,0,1
CSARSAGTGPYEQYF,17,0,2
CASSEFLSPGGPTYGYTF,88,3,0
CASSLYLSVGGPGGYGYTF,88,3,2
CASTLQPFGETQYF,88,3,0
CASLGGYGVDTEAFF,113,0,1
CASSTGQEYEKLFF,115,2,3
CASSVGQDNEKLFF,115,2,3
CASSPPPSLGLSNEQFF,25,0,3
CATRGTGELFF,82,3,4
CASRLTHTGVEAFF,96,2,3
CAIRGTSGGVEQFF,96,2,3
CASSPGTSGSSYNEQFF,131,2,2
CASSPRTSGSSTDTQYF,131,2,2
CASSPGTSGASYNEQFF,131,2,2
CASSGAVSNQPQHF,119,0,0
CSARANSNQPQHF,119,0,0
CASSYSRTGGNQPQHF,14,1,1
CASSLGSLGRKNFKAFF,114,3,1
CASSPGAGDNLNYGYTF,122,3,3
CASSVGAGQGAGNTIYF,122,3,3
CASTNLFTGGMSNQPQHF,96,2,3
CASSFFTRGFSYNEQFF,96,2,3
CASSEGLAGLSDTQYF,90,0,1
CAISERTSGSSYNEQFF,131,2,2
CASSLGGLGKQETQYF,55,2,3
CASSLGGVGESNQPQHF,55,2,3
CAISVRSVFQETQYF,116,2,3
CSASRSGATSYEQYF,66,0,0
CASSLGHDRTYGYTF,77,0,4
CSAREGIIDRLPQHF,126,1,1
CASSEREGLAGRILYNEQFF,40,0,2
CSGGEGQGWYEQYF,30,4,0
CASSHKITGREQETQYF,10,3,3
CSARDYGRLTTNEKLFF,37,0,4
CASSLGLLAGASSTDTQYF,90,0,1
CASSSVTYEQYF,25,0,0
CASSSVRGGQDLTGELFF,11,0,3
CSAGRGGPQDTQYF,11,0,3
CASSLGDRTNTGELFF,63,3,2
CASTHTRLDRDRGFEAFF,4,4,1
CASSGVIGQGGNTEAFF,67,3,1
CASRRMGQGRGTQYF,67,3,1
CASSQGTEFRSYTF,58,3,4
CASSLDHGSEAFF,25,0,0
CASSLDWGDTQYF,25,0,0
CSASVRELGTDTQYF,112,3,1
CASSHRVLGTDTQYF,112,3,1
CSASKREFGTDTQYF,112,3,1
CASSSDRYEQYF,25,0,0
CASVPTGGSGANVLTF,122,3,4
CSARRAGRLANYGYTF,42,3,1
CASSIQPGTRANYGYTF,17,0,2
CASSYEQAGGRGELFF,40,0,0
CSVTLGPDVTDTQYF,83,4,1
CASSLVVGTGYSKNYGYTF,55,2,3
CASSLAGTAYSNQPQHF,55,2,3
CASSDRGTGRLDTQYF,119,0,0
CASSYESGVDNEQFF,131,2,2
CASSTTSGVSYEQYF,131,2,2
CSARGRREGRDEQFF,126,1,1
CASSFSGQGSYEQYF,66,0,0
CASSLADGLGSYGYTF,66,0,0
CASSLRAPSGAFNQPQHF,96,2,3
CASSRQRNQPQHF,75,0,2
CASSHRTSGSQYNEQFF,131,2,2
CASSHRDGSAFF,49,0,2
CASSSPGQGSDTQYF,49,0,2
CAWSRTGSTDTQYF,124,0,4
CSARALGGGQASTDTQYF,124,0,4
CSARFNPADTQYF,124,0,4
CASSFGAVSTNEKLFF,128,0,3
CASSLGGASYQETQYF,128,0,3
CASDRERYGYTF,121,2,3
CASSPNHPGGILSSPLHF,43,1,1
CASSLRAPGLADHYNEQFF,43,1,1
CSVGGGRGKPQHF,67,3,1
CASSLGRELYTGELFF,37,0,3
CASSFRRLAGEEINEQFF,89,0,3
CASSPSGLAGGGEQYF,76,3,2
CASGSDGLAIFGEQFF,76,3,2
CASSGYQENTGELFF,78,2,0
CASSPGQVTNQPQHF,78,2,0
CASSPRQAGIQPQHF,78,2,0
CASSQNQVIGQPQHF,78,2,0
CASSLETVGSSEQYF,104,0,3
CASSYRDLRYEQYF,79,3,2
CASSGRDPTYNEQFF,79,3,2
CASIPPGQRYEQYF,107,3,2
CGIIPGQRNIQYF,107,3,2
CSAGTGSYGYTF,107,3,4
CASAGGSSYNEQFF,107,3,3
CASTGTISYNEQFF,107,3,4
CSVVPEYNEQFF,31,1,0
CASSRYNEQFF,31,1,0
CASRPPFREGDTQYF,31,1,0
CSHYGGGAITEAFF,118,3,0
CAISVLVNTEAFF,30,4,0
CASSPVTSGVSNEQFF,131,2,2
CASSPSTSGLSTEQYF,131,2,2
CASSRGNSGANVLTF,122,3,4
CASSYGTSMNTEAFF,122,3,4
CSARAEGRDSDGYTF,8,3,0
CASSQEAVRARKAFF,46,0,0
CSAPGHWNTEAFF,30,4,3
CSAPTVWRTEAFF,30,4,3
CSASGHQNTEAFF,30,4,3
CASTPPWTAGAYEQYF,46,0,4
CASSSSDSITEAFF,74,4,2
CASRGTLPLGNTEAFF,40,0,0
CASSFRLAAGNNEQFF,40,0,0
CASSLRRAGLAVPQYF,78,2,0
CASSLGRQGLAKNIQYF,78,2,0
CSAPGLKGYEQYF,92,3,3
CSASDLNTQYF,25,0,1
CASSPSGHPEGPNTGELFF,64,2,3
CASSSRYRVQFF,120,1,0
CSVEIRREGRYGYTF,118,3,3
CASSIYRNLMNTEAFF,118,3,3
CASSLGPSGGNYGYTF,64,2,3
CASSLGGQGGNYGYTF,64,2,3
CASSLGVSKGANVLTF,64,2,3
CASSQDRSGGGPEQYF,25,0,1
CSVERGPEKVQYF,82,3,4
CASSVGSSHSGNTIYF,52,4,2
CATSDPSGRQNEQFF,116,2,0
CASSPSFYQGQFF,116,2,0
CSAGNSGRLQDTQYF,13,4,1
CSASMDFPEYTF,23,4,4
CASRLIRQSESPLHF,126,1,1
CSARATGDSHSPLHF,126,1,1
CSAGASGENPDTQYF,31,1,0
CSAPDPYGYTF,77,0,4
CSAKDSYGYTF,77,0,4
CASSPGLAGDNEQFF,26,0,4
CAWRAAGTEAFF,93,0,1
CSARAPARGEQYF,128,0,3
CSARAPQGYEQFF,128,0,3
CASRALHGPPAYSNQPQHF,58,3,4
CAWSPWGLAGGAGEDIQYF,89,0,3
CASSGRTSGETQYF,122,3,4
CASGKTGYTTYNEQFF,118,3,2
CARGTKWGEENGYTF,118,3,2
CAWTGFTGELFF,82,3,4
CATRQGHTGELFF,118,3,1
CSVTARDIHTGANVLTF,118,3,1
CASSKGSYEQYF,125,1,0
CASSDHSYEQYF,125,1,0
CASSDTSGRRYF,105,3,4
CATSRGGGYGYTF,67,3,1
CSARSRGLGTGELFF,67,3,1
CASSYSTTGGFNEKLFF,67,3,1
CASSPRSGTGGRMNTEAFF,67,3,1
CAISEPRDRVAFF,100,1,3
CAISESISTLHF,100,1,3
CASSQGLSLGGYTF,70,3,4
CASSGLSGGGYTF,70,3,4
CASSPGSSLTGELFF,70,3,4
CASSQERLNQPQHF,49,0,2
CASSEFAVRPNAFF,117,0,3
CASSEGLVRDTQYF,117,0,3
CSVSGRDYGYTF,77,0,4
CASSRVSYGYTF,77,0,4
CATSYGLTSGGSDEQFF,106,3,2
CASSIEAFSPTDTQYF,106,3,2
CASSWGRGSNNSPLHF,106,3,2
CAWMRGAGSPLHF,72,0,2
CASSLSSYNSPLHF,129,0,3
CASSRPQHF,129,0,3
CASSLGVTSLIQETQYF,123,0,4
CASSLGGTSGTDEQYF,123,0,4
CASSDYNSGANVLTF,111,3,4
CSARVSRASGANVLTF,111,3,4
CASRAGTGTQPQHF,119,0,4
CARPFGAGQPQHF,119,0,4
CASTGGTSGSLFYEQYF,22,4,3
CASRRPGQVGNEQYF,85,0,0
CASSLIGGDSSYNEQFF,11,0,3
CSARQGAPTLTSTDTQYF,113,0,3
CASSQVRSSGRAYNEQFF,32,4,2
CASRADEVMNTEAFF,34,3,2
CASSFSGAFSTDTQYF,24,1,3
CASTKDIGANTGELFF,130,3,4
CSVDPLGRETQYF,4,4,1
CASSVDPLTGAGNTIYF,4,4,1
CASTTDRYTQYF,69,0,2
CASKQQTYEQYF,69,0,2
CASSRDRPNSPLHF,119,0,0
CASKRDTANSPLHF,119,0,0
CASSLYGSGGNTEAFF,64,2,3
CASSLDQIYRRGETQYF,77,0,2
CAAARGDRGGVETQYF,114,3,1
CSVEDAGNEQFF,120,1,0
CSAEDNRNEQFF,120,1,0
CSVNDSGGEQYF,120,1,0
CASRPRETNEKLFF,89,0,3
CASSVGGRKTNYGYTF,37,0,3
CATFGGANEKLFF,82,3,4
CASSLEPSTDTQYF,124,0,4
CASRLAEVPGQAYGYTF,124,0,4
CASSYAPGQGLETQYF,107,3,2
CASSSYNPGQTLNSPLHF,107,3,2
CASSDILPGQGARFEAFF,107,3,2
CASSLSRTGESYEQYF,20,0,4
CASRRRLAVGFNEQFF,40,0,3
CASSFRRLAGYNEQFF,40,0,3
CASSNYGTYGRGSNQPQHF,126,1,1
CSAPTPGGDEQFF,64,2,3
CASSAWTSGGQETQYF,64,2,3
CASSSDTGELFF,95,4,2
CASSQFETASDGYTF,109,0,1
CASSNQDGLANSPLHF,114,3,2
CASGDIDEQYF,100,1,3
CAREIERDEQFF,100,1,3
CSVGWGSKNIQYF,105,3,4
CASSLGENSMNTEAFF,105,3,4
CASSLAGAEIYTEAFF,47,4,0
CASSLTNTIYF,41,0,4
CASSPGGSSSYNEQFF,83,4,1
CASSPPSYTQYF,125,1,0
CATSRDRGAGTGLPQETQYF,43,1,1
CATSDPDRGAFF,29,4,0
CASPRAVILDYEQYF,103,0,3
CASSPERGDFSYEQYF,108,0,3
CASSFMESGANVLTF,111,3,4
CSATFEGTGYQPQHF,67,3,1
CSASRAGGSNTGELFF,130,3,4
CSARKEGAYTGELFF,130,3,4
CSARARYKGTGAFF,130,3,4
CASSLKAVGGISYEQYF,115,2,2
CASSQVPILRGISYEQYF,115,2,2
CASRGGGAGNTIYF,118,3,2
CASSFWGIGQGNTGELFF,118,3,2
CASSQDLVNQPQHF,49,0,2
CSARDGGETYEQYF,17,0,2
CAIGPREPSTGELFF,50,4,1
CASSPDSGWDSPLHF,129,0,3
CASSYGHTGGPQHF,75,0,2
CASSYGQGGQPQHF,75,0,2
CATNKQETVAGELFF,85,0,0
CASSNPWGQDLGEQYF,52,4,2
CASSPGGLNSPLHF,104,0,3
CASSGGLNSPLHF,104,0,3
CASSPRGANSPLHF,104,0,3
CASSPGTENSPLHF,104,0,3
CSARWGNNEQFF,10,3,3
CASNPSGFRDTEAFF,49,0,2
CASQTGSGRGYEQYF,116,2,0
CASSRTIGTAAYEQYF,118,3,2
CASSRRTGRLAKNIQYF,118,3,2
CASSHGDNQPQHF,104,0,3
CASAREANSPLHF,104,0,0
CASFRASPLGTIAKNIQYF,133,1,0
CASSSRGPGQPQHF,104,0,3
CASSRGSNQPQHF,104,0,3
CASSSRTVGSPLHF,104,0,3
CASSRREGQQYF,104,0,3
CASSYVPSGSASDTQYF,90,0,1
CASSYGDSLSGSPLHF,90,0,1
CASSFSRQGLNYGYTF,30,4,3
CASSLGTGQGTRAYEQYF,30,4,0
CASSPGTPTDTQYF,117,0,3
CASSPGGSTDTQYF,117,0,3
CSVGTGGVGNTIYF,118,3,2
CASSFGTGAWGNNSPLHF,118,3,2
CASTLKFGHMGDEQFF,43,1,1
CASSRSIYRGGNSPLHF,17,0,2
CSARRWIRMNTEAFF,42,3,1
CSARARGKTMNTEAFF,42,3,1
CASSEGVAQGALDTEAFF,91,0,1
CASSIGAQGARDGYTF,91,0,1
CSVPSDELTRQVDTQYF,49,0,2
CATLSQVQETQYF,25,0,1
CASTLSSGNEKLFF,25,0,0
CASSFGLAGVHEQFF,79,3,4
CASSIRLAGAYEQYF,79,3,4
CASSHQIGVVMATDTQYF,79,3,4
CASKGLAETQYF,79,3,4
CATSRETGYGYTF,67,3,1
CATSKGPHYGYTF,67,3,1
CSARDLYSQETQYF,94,4,4
CAISVKEYNSPLHF,104,0,0
CRASGGRNEQFF,123,0,4
CASGRNNEQFF,123,0,4
CSISGGGYEQYF,123,0,4
CASSADKTTGMHSPLHF,133,1,2
CSASKNTGELFF,133,1,2
CASSESRGTGIHEQYF,133,1,2
CASSQQADYLYEQYF,20,0,2
CATHPGGSGLSETQYF,131,2,2
CASSTPDRALVGEQYF,34,3,2
CSARGVPAGGRSSYNEQFF,98,0,1
CASSLSLSPGRRSSYNEQFF,98,0,1
CASSAPLIDRSSEKLFF,98,0,1
CATSDFTGMEQFF,67,3,1
CASSYSTRTGMETQYF,67,3,1
CASSAHGRREGLNEQFF,44,3,0
CASGARGRRYGANVLTF,44,3,0
CSVVRTSGIRFEQYF,64,2,3
CASSRRGGNNANTQYF,118,3,2
CASSRTRGTGLGRQYF,118,3,2
CSARTGGIGTGELFF,118,3,2
CSARDRTGGTGSRNQPQHF,118,3,2
CASSREQETQYF,125,1,1
CASRRQETQYF,125,1,2
CASKSGPGGETQYF,115,2,2
CSARGQGLAGYTF,78,2,0
CASSFGRDGLMNTEAFF,78,2,0
CASSLGGEQYF,133,1,0
CASSLGTSGLTGELFF,56,4,2
CASSIRILRDPMNTEAFF,85,0,0
CASRPAADPIGYTF,85,0,0
CASSLTGSVAYNEQFF,56,4,2
CASSVGYLTATNEKLFF,56,4,2
CASKPPGLARRNEQFF,71,2,0
CASSKTSTNYGYTF,78,2,0
CASSLSSGQESFF,129,0,3
CASSFSQGDEQYF,129,0,3
CASSDSSGQPQHF,129,0,3
CSVGGILLSETQYF,83,4,0
CASSRGISLSGNTIYF,83,4,0
CAWSGWSDQPQHF,5,4,2
CASSLDGSGMYATQYF,74,4,1
CASSSPTPGRTSSVDEQYF,13,4,1
CASSDRSTDTQYF,108,0,3
CASSSTRSTDTQYF,117,0,3
CAASLESTDTQYF,117,0,3
CASSIDNSNQPQHF,134,0,3
CSASVSYSNQPQHF,134,0,3
CASSPNRIERSSGANVLTF,11,0,3
CASRGGLDRQSYEQYF,11,0,3
CASSPFDGGSQFF,58,3,0
CASSPPTSTGDTEAFF,116,2,3
CSANTGGIQPQHF,119,0,0
CSAGTGTNQPQHF,119,0,0
CASHLGASGNTIYF,106,3,4
CASRLGVSGNTIYF,106,3,4
CASRQGQEVHEQYF,92,3,3
CASGPSSYNEQFF,128,0,4
CASTEGGGLAGVNEQFF,92,3,2
CASSQDHSGIYEQYF,19,3,1
CASSPYRDNEKLFF,69,0,4
CAISESLDTQYF,100,1,3
CASSQTRSPSTDTQYF,54,2,2
CASSPTGPPPPDTQYF,54,2,2
CSAPELAKNIQYF,130,3,4
CSAIPGLAKNIQYF,130,3,4
CSAYPEWAKNIQYF,130,3,4
CASSIGDRYTGDEQYF,114,3,1
CASSGTSSFETQYF,84,4,0
CASSRREKKDTQYF,109,0,1
CSALKIAGGPGELFF,37,0,3
CASIPGGSGANVLTF,111,3,4
CSTKLFF,77,0,4
CAWSGFLIGYTF,77,0,4
CSAGTLLSGNTIYF,40,0,0
CATSRDPGGLPLREARGKNIQYF,40,0,0
CASSRRQGQMNTEAFF,85,0,0
CASSSGTSGRPEQFF,105,3,4
CASSALSYEQYF,125,1,0
CASSQASAEQYF,125,1,0
CASSGRRATNSPLHF,112,3,1
CASSQGYRAGGSHEQFF,112,3,1
CATSRDYPSSGNTIYF,50,4,1
CASSSMGLAALYNEQFF,79,3,0
CASSQNGLAAVYNEQFF,79,3,0
CSARGTSGRASYEQYF,127,0,3
CASGFSGRGLLEQFF,127,0,3
CASSYPDRGPTEAFF,121,2,3
CASSVTGTRGFYEQYF,64,2,3
CSALMTGPKANEQFF,122,3,4
CASSLRTGDGANVLTF,122,3,4
CAWSGGGYEQFF,123,0,4
CAWSGSGREQYF,123,0,4
CSHRGQNTEAFF,93,0,3
CASTIQQGEAFF,93,0,3
CASSSGLGLYF,4,4,1
CASSSGTGTFF,4,4,1
CASRLNNEQFF,123,0,4
CATSETGQGLQETQYF,54,2,2
CASSFEGQTLDKNIQYF,54,2,2
CASSWSGGAGSYNEQFF,109,0,4
CASKGTGGAVSYEQYF,11,0,3
CASSLGRGLLSSYNSPLHF,11,0,3
CASTRMGGSSSGEQYF,11,0,3
CASSQFRGRPSSTDTQYF,11,0,3
CASSREFNEQFF,25,0,0
CASSQIPGQASTDTQYF,124,0,4
CASRTYGGTGIPQPQHF,67,3,1
CASSFGGETGRQNEQFF,67,3,1
CASSFGQGNRDTEAFF,85,0,3
CSASHDGDTDTQYF,124,0,2
CASSWDTSTDTQYF,124,0,2
CSARTMAGGGNEQFF,118,3,2
CASSGTSINSYEQYF,131,2,2
CAISTTPGESGEQYF,131,2,2
CAWNTLRVNYGYTF,63,3,2
CASNAPRVIYGYTF,63,3,2
CSAREIGSPNSPLHF,22,4,2
CSAPGSWSSEAFF,53,4,2
CASRGGSGRGNEQFF,115,2,2
CASSWGQGRDGYTF,71,2,3
CASIARGARKTQYF,27,4,2
CAIARGLKETQYF,27,4,2
CSARDNIYGTRGNTGELFF,118,3,1
CASSYFRTGRGRPQHF,118,3,1
CAISEPRWTGEETQYF,89,0,3
CASSHESTYNSPLHF,69,0,2
CASSYTSTYNSPLHF,69,0,2
CSAWTELNTEAFF,84,4,4
CSATGPLNTEAFF,84,4,4
CASSSDITYGYTF,4,4,1
CASSSDNYGYTF,4,4,1
CASSVGLAERTDTQYF,90,0,1
CASSPRQNTATEAFF,121,2,3
CASSPRQTGDTEAFF,121,2,3
CASSINAGYDGYTF,113,0,3
CASQAGADPNTGELFF,40,0,2
CASSQVLASGLGNEQFF,111,3,4
CASSMVSYEQYF,125,1,0
CASSGTYEQYF,133,1,0
CASSTTYEQYF,133,1,0
CASSPGQDVEKLFF,115,2,3
CASSLAPDRGTLGGYTF,74,4,1
CASSLVPDRGLQPQHF,74,4,1
CASSLVRGTGRAYNEQFF,82,3,4
CAWGQGSNQPQHF,134,0,0
CATSRESRQGPANEQFF,107,3,2
CASSQNGLAVTDTQYF,79,3,4
CAWSRPLVTEAFF,101,0,1
CASSVGGTSVPSGSYNEQFF,21,4,2
CSAETGTSLLPVEADTQYF,21,4,2
CASSYSTGQGFNEQFF,67,3,1
CASSYSIVAGYNYEQYF,67,3,1
CASSSNLGHDLFF,120,1,0
CASSQEGVAGKNEQFF,76,3,2
CSARDGVTGRETQYF,17,0,2
CATQQVVGYEQYF,133,1,4
CASRQQVRGVETQYF,133,1,4
CASSYGRDGTYEQYF,82,3,4
CASMGRQYYGYTF,82,3,4
CSARASGRVNTGELFF,130,3,4
CATSRAIQGTGNTIYF,96,2,3
CATSDSYAGSGTGFFNEQFF,96,2,3
CAISQGETQYF,120,1,0
CASSPPLGGPTHFSGNTIYF,126,1,1
CASSSNRESGNNEQFF,111,3,4
CASTPGDRYYEQYF,30,4,3
CAWTPGHPENEQYF,30,4,3
CASSPTGTENTGELFF,114,3,1
CASSSGAAADTQYF,112,3,3
CASSSRAAGDTQYF,112,3,3
CASSFNTEAFF,133,1,0
CSAPYGGHRTDTQYF,18,0,1
CASTDGWRERTDTQYF,18,0,1
CATSRGQGASDTQYF,91,0,1
CASSFRLPRGDYGYTF,113,0,3
CASNPQEREISYGYTF,108,0,3
CASRSTPTSGRDTQYF,58,3,0
CASSQDRPGSIFSNQPQHF,58,3,0
CSARESASGYTF,83,4,0
CASSPPPWRRNSDTQYF,135,0,0
CASSPPPQTYNSPLHF,135,0,0
CSATRDKGNIQYF,42,3,4
CSARGMNNEQFF,10,3,3
CSAGGTYNEQFF,10,3,3
CSARGTLYEQYF,10,3,3
CSATGGFYEDQYF,10,3,3
CASTTYATNEKLFF,92,3,1
CSAKQPSGTEAFF,128,0,1
CASSAETGRGSNQPQHF,96,2,3
CASTLETSGGSYNEQFF,96,2,3
CAWSFKRGPEAFF,67,3,1
CASSFYSALTNSPLHF,13,4,3
CASSPGYARDRRRNTIYF,8,3,1
CASSLGNIQYF,31,1,0
CASSLRKTQYF,31,1,0
CASSVDDLGEISPLHF,31,1,0
CASSFIENQPQHF,72,0,0
CASAGQGFGAQPQHF,10,3,4
CSVVAGDPFGNQPQHF,10,3,4
CASSVDDRPFNQPQHF,120,1,0
CAISDYPYEQYF,120,1,0
CIIRGIPGGNTEAFF,96,2,3
CASSRGTSGGPTDTQYF,96,2,3
CASSPRGFRTGITGELFF,96,2,3
CSARGGITDTQYF,124,0,4
CASSRILLTDYEQYF,124,0,4
CAGPGGLHSTNEKLFF,128,0,3
CASSQGASGTLYEQYF,64,2,3
CASHGLSGRVREQFF,64,2,3
CSASSWDQPQHF,68,1,1
CASRKGLGGFEKLFF,92,3,1
CSARRGVTTNEKLFF,92,3,1
CASSHGGVVGGFQETQYF,90,0,1
CASSQQGYQPQHF,75,0,2
CASSQDRYQPQHF,75,0,2
CASSQEYREVPYEQYF,118,3,2
CASSPGASGRTDTQYF,90,0,1
CASSQASSGTYEQYF,111,3,3
CSARALDGYYGYTF,115,2,4
CASSPRLLDLGGGTEAFF,115,2,4
CASGQLQTFYGYTF,115,2,4
CSVSPGNKNSPLHF,104,0,3
CATRTHDRPIFAFF,22,4,3
CASSQRSGTGGADYGYTF,123,0,4
CASSLGDRSKFTYEQYF,0,4,1
CASSITAEGPYGYTF,79,3,4
CSATPSSGDTQETQYF,117,0,3
CAGTAGLGSEQYF,118,3,2
CASGMGGVGSEQFF,118,3,2
CSATTGLGDEQFF,118,3,2
CSVRENYYGYTF,44,3,0
CASSPSAYEQYF,25,0,0
CASSSNRDRRVYEQYF,71,2,3
CASSPPWRGQGFQETQYF,82,3,4
CASSRTESGLAETQYF,96,2,3
CASSLREKPGLAVDTQYF,96,2,3
CASSSRRETMGEQYF,70,3,4
CATSRGLEETQYF,27,4,2
CASQKRGLPTNEKLFF,92,3,1
CASSFASGDYKRNIQYF,107,3,2
CASSQGQGNSPLHF,75,0,3
CAWTLGTSGNTIYF,106,3,4
CSAKLGTSGTGELFF,106,3,4
CASSQPPQGPYEQYF,74,4,2
CASSQDQGAYTF,74,4,2
CASSMGREAFF,133,1,0
CASSQVQTGHGPYNEQFF,108,0,3
CATSDPSRGQGPYNEQFF,108,0,3
CASSLKNPGTRPTLQYF,60,0,4
CATKIQGRFGDEQFF,114,3,2
CASSLRASGRMGSETQYF,114,3,2
CATYLNTEAFF,93,0,3
CAAGPYPTEAFF,93,0,3
CSAPGLVADTQYF,112,3,3
CASSEGGEQYF,133,1,0
CATSRDRRYEQYF,30,4,3
CATSFGNVDTQYF,113,0,3
CASTSRGNTDTQYF,113,0,3
CATSTERSDTQYF,113,0,3
CASSSGYEQYF,120,1,4
CATSVSGHEQYF,120,1,4
CASSEGAWGFSTDTQYF,113,0,3
CASSESTSRRDEAFF,58,3,0
CASSFPSSGRDTQYF,58,3,0
CASGLSEYSEQFF,135,0,0
CAISGGSQGSEQYF,135,0,0
CASSFGIEQFF,133,1,0
CASSFNYEQFF,133,1,0
CASSFAAEQFF,133,1,0
CASSRVTSGPTDTQYF,90,0,1
CATSRVRSGTGDTEAFF,90,0,2
CATQLRYRVGTGELFF,70,3,1
CASRETGGLLNSPLHF,92,3,2
CASSFATGTGSTDTQYF,113,0,3
CAISTGTGDTQYF,113,0,3
CASSPSNSNQPQHF,134,0,3
CASQKLLDRRSYNEQFF,96,2,3
CASSQDDRRYTF,74,4,2
CASRTGGEGGNTEAFF,115,2,3
CAWSATGGWGGTGVVEQYF,115,2,1
CAITGGQGRNTEAFF,115,2,2
CASSLGTSGSPLGGELFF,52,4,2
CASRRTSGSSSYEQYF,52,4,2
CASSSIREGDTEAFF,108,0,3
CASSYNAWDTQYF,108,0,3
CASSYPARDRAYF,108,0,3
CASSRGQVNQPQHF,75,0,2
CASTGDRRQPQHF,75,0,2
CASSLSPYEQYF,125,1,0
CASSLDSYEQYF,125,1,0
CASSHPPYEQYF,125,1,0
CSAGRGTEGYNEQFF,114,3,1
CASRGLPAKKNSPLHF,115,2,4
CAIRGPGVRGNSPLHF,115,2,4
CASSRRTSGPSSRGSEQFF,52,4,2
CASSLGADLAKNIQYF,128,0,3
CASSLRAQANKNIQYF,128,0,3
CASSRRVDLAKNIQYF,128,0,3
CSVEGVAGELFF,82,3,0
CSALNIGTGLSYEQYF,8,3,1
CASSQDWVGDTQYF,108,0,3
CATSDPDFLGDTGELFF,108,0,3
CAWVRRLAATSTDTQYF,26,0,4
CASSLNRDNSPLHF,104,0,3
CSARPSGRLFSELFF,114,3,2
CASNRRAGGNTEAFF,115,2,1
CASIPSRAKNIQYF,133,1,0
CAWSSLAKNIQYF,133,1,0
CASQGQETQYF,125,1,1
CSATGHENTEAFF,84,4,4
CSANTGALNTEAFF,84,4,4
CASSLNDNSPLHF,104,0,3
CASSLSGVAAGTEQYF,133,1,0
CASSLSPLAGGTNEQFF,133,1,0
CSRKGRVYNEQFF,92,3,1
CSARGGPAYNEQFF,92,3,1
CASNSGHFSPLHF,49,0,2
CASSYSGQGSQPQHF,49,0,2
CSAPPQGTYGYTF,74,4,1
CSAPRQGYYGYTF,74,4,1
CASSDRAGSGSYEQYF,117,0,3
CAWSAQGPPALNQPQHF,112,3,3
CASSLVGFAGSYNEQFF,55,2,3
CASSLAPAGRSGNTIYF,55,2,3
CASSPGRVLAKNIQYF,15,4,1
CASSHDRVLAKNIQYF,15,4,1
CASLCDSKEVAKNIQYF,95,4,1
CSVVLLSDREFAGANVLTF,95,4,1
CASSAQPGQGVTDTQYF,66,0,0
CSASAGANSGANVLTF,122,3,3
CAIYLQGLHF,79,3,4
CASSLASDRVISGANVLTF,108,0,3
CASSHGLRDASGEQYF,122,3,2
CASSVTTSGRTDTQYF,90,0,1
CASSGDDTEAFF,74,4,2
CASSYRVDLEKLFF,107,3,4
CSAPRGGSSSYNEQFF,83,4,1
CASREIQNTGELFF,96,2,3
CSARRIFFQGGGHQPQHF,96,2,3
CASITLADQETQYF,122,3,1
CSATTASQETQYF,122,3,1
CSVDGGAGTVDTQYF,119,0,0
CASSLYGRLWTGELFF,37,0,4
CASSLASGQGSGYGYTF,66,0,0
CASSTSGGQGMETQKNRQYF,120,1,0
CSFRDGEETQYF,120,1,0
CSVEDRGHIAGRTDTQYF,118,3,2
CSVRTGANQPQHF,119,0,0
CASSVGNEQFF,31,1,0
CASSAYNEQFF,31,1,0
CASSPFPSGRREQFF,111,3,3
CASKGFYGFSEQYF,92,3,1
CASKRIPGNNQPQHF,90,0,1
CASSRTRPGGNSPLHF,90,0,1
CASSKRMVGEFVTEAFF,90,0,1
CANSDSSETQYF,125,1,1
CASSPKVASGKKNEQYF,122,3,2
CSARPASGMKYF,122,3,2
CASSLNTEAFF,133,1,0
CASSLGRDAFF,133,1,0
CASTNRDVFNQPQHF,43,1,2
CASSHSRTIQYF,25,0,0
CASSQDRREQYF,25,0,0
CSATGTGESGYTF,55,2,3
CASSVESGSFYNEQFF,107,3,3
CASSPPDREGSKNIQYF,108,0,3
CASSLALTSGASTDTQYF,96,2,3
CASSLGTSGASTDTQYF,96,2,3
CASSPGASPQPQHF,134,0,3
CASSGLSNQPQHF,134,0,3
CASSPGADVDDYTF,134,0,3
CASSRELTHNNSPLHF,22,4,2
CASSGLGTRGSIRQYF,98,0,1
CATRAPGLAGEGEQFF,115,2,2
CASSFGSAGGFQPQHF,90,0,1
CASSLVDEQYF,120,1,0
CASSLLHEQYF,120,1,0
CASSSGQGNSPLHF,75,0,3
CASSQGAYNSPLHF,75,0,3
CASSLQQVGSPLHF,129,0,3
CASSLDSPNSPLHF,129,0,3
CSARDPTSGRALYEQYF,74,4,2
CASGPGVAGLETQYF,92,3,3
CASSLGQLTDTQYF,71,2,3
CASSLGQSTDTQYF,71,2,3
CSARSVRRAGYTF,81,0,4
CASSQEMTSGKNIQYF,70,3,2
CASSQDSSLDEQYF,108,0,3
CASSDSSTDTQYF,108,0,3
CASSIRTSGRGEQYF,122,3,4
CASYRTSGGTQYF,122,3,4
CASRPFRTSGTYEQYF,122,3,4
CASSFTYGSGQETQYF,118,3,2
CASSQEELAGITGELFF,79,3,0
CASSYQNILAGLTDTQYF,79,3,0
CASIGGSNQPQHF,134,0,3
CASSYRGSNQPQHF,134,0,3
CAWTPIAAFYEQYF,92,3,3
CASSLAQAPYSGNTIYF,55,2,3
CSATGTGAYLAKNIQYF,23,4,4
CSARRTSGYNEQFF,42,3,4
CATGTSGNTIYF,42,3,4
CSVGFSYEQYF,69,0,2
CASSGFDNEQFF,69,0,2
CSVGGFSYEQYF,69,0,2
CASSPGTWDYNEKLFF,107,3,4
CASSLDRVAGVEETQYF,26,0,4
CASSQGTASGENEQFF,122,3,4
CASSPTSSGFRGYTF,111,3,3
CASSPTSSGNQPQHF,111,3,3
CATSASRGAEAKNIQYF,46,0,1
CASSLTSGGAWAKNIQYF,46,0,1
CASSFGGSTDTQYF,117,0,3
CASSLPGGSRDNEQFF,117,0,3
CASSQPQWASGNTGELFF,106,3,4
CASSLASSNQPQHF,134,0,3
CASSLQSSNQPQHF,134,0,3
CASSFADSNQPQHF,134,0,3
CASSLGQSNQPQHF,134,0,3
CASSLASSGSSGYTF,134,0,3
CASSFTGRGAHQPQHF,126,1,1
CASSFEGRTFKDGYTF,126,1,1
CSARDFSGKGEKLFF,42,3,1
CASRGAPRGGYTF,79,3,4
CASSLGDRGRPQSEAFF,13,4,1
CSTGDRGNEQFF,13,4,1
CASSLGDKERLPLYTF,13,4,1
CASSPRREGADTQYF,104,0,3
CASSQEYREGSDTQYF,104,0,3
CASSLVGGSRPNEQFF,117,0,3
CASSQEWRSGYTF,103,0,3
CASSQTLQWVYEQYF,20,0,2
CASSFGLAGTSEQYF,79,3,4
CSAPFGLAGMDEQFF,79,3,4
CASGGLAGIQYF,79,3,4
CGLSRCNEQYF,133,1,0
CATSSRANEQFF,133,1,0
CSASSAEQYF,13,4,1
CSARVTGANLSDGYTF,90,0,1
CSARDGAVTRVEQFF,17,0,4
CASGTRSYEQYF,69,0,2
CASSPSGQGSQPQHF,49,0,2
CASSSSGQGSQPQHF,49,0,2
CASSPRGGQKGYNEQFF,60,0,4
CASTYSPEQLKGYTF,0,4,3
CASSGGTSNQPQHF,134,0,3
CSAQIGTANQPQHF,134,0,3
CASSVRDRVSGEQFF,108,0,3
CASSRDRVDTIYF,108,0,3
CASKAGGSGYNEQFF,106,3,4
CASSEAGGSTYTDTQYF,106,3,4
CASNKGGSGMTQYF,106,3,4
CASSPWAVPYSNQPQHF,8,3,1
CASSPRDRPSYEQYF,108,0,3
CASSQRDRVDYGYTF,108,0,3
CATSDVSGGSDTQYF,75,0,2
CASSTLSRTSDTQYF,75,0,2
CASGTSGSKYEQYF,107,3,2
CAWTKGTSGSRIYNEQFF,107,3,2
CSVAQDSANTEAFF,4,4,4
CSARVGTVINSPLHF,67,3,1
CATSDIQVTDTQYF,71,2,3
CSVRRSGGNTIYF,64,2,3
CASGGLAGGGSIQYF,90,0,1
CASSQGGSSGVGSYEQYF,90,0,1
CASSPRSTGDLPGYSGANVLTF,90,0,1
CASSYYEFSSNQPQHF,43,1,1
CASSVAPMGLAGNREETQYF,79,3,0
CASRPRGLAGTGELFF,79,3,4
CASSSNYGYTF,4,4,1
CASSHRQDVRRGNQPQHF,133,1,4
CSAIPPQTGNTIYF,74,4,1
CASTSQSRGTENSGANVLTF,104,0,3
CASSEIQAWDDEQYF,104,0,0
CASSRRAPTPPGELFF,132,2,0
CSARDRRTPTGSIYEQYF,132,2,0
CSARGASGREETQYF,96,2,3
CASRGGGAVTDTQYF,43,1,1
CSDFRDRGFETQYF,63,3,2
CASSTFTTDRGRNIQYF,92,3,0
CASSRQRGSEQYF,75,0,3
CASSRQTGSPLHF,75,0,3
CASSPNRDHSPLHF,104,0,3
CATRGEADTQYF,54,2,1
CASNKPSTDTQYF,124,0,4
CATSSSDSYYNEQFF,74,4,2
CSVGTGENSPLHF,119,0,0
CASSFSGQGPSETQYF,119,0,1
CASNSGQGASQPQHF,119,0,1
CASSIDWDGPSRSTQYF,119,0,1
CSARSSQGNFSPLHF,31,1,0
CASSLSGSGVTDTQYF,25,0,0
CSVDGSALTQYF,25,0,0
CSVEGGQNYGYTF,130,3,4
CASATRGGQNTGELFF,130,3,4
CAWGTAEQGTEAFF,40,0,0
CASTQTVIGNTIYF,67,3,1
CATSGETGNTIYF,67,3,1
CASSYSADNIGNSPLHF,74,4,2
CASSYSASGRAGNEQFF,74,4,2
CASTRTSGKQFF,58,3,0
CASSFVPGQGSNQPQHF,66,0,0
CASSHGKGALSYNEQFF,11,0,3
CASSPPPAPYRYNEQFF,111,3,2
CASSQGGLQVRNQPQHF,107,3,0
CASIPWEGNYGYTF,67,3,4
CSVISGLTNYGYTF,67,3,4
CASSSSSGISYEQYF,103,0,3
CASSLKSSRTDYGYTF,103,0,3
CSAGARAGGTDTQYF,123,0,4
CAIRSRAGGTDTQYF,123,0,4
CASSLGFLAGRQETQYF,79,3,4
CSARDGWLAGGHEQFF,79,3,4
CAISDSSYNSPLHF,129,0,3
CASSGDSNNSPLHF,129,0,3
CASSDSGSTDTQYF,117,0,3
CASSLWRGLDSSYEQYF,53,4,0
CATSRDSVGGSTDTQYF,88,3,2
CASSYHSVTGARNEQFF,88,3,0
CATSRDQGLTVAQPQHF,114,3,2
CSATSGGRTETQYF,93,0,3
CASGLHSYEQYF,69,0,2
CASSFIIGGESYGYTF,96,2,3
CASSYFMGQASYEQYF,96,2,3
CASSNDRNQPQHF,75,0,2
CASSEFEVNQPQHF,75,0,3
CSASEGLLNQPQHF,75,0,3
CSVGPETVDGYTF,108,0,1
CSARVPGWDGYTF,108,0,1
CSARDFDFGGEQYF,42,3,1
CASSMVNEQFF,120,1,0
CAWSGLYEQYF,120,1,0
CARRRGSVYGYTF,106,3,4
CASSLLSNQPQHF,134,0,3
CASSLDSNQPQHF,134,0,3
CASSSQASNQPQHF,134,0,3
CASSFLGEAFF,133,1,0
CASSFGDRKAVGYTF,75,0,2
CSVDYRTSGNTIYF,122,3,4
CASSRLDAGYTF,77,0,0
CASKLNHEQYF,123,0,4
CASTASEDRVKIYEQYF,97,4,0
CGLGDSRTGELFF,4,4,1
CSAGDSNYGYTF,4,4,1
CATRDSYTGELFF,4,4,1
CASSEGDSQEGETQYF,4,4,1
CASSEDGTRAKDTQYF,24,1,1
CASWDRGRKKSEAFF,24,1,1
CASSYGGSTDTQYF,124,0,3
CASSEGVDTDTQYF,117,0,3
CASSLWFGGPTPIKETQYF,117,0,3
CASSQLPSSGGTQEAQYF,31,1,0
CASSSEGTQYF,31,1,0
CASSIERGVVIQPQHF,67,3,1
CASSFETGVFLDEQFF,67,3,1
CASLPVGQGSYEQYF,94,4,4
CASSLAGGSGSYNEQFF,94,4,4
CASGRPARVEKLFF,92,3,1
CASRRTVGAEKLFF,92,3,1
CASSHYPGQGFGGGELFF,56,4,2
CASSHFPRDPQHF,134,0,3
CASSKAPGYRDQPQHF,85,0,3
CASSTRQGRLGEQYF,71,2,3
CASSFNLEELFDTQYF,90,0,1
CASSTTAYNSPLHF,75,0,3
CASEGLTNSPLHF,75,0,3
CASSTRGSGSNEQFF,122,3,4
CASSWGTSGSYEQYF,94,4,4
CASNQLGTSGSYEQYF,94,4,4
CASSPETSGSYEQYF,94,4,4
CSAFDRSGANVLTF,56,4,2
CASSLGTSGDSTDTQYF,96,2,3
CASSSRGTSGDSPRNEQFF,96,2,3
CAISVKETQYF,120,1,0
CATSDIGWANIGEQFF,78,2,0
CASSLGPSNQPQHF,134,0,3
CASSRTSPMNTEAFF,84,4,0
CASSDSRADTQYF,25,0,0
CASSPSLADTQYF,25,0,0
CASIPGQGAGSPLHF,56,4,2
CATRDSRSYNEQFF,107,3,2
CASRPSGSKPEAFF,107,3,2
CSARYSTDYYQPQHF,107,3,2
CSVRGTLGNEKLFF,92,3,1
CSVVGLEETQYF,14,1,1
CASDGRGFVSGQGPNYSNQPQHF,66,0,0
CASSFISLDRDNEQFF,66,0,0
CASSVDSNYGYTF,70,3,4
CSASGQADTQYF,100,1,3
CASRSLDTQYF,100,1,3
CAWLGQGTTSPQYF,55,2,0
CSAHNQGTGSDTQYF,55,2,0
CSAGRTGTSPLHF,55,2,0
CASRMVAGGGDTQYF,90,0,1
CASRGNRGLLRREDLTGELFF,90,0,1
CASRGDRGKLFF,75,0,2
CATSDSRGDRGQSGTQYF,75,0,2
CASSPQTSGKDYNEQFF,116,2,3
CASSQQVREQYF,25,0,0
CASQDRAEQFF,25,0,0
CATSRNQGGSYEQYF,131,2,2
CSARVMPGGAGGANSPLHF,92,3,0
CSVEESRGHSYEQYF,127,0,3
CASSERSGTVSYEQYF,127,0,3
CASSIRTGGDLRDTGELFF,126,1,1
CASSTRKGGGAGTEAFF,118,3,2
CASSERNRGGPGELFF,118,3,2
CSARISLREGAINEQFF,95,4,1
CSVDGNSGNTIYF,106,3,4
CSAKVQGASNYNEQFF,106,3,4
CASSKTGTRNTDEQFF,126,1,1
CATSDPRLAGDGNEQFF,26,0,4
CASSLRGTGGSNQPQHF,55,2,3
CAISVASDTQYF,125,1,1
CASSQYRDANTGELFF,78,2,0
CASSFGDLRETQYF,78,2,0
CASRKVGNTDTQYF,85,0,3
CASRGPGTTDTQYF,85,0,3
CASKRFGGTDTQYF,85,0,3
CASSTRGGTRRTDTQYF,118,3,1
CASRDLAGGPRSSYNEQFF,98,0,1
CASSLSTGTHSSYEQYF,98,0,1
CASYKGQPSYNEQFF,83,4,0
CAIGHFQPQHF,54,2,0
CATSDETSGRVTGEQYF,116,2,3
CASSPETSGIVNEQYF,116,2,3
CASSQDLRVAFF,25,0,0
CAWATSGITDTQYF,85,0,3
CAGGQGYTDTQYF,85,0,3
CASWREYEQYF,123,0,4
CASSGSKAGADTQYF,13,4,3
CASSTYSTDTQYF,117,0,3
CASDSGGSTDTQYF,117,0,3
CASSLSPTDTQYF,108,0,3
CASSSASPGSVQFF,108,0,3
CAWSVQPTDTQYF,108,0,3
CASSYFEFQRGSNYGYTF,96,2,3
CASSLDSNEQFF,125,1,0
CASSSDSGEQYF,125,1,0
CASSLDLSTDTQYF,108,0,3
CASSQLDTDTQYF,108,0,3
CATSFRSGNEQFF,106,3,4
CASSYSVASGGETQYF,106,3,4
CASGSGRSRNQPQHF,106,3,4
CASGTYEQYF,20,0,4
CRGGQGSPEQFF,21,4,1
CASSPTNTQYF,31,1,0
CASSPYNEQFF,31,1,0
CASSPIINSF,31,1,0
CASSPRQGGSGYTF,121,2,3
CASSYRDRGDTQYF,121,2,3
CASSLRQMMQPQHF,75,0,2
CASSPRQFNQPQHF,75,0,2
CSARAGVGNQPQHF,119,0,1
CASSPRAGGETSPYNEQFF,119,0,0
CSVEAPGRSGRTDTQYF,105,3,4
CASSLVGYSGANVLTF,105,3,4
CATSVGTSGGGTDTQYF,64,2,3
CSVRRSTGELFF,64,2,3
CSATGQNYEQYF,10,3,4
CASSLSPLAGGRNEQFF,133,1,0
CASSASPLAGGQGEQFF,133,1,0
CASSESSLAGTTDTQYF,133,1,0
CASSLKGSGTYNEQFF,84,4,0
CATSGYGQGDTIYF,124,0,4
CASGTGDTDTQYF,124,0,4
CSVMTDLNTEAFF,84,4,4
CSVEGHSNTEAFF,84,4,4
CATEGNNYGYTF,42,3,1
CASSPTPGQARGNAEAFF,115,2,2
CASSLGQQNSPLHF,134,0,4
CASSLGQGSGANVLTF,122,3,4
CASSRGQGSGANVLTF,122,3,4
CSVSPGQGSFSNTEAFF,122,3,2
CASKSQGSNNQPQHF,125,1,0
CASSLAGEQYF,133,1,0
CASRRTYEQYF,123,0,4
CSASGTEGEQFF,123,0,4
CASSRSQGEEQYF,25,0,3
CASSSRSLNEKLFF,25,0,3
CAIHGIEKRPEAFF,44,3,0
CATSRGSPNNQPQHF,135,0,2
CASRGSVYEQYF,135,0,2
CASSGGSQNNSPLHF,135,0,0
CASSSNPDRGLGETQYF,121,2,3
CASTPDLTPLHF,121,2,3
CSARHYLGENQPQHF,126,1,1
CASSPPPDSYNSPLHF,135,0,0
CASDRGSNQPQHF,104,0,3
CASSVTQAGSYEQYF,124,0,4
CSARTWASGSTEVNIQYF,107,3,2
CASSPYRDRGGNQPQHF,97,4,0
CSGGDKGNIQYF,13,4,1
CASQPRRAGGDTQYF,112,3,1
CSVEDRRVGTDTQYF,112,3,1
CASSPSELAGGDEQFF,112,3,1
CATSEETGVRQFF,67,3,1
CSAPPRDRGGSYEQYF,108,0,4
CASSLTRGALWGRGDTQYF,84,4,4
CASRRRVLSPNTEAFF,40,0,0
CSMTGGYNEQFF,10,3,3
CSAGGQFNEQFF,10,3,4
CASRRSGRPPDTQYF,13,4,1
CATQTGGIAGANVLTF,46,0,1
CSVEDAGLNQPQHF,134,0,0
CASRDGGSNQPQHF,134,0,0
CASSFFISGGDETQYF,64,2,3
CATSEDRGNVGLAKNIQYF,67,3,4
CSAKVDRGNLGDSYNEQFF,67,3,4
CASRMTAIGTDTQYF,90,0,1
CASSKWGLGGGQETQYF,90,0,1
CASSPRLAGVDEQYF,78,2,4
CASSRKWAGGGTEAFF,118,3,2
CASSLSGLPNTGELFF,37,0,3
CASSLTFYSVTGELFF,130,3,4
CATSETGGSNTGELFF,130,3,4
CAISVGQMLNTGELFF,63,3,2
CSARDKDNYGYTF,63,3,2
CASSFRAAISPQHF,104,0,0
CASSRTGASPGANVLTF,106,3,4
CASSYRTVSSGANVLTF,106,3,4
CASSLTPLAGWAGELFF,40,0,2
RASSSRASNQPQHF,75,0,3
CSAVGTGSTDTQYF,124,0,3
CSGGIDTQYF,124,0,4
CASGMADWDTQYF,124,0,4
CATSDPGQGGSGELFF,121,2,3
CASSPPKAGGSGELFF,121,2,3
CATSDGRTDTQYF,113,0,3
CSARESGRGPGELFF,113,0,3
CASSRVQGRYDSPLHF,113,0,3
CASSSSRSLSYEQYF,108,0,3
CASSPSPSVSYGYTF,108,0,3
CSEISVNEQFF,135,0,2
CASSMEVGQPQHF,134,0,3
CASSPGVAGLDEQFF,78,2,4
CASSHTGLAGVYNEQFF,79,3,0
CAISESWGLGTGELFF,67,3,1
CASSELTSAAALNYGYTF,122,3,2
RASSLTSASILGNEQFF,122,3,2
CAWMGGDGNTEAFF,30,4,0
CASSGDGYSPLHF,75,0,3
CSAGPPNNEQFF,10,3,4
CASEGDDAFNQPQHF,10,3,4
CSARDGDRVNSPLHF,43,1,1
CASNTEGGHSSPLHF,13,4,1
CASSYGQGRSPLHF,75,0,2
CASSPSRDRGDNEQFF,108,0,3
CASSPNSNQPQHF,134,0,3
CASSQYSNQPQHF,134,0,3
CASSTMSGRGDQPQHF,127,0,3
CASSVGMGGRGAVYEQYF,127,0,3
CASSAGEQYF,20,0,2
CASSFNEQYF,20,0,2
CSASDSWSNQPQHF,134,0,3
CSAFGQSLYEQYF,60,0,4
CASSLGWQERNQPQHF,90,0,1
CSARDGSLSGLSYNEQFF,131,2,2
CASSLSDSGSLLSGTDTQYF,131,2,2
CATSRDRVGAANEKLFF,27,4,2
CSARDRVGLDIQYF,27,4,2
CATSDPGTGSNPTPDTQYF,124,0,4
CASRRRPQGSSYNEQFF,131,2,2
CSARRSQGLDYGYTF,131,2,2
CASSRIPSASSYEQYF,131,2,2
CATSRDRQPQHF,68,1,4
CASSVVGTSGRGNEQFF,106,3,4
CASSRLDRGSGYTF,121,2,3
CATSRLGGELFF,51,0,4
CASKGNAPGYGYTF,115,2,1
CASSPVLTSGSSDTQYF,104,0,3
CAIRYTGTETDTQYF,126,1,1
CASRYTEEQFF,123,0,4
CATSPRWGSGANVLTF,122,3,4
CASRTGTSGANVLTF,122,3,4
CASSVTGGGWRGNYGYTF,118,3,1
CASGLGQGGAGELFF,115,2,4
CASTLGDRGTGELFF,115,2,4
CATSRDEQFF,51,0,1
CSARGSGPVGYF,78,2,0
CASSYSPSGVTYEQYF,131,2,2
CASSAGSDSGVLYNEQFF,131,2,2
CASSLIFQSMNTEAFF,105,3,4
CSARENSGETQYF,105,3,4
CAISDPDSQDPGIYNEQFF,4,4,1
CASSQDYGYTF,4,4,1
CASSIDAGTAYSGNTIYF,55,2,3
CASSLKREVGNYGYTF,37,0,3
CASSYLASGRPGTQYF,74,4,2
CSAKSGGALDTQYF,113,0,3
CSAKDRGQLDTQYF,113,0,3
CSARDRRQGGPYNEQFF,131,2,2
CASSPIASRRWGSGNTIYF,114,3,2
CSVEGSGNTQYF,90,0,1
CSVEGPKNIQYF,90,0,1
CATSSLFSTSGRTYTQYF,107,3,3
CSAETSGITDTQYF,85,0,3
CASSPWGYRGSTEAFF,98,0,1
CASSFTIRDLSSPGANVLTF,52,4,2
CSASQGSTEAFF,125,1,0
CSASSGSREKLFF,125,1,0
CASSRDTSTDTQYF,124,0,2
CSATRGLAALEQYF,64,2,0
CASSARQTALSTDTQYF,66,0,0
CASSRGGGAMVSGELFF,43,1,1
CASSLESHQGTDTQYF,13,4,3
CASSTRDRSPLHF,104,0,3
CACLSGGPRGDTQYF,67,3,1
CASSQVEARDRGRGEQYF,8,3,1
CSVERLADANTGELFF,115,2,4
CASRLGQKNTGELFF,115,2,4
CSGQNSGNTIYF,42,3,4
CSARDGTSGGRDTQYF,74,4,2
CASSADTSGMAKNIQYF,74,4,1
CATSVGTMDGYTF,113,0,3
CASFYVSTEAFF,99,3,4
CASSFGSSGVGGYTF,99,3,4
CASSPIRLSRATYEQYF,99,3,4
CASIEGLQNTEAFF,84,4,4
CASSLIRGPTPKSNQPQHF,126,1,1
CASSYSIRELASYEQYF,24,1,1
CAWTKKAGPSIQYF,118,3,1
CASSQRRREGPSNTGELFF,118,3,1
CASRRLGYPGANVLTF,122,3,4
CASSARGQGRLNEKLFF,78,2,0
CASSHSPLRGLGYGYTF,4,4,1
CASSVQNLIGQGEAFF,4,4,1
CATKDGQRSIHNSPLHF,122,3,2
CASRGWSHSGNEQFF,83,4,0
CASRKRTSDVGNEQFF,83,4,0
CASRRDREDNSPLHF,85,0,0
CATSRGPRQDNSPLHF,85,0,0
CASSQDPQVSPLHF,129,0,3
CASPGEYSGANVLTF,122,3,4
CASSTWGTEGLASQFF,127,0,3
CATSRPTSFDNEQFF,124,0,2
CASSPGTSGGAIDEQFF,96,2,3
CASSPGGSGGARNEQFF,96,2,3
CASSSSPQYF,4,4,1
CSARKGAPNTEAFF,92,3,1
CASSRQAYEKLFF,25,0,3
CSAPSRAQGRYEQYF,108,0,3
CAWRERQALNTGELFF,63,3,2
CASSPQVLSGGSREQFF,120,1,0
CASSYSDLEENSPLHF,31,1,0
CATSRVPSSKLFF,5,4,2
CSASKRETARNYGYTF,130,3,4
CSAPDSYTQYF,125,1,0
CASSERGGANTGELFF,130,3,4
CASSEEGLANTGELFF,130,3,2
CASNRGASSYYEQFF,43,1,3
CASSERPSGSYEQYF,122,3,4
CSARGRFAYNEQFF,92,3,1
CASSLGPPRITDTQYF,10,3,4
CASDRSLNEQFF,25,0,3
CASSRSLTVGYTF,25,0,3
CASSQADRVAFF,25,0,0
CASSSFSTGSNEQFF,116,2,0
CSARRPGQINSPLHF,85,0,0
CSAREQVQDNSPLHF,85,0,0
CSVRDFSGNTIYF,107,3,3
CASSPPSSGISYNEQFF,103,0,3
CASSDPDWISYEQYF,103,0,3
CASSPMTSGRPYEQYF,64,2,3
CASRTPSTDTQYF,124,0,4
CATSVTNEQFF,120,1,0
CATSSTYEQYF,120,1,0
CASSPTGVVRTDTQYF,18,0,1
CSARDAAQPQHF,21,4,1
CASITDVVANGYTF,34,3,2
CASSSALGTAMSGANVLTF,55,2,3
CASSLDSSNQPQHF,129,0,3
CSARDPTSGGETQYF,106,3,4
CASYDPTSGTYEQYF,106,3,2
CSARDRWSGGEKLFF,106,3,4
CASRRRQGGNSYNEQFF,85,0,3
CASTASGVWKNQPQHF,125,1,2
CASGRWETQYF,125,1,2
CASNPDRQGRYGYTF,67,3,1
CASRRQGQNEKLFF,85,0,0
CASSERLAGVDEQFF,78,2,4
CASSPPRVAGVSYEQYF,78,2,4
CASSDTTVSGVGNGYTF,111,3,4
CSARGGAASRGFYEQYF,40,0,0
CSADRTLLQGNQPQHF,40,0,0
CASSLWFSGGAHEQYF,96,2,3
CASTQFSGGVHTQYF,96,2,3
CASRGDRVQPQHF,75,0,2
CASRGDRIKFF,51,0,4
CASSDRQPIGGYTF,77,0,0
CASSSRDSFGGEQYF,77,0,0
CASSYNDQKVYEQYF,38,0,4
CSVGTSYHEQYF,69,0,2
CASRKYEQYF,20,0,2
CASGQNTQYF,20,0,4
CASSEDVGEQFF,25,0,0
CASILTGQGTPSSYEQYF,13,4,1
CASSMDNGGTSTDTQYF,113,0,3
CASKDRGITDTQYF,113,0,3
CSAIPKTGGDYGYTF,113,0,3
CATDLQETQYF,120,1,0
CASSVATRASGKTDTQYF,122,3,1
CASSARSRDRGPNEQYF,120,1,0
CASSQQDSNQPQHF,134,0,3
CSASGPSSNQPQHF,134,0,3
CAIWDSRNTEAFF,4,4,1
CSAYRDSRTREQYF,4,4,1
CASSRKEGTSHGNTEAFF,106,3,4
CASSLKAGTSGGASYEQYF,106,3,4
CASRPQAKGGNTIYF,133,1,4
CASRPSLAGGYEQYF,133,1,0
CASSYPQEKYSNQPQHF,133,1,4
CASSYSLNEQFF,25,0,0
CASSARWEQFF,31,1,0
CASTGRTSGTYEQYF,122,3,4
CASSFFPRREQKGTQYF,96,2,3
CASSERHQYF,20,0,2
CASSGSLSNYGYTF,128,0,3
CSVGDSSNYGYTF,128,0,3
CASSNRDNNQPQHF,75,0,2
CASSGEPNQPQHF,134,0,3
CASKGSPGEPGPSYGYTF,134,0,3
CASSPGRGTWRVNTEAFF,118,3,1
CASSRKFRVVTGANVLTF,92,3,0
CASKGRQAGEKLFF,92,3,1
CAWSVLSGNTIYF,106,3,4
CAWSGSSGNTIYF,106,3,4
CASSLLGTATNSGANVLTF,55,2,3
CASSLYTEAFF,133,1,0
CSADDSNTEAFF,133,1,0
CASSEIQAGGSPLHF,79,3,4
CSARDMGYEQYF,21,4,1
CASRVTGTQYF,123,0,4
CATRERGTMTDTQYF,126,1,1
CSARQANYGYTF,4,4,1
CSADSSGGDEQFF,133,1,0
CASSVESGMGSYEQYF,66,0,0
CASSLGSGHGSYNEQFF,66,0,0
CASSFPDERTALDSGANVLTF,67,3,4
CASSLIGGARDYGYTF,109,0,1
CASRDWGSTNTEAFF,106,3,4
CSARDNFSGNTIYF,106,3,4
CASSHYSGTGGVTESRAGELFF,10,3,3
CASSLAGTSGSYNEQFF,94,4,4
CASSQDGTSGSETQYF,94,4,4
CASSQDTGVAGVRETQYF,79,3,0
CASSLPTRLAGLRNEQFF,79,3,0
CASSPIKAGGSYFGQETQYF,130,3,4
CASIRFLAKNIQYF,130,3,4
CATTPRSAKNIQYF,130,3,4
CSAAGQSTNEKLFF,128,0,3
CSARDSFKETQYF,128,0,3
CAIRGRDKVEQYF,122,3,4
CASNTHGTTRTDTQYF,126,1,1
CASTGTSKDTQYF,124,0,1
CATHRASANYGYTF,128,0,3
CSARIQVHGTQYF,128,0,3
CASRYGGFSGRNTDTQYF,115,2,3
CASSYPRTGVSRRRPGWIEKLFF,115,2,2
CASIWGLPEGEKLFF,84,4,4
CASSPPKGATGGSSEQYF,79,3,4
CASSGSEAFF,125,1,0
CASTHISTDTQYF,124,0,1
CASSYMTSTDTQYF,124,0,1
CASSLSSARGRSPLHF,31,1,0
CASRRREGGPEAFF,118,3,1
CSARDQWKVEGAGNTEAFF,79,3,0
CAISGARNEKLFF,93,0,3
CSARQGPNQPQHF,119,0,0
CASSYERGPRADTQYF,67,3,1
CASSLKQSNSPLHF,134,0,3
CSVNLGDSNQPQHF,134,0,3
CASNNAASGGVSTQYF,90,0,1
CSARKTLLSAGVSNQPQHF,90,0,1
CASSNFRSGGISYEQYF,90,0,1
CAISESAFLSNTLSSYNEQFF,90,0,1
CAISESSLNEQFF,135,0,0
CASSESKSSTNEKLFF,135,0,0
CASTGGQPYNEQFF,92,3,1
CASSQGVGQWGYNSPLHF,118,3,2
CASRKQLAKNIQYF,130,3,4
CARWWQVKNIQYF,130,3,4
CASSSRFVTSGGANEQFF,106,3,2
CASSFYEQYF,20,0,2
CASSFREQHF,20,0,2
CASSKDRTSPRHEQFF,123,0,4
CASSYDRTSGRSEQYF,123,0,4
CSARDYRDPRIEQYF,123,0,4
CSANFRKANTGELFF,70,3,1
CASREIGLGTDTQYF,126,1,1
CAGKREAHEQYF,54,2,1
CASSLGQPQARPEAFF,120,1,0
CASSYADPAWGRAPLHF,4,4,1
CATADSNYGYTF,4,4,1
CASRPPLEFHEQFF,92,3,3
CASSEAGVLNTGELFF,130,3,2
CASSDYGSREADGYTF,69,0,2
CASSLRRSGTGFSNEKLFF,34,3,2
CASSFRDRAGTDTQYF,34,3,2
CSAERQSQGTDTQYF,34,3,2
CASSWDINQPQHF,75,0,2
CASSEGALRADTQYF,78,2,4
CASSQGRSTDTQYF,117,0,3
CASSFKYGYTF,4,4,1
CASSLNYGYTF,4,4,1
CSARARVGNQPQHF,119,0,1
CAWRQGAGNSPLHF,119,0,1
CSAKGGFGNQPQHF,119,0,1
CSAREMRQGYEQYF,92,3,0
CASSRDRYQPQHF,75,0,2
CASSPRGSGGAWVQYF,96,2,3
CASSHIGGSGGANTGELFF,96,2,3
CASRDRDRAYEQYF,30,4,3
CSARDKGLVRSDTQYF,78,2,4
CATSRDRQGSGGYTF,119,0,0
CASSLPGQGNSNQPQHF,121,2,3
CASEPPRDRENEQFF,46,0,4
CASNSGTGGLDEQFF,123,0,4
CATSGKGRVSLHF,123,0,4
CSVEDLTIRDGGNYGYTF,122,3,4
CASSPTFRQGMGNEQFF,122,3,3
CASSQDIGSRSTDTQYF,94,4,4
CSARGRDYSPSYNEQFF,52,4,2
CASSKGSVSPSNQPQHF,52,4,2
CASSPSDNEQFF,25,0,1
CASSEIATATADTQYF,67,3,4
CSAQRTGRVIADTQYF,67,3,4
CASRGQGAGDTEAFF,85,0,0
CASRRPGTGDPEAFF,85,0,3
CASLLGPGQGSSGYTF,49,0,2
CASSFRRSNQPQHF,134,0,3
CASSWGLETDTQYF,117,0,3
CSVERGQGLWQFF,122,3,4
CASTGQDSSYNEQFF,83,4,1
CASRRTGQDSDSGNTIYF,83,4,1
CATSRVVSDLGTDTQYF,83,4,0
CASRSGLSGNTIYF,106,3,4
CSARVGLSKETQYF,106,3,4
CASSAGHSTDTQYF,71,2,3
CATRDGEGVIF,90,0,1
CSAGTSGETQYF,90,0,1
CASSGTWTPNTGELFF,70,3,1
CASKIRIPNTGELFF,70,3,1
CASSYSNGQPQHF,75,0,2
CSARETTYSPLHF,55,2,3
CASSFRNTGRSQNIQYF,55,2,3
CASSFGRTSGEYQETQYF,90,0,1
CASRVRPGTSGFYSYNEQFF,90,0,1
CSASDLNYGYTF,4,4,1
CSVSDQTRGYTF,4,4,1
CASSPGEASVALTDTQYF,45,0,3
CARRKETQYF,124,0,4
CAISETGAPLSNEQFF,10,3,2
CASSYSKASRGENEQFF,106,3,4
CATSPLSGLELFF,106,3,4
CASSYRTGGFGSFYGYTF,118,3,2
CSVENDNYGYTF,42,3,1
CSVATANRAVSHEQFF,11,0,3
CASRTRSYEQYF,69,0,2
CASSTYRSRNSPLHF,69,0,2
CASSVGPGLAGHKRGTQYF,92,3,3
CSATPSWREPHTQYF,20,0,2
CASRLGSRSVWGLLFF,0,4,1
CSARDRRLAGTDTQYF,79,3,4
CASSLGRKLAGGSYNEQFF,79,3,4
CAWSVLTGQQYF,134,0,3
CASILGQGASPLHF,119,0,1
CSARLGQGGSPLHF,119,0,1
CASSQPGQPGANVLTF,111,3,3
CASSQDGQLRANVLTF,111,3,3
CASSLGDSTDTQYF,71,2,3
CASSERTSTDTQYF,124,0,1
CASRGHYEQYF,123,0,4
CAWSRRVYEQYF,123,0,4
CASSVAGEQYF,133,1,0
CATSRAGEQFF,133,1,0
CASNLNRKDSSGANVLTF,106,3,4
CASSGTSGPTSYNEQFF,85,0,3
CASSLGGVAGSTDTQYF,55,2,3
CSVGTGDNEQFF,69,0,2
CSARDRLGMRSPLHF,115,2,2
CSAREYEGTYSPLHF,115,2,2
CASSLLYEQFF,120,1,0
CASTRVYGYTF,77,0,4
CSASRELYGYTF,77,0,4
CSARSTGGNSPLHF,119,0,1
CSARSGTLNSPLHF,119,0,1
CAWSWGQPNSPLHF,134,0,4
CASSFAGLAGRRETQYF,79,3,0
CASSFGGVAGGNEQFF,79,3,0
CASSVTEGTGGYLSGNTIYF,92,3,1
CASSQPSTDTQYF,108,0,3
CASSVDPETTSYEQYF,71,2,3
CASSLQTLLNSYNEQFF,71,2,3
CASRTTRRGHSYEQYF,96,2,3
CASSEDSNQPQHF,134,0,3
CASSSVDSNSPLHF,134,0,3
CASSPDLNQPQHF,134,0,3
CAWSPDSNQPQHF,134,0,3
CASSYSVGSSQYF,75,0,2
CASSLPFSIYDSYEQYF,75,0,2
CASSYDRKAFF,133,1,0
CASSLQGMAFF,133,1,0
CASRSAVEAFF,100,1,3
CASSLAGQSQSKETQYF,94,4,4
CASRSSLRTSGGPRNYEQYF,64,2,3
CASSLFGTSGGSTDTQYF,64,2,3
CASSEGTSGGVTDTQYF,64,2,3
CASGLVQSGEWAFF,122,3,2
CASSTLSLSGTYNEQFF,122,3,2
CASRSRAVQDNEQFF,27,4,2
CASSFAGQGSFSAGNTIYF,122,3,2
CASSRTRELAGVFTQYF,118,3,1
CSARDTSTDTQYF,124,0,2
CASRPLSTDTQYF,124,0,2
CASRTHQGARDTEAFF,85,0,3
CATRGFSYNEQFF,107,3,4
CASGAGQANTGELFF,115,2,4
CASSLRLGQPGRGNTIYF,115,2,4
CASSIAGQKRRYTEAFF,115,2,4
CATATMTSHTDTQYF,123,0,4
CSARNLNTEAFF,93,0,3
CAGRTVNTEAFF,93,0,3
CSARNPATEAFF,93,0,3
CASSTGTSGGAVDTQYF,96,2,3
CSASGVRYGYTF,4,4,1
CASGSNYGYTF,4,4,1
CASSPWTSGRSNEQFF,64,2,3
CSAMTSGRDTQYF,64,2,3
CASSHIEQFF,20,0,2
CASKKGLTNTGELFF,130,3,2
CASRRDENSPLHF,75,0,2
CSARRPNNQPQHF,75,0,2
CASRISYEQYF,123,0,4
CASSLGTSGASYEQYF,131,2,3
CSARAWDREFGDTEAFF,114,3,1
CASSHLGPSNPYEQYF,124,0,3
CSARLGPSTDTQYF,124,0,3
CASGGGLAGTGELFF,79,3,0
CASSLPYRLAGTYNEQFF,79,3,0
CSARNPPARGGYTF,33,3,4
CASSLAGGPTLSYNEQFF,131,2,3
CASRSDGQGMDGYTF,133,1,0
CSAAKDRELSYGYTF,66,0,0
CASSARQGEGSYEQYF,66,0,0
CASSYRGPEGFYYGYTF,114,3,1
CATSSFRTDEQFF,113,0,3
CATSREIPGTPYEQYF,132,2,0
CASSRRTSGTSYNEQFF,132,2,3
CSAKPTGQGAREQYF,111,3,4
CASRPTGSGANVLTF,111,3,4
CSARGPGGQGAGNTIYF,111,3,4
CSARDMGQGAIEQYF,111,3,4
CASSPVERRGGLLPPRVFGTQYF,134,0,2
CSAREGGLNQPQHF,134,0,2
CASIRAGAESYGYTF,11,0,3
CATGWGKFVDTQYF,11,0,3
CSVERGAQYNEQFF,107,3,3
CSVENRVSYNEQFF,107,3,3
CSVEDRPTLGSGPLHF,119,0,0
CSVERQNTEAFF,93,0,3
CSAGGAQGNQPQHF,119,0,1
CSATRGQGNQPQHF,119,0,1
CSARVAQINQPQHF,119,0,1
CASRGPQREQPQHF,119,0,1
CASRLYRDEQETQYF,134,0,2
CASRIGRDNQPQHF,134,0,2
CSARESETNYGYTF,4,4,1
CASSELGTSGRDNEQFF,123,0,4
CASSEFGTSGTDTQYF,123,0,4
CASSLWQSANTGELFF,128,0,3
CSARDSVNYGYTF,128,0,3
CASSFKGPLDYSYEQYF,126,1,1
CASTEEYSGAGSYNEQFF,66,0,0
CASSEAGYINHLSYNEQFF,92,3,1
CATSRARTNSGRTYNEQFF,105,3,4
CAIRGEDTGVYEQYF,96,2,3
CASSHGLRDTSYEQYF,122,3,2
CATSPQGYGYTF,4,4,1
CASSQEYGYTF,4,4,1
CASSFSMELLTGELFF,59,0,1
CASSQKEQFF,20,0,2
CASSPQETQYF,125,1,1
CASRPGGSNEKLFF,111,3,4
CASRPGPANEKLFF,111,3,4
CASSFRDSQDTQYF,71,2,3
CASSFWDSTDTQYF,71,2,3
CASSFPSGSRTYEQYF,107,3,2
CSVGPTYPGQGACCGYTF,107,3,2
CASSPRRLAGPYNEQFF,79,3,0
CASGLAFSTDTQYF,124,0,3
CASRIAGSTDTQYF,124,0,3
CAWAGLHNEQFF,115,2,2
CSAPGLANEQYF,115,2,2
CASSYQGGQGFPYEQYF,67,3,1
CASSYSFGDRKNIQYF,67,3,1
CSAREAQYNQPQHF,119,0,3
CASSQDRPPRPNEQFF,71,2,3
CASSDRSSRSYGYTF,71,2,3
CASSWMTSGASTDTQYF,96,2,3
CASSLGTSVWDNEQFF,96,2,3
CAADRSYNEQFF,123,0,4
CAWNRGAVPPYEQYF,11,0,3
CASSEWGQPNTGELFF,78,2,2
CASSLAAGGQGFRSNQPQHF,90,0,1
CASSLTPTSGWYSTDTQYF,90,0,1
CASSEVYEQFF,120,1,0
CASSFYPSGKGTDTQYF,26,0,4
CASSLFRPSLAGGTDTQYF,26,0,4
CASSQTGPAFF,133,1,0
CASSQVGEAFF,133,1,0
CASSYGTLAAQETQYF,64,2,0
CATRGLAEDTQYF,64,2,0
CAWSYLDSNQPQHF,134,0,3
CASSFRDSNQPQHF,134,0,3
CASSFQQDNSPLHF,134,0,3
CASSQHDPYQPQHF,134,0,3
CASSYSSDRTTNEKLFF,74,4,2
CASSAPGLAGISNEQFF,115,2,2
CASRSKRQGKYEQYF,67,3,1
CASSAPGLAGRPYEQYF,115,2,2
CASSYGLTSLPDTQYF,106,3,2
CASSQDSTDTQYF,108,0,3
CASRDRGPTDTQYF,113,0,3
CSARPRDRGTYSNQPQHF,113,0,3
CAISEDRGLKDTEAFF,113,0,3
CACGGVSYGYTF,107,3,4
CASTQRFGGQPQHF,72,0,0
CASRPRHPGLAGARHNEQFF,92,3,3
CASSLHNPGLAGVRTDTQYF,92,3,3
CASRGERGGVDTQYF,67,3,4
CASRTFRPGADTQYF,67,3,4
CASSHKLFFPRSNQPQHF,111,3,2
CASRLRYSGSNEQFF,111,3,2
CASSQGGADGANVLTF,122,3,4
CASSYTGQRQNSPLHF,115,2,4
CASSMGGLRGNSPLHF,115,2,4
CATMESSDTQYF,100,1,3
CASSRDYNSPLHF,75,0,3
CASSRQANSPLHF,75,0,3
CASSQTSSTSYEQYF,71,2,3
CASRRDRGLTKDTEAFF,101,0,1
CASTPWGAFSQPQHF,119,0,4
CASSLTPSLLAAKNIQYF,133,1,0
CSVSAGPPASVAKNIQYF,133,1,0
RASSLTRQGNDTEAFF,132,2,3
CAPIYRDTTDTQYF,132,2,3
CASIQGALNYGYTF,67,3,4
CASTSGAEKYNEQFF,67,3,4
CASSRTPDRPNEQFF,124,0,4
CSARGLDRPEQFF,124,0,4
CASSGQHNQPQHF,75,0,3
CASSGQQNQPQHF,75,0,3
CASNPRQGGTDTQYF,123,0,4
CASRSDLDADTQYF,108,0,3
CASMGRRAPGSQYF,112,3,1
CASTIIVSNTGELFF,130,3,4
CASSWGPHDWDTEAFF,124,0,4
CSVGQGARGHQPQHF,115,2,4
CASIPGQSIISYGYTF,103,0,3
CASSLGRVIRTDTQYF,18,0,1
CSVAGADYGYTF,77,0,4
CASSQDENSISNQPQHF,94,4,4
CASRSSSYEQYF,128,0,1
CASRTPGQANTGELFF,115,2,4
CSPYPGQGSRVFF,85,0,3
CSARGGPGQGSYEQYF,85,0,3
CSAKKLTYEQYF,123,0,4
CSARRDIYEQYF,123,0,4
CASSPNGLAGESYEQYF,79,3,4
CASSLAGELFF,133,1,0
CASGERGWGDTEAFF,113,0,3
CASSFSEGQPQHF,75,0,2
CASSLRRSGGTDTQYF,90,0,1
CASSLNGSPRTDTQYF,90,0,1
CSVEEDPPNYGYTF,70,3,4
CAWSPQGNQPQHF,134,0,3
CSARTGGSGWQTQYF,82,3,4
CASRTTGENSPLHF,119,0,0
CASGGGGYNSPLHF,119,0,0
CSVGWEFGSPLHF,119,0,0
CASSIKRDLQTYEQYF,56,4,0
CASSGGSSYNSPLHF,135,0,0
CASSIGDQYNSPLHF,135,0,0
CAISGGSQGADTQYF,135,0,0
CATSGSGEGGYTF,56,4,2
CSARDERDVVWEQFF,123,0,4
CASSLEGEPRSSEAFF,98,0,1
CASSPRASGRPKSSYNEQFF,98,0,1
CASSMYSEISYEQYF,131,2,2
CSAREASGHEQYF,105,3,4
CSARGLEVAGDYEQYF,49,0,2
CASSQGLSLFGSYNEQFF,49,0,2
CASMAQVPGDYGYTF,49,0,2
CASHAPGAPGDTEAFF,112,3,3
CASRELTGYTF,77,0,4
CAARGRASGNEQFF,107,3,3
CSASGTPLNPSPYEQYF,8,3,0
CATSRSGAPITDTQYF,123,0,4
CASTSTSGGDTQYF,116,2,3
CSARGFLAEQETQYF,64,2,0
CATRQFYGYTF,42,3,1
CSARGDPAGDYEQYF,85,0,0
CSARGDRAADTQYF,85,0,3
CASSFGGQGAFSGNTIYF,85,0,0
CSAREPGTSIDNEQFF,117,0,3
CASRSTKGQGRLAKNIQYF,78,2,0
CASSFALGNSFSTDTQYF,94,4,4
CASSGNSLSGANVLTF,122,3,2
CASSLAASSYNSPLHF,135,0,0
CASSFLQSSYNSPLHF,135,0,0
CAVKSAGSGSNEQFF,111,3,4
CASRSGTSGSTQFF,111,3,4
CASSRQDTDTQYF,108,0,3
CATSMPDTDTQYF,108,0,3
CASSLGPRLAVSSYNEQFF,14,1,2
CASSQIRDRYTGELFF,78,2,0
CASSLSHTQYF,120,1,0
CASSLSGTQYF,120,1,0
CATSTWDSHQPQHF,134,0,4
CASSNNVQGASEAFF,135,0,0
CASSYMDQVVQAQYF,38,0,4
CASSPQDQFSYEQYF,103,0,3
CASYRGRDNYGYTF,130,3,4
CATSDSGQALSGNTIYF,131,2,2
CASRVQETQYF,125,1,1
CASRLSGSTDTQYF,124,0,2
CASRQSMSTDTQYF,124,0,2
CASRRQGSTDTQYF,124,0,2
CASSKDSTEAFF,74,4,2
CSARVEARTDTQYF,116,2,3
CASRPILNTDTQYF,116,2,3
CSAPGTSGEQYF,123,0,4
CASTTSGEQFF,123,0,4
CSAYGGSGELFF,123,0,4
CASSYPFAQGIDQPQHF,67,3,1
CASSLGIASTQETQYF,128,0,3
CASSYHPQRGRHTEAFF,4,4,1
CASSGPGLRTPNTEAFF,132,2,1
CATGPGQGTDTQYF,132,2,1
CASPFGGLRNPYEQYF,132,2,1
CAGGTRSGELFF,123,0,4
CASSSSSREKLFF,125,1,0
CASSLQFKAFF,133,1,0
CSARKDSRRGEQYF,4,4,1
CASGRDSWIYEQYF,4,4,1
CAMGTGRSTGTDTQYF,90,0,1
CASSRYRAQTNEKLFF,107,3,3
CAWSFSQGTEAFF,106,3,4
CASSVYPTFSGANTEAFF,111,3,4
CSARTTGWEDNEQFF,124,0,3
CSARGTGVTDTQYF,124,0,3
CASSTYPGQGAGEQYF,107,3,2
CASSGDYEQYF,120,1,0
CASSLDYEQFF,120,1,0
CASSYSGEQFF,120,1,0
CASSQDSRSEQYF,108,0,3
CSAKRQGSGNSPLHF,85,0,0
CASSLVKRCNSLVSNQPQHF,85,0,0
CASSSTYEQYF,120,1,0
CSVERALLTGGYTF,63,3,2
CASSYSYGYTF,4,4,1
CASSLSRTSNTDTQYF,123,0,4
CSVEVHRRDRGDYGYTF,123,0,4
CASRIDGSGANVLTF,122,3,2
CSARGGQRSGAGEQYF,122,3,2
CASSLRGSGSEASYNEQFF,122,3,2
CSAYRDQINEQFF,107,3,3
CTSSRRYEQYF,133,1,0
CASSAPSFSGYQETQYF,120,1,0
CASSYSTSAGTRSQYF,67,3,1
CASSGNRDRGHQPQHF,115,2,4
CASSQAGGYTF,4,4,1
CSAREGLAGLGEQYF,130,3,2
CASRPGWQSDPEAFF,5,4,2
CASSESGGVISYEQYF,109,0,4
CASSYQGGLNSYNEQFF,109,0,4
CASRPTGAGSYEQYF,109,0,0
CASDKSGRATSNQPQHF,109,0,4
CATQYSNQPQHF,68,1,4
CASGMSLYEQYF,135,0,2
CASGRDPYEQYF,135,0,2
CASRESSPSSYEQYF,131,2,2
CASSEGTGGQFLAKNIQYF,134,0,0
CSAGTGGSNQPQHF,134,0,0
CASRNDHSGANVLTF,122,3,2
CSARGTTGESQPQHF,55,2,3
CAIRAGTGYGRSQDTQYF,55,2,3
CSACRTGKGPSSYEQYF,55,2,3
CSALLGYTSGQDTQYF,123,0,4
CASSSPLGGTSRHSGNTIYF,123,0,4
CSAIRPQTSEQYF,107,3,3
CASSHYSGLAVANTGELFF,106,3,4
CASSYSPLAGLYNEQFF,106,3,4
CASSRQDNQPQHF,75,0,3
CATSRDRRREQYF,30,4,3
CATSRDSKYEQYF,30,4,3
CASSERDRLNNSPLHF,34,3,2
CAISGDYGVGAFF,74,4,4
CATSGLSGDVNPTEKLFF,74,4,4
CASSQERGKQGWVRGTEAFF,96,2,3
CAWSLSLPSPQHF,75,0,4
CAISESSNSPLHF,75,0,4
CSARDGTSGWGEQYF,106,3,4
CASTTPGLAGSNEQFF,92,3,3
CSARPTSGRADEQFF,90,0,2
CASSILNATSGSPDTQYF,119,0,0
CATSRDREVNSYEQYF,113,0,3
CASSDLETQYF,125,1,1
CASKIKDPRGAQYF,92,3,0
CASSALTEQYF,120,1,0
CASSYPLSGSYEQYF,124,0,2
CALGADTQYF,108,0,3
CASRSDTQYF,108,0,3
CSARGTGSTDTQYF,124,0,3
CASTQSGTQYF,123,0,4
CASSLTMTVGGQGRGRLFF,132,2,1
CATNGVGTDTQYF,132,2,1
CAISEPELTGLDEQFF,115,2,2
CSARRPGLAGADTQYF,115,2,2
CSVEMGSGGVYGYTF,64,2,3
CAIRESGTEAFF,64,2,3
CASSYRTSGGQADTQYF,64,2,3
CASSGGLLVFSADTQYF,85,0,0
CASSSIYGYTF,4,4,1
CASSESANSPLHF,75,0,3
CASSLDVEQYF,120,1,0
CAISESEELITDTQYF,112,3,1
CSARFGQGYSPLHF,119,0,1
CASTGTPYTDTQYF,132,2,3
CASSGTGEGRDGYGYTF,132,2,1
CASRPTGQGSSEQYF,109,0,0
CASSQGTGSSTGANVLTF,107,3,3
CASSRSILWDSQETQYF,27,4,2
CASTEGAANSPLHF,134,0,2
CSARTGSGGYGYTF,115,2,2
CATSKDSSLGNTEAFF,106,3,4
CATGQSSSGNTIYF,106,3,4
CASSLSGGQGLSPLHF,67,3,4
CASSPRGGQGLSGGYTF,67,3,4
CASSSYEQFF,20,0,2
CASSDEKLFF,20,0,2
CASSGRSADRIGQPQHF,107,3,2
CASTSGSSYNEQFF,135,0,0
CASNGQGDNSPLHF,134,0,0
CSAGGEGSNQPQHF,134,0,0
CSVGGQQSNQPQHF,134,0,0
CAGQGRDYGYTF,77,0,4
CAISGADTGYTF,77,0,4
CASSIRRGDGLDQPQHF,67,3,4
CASSRWSLGGSDNEQFF,88,3,2
CSARDSARPKRFF,128,0,3
CASSRDDNSPLHF,75,0,3
CASTTTGSVQPQHF,134,0,0
CASVGGPITDTQYF,132,2,1
CSSEGGPTTDTQYF,132,2,1
CAWSSLPNEQFF,120,1,0
CASSQPYEQYF,120,1,0
CASLRSLSGANVLTF,122,3,2
CASMGNRGMSDTQYF,55,2,3
CASSQRRMGQGADYNEQFF,67,3,4
CASAVQSSYEKLFF,120,1,0
CASSSSYEQFF,120,1,0
CASSLRRTSGLSSYEQYF,96,2,3
CASSKRRAATYNEQFF,40,0,3
CASSLGPSGRQDTQYF,119,0,1
CASSVGFSGRSPKQFF,119,0,1
CASTPAYEQYF,123,0,4
CASRDIYEQYF,123,0,4
CASTYNRDRRLEQYF,8,3,1
CSARAGGSTDTQYF,124,0,3
CASMEGMSTDTQYF,124,0,3
CASSGQSHSPLHF,134,0,3
CAIGQGLNNSPLHF,119,0,1
CASNPRGQGPDTQYF,109,0,0
CASSESRVQGNQPQHF,125,1,1
CASTYGGWQEPYEQYF,132,2,1
CATSRDRSRVADGYTF,43,1,1
CASSTRTGSFITGNQPQHF,115,2,2
CSARGGDEYYGYTF,115,2,2
CASSNSRQQYF,120,1,0
CAKREQEFNQPQHF,119,0,3
CASSFTGTGPTSNTEAFF,124,0,3
CASSIMRGYGPGSMMNTEAFF,124,0,3
CASSQGFGTGVGSGGTEAFF,124,0,3
CASTPSVVGSPLHF,49,0,2
CASITWDRERVSGNTIYF,109,0,1
CASSSSQGDTQYF,108,0,3
CAISPRDSYNSPLHF,135,0,0
CASTTRASYRYGYTF,122,3,1
CASRGTGRSKGLMAYEQYF,96,2,3
CSAPRDDEKLFF,125,1,1
CAISESRVATNSPLHF,125,1,1
CSVGTDSGNTIYF,106,3,4
CSVEGGDSGNTIYF,106,3,4
CASTLGTGYRRSLNTEAFF,55,2,3
CASSSVYEQYF,120,1,0
CASSRTVPGLAGASTDTQYF,115,2,2
CASKKGGLAGHPEQFF,79,3,0
CASSQGPPSYSYNEQFF,124,0,2
CSARASEGQPQHF,75,0,2
CASSLDFGYTF,4,4,1
CATSDLYEQYF,120,1,0
CASRGTSGTDTQYF,132,2,3
CATSRGISAGSTDTQYF,96,2,3
CASSPRKTSRGRTDTQYF,96,2,3
CASSRRSYNSPLHF,75,0,2
CASRYSSNQPQHF,134,0,3
CSASPSLNEQFF,120,1,0
CASSPRDPGSPLHF,75,0,3
CASRSGQLVYGYTF,106,3,4
CASSYRSGQSTGGANVLTF,106,3,4
CASSFSSNQPQHF,134,0,3
CASSLDYEQYF,120,1,0
CASSQAYEQFF,120,1,0
CSARTSFTDTQYF,64,2,3
CASSPNILSELGEQYF,99,3,4
CSARVPSGYSYEQYF,132,2,3
CASSLQGGTSGSLDTQYF,134,0,0
CASSEGGTSGSVYEQYF,134,0,0
CSARSGATTDTQYF,116,2,3
CSARRTGHVFITDTQYF,115,2,2
CASSWDNEQFF,120,1,0
CASSQEYPPTRSNQPQHF,132,2,1
CASSLDRGQYF,120,1,0
CASSPRTSGTSQETQYF,119,0,1
CASSRAGTSGFSSYNEQFF,119,0,1
CASSFSRTSGAYEQYF,111,3,4
CSARDRVSGANVLTF,111,3,4
CASGLDRDSTLNTEAFF,111,3,4
CSARDRGSSYNSPLHF,135,0,0
CSASTGSSIGSPLHF,135,0,0
CASAPGPSSYNSPLHF,135,0,0
CASSLEGASYNSPLHF,135,0,0
CSATRTGLSYNSPLHF,135,0,0
CASRPTSEGETQYF,96,2,3
CATTDWDNEQFF,62,0,4
CASSLNPSSGANVLTF,122,3,2
CASSPSNEQFF,120,1,4
CASSPSYEQYF,120,1,4
CSAKRQGSTDTQYF,124,0,2
CASGPSSSGNTIYF,106,3,4
CASRGGQENYNEQFF,115,2,2
CSAREMDRISGVF,120,1,0
CASRPGLPTSEQFF,92,3,3
CASSLDRGHTF,120,1,0
CATTSGSSYNSPLHF,135,0,0
CSVRDRSSYNEQFF,135,0,0
CATTSGSMTDTQYF,116,2,3
CSAGDSHLQPQHF,134,0,2
CSARDDPNSPLHF,134,0,2
CSAIGTRDNYGYTF,130,3,3
CSARGTESNYGYTF,130,3,3
CSARETLAGAYEQYF,130,3,2
CSVATGSGNSPLHF,119,0,1
CATKTGDGNSPLHF,119,0,1
CSAKGLYNSPLHF,119,0,1
CAGGRGEGYQPQHF,119,0,1
CSATPGSSGNTIYF,106,3,4
CSARKQSSGNTIYF,106,3,4
CASANRLPNSPLHF,119,0,1
CSARETSSNTGELFF,130,3,4
CASSHDAYIPSGTGEPYGYTF,130,3,4
CASSYTGNSGANVLTF,122,3,4
CATAETRFSGANVLTF,122,3,4
CASTTGGSGSPLHF,134,0,0
CATRTGVSNQPQHF,134,0,2
CASSGGLSSGANVLTF,122,3,2
CASSLGRSQGAKNIQYF,122,3,2
CASTRGQANQPQHF,119,0,1
CATSARRASGISYNEQFF,132,2,0
CASKGQAEGQPQHF,79,3,0
CATSRQGIDTQYF,116,2,3
CATTSNSRGLNIQYF,116,2,3
CASSISRSRISNQPQHF,116,2,3
CAFKGRSYEQYF,69,0,2
CASRKSGSQTRTDTQYF,106,3,4
CASSTYSHNSPLHF,134,0,3
CASSSSHEQFF,120,1,4
CASSSSNEQFF,120,1,0
CASRFVGDSYNSPLHF,135,0,0
CASSRYRDRGLYQPQHF,96,2,3
CASSLERDRESVNEQFF,132,2,3
CASIIRDRESGELFF,132,2,3
CASSLWGESGQHYEQYF,123,0,4
CATRYSSGNTIYF,106,3,4
CSARAGKSNQPQHF,134,0,0
CASRSTLSNQPQHF,134,0,0
CSARDSRSNQPQHF,134,0,0
CAISRGSGSTQYF,111,3,4
CSARADHTDTQYF,64,2,3
CSARVSLTDTQYF,64,2,3
CSARDQVTDTQYF,64,2,3
CASSSIKDSPRPKNTEAFF,128,0,3
CASRGEDRFNSPLHF,119,0,1
CASSTRGGDRGSSLAQYF,119,0,1
CASSFRRASGVNEQFF,122,3,4
CASSPGGTSGGSASEQFF,64,2,3
CSAILMTGSIRSTDTQYF,64,2,3
CASSFSRSQYF,120,1,0
CAIMGGDGQPQHF,134,0,0
CASRETELFPGELFF,130,3,2
CASSVPWDLGSTDTQYF,75,0,2
CSASVPGQVGSDTQYF,75,0,2
CASSQQAGGSPGLAGDEQFF,122,3,2
CASSPHGASGSPETQYF,124,0,3
CASSEWGASGSTKTQYF,124,0,3
CAWSDEYEQFF,120,1,0
CSAWDSGSSYNSPLHF,135,0,0
CAISESLGYGYTF,67,3,1
CATSSPQFEQYF,120,1,4
CASSYRRAEESETQYF,64,2,0
CASSYFGLAESTDTQYF,64,2,0
CASSRGGASGSYEQYF,124,0,3
CASRVRLDTDTQYF,124,0,3
CASTWGSSTDTQYF,124,0,3
CAWTGQTNSPLHF,119,0,1
CASIRDPSTPSSSPLHF,119,0,1
CASRDDSGNSPLHF,119,0,1
CASRTKQRTDTQYF,132,2,3
CATSDSSYGYTF,4,4,1
CAISDSTEAFF,120,1,0
CSARTGSYNSPLHF,119,0,1
CASRLGDSGNSPLHF,135,0,0
CSARARSSGFDEQFF,135,0,0
CASSPKFRDSTVSGNTIYF,135,0,0
CASSLDRDRYLASSGANVLTF,119,0,1
CASKRDSYNSPLHF,119,0,1
CASSLFDDWRSVYEQYF,134,0,0
CSARDQEYSVSDF,134,0,2
CASRGDSYSPLHF,134,0,3
CASSDRSHTDSPLHF,75,0,2
CSARDTSGSVGSSYEQYF,75,0,2
CSARRVVDNQPQHF,134,0,2
CASSSSYEQYF,120,1,4
CASTRDSAGSYEQYF,85,0,0
CASSIDPDSRGNQPQHF,4,4,1
CSARIYGTSGDDYEQYF,134,0,0
CACQRDTSSGANVLTF,111,3,4
CASGNPSLNQPQHF,134,0,0
CASSRSQTSYSGELFF,111,3,4
CASSFGRGSYYSYNEQFF,132,2,0
CSVKNRASTDTQYF,124,0,3
CSALDRSSYNSPLHF,135,0,0
CASSGPRSSYNSPLHF,135,0,0
CASSFSGQSVPDTQYF,135,0,0
CASNSGDSYTDTQYF,135,0,0
CASSYSSISGSQETQYF,120,1,0
CASNQGDSYTGELFF,135,0,0
CSVEDRDSNYGYTF,135,0,0
CASRTGRSSAPADTQYF,107,3,3
CSVRRDSTRDTQYF,85,0,0
CATSDPSNQPQHF,134,0,3
CASSFQGLSGSYEQYF,124,0,3
CAISESSGELFF,75,0,2
CAISESSGSSSF,75,0,2
CATDSSSYEQYF,120,1,0
CASTSDSSGANVLTF,4,4,1
CSARSDSNQPQHF,134,0,0
CASSRRDSRDSPLHF,134,0,3
CASLGQGSDFLYGYTF,108,0,3
CASSLRRRASGDLYEQYF,124,0,3
CAISESQGQPQHF,75,0,4
CAISGDSYEQYF,135,0,0
CASSLGWTSRGSSYEQYF,119,0,1
CATETGSSTDTQYF,124,0,3
